timestamp_utc_normalised,camera_id,camera_name,district,department,track_id,object_type,track_state,detection_confidence,bbox_x1,bbox_y1,bbox_x2,bbox_y2,registration_mark,mark_confidence
2026-09-03T07:11:45.188992+00:00,cam01,Chiman bhai Bridge,Ahmedabad,—,TR01M1K1QZVZ0FMX46JTYTCWC2HK,car,TENTATIVE,0.771,1458,623,1550,696,,
2026-09-03T07:11:45.188992+00:00,cam01,Chiman bhai Bridge,Ahmedabad,—,TR01M1K1QZVZ2S183NPSJHVWB4N1,car,TENTATIVE,0.768,904,629,974,693,,
2026-09-03T07:11:45.188992+00:00,cam01,Chiman bhai Bridge,Ahmedabad,—,TR01M1K1QZVZJ9PSJTZV7J8WMY8Y,truck,TENTATIVE,0.684,554,763,685,896,,
2026-09-03T07:11:45.188992+00:00,cam01,Chiman bhai Bridge,Ahmedabad,—,TR01M1K1QZVZ1W3EFDNN49KBKM9G,car,TENTATIVE,0.684,739,914,1000,1075,,
2026-09-03T07:11:45.188992+00:00,cam01,Chiman bhai Bridge,Ahmedabad,—,TR01M1K1QZVZTDSK6ND0Y8XVMXPM,car,TENTATIVE,0.652,946,547,976,585,,
2026-09-03T07:11:45.188992+00:00,cam01,Chiman bhai Bridge,Ahmedabad,—,TR01M1K1QZVZA6224WNY0WBHJY2R,car,TENTATIVE,0.643,632,659,740,723,,
2026-09-03T07:11:45.188992+00:00,cam01,Chiman bhai Bridge,Ahmedabad,—,TR01M1K1QZVZ7P5QDPP609V3CYG3,truck,TENTATIVE,0.639,1458,623,1551,696,,
2026-09-03T07:11:45.188992+00:00,cam01,Chiman bhai Bridge,Ahmedabad,—,TR01M1K1QZVZ9FJ09NYBQXXT104S,car,TENTATIVE,0.636,972,520,1004,551,,
2026-09-03T07:11:45.188992+00:00,cam01,Chiman bhai Bridge,Ahmedabad,—,TR01M1K1QZVZJGCP6TCHJYEW36GT,truck,TENTATIVE,0.548,410,618,498,673,,
2026-09-03T07:11:45.188992+00:00,cam01,Chiman bhai Bridge,Ahmedabad,—,TR01M1K1QZVZJ541V3HXR47R0Q03,car,TENTATIVE,0.544,410,618,498,673,,
2026-09-03T07:11:45.188992+00:00,cam01,Chiman bhai Bridge,Ahmedabad,—,TR01M1K1QZVZJD1S4N6453620A3K,car,TENTATIVE,0.534,632,676,738,723,,
2026-09-03T07:11:45.188992+00:00,cam01,Chiman bhai Bridge,Ahmedabad,—,TR01M1K1QZVZ9VY3DPVEN15ZGQ28,car,TENTATIVE,0.508,763,537,814,574,,
2026-09-03T07:11:46.748992+00:00,cam01,Chiman bhai Bridge,Ahmedabad,—,TR01M1K1QZVZ2S183NPSJHVWB4N1,car,CONFIRMED,0.538,933,639,964,691,,
2026-09-03T07:11:46.748992+00:00,cam01,Chiman bhai Bridge,Ahmedabad,—,TR01M1K1QZVZTDSK6ND0Y8XVMXPM,car,CONFIRMED,0.653,950,533,977,570,,
2026-09-03T07:11:46.748992+00:00,cam01,Chiman bhai Bridge,Ahmedabad,—,TR01M1K1QZVZA6224WNY0WBHJY2R,car,CONFIRMED,0.595,632,651,741,723,,
2026-09-03T07:11:46.748992+00:00,cam01,Chiman bhai Bridge,Ahmedabad,—,TR01M1K1QZVZ9FJ09NYBQXXT104S,car,CONFIRMED,0.413,970,510,999,540,,
2026-09-03T07:11:46.748992+00:00,cam01,Chiman bhai Bridge,Ahmedabad,—,TR01M1K1QZVZJGCP6TCHJYEW36GT,car,CONFIRMED,0.611,409,619,498,675,,
2026-09-03T07:11:46.748992+00:00,cam01,Chiman bhai Bridge,Ahmedabad,—,TR01M1K1QZVZJ541V3HXR47R0Q03,truck,CONFIRMED,0.500,409,619,498,675,,
2026-09-03T07:11:46.748992+00:00,cam01,Chiman bhai Bridge,Ahmedabad,—,TR01M1K1QZVZJD1S4N6453620A3K,truck,CONFIRMED,0.524,632,651,741,723,,
2026-09-03T07:11:46.748992+00:00,cam01,Chiman bhai Bridge,Ahmedabad,—,TR01M1K1QZVZ9VY3DPVEN15ZGQ28,car,CONFIRMED,0.551,764,538,812,575,,
2026-09-03T07:11:46.748992+00:00,cam01,Chiman bhai Bridge,Ahmedabad,—,TR01M1K1R011YWBQZ9WZZ8JH5RZF,car,TENTATIVE,0.860,941,591,993,637,,
2026-09-03T07:11:46.748992+00:00,cam01,Chiman bhai Bridge,Ahmedabad,—,TR01M1K1R011BKQGAHT4RA7BF7G6,car,TENTATIVE,0.858,1006,725,1127,837,,
2026-09-03T07:11:46.748992+00:00,cam01,Chiman bhai Bridge,Ahmedabad,—,TR01M1K1R011JQ5TDHHW5TNF8KDZ,car,TENTATIVE,0.769,1200,560,1243,600,,
2026-09-03T07:11:46.748992+00:00,cam01,Chiman bhai Bridge,Ahmedabad,—,TR01M1K1R011GNAFA97J9P7N51DB,truck,TENTATIVE,0.714,785,683,867,772,,
2026-09-03T07:11:46.748992+00:00,cam01,Chiman bhai Bridge,Ahmedabad,—,TR01M1K1R0116BD5F046QE75YSS8,truck,TENTATIVE,0.678,704,752,827,883,,
2026-09-03T07:11:46.748992+00:00,cam01,Chiman bhai Bridge,Ahmedabad,—,TR01M1K1R011RC3BBZQ7803DDW5P,truck,TENTATIVE,0.650,1819,636,1917,809,,
2026-09-03T07:11:46.748992+00:00,cam01,Chiman bhai Bridge,Ahmedabad,—,TR01M1K1R011V73ZRJTHV4H4ZBNB,car,TENTATIVE,0.631,704,752,827,883,,
2026-09-03T07:11:46.748992+00:00,cam01,Chiman bhai Bridge,Ahmedabad,—,TR01M1K1R011Z1ZDKVETERP32J3H,car,TENTATIVE,0.556,1039,598,1064,639,,
2026-09-03T07:11:46.748992+00:00,cam01,Chiman bhai Bridge,Ahmedabad,—,TR01M1K1R01168NEZSKNY9Q88N6D,car,TENTATIVE,0.549,1062,506,1099,537,,
2026-09-03T07:11:46.748992+00:00,cam01,Chiman bhai Bridge,Ahmedabad,—,TR01M1K1R011M7S0GQMDGARBR90T,truck,TENTATIVE,0.504,1366,549,1415,617,,
2026-09-03T07:11:46.868992+00:00,cam01,Chiman bhai Bridge,Ahmedabad,—,TR01M1K1QZVZ2S183NPSJHVWB4N1,car,CONFIRMED,0.538,933,639,964,691,,
2026-09-03T07:11:46.868992+00:00,cam01,Chiman bhai Bridge,Ahmedabad,—,TR01M1K1QZVZTDSK6ND0Y8XVMXPM,car,CONFIRMED,0.622,950,532,977,569,,
2026-09-03T07:11:46.868992+00:00,cam01,Chiman bhai Bridge,Ahmedabad,—,TR01M1K1QZVZA6224WNY0WBHJY2R,car,CONFIRMED,0.572,632,651,741,722,,
2026-09-03T07:11:46.868992+00:00,cam01,Chiman bhai Bridge,Ahmedabad,—,TR01M1K1QZVZ9FJ09NYBQXXT104S,car,CONFIRMED,0.457,967,511,998,540,,
2026-09-03T07:11:46.868992+00:00,cam01,Chiman bhai Bridge,Ahmedabad,—,TR01M1K1QZVZJGCP6TCHJYEW36GT,car,CONFIRMED,0.615,409,619,498,675,,
2026-09-03T07:11:46.868992+00:00,cam01,Chiman bhai Bridge,Ahmedabad,—,TR01M1K1QZVZJ541V3HXR47R0Q03,truck,CONFIRMED,0.495,409,619,498,675,,
2026-09-03T07:11:46.868992+00:00,cam01,Chiman bhai Bridge,Ahmedabad,—,TR01M1K1QZVZJD1S4N6453620A3K,truck,CONFIRMED,0.562,632,651,741,722,,
2026-09-03T07:11:46.868992+00:00,cam01,Chiman bhai Bridge,Ahmedabad,—,TR01M1K1QZVZ9VY3DPVEN15ZGQ28,car,CONFIRMED,0.570,764,539,812,575,,
2026-09-03T07:11:46.868992+00:00,cam01,Chiman bhai Bridge,Ahmedabad,—,TR01M1K1R011YWBQZ9WZZ8JH5RZF,car,CONFIRMED,0.871,943,588,994,632,,
2026-09-03T07:11:46.868992+00:00,cam01,Chiman bhai Bridge,Ahmedabad,—,TR01M1K1R011BKQGAHT4RA7BF7G6,car,CONFIRMED,0.841,1018,716,1130,822,,
2026-09-03T07:11:46.868992+00:00,cam01,Chiman bhai Bridge,Ahmedabad,—,TR01M1K1R011JQ5TDHHW5TNF8KDZ,car,CONFIRMED,0.669,1206,564,1253,606,,
2026-09-03T07:11:46.868992+00:00,cam01,Chiman bhai Bridge,Ahmedabad,—,TR01M1K1R011GNAFA97J9P7N51DB,truck,CONFIRMED,0.695,798,678,881,767,,
2026-09-03T07:11:46.868992+00:00,cam01,Chiman bhai Bridge,Ahmedabad,—,TR01M1K1R0116BD5F046QE75YSS8,truck,CONFIRMED,0.783,736,743,853,867,,
2026-09-03T07:11:46.868992+00:00,cam01,Chiman bhai Bridge,Ahmedabad,—,TR01M1K1R011RC3BBZQ7803DDW5P,truck,TENTATIVE,0.650,1819,636,1917,809,,
2026-09-03T07:11:46.868992+00:00,cam01,Chiman bhai Bridge,Ahmedabad,—,TR01M1K1R011V73ZRJTHV4H4ZBNB,car,CONFIRMED,0.420,736,744,852,867,,
2026-09-03T07:11:46.868992+00:00,cam01,Chiman bhai Bridge,Ahmedabad,—,TR01M1K1R011Z1ZDKVETERP32J3H,car,CONFIRMED,0.502,1039,595,1062,634,,
2026-09-03T07:11:46.868992+00:00,cam01,Chiman bhai Bridge,Ahmedabad,—,TR01M1K1R01168NEZSKNY9Q88N6D,car,CONFIRMED,0.501,1066,507,1108,539,,
2026-09-03T07:11:46.868992+00:00,cam01,Chiman bhai Bridge,Ahmedabad,—,TR01M1K1R011M7S0GQMDGARBR90T,truck,CONFIRMED,0.440,1367,549,1417,616,,
2026-09-03T07:11:46.988992+00:00,cam01,Chiman bhai Bridge,Ahmedabad,—,TR01M1K1QZVZ2S183NPSJHVWB4N1,car,CONFIRMED,0.565,943,630,972,681,,
2026-09-03T07:11:46.988992+00:00,cam01,Chiman bhai Bridge,Ahmedabad,—,TR01M1K1QZVZTDSK6ND0Y8XVMXPM,car,CONFIRMED,0.625,951,530,977,568,,
2026-09-03T07:11:46.988992+00:00,cam01,Chiman bhai Bridge,Ahmedabad,—,TR01M1K1QZVZA6224WNY0WBHJY2R,car,CONFIRMED,0.627,632,651,740,722,,
2026-09-03T07:11:46.988992+00:00,cam01,Chiman bhai Bridge,Ahmedabad,—,TR01M1K1QZVZ9FJ09NYBQXXT104S,car,CONFIRMED,0.462,967,510,997,538,,
2026-09-03T07:11:46.988992+00:00,cam01,Chiman bhai Bridge,Ahmedabad,—,TR01M1K1QZVZJGCP6TCHJYEW36GT,car,CONFIRMED,0.631,409,619,497,675,,
2026-09-03T07:11:46.988992+00:00,cam01,Chiman bhai Bridge,Ahmedabad,—,TR01M1K1QZVZJ541V3HXR47R0Q03,truck,CONFIRMED,0.472,409,619,497,675,,
2026-09-03T07:11:46.988992+00:00,cam01,Chiman bhai Bridge,Ahmedabad,—,TR01M1K1QZVZJD1S4N6453620A3K,car,CONFIRMED,0.558,633,670,739,723,,
2026-09-03T07:11:46.988992+00:00,cam01,Chiman bhai Bridge,Ahmedabad,—,TR01M1K1QZVZ9VY3DPVEN15ZGQ28,car,CONFIRMED,0.529,764,539,812,575,,
2026-09-03T07:11:46.988992+00:00,cam01,Chiman bhai Bridge,Ahmedabad,—,TR01M1K1R011YWBQZ9WZZ8JH5RZF,car,CONFIRMED,0.816,946,585,994,629,,
2026-09-03T07:11:46.988992+00:00,cam01,Chiman bhai Bridge,Ahmedabad,—,TR01M1K1R011BKQGAHT4RA7BF7G6,car,CONFIRMED,0.863,1025,708,1130,809,,
2026-09-03T07:11:46.988992+00:00,cam01,Chiman bhai Bridge,Ahmedabad,—,TR01M1K1R011JQ5TDHHW5TNF8KDZ,car,CONFIRMED,0.492,1216,568,1260,610,,
2026-09-03T07:11:46.988992+00:00,cam01,Chiman bhai Bridge,Ahmedabad,—,TR01M1K1R011GNAFA97J9P7N51DB,truck,CONFIRMED,0.595,811,673,887,738,,
2026-09-03T07:11:46.988992+00:00,cam01,Chiman bhai Bridge,Ahmedabad,—,TR01M1K1R0116BD5F046QE75YSS8,car,CONFIRMED,0.618,757,735,869,853,,
2026-09-03T07:11:46.988992+00:00,cam01,Chiman bhai Bridge,Ahmedabad,—,TR01M1K1R011RC3BBZQ7803DDW5P,truck,TENTATIVE,0.650,1819,636,1917,809,,
2026-09-03T07:11:46.988992+00:00,cam01,Chiman bhai Bridge,Ahmedabad,—,TR01M1K1R011V73ZRJTHV4H4ZBNB,truck,CONFIRMED,0.741,757,735,869,853,,
2026-09-03T07:11:46.988992+00:00,cam01,Chiman bhai Bridge,Ahmedabad,—,TR01M1K1R011Z1ZDKVETERP32J3H,car,CONFIRMED,0.461,1038,593,1059,630,,
2026-09-03T07:11:46.988992+00:00,cam01,Chiman bhai Bridge,Ahmedabad,—,TR01M1K1R01168NEZSKNY9Q88N6D,car,CONFIRMED,0.460,1073,517,1105,541,,
2026-09-03T07:11:46.988992+00:00,cam01,Chiman bhai Bridge,Ahmedabad,—,TR01M1K1R011M7S0GQMDGARBR90T,truck,CONFIRMED,0.508,1367,549,1414,616,,
2026-09-03T07:11:46.988992+00:00,cam01,Chiman bhai Bridge,Ahmedabad,—,TR01M1K1R0BC9AZCJ5QS90SE2R9J,truck,CONFIRMED,0.497,1026,708,1129,809,,
2026-09-03T07:11:46.988992+00:00,cam01,Chiman bhai Bridge,Ahmedabad,—,TR01M1K1R0BCMN36Q37RKESJFGY1,car,CONFIRMED,0.512,0,627,38,663,,
2026-09-03T07:11:46.988992+00:00,cam01,Chiman bhai Bridge,Ahmedabad,—,TR01M1K1R0FTWY47G001Z4Q0M5YK,car,TENTATIVE,0.578,811,673,887,738,,
2026-09-03T07:11:46.988992+00:00,cam01,Chiman bhai Bridge,Ahmedabad,—,TR01M1K1R0FTW2QTSM7RRQF5Q4GQ,truck,TENTATIVE,0.552,632,651,740,722,,
2026-09-03T07:11:47.268992+00:00,cam01,Chiman bhai Bridge,Ahmedabad,—,TR01M1K1QZVZ2S183NPSJHVWB4N1,car,CONFIRMED,0.565,943,630,972,681,,
2026-09-03T07:11:47.268992+00:00,cam01,Chiman bhai Bridge,Ahmedabad,—,TR01M1K1QZVZTDSK6ND0Y8XVMXPM,car,CONFIRMED,0.707,951,531,976,564,,
2026-09-03T07:11:47.268992+00:00,cam01,Chiman bhai Bridge,Ahmedabad,—,TR01M1K1QZVZA6224WNY0WBHJY2R,car,CONFIRMED,0.642,632,653,741,722,,
2026-09-03T07:11:47.268992+00:00,cam01,Chiman bhai Bridge,Ahmedabad,—,TR01M1K1QZVZ9FJ09NYBQXXT104S,car,CONFIRMED,0.454,965,510,998,537,,
2026-09-03T07:11:47.268992+00:00,cam01,Chiman bhai Bridge,Ahmedabad,—,TR01M1K1QZVZJGCP6TCHJYEW36GT,car,CONFIRMED,0.660,409,619,498,675,,
2026-09-03T07:11:47.268992+00:00,cam01,Chiman bhai Bridge,Ahmedabad,—,TR01M1K1QZVZJ541V3HXR47R0Q03,truck,CONFIRMED,0.442,409,619,498,675,,
2026-09-03T07:11:47.268992+00:00,cam01,Chiman bhai Bridge,Ahmedabad,—,TR01M1K1QZVZJD1S4N6453620A3K,car,CONFIRMED,0.508,632,673,738,723,,
2026-09-03T07:11:47.268992+00:00,cam01,Chiman bhai Bridge,Ahmedabad,—,TR01M1K1QZVZ9VY3DPVEN15ZGQ28,car,CONFIRMED,0.609,764,539,811,575,,
2026-09-03T07:11:47.268992+00:00,cam01,Chiman bhai Bridge,Ahmedabad,—,TR01M1K1R011YWBQZ9WZZ8JH5RZF,car,CONFIRMED,0.808,948,580,994,623,,
2026-09-03T07:11:47.268992+00:00,cam01,Chiman bhai Bridge,Ahmedabad,—,TR01M1K1R011BKQGAHT4RA7BF7G6,car,CONFIRMED,0.880,1040,691,1139,783,,
2026-09-03T07:11:47.268992+00:00,cam01,Chiman bhai Bridge,Ahmedabad,—,TR01M1K1R011JQ5TDHHW5TNF8KDZ,car,CONFIRMED,0.785,1223,576,1297,624,,
2026-09-03T07:11:47.268992+00:00,cam01,Chiman bhai Bridge,Ahmedabad,—,TR01M1K1R011GNAFA97J9P7N51DB,truck,CONFIRMED,0.434,816,671,891,732,,
2026-09-03T07:11:47.268992+00:00,cam01,Chiman bhai Bridge,Ahmedabad,—,TR01M1K1R0116BD5F046QE75YSS8,truck,CONFIRMED,0.713,793,718,904,831,,
2026-09-03T07:11:47.268992+00:00,cam01,Chiman bhai Bridge,Ahmedabad,—,TR01M1K1R011RC3BBZQ7803DDW5P,truck,TENTATIVE,0.650,1819,636,1917,809,,
2026-09-03T07:11:47.268992+00:00,cam01,Chiman bhai Bridge,Ahmedabad,—,TR01M1K1R011V73ZRJTHV4H4ZBNB,car,CONFIRMED,0.606,793,718,904,831,,
2026-09-03T07:11:47.268992+00:00,cam01,Chiman bhai Bridge,Ahmedabad,—,TR01M1K1R011Z1ZDKVETERP32J3H,car,CONFIRMED,0.501,1035,586,1057,622,,
2026-09-03T07:11:47.268992+00:00,cam01,Chiman bhai Bridge,Ahmedabad,—,TR01M1K1R01168NEZSKNY9Q88N6D,car,CONFIRMED,0.444,1074,518,1105,542,,
2026-09-03T07:11:47.268992+00:00,cam01,Chiman bhai Bridge,Ahmedabad,—,TR01M1K1R011M7S0GQMDGARBR90T,truck,CONFIRMED,0.531,1366,550,1414,616,,
2026-09-03T07:11:47.268992+00:00,cam01,Chiman bhai Bridge,Ahmedabad,—,TR01M1K1R0BC9AZCJ5QS90SE2R9J,car,CONFIRMED,0.844,1031,703,1134,802,,
2026-09-03T07:11:47.268992+00:00,cam01,Chiman bhai Bridge,Ahmedabad,—,TR01M1K1R0BCMN36Q37RKESJFGY1,car,CONFIRMED,0.488,0,627,38,663,,
2026-09-03T07:11:47.268992+00:00,cam01,Chiman bhai Bridge,Ahmedabad,—,TR01M1K1R0FTWY47G001Z4Q0M5YK,car,CONFIRMED,0.699,826,664,903,725,,
2026-09-03T07:11:47.268992+00:00,cam01,Chiman bhai Bridge,Ahmedabad,—,TR01M1K1R0FTW2QTSM7RRQF5Q4GQ,car,CONFIRMED,0.627,632,651,741,722,,
2026-09-03T07:11:47.268992+00:00,cam01,Chiman bhai Bridge,Ahmedabad,—,TR01M1K1R0SE5WMW6QHR95KRKSWQ,car,TENTATIVE,0.563,1425,595,1473,641,,
2026-09-03T07:11:47.668992+00:00,cam01,Chiman bhai Bridge,Ahmedabad,—,TR01M1K1QZVZ2S183NPSJHVWB4N1,car,CONFIRMED,0.580,957,615,983,655,,
2026-09-03T07:11:47.668992+00:00,cam01,Chiman bhai Bridge,Ahmedabad,—,TR01M1K1QZVZTDSK6ND0Y8XVMXPM,car,CONFIRMED,0.648,949,527,975,561,,
2026-09-03T07:11:47.668992+00:00,cam01,Chiman bhai Bridge,Ahmedabad,—,TR01M1K1QZVZA6224WNY0WBHJY2R,car,CONFIRMED,0.539,632,649,741,722,,
2026-09-03T07:11:47.668992+00:00,cam01,Chiman bhai Bridge,Ahmedabad,—,TR01M1K1QZVZ9FJ09NYBQXXT104S,car,CONFIRMED,0.454,965,510,998,537,,
2026-09-03T07:11:47.668992+00:00,cam01,Chiman bhai Bridge,Ahmedabad,—,TR01M1K1QZVZJGCP6TCHJYEW36GT,car,CONFIRMED,0.604,409,618,497,675,,
2026-09-03T07:11:47.668992+00:00,cam01,Chiman bhai Bridge,Ahmedabad,—,TR01M1K1QZVZJ541V3HXR47R0Q03,truck,CONFIRMED,0.465,409,618,497,675,,
2026-09-03T07:11:47.668992+00:00,cam01,Chiman bhai Bridge,Ahmedabad,—,TR01M1K1QZVZJD1S4N6453620A3K,car,CONFIRMED,0.544,633,670,738,723,,
2026-09-03T07:11:47.668992+00:00,cam01,Chiman bhai Bridge,Ahmedabad,—,TR01M1K1QZVZ9VY3DPVEN15ZGQ28,car,CONFIRMED,0.512,765,538,812,575,,
2026-09-03T07:11:47.668992+00:00,cam01,Chiman bhai Bridge,Ahmedabad,—,TR01M1K1R011YWBQZ9WZZ8JH5RZF,car,CONFIRMED,0.781,952,571,996,613,,
2026-09-03T07:11:47.668992+00:00,cam01,Chiman bhai Bridge,Ahmedabad,—,TR01M1K1R011BKQGAHT4RA7BF7G6,car,CONFIRMED,0.849,1054,669,1136,748,,
2026-09-03T07:11:47.668992+00:00,cam01,Chiman bhai Bridge,Ahmedabad,—,TR01M1K1R011JQ5TDHHW5TNF8KDZ,car,CONFIRMED,0.814,1274,587,1339,626,,
2026-09-03T07:11:47.668992+00:00,cam01,Chiman bhai Bridge,Ahmedabad,—,TR01M1K1R011GNAFA97J9P7N51DB,truck,CONFIRMED,0.434,816,671,891,732,,
2026-09-03T07:11:47.668992+00:00,cam01,Chiman bhai Bridge,Ahmedabad,—,TR01M1K1R0116BD5F046QE75YSS8,car,CONFIRMED,0.707,852,696,942,798,,
2026-09-03T07:11:47.668992+00:00,cam01,Chiman bhai Bridge,Ahmedabad,—,TR01M1K1R011RC3BBZQ7803DDW5P,truck,TENTATIVE,0.650,1819,636,1917,809,,
2026-09-03T07:11:47.668992+00:00,cam01,Chiman bhai Bridge,Ahmedabad,—,TR01M1K1R011V73ZRJTHV4H4ZBNB,truck,CONFIRMED,0.545,852,696,942,798,,
2026-09-03T07:11:47.668992+00:00,cam01,Chiman bhai Bridge,Ahmedabad,—,TR01M1K1R011Z1ZDKVETERP32J3H,car,CONFIRMED,0.525,1032,576,1051,610,,
2026-09-03T07:11:47.668992+00:00,cam01,Chiman bhai Bridge,Ahmedabad,—,TR01M1K1R01168NEZSKNY9Q88N6D,car,CONFIRMED,0.444,1074,518,1105,542,,
2026-09-03T07:11:47.668992+00:00,cam01,Chiman bhai Bridge,Ahmedabad,—,TR01M1K1R011M7S0GQMDGARBR90T,truck,CONFIRMED,0.424,1367,550,1414,616,,
2026-09-03T07:11:47.668992+00:00,cam01,Chiman bhai Bridge,Ahmedabad,—,TR01M1K1R0BC9AZCJ5QS90SE2R9J,vehicle,CONFIRMED,0.490,1056,660,1140,780,,
2026-09-03T07:11:47.668992+00:00,cam01,Chiman bhai Bridge,Ahmedabad,—,TR01M1K1R0BCMN36Q37RKESJFGY1,car,CONFIRMED,0.434,0,626,38,664,,
2026-09-03T07:11:47.668992+00:00,cam01,Chiman bhai Bridge,Ahmedabad,—,TR01M1K1R0FTWY47G001Z4Q0M5YK,car,CONFIRMED,0.710,855,652,911,702,,
2026-09-03T07:11:47.668992+00:00,cam01,Chiman bhai Bridge,Ahmedabad,—,TR01M1K1R0FTW2QTSM7RRQF5Q4GQ,truck,CONFIRMED,0.469,632,649,741,722,,
2026-09-03T07:11:47.668992+00:00,cam01,Chiman bhai Bridge,Ahmedabad,—,TR01M1K1R0SE5WMW6QHR95KRKSWQ,car,TENTATIVE,0.563,1425,595,1473,641,,
2026-09-03T07:11:47.668992+00:00,cam01,Chiman bhai Bridge,Ahmedabad,—,TR01M1K1R0YZHBWA07XK2XBP6871,car,TENTATIVE,0.648,1451,601,1502,651,,
2026-09-03T07:11:47.668992+00:00,cam01,Chiman bhai Bridge,Ahmedabad,—,TR01M1K1R0YZAREV2T7058F9AEK0,car,TENTATIVE,0.556,1088,524,1121,549,,
2026-09-03T07:11:47.868992+00:00,cam01,Chiman bhai Bridge,Ahmedabad,—,TR01M1K1QZVZ2S183NPSJHVWB4N1,car,CONFIRMED,0.474,958,609,984,650,,
2026-09-03T07:11:47.868992+00:00,cam01,Chiman bhai Bridge,Ahmedabad,—,TR01M1K1QZVZTDSK6ND0Y8XVMXPM,car,CONFIRMED,0.619,950,525,974,559,,
2026-09-03T07:11:47.868992+00:00,cam01,Chiman bhai Bridge,Ahmedabad,—,TR01M1K1QZVZA6224WNY0WBHJY2R,bus,CONFIRMED,0.576,634,648,740,722,,
2026-09-03T07:11:47.868992+00:00,cam01,Chiman bhai Bridge,Ahmedabad,—,TR01M1K1QZVZ9FJ09NYBQXXT104S,car,CONFIRMED,0.454,965,510,998,537,,
2026-09-03T07:11:47.868992+00:00,cam01,Chiman bhai Bridge,Ahmedabad,—,TR01M1K1QZVZJGCP6TCHJYEW36GT,car,CONFIRMED,0.604,409,618,497,675,,
2026-09-03T07:11:47.868992+00:00,cam01,Chiman bhai Bridge,Ahmedabad,—,TR01M1K1QZVZJ541V3HXR47R0Q03,truck,CONFIRMED,0.482,409,618,497,675,,
2026-09-03T07:11:47.868992+00:00,cam01,Chiman bhai Bridge,Ahmedabad,—,TR01M1K1QZVZJD1S4N6453620A3K,car,CONFIRMED,0.451,634,672,738,724,,
2026-09-03T07:11:47.868992+00:00,cam01,Chiman bhai Bridge,Ahmedabad,—,TR01M1K1QZVZ9VY3DPVEN15ZGQ28,car,CONFIRMED,0.479,765,538,811,574,,
2026-09-03T07:11:47.868992+00:00,cam01,Chiman bhai Bridge,Ahmedabad,—,TR01M1K1R011YWBQZ9WZZ8JH5RZF,car,CONFIRMED,0.778,953,568,997,607,,
2026-09-03T07:11:47.868992+00:00,cam01,Chiman bhai Bridge,Ahmedabad,—,TR01M1K1R011BKQGAHT4RA7BF7G6,car,CONFIRMED,0.702,1059,659,1135,732,,
2026-09-03T07:11:47.868992+00:00,cam01,Chiman bhai Bridge,Ahmedabad,—,TR01M1K1R011JQ5TDHHW5TNF8KDZ,car,CONFIRMED,0.844,1297,593,1365,646,,
2026-09-03T07:11:47.868992+00:00,cam01,Chiman bhai Bridge,Ahmedabad,—,TR01M1K1R011GNAFA97J9P7N51DB,truck,CONFIRMED,0.434,816,671,891,732,,
2026-09-03T07:11:47.868992+00:00,cam01,Chiman bhai Bridge,Ahmedabad,—,TR01M1K1R0116BD5F046QE75YSS8,truck,CONFIRMED,0.545,875,691,955,785,,
2026-09-03T07:11:47.868992+00:00,cam01,Chiman bhai Bridge,Ahmedabad,—,TR01M1K1R011RC3BBZQ7803DDW5P,truck,TENTATIVE,0.650,1819,636,1917,809,,
2026-09-03T07:11:47.868992+00:00,cam01,Chiman bhai Bridge,Ahmedabad,—,TR01M1K1R011V73ZRJTHV4H4ZBNB,bus,CONFIRMED,0.525,875,691,955,785,,
2026-09-03T07:11:47.868992+00:00,cam01,Chiman bhai Bridge,Ahmedabad,—,TR01M1K1R011Z1ZDKVETERP32J3H,car,CONFIRMED,0.507,1030,571,1050,604,,
2026-09-03T07:11:47.868992+00:00,cam01,Chiman bhai Bridge,Ahmedabad,—,TR01M1K1R01168NEZSKNY9Q88N6D,car,CONFIRMED,0.444,1074,518,1105,542,,
2026-09-03T07:11:47.868992+00:00,cam01,Chiman bhai Bridge,Ahmedabad,—,TR01M1K1R011M7S0GQMDGARBR90T,truck,CONFIRMED,0.542,1368,550,1414,616,,
2026-09-03T07:11:47.868992+00:00,cam01,Chiman bhai Bridge,Ahmedabad,—,TR01M1K1R0BC9AZCJ5QS90SE2R9J,vehicle,CONFIRMED,0.490,1056,660,1140,768,,
2026-09-03T07:11:47.868992+00:00,cam01,Chiman bhai Bridge,Ahmedabad,—,TR01M1K1R0BCMN36Q37RKESJFGY1,car,CONFIRMED,0.486,0,627,38,663,,
2026-09-03T07:11:47.868992+00:00,cam01,Chiman bhai Bridge,Ahmedabad,—,TR01M1K1R0FTWY47G001Z4Q0M5YK,car,CONFIRMED,0.626,863,646,920,717,,
2026-09-03T07:11:47.868992+00:00,cam01,Chiman bhai Bridge,Ahmedabad,—,TR01M1K1R0FTW2QTSM7RRQF5Q4GQ,truck,CONFIRMED,0.542,634,648,740,722,,
2026-09-03T07:11:47.868992+00:00,cam01,Chiman bhai Bridge,Ahmedabad,—,TR01M1K1R0SE5WMW6QHR95KRKSWQ,car,TENTATIVE,0.563,1425,595,1473,641,,
2026-09-03T07:11:47.868992+00:00,cam01,Chiman bhai Bridge,Ahmedabad,—,TR01M1K1R0YZHBWA07XK2XBP6871,car,CONFIRMED,0.709,1465,606,1516,655,,
2026-09-03T07:11:47.868992+00:00,cam01,Chiman bhai Bridge,Ahmedabad,—,TR01M1K1R0YZAREV2T7058F9AEK0,car,CONFIRMED,0.593,1090,524,1125,551,,
2026-09-03T07:11:47.868992+00:00,cam01,Chiman bhai Bridge,Ahmedabad,—,TR01M1K1R14P7V39EX1SXSC6ZHPG,truck,TENTATIVE,0.544,863,646,920,717,,
2026-09-03T07:11:47.868992+00:00,cam01,Chiman bhai Bridge,Ahmedabad,—,TR01M1K1R14P2A4B841DAH1ZP513,car,TENTATIVE,0.524,875,691,955,785,,
2026-09-03T07:11:47.988992+00:00,cam01,Chiman bhai Bridge,Ahmedabad,—,TR01M1K1QZVZ2S183NPSJHVWB4N1,car,CONFIRMED,0.419,960,606,985,647,,
2026-09-03T07:11:47.988992+00:00,cam01,Chiman bhai Bridge,Ahmedabad,—,TR01M1K1QZVZTDSK6ND0Y8XVMXPM,car,CONFIRMED,0.663,949,525,974,557,,
2026-09-03T07:11:47.988992+00:00,cam01,Chiman bhai Bridge,Ahmedabad,—,TR01M1K1QZVZA6224WNY0WBHJY2R,car,CONFIRMED,0.527,635,649,739,722,,
2026-09-03T07:11:47.988992+00:00,cam01,Chiman bhai Bridge,Ahmedabad,—,TR01M1K1QZVZ9FJ09NYBQXXT104S,car,CONFIRMED,0.454,965,510,998,537,,
2026-09-03T07:11:47.988992+00:00,cam01,Chiman bhai Bridge,Ahmedabad,—,TR01M1K1QZVZJGCP6TCHJYEW36GT,car,CONFIRMED,0.646,409,619,497,674,,
2026-09-03T07:11:47.988992+00:00,cam01,Chiman bhai Bridge,Ahmedabad,—,TR01M1K1QZVZJ541V3HXR47R0Q03,truck,CONFIRMED,0.460,409,619,497,674,,
2026-09-03T07:11:47.988992+00:00,cam01,Chiman bhai Bridge,Ahmedabad,—,TR01M1K1QZVZJD1S4N6453620A3K,truck,CONFIRMED,0.525,635,649,739,722,,
2026-09-03T07:11:47.988992+00:00,cam01,Chiman bhai Bridge,Ahmedabad,—,TR01M1K1QZVZ9VY3DPVEN15ZGQ28,car,CONFIRMED,0.509,765,538,810,574,,
2026-09-03T07:11:47.988992+00:00,cam01,Chiman bhai Bridge,Ahmedabad,—,TR01M1K1R011YWBQZ9WZZ8JH5RZF,car,CONFIRMED,0.821,954,566,997,604,,
2026-09-03T07:11:47.988992+00:00,cam01,Chiman bhai Bridge,Ahmedabad,—,TR01M1K1R011BKQGAHT4RA7BF7G6,truck,CONFIRMED,0.537,1060,654,1136,729,,
2026-09-03T07:11:47.988992+00:00,cam01,Chiman bhai Bridge,Ahmedabad,—,TR01M1K1R011JQ5TDHHW5TNF8KDZ,car,CONFIRMED,0.835,1309,596,1381,650,,
2026-09-03T07:11:47.988992+00:00,cam01,Chiman bhai Bridge,Ahmedabad,—,TR01M1K1R011GNAFA97J9P7N51DB,truck,CONFIRMED,0.434,816,671,891,732,,
2026-09-03T07:11:47.988992+00:00,cam01,Chiman bhai Bridge,Ahmedabad,—,TR01M1K1R0116BD5F046QE75YSS8,car,CONFIRMED,0.702,885,686,965,779,,
2026-09-03T07:11:47.988992+00:00,cam01,Chiman bhai Bridge,Ahmedabad,—,TR01M1K1R011RC3BBZQ7803DDW5P,truck,TENTATIVE,0.650,1819,636,1917,809,,
2026-09-03T07:11:47.988992+00:00,cam01,Chiman bhai Bridge,Ahmedabad,—,TR01M1K1R011V73ZRJTHV4H4ZBNB,bus,CONFIRMED,0.554,885,686,965,779,,
2026-09-03T07:11:47.988992+00:00,cam01,Chiman bhai Bridge,Ahmedabad,—,TR01M1K1R011Z1ZDKVETERP32J3H,car,CONFIRMED,0.487,1028,569,1049,602,,
2026-09-03T07:11:47.988992+00:00,cam01,Chiman bhai Bridge,Ahmedabad,—,TR01M1K1R01168NEZSKNY9Q88N6D,car,CONFIRMED,0.444,1074,518,1105,542,,
2026-09-03T07:11:47.988992+00:00,cam01,Chiman bhai Bridge,Ahmedabad,—,TR01M1K1R011M7S0GQMDGARBR90T,truck,CONFIRMED,0.489,1369,549,1414,616,,
2026-09-03T07:11:47.988992+00:00,cam01,Chiman bhai Bridge,Ahmedabad,—,TR01M1K1R0BC9AZCJ5QS90SE2R9J,car,CONFIRMED,0.747,1060,655,1136,729,,
2026-09-03T07:11:47.988992+00:00,cam01,Chiman bhai Bridge,Ahmedabad,—,TR01M1K1R0BCMN36Q37RKESJFGY1,car,CONFIRMED,0.490,0,627,38,663,,
2026-09-03T07:11:47.988992+00:00,cam01,Chiman bhai Bridge,Ahmedabad,—,TR01M1K1R0FTWY47G001Z4Q0M5YK,car,CONFIRMED,0.648,868,642,922,715,,
2026-09-03T07:11:47.988992+00:00,cam01,Chiman bhai Bridge,Ahmedabad,—,TR01M1K1R0FTW2QTSM7RRQF5Q4GQ,bus,CONFIRMED,0.593,635,649,739,722,,
2026-09-03T07:11:47.988992+00:00,cam01,Chiman bhai Bridge,Ahmedabad,—,TR01M1K1R0SE5WMW6QHR95KRKSWQ,car,TENTATIVE,0.563,1425,595,1473,641,,
2026-09-03T07:11:47.988992+00:00,cam01,Chiman bhai Bridge,Ahmedabad,—,TR01M1K1R0YZHBWA07XK2XBP6871,car,CONFIRMED,0.811,1474,608,1527,659,,
2026-09-03T07:11:47.988992+00:00,cam01,Chiman bhai Bridge,Ahmedabad,—,TR01M1K1R0YZAREV2T7058F9AEK0,car,CONFIRMED,0.526,1093,527,1123,554,,
2026-09-03T07:11:47.988992+00:00,cam01,Chiman bhai Bridge,Ahmedabad,—,TR01M1K1R14P7V39EX1SXSC6ZHPG,truck,CONFIRMED,0.540,868,642,922,715,,
2026-09-03T07:11:47.988992+00:00,cam01,Chiman bhai Bridge,Ahmedabad,—,TR01M1K1R14P2A4B841DAH1ZP513,truck,CONFIRMED,0.553,885,685,964,780,,
2026-09-03T07:11:47.988992+00:00,cam01,Chiman bhai Bridge,Ahmedabad,—,TR01M1K1R1AES4AE348P14CP29HZ,bus,TENTATIVE,0.501,1060,655,1136,729,,
2026-09-03T07:11:48.188992+00:00,cam01,Chiman bhai Bridge,Ahmedabad,—,TR01M1K1QZVZ2S183NPSJHVWB4N1,car,CONFIRMED,0.463,961,603,986,639,,
2026-09-03T07:11:48.188992+00:00,cam01,Chiman bhai Bridge,Ahmedabad,—,TR01M1K1QZVZTDSK6ND0Y8XVMXPM,car,CONFIRMED,0.665,948,524,974,556,,
2026-09-03T07:11:48.188992+00:00,cam01,Chiman bhai Bridge,Ahmedabad,—,TR01M1K1QZVZA6224WNY0WBHJY2R,car,CONFIRMED,0.553,633,649,739,722,,
2026-09-03T07:11:48.188992+00:00,cam01,Chiman bhai Bridge,Ahmedabad,—,TR01M1K1QZVZ9FJ09NYBQXXT104S,car,CONFIRMED,0.454,965,510,998,537,,
2026-09-03T07:11:48.188992+00:00,cam01,Chiman bhai Bridge,Ahmedabad,—,TR01M1K1QZVZJGCP6TCHJYEW36GT,truck,CONFIRMED,0.581,410,618,495,675,,
2026-09-03T07:11:48.188992+00:00,cam01,Chiman bhai Bridge,Ahmedabad,—,TR01M1K1QZVZJ541V3HXR47R0Q03,car,CONFIRMED,0.460,410,618,495,675,,
2026-09-03T07:11:48.188992+00:00,cam01,Chiman bhai Bridge,Ahmedabad,—,TR01M1K1QZVZJD1S4N6453620A3K,truck,CONFIRMED,0.496,633,649,739,722,,
2026-09-03T07:11:48.188992+00:00,cam01,Chiman bhai Bridge,Ahmedabad,—,TR01M1K1QZVZ9VY3DPVEN15ZGQ28,car,CONFIRMED,0.565,765,538,811,574,,
2026-09-03T07:11:48.188992+00:00,cam01,Chiman bhai Bridge,Ahmedabad,—,TR01M1K1R011YWBQZ9WZZ8JH5RZF,car,CONFIRMED,0.831,956,562,998,601,,
2026-09-03T07:11:48.188992+00:00,cam01,Chiman bhai Bridge,Ahmedabad,—,TR01M1K1R011BKQGAHT4RA7BF7G6,car,CONFIRMED,0.817,1063,645,1136,719,,
2026-09-03T07:11:48.188992+00:00,cam01,Chiman bhai Bridge,Ahmedabad,—,TR01M1K1R011JQ5TDHHW5TNF8KDZ,car,CONFIRMED,0.746,1334,604,1407,658,,
2026-09-03T07:11:48.188992+00:00,cam01,Chiman bhai Bridge,Ahmedabad,—,TR01M1K1R011GNAFA97J9P7N51DB,truck,CONFIRMED,0.434,816,671,891,732,,
2026-09-03T07:11:48.188992+00:00,cam01,Chiman bhai Bridge,Ahmedabad,—,TR01M1K1R0116BD5F046QE75YSS8,truck,CONFIRMED,0.440,901,676,976,768,,
2026-09-03T07:11:48.188992+00:00,cam01,Chiman bhai Bridge,Ahmedabad,—,TR01M1K1R011RC3BBZQ7803DDW5P,vehicle,CONFIRMED,0.408,1824,756,1920,816,,
2026-09-03T07:11:48.188992+00:00,cam01,Chiman bhai Bridge,Ahmedabad,—,TR01M1K1R011V73ZRJTHV4H4ZBNB,bus,CONFIRMED,0.426,901,676,976,768,,
2026-09-03T07:11:48.188992+00:00,cam01,Chiman bhai Bridge,Ahmedabad,—,TR01M1K1R011Z1ZDKVETERP32J3H,car,CONFIRMED,0.487,1028,569,1049,602,,
2026-09-03T07:11:48.188992+00:00,cam01,Chiman bhai Bridge,Ahmedabad,—,TR01M1K1R01168NEZSKNY9Q88N6D,car,CONFIRMED,0.444,1074,518,1105,542,,
2026-09-03T07:11:48.188992+00:00,cam01,Chiman bhai Bridge,Ahmedabad,—,TR01M1K1R011M7S0GQMDGARBR90T,truck,CONFIRMED,0.489,1369,549,1414,616,,
2026-09-03T07:11:48.188992+00:00,cam01,Chiman bhai Bridge,Ahmedabad,—,TR01M1K1R0BC9AZCJ5QS90SE2R9J,vehicle,CONFIRMED,0.490,1056,660,1140,744,,
2026-09-03T07:11:48.188992+00:00,cam01,Chiman bhai Bridge,Ahmedabad,—,TR01M1K1R0BCMN36Q37RKESJFGY1,car,CONFIRMED,0.498,0,626,39,663,,
2026-09-03T07:11:48.188992+00:00,cam01,Chiman bhai Bridge,Ahmedabad,—,TR01M1K1R0FTWY47G001Z4Q0M5YK,car,CONFIRMED,0.667,876,636,932,708,,
2026-09-03T07:11:48.188992+00:00,cam01,Chiman bhai Bridge,Ahmedabad,—,TR01M1K1R0FTW2QTSM7RRQF5Q4GQ,bus,CONFIRMED,0.540,633,649,739,722,,
2026-09-03T07:11:48.188992+00:00,cam01,Chiman bhai Bridge,Ahmedabad,—,TR01M1K1R0SE5WMW6QHR95KRKSWQ,car,TENTATIVE,0.563,1425,595,1473,641,,
2026-09-03T07:11:48.188992+00:00,cam01,Chiman bhai Bridge,Ahmedabad,—,TR01M1K1R0YZHBWA07XK2XBP6871,car,CONFIRMED,0.689,1486,610,1542,662,,
2026-09-03T07:11:48.188992+00:00,cam01,Chiman bhai Bridge,Ahmedabad,—,TR01M1K1R0YZAREV2T7058F9AEK0,car,CONFIRMED,0.526,1093,527,1123,554,,
2026-09-03T07:11:48.188992+00:00,cam01,Chiman bhai Bridge,Ahmedabad,—,TR01M1K1R14P7V39EX1SXSC6ZHPG,truck,CONFIRMED,0.557,876,636,932,708,,
2026-09-03T07:11:48.188992+00:00,cam01,Chiman bhai Bridge,Ahmedabad,—,TR01M1K1R14P2A4B841DAH1ZP513,car,CONFIRMED,0.727,901,676,976,768,,
2026-09-03T07:11:48.188992+00:00,cam01,Chiman bhai Bridge,Ahmedabad,—,TR01M1K1R1AES4AE348P14CP29HZ,truck,CONFIRMED,0.530,1063,645,1135,719,,
2026-09-03T07:11:48.188992+00:00,cam01,Chiman bhai Bridge,Ahmedabad,—,TR01M1K1R1FPEWJGT4Z4DFDXJ8Q1,truck,TENTATIVE,0.539,529,605,630,688,,
2026-09-03T07:11:48.388992+00:00,cam01,Chiman bhai Bridge,Ahmedabad,—,TR01M1K1QZVZ2S183NPSJHVWB4N1,car,CONFIRMED,0.463,961,603,986,639,,
2026-09-03T07:11:48.388992+00:00,cam01,Chiman bhai Bridge,Ahmedabad,—,TR01M1K1QZVZTDSK6ND0Y8XVMXPM,car,CONFIRMED,0.627,947,524,973,554,,
2026-09-03T07:11:48.388992+00:00,cam01,Chiman bhai Bridge,Ahmedabad,—,TR01M1K1QZVZA6224WNY0WBHJY2R,truck,CONFIRMED,0.535,633,649,739,722,,
2026-09-03T07:11:48.388992+00:00,cam01,Chiman bhai Bridge,Ahmedabad,—,TR01M1K1QZVZ9FJ09NYBQXXT104S,car,CONFIRMED,0.454,965,510,998,537,,
2026-09-03T07:11:48.388992+00:00,cam01,Chiman bhai Bridge,Ahmedabad,—,TR01M1K1QZVZJGCP6TCHJYEW36GT,truck,CONFIRMED,0.555,410,618,496,675,,
2026-09-03T07:11:48.388992+00:00,cam01,Chiman bhai Bridge,Ahmedabad,—,TR01M1K1QZVZJ541V3HXR47R0Q03,car,CONFIRMED,0.485,410,618,496,675,,
2026-09-03T07:11:48.388992+00:00,cam01,Chiman bhai Bridge,Ahmedabad,—,TR01M1K1QZVZJD1S4N6453620A3K,bus,CONFIRMED,0.518,633,649,739,722,,
2026-09-03T07:11:48.388992+00:00,cam01,Chiman bhai Bridge,Ahmedabad,—,TR01M1K1QZVZ9VY3DPVEN15ZGQ28,car,CONFIRMED,0.541,765,537,811,574,,
2026-09-03T07:11:48.388992+00:00,cam01,Chiman bhai Bridge,Ahmedabad,—,TR01M1K1R011YWBQZ9WZZ8JH5RZF,car,CONFIRMED,0.776,959,559,997,598,,
2026-09-03T07:11:48.388992+00:00,cam01,Chiman bhai Bridge,Ahmedabad,—,TR01M1K1R011BKQGAHT4RA7BF7G6,truck,CONFIRMED,0.453,1064,637,1133,706,,
2026-09-03T07:11:48.388992+00:00,cam01,Chiman bhai Bridge,Ahmedabad,—,TR01M1K1R011JQ5TDHHW5TNF8KDZ,car,CONFIRMED,0.807,1359,612,1437,664,,
2026-09-03T07:11:48.388992+00:00,cam01,Chiman bhai Bridge,Ahmedabad,—,TR01M1K1R011GNAFA97J9P7N51DB,truck,CONFIRMED,0.434,816,671,891,732,,
2026-09-03T07:11:48.388992+00:00,cam01,Chiman bhai Bridge,Ahmedabad,—,TR01M1K1R0116BD5F046QE75YSS8,bus,CONFIRMED,0.491,916,671,986,758,,
2026-09-03T07:11:48.388992+00:00,cam01,Chiman bhai Bridge,Ahmedabad,—,TR01M1K1R011RC3BBZQ7803DDW5P,vehicle,CONFIRMED,0.408,1824,756,1920,816,,
2026-09-03T07:11:48.388992+00:00,cam01,Chiman bhai Bridge,Ahmedabad,—,TR01M1K1R011V73ZRJTHV4H4ZBNB,truck,CONFIRMED,0.462,916,671,986,758,,
2026-09-03T07:11:48.388992+00:00,cam01,Chiman bhai Bridge,Ahmedabad,—,TR01M1K1R011Z1ZDKVETERP32J3H,car,CONFIRMED,0.487,1028,569,1049,602,,
2026-09-03T07:11:48.388992+00:00,cam01,Chiman bhai Bridge,Ahmedabad,—,TR01M1K1R01168NEZSKNY9Q88N6D,car,CONFIRMED,0.444,1074,518,1105,542,,
2026-09-03T07:11:48.388992+00:00,cam01,Chiman bhai Bridge,Ahmedabad,—,TR01M1K1R011M7S0GQMDGARBR90T,truck,CONFIRMED,0.489,1369,549,1414,616,,
2026-09-03T07:11:48.388992+00:00,cam01,Chiman bhai Bridge,Ahmedabad,—,TR01M1K1R0BC9AZCJ5QS90SE2R9J,vehicle,CONFIRMED,0.490,1056,648,1140,732,,
2026-09-03T07:11:48.388992+00:00,cam01,Chiman bhai Bridge,Ahmedabad,—,TR01M1K1R0BCMN36Q37RKESJFGY1,car,CONFIRMED,0.483,0,626,39,663,,
2026-09-03T07:11:48.388992+00:00,cam01,Chiman bhai Bridge,Ahmedabad,—,TR01M1K1R0FTWY47G001Z4Q0M5YK,truck,CONFIRMED,0.532,881,633,938,701,,
2026-09-03T07:11:48.388992+00:00,cam01,Chiman bhai Bridge,Ahmedabad,—,TR01M1K1R0FTW2QTSM7RRQF5Q4GQ,car,CONFIRMED,0.536,633,649,739,722,,
2026-09-03T07:11:48.388992+00:00,cam01,Chiman bhai Bridge,Ahmedabad,—,TR01M1K1R0SE5WMW6QHR95KRKSWQ,car,TENTATIVE,0.563,1425,595,1473,641,,
2026-09-03T07:11:48.388992+00:00,cam01,Chiman bhai Bridge,Ahmedabad,—,TR01M1K1R0YZHBWA07XK2XBP6871,car,CONFIRMED,0.650,1504,615,1560,666,,
2026-09-03T07:11:48.388992+00:00,cam01,Chiman bhai Bridge,Ahmedabad,—,TR01M1K1R0YZAREV2T7058F9AEK0,car,CONFIRMED,0.526,1093,527,1123,554,,
2026-09-03T07:11:48.388992+00:00,cam01,Chiman bhai Bridge,Ahmedabad,—,TR01M1K1R14P7V39EX1SXSC6ZHPG,car,CONFIRMED,0.685,882,632,939,701,,
2026-09-03T07:11:48.388992+00:00,cam01,Chiman bhai Bridge,Ahmedabad,—,TR01M1K1R14P2A4B841DAH1ZP513,car,CONFIRMED,0.684,916,671,986,758,,
2026-09-03T07:11:48.388992+00:00,cam01,Chiman bhai Bridge,Ahmedabad,—,TR01M1K1R1AES4AE348P14CP29HZ,car,CONFIRMED,0.711,1064,637,1133,706,,
2026-09-03T07:11:48.388992+00:00,cam01,Chiman bhai Bridge,Ahmedabad,—,TR01M1K1R1FPEWJGT4Z4DFDXJ8Q1,truck,CONFIRMED,0.502,530,605,630,688,,
2026-09-03T07:11:48.548992+00:00,cam01,Chiman bhai Bridge,Ahmedabad,—,TR01M1K1QZVZ2S183NPSJHVWB4N1,car,CONFIRMED,0.463,961,603,986,639,,
2026-09-03T07:11:48.548992+00:00,cam01,Chiman bhai Bridge,Ahmedabad,—,TR01M1K1QZVZTDSK6ND0Y8XVMXPM,car,CONFIRMED,0.656,946,524,973,554,,
2026-09-03T07:11:48.548992+00:00,cam01,Chiman bhai Bridge,Ahmedabad,—,TR01M1K1QZVZA6224WNY0WBHJY2R,truck,CONFIRMED,0.539,633,649,739,722,,
2026-09-03T07:11:48.548992+00:00,cam01,Chiman bhai Bridge,Ahmedabad,—,TR01M1K1QZVZ9FJ09NYBQXXT104S,car,CONFIRMED,0.454,965,510,998,537,,
2026-09-03T07:11:48.548992+00:00,cam01,Chiman bhai Bridge,Ahmedabad,—,TR01M1K1QZVZJGCP6TCHJYEW36GT,truck,CONFIRMED,0.571,409,618,496,675,,
2026-09-03T07:11:48.548992+00:00,cam01,Chiman bhai Bridge,Ahmedabad,—,TR01M1K1QZVZJ541V3HXR47R0Q03,car,CONFIRMED,0.490,409,618,496,675,,
2026-09-03T07:11:48.548992+00:00,cam01,Chiman bhai Bridge,Ahmedabad,—,TR01M1K1QZVZJD1S4N6453620A3K,bus,CONFIRMED,0.487,633,649,739,722,,
2026-09-03T07:11:48.548992+00:00,cam01,Chiman bhai Bridge,Ahmedabad,—,TR01M1K1QZVZ9VY3DPVEN15ZGQ28,car,CONFIRMED,0.589,765,538,810,573,,
2026-09-03T07:11:48.548992+00:00,cam01,Chiman bhai Bridge,Ahmedabad,—,TR01M1K1R011YWBQZ9WZZ8JH5RZF,car,CONFIRMED,0.746,959,557,998,595,,
2026-09-03T07:11:48.548992+00:00,cam01,Chiman bhai Bridge,Ahmedabad,—,TR01M1K1R011BKQGAHT4RA7BF7G6,car,CONFIRMED,0.745,1065,634,1132,702,,
2026-09-03T07:11:48.548992+00:00,cam01,Chiman bhai Bridge,Ahmedabad,—,TR01M1K1R011JQ5TDHHW5TNF8KDZ,car,CONFIRMED,0.841,1377,615,1458,669,,
2026-09-03T07:11:48.548992+00:00,cam01,Chiman bhai Bridge,Ahmedabad,—,TR01M1K1R011GNAFA97J9P7N51DB,truck,CONFIRMED,0.434,816,671,891,732,,
2026-09-03T07:11:48.548992+00:00,cam01,Chiman bhai Bridge,Ahmedabad,—,TR01M1K1R0116BD5F046QE75YSS8,truck,CONFIRMED,0.484,922,660,993,752,,
2026-09-03T07:11:48.548992+00:00,cam01,Chiman bhai Bridge,Ahmedabad,—,TR01M1K1R011RC3BBZQ7803DDW5P,vehicle,CONFIRMED,0.408,1824,756,1920,816,,
2026-09-03T07:11:48.548992+00:00,cam01,Chiman bhai Bridge,Ahmedabad,—,TR01M1K1R011V73ZRJTHV4H4ZBNB,bus,CONFIRMED,0.484,922,660,993,752,,
2026-09-03T07:11:48.548992+00:00,cam01,Chiman bhai Bridge,Ahmedabad,—,TR01M1K1R011Z1ZDKVETERP32J3H,car,CONFIRMED,0.487,1028,569,1049,602,,
2026-09-03T07:11:48.548992+00:00,cam01,Chiman bhai Bridge,Ahmedabad,—,TR01M1K1R01168NEZSKNY9Q88N6D,car,CONFIRMED,0.444,1074,518,1105,542,,
2026-09-03T07:11:48.548992+00:00,cam01,Chiman bhai Bridge,Ahmedabad,—,TR01M1K1R011M7S0GQMDGARBR90T,truck,CONFIRMED,0.570,1366,549,1414,615,,
2026-09-03T07:11:48.548992+00:00,cam01,Chiman bhai Bridge,Ahmedabad,—,TR01M1K1R0BC9AZCJ5QS90SE2R9J,vehicle,CONFIRMED,0.490,1056,636,1140,732,,
2026-09-03T07:11:48.548992+00:00,cam01,Chiman bhai Bridge,Ahmedabad,—,TR01M1K1R0BCMN36Q37RKESJFGY1,car,CONFIRMED,0.480,0,626,39,663,,
2026-09-03T07:11:48.548992+00:00,cam01,Chiman bhai Bridge,Ahmedabad,—,TR01M1K1R0FTWY47G001Z4Q0M5YK,car,CONFIRMED,0.776,884,629,940,697,,
2026-09-03T07:11:48.548992+00:00,cam01,Chiman bhai Bridge,Ahmedabad,—,TR01M1K1R0FTW2QTSM7RRQF5Q4GQ,car,CONFIRMED,0.557,633,649,739,722,,
2026-09-03T07:11:48.548992+00:00,cam01,Chiman bhai Bridge,Ahmedabad,—,TR01M1K1R0SE5WMW6QHR95KRKSWQ,car,TENTATIVE,0.563,1425,595,1473,641,,
2026-09-03T07:11:48.548992+00:00,cam01,Chiman bhai Bridge,Ahmedabad,—,TR01M1K1R0YZHBWA07XK2XBP6871,car,CONFIRMED,0.599,1513,619,1571,669,,
2026-09-03T07:11:48.548992+00:00,cam01,Chiman bhai Bridge,Ahmedabad,—,TR01M1K1R0YZAREV2T7058F9AEK0,car,CONFIRMED,0.526,1093,527,1123,554,,
2026-09-03T07:11:48.548992+00:00,cam01,Chiman bhai Bridge,Ahmedabad,—,TR01M1K1R14P7V39EX1SXSC6ZHPG,truck,CONFIRMED,0.430,884,629,940,697,,
2026-09-03T07:11:48.548992+00:00,cam01,Chiman bhai Bridge,Ahmedabad,—,TR01M1K1R14P2A4B841DAH1ZP513,car,CONFIRMED,0.646,922,660,993,752,,
2026-09-03T07:11:48.548992+00:00,cam01,Chiman bhai Bridge,Ahmedabad,—,TR01M1K1R1AES4AE348P14CP29HZ,car,CONFIRMED,0.535,1069,633,1125,663,,
2026-09-03T07:11:48.548992+00:00,cam01,Chiman bhai Bridge,Ahmedabad,—,TR01M1K1R1FPEWJGT4Z4DFDXJ8Q1,truck,CONFIRMED,0.486,530,605,631,688,,
2026-09-03T07:11:48.668992+00:00,cam01,Chiman bhai Bridge,Ahmedabad,—,TR01M1K1QZVZ2S183NPSJHVWB4N1,car,CONFIRMED,0.463,961,603,986,639,,
2026-09-03T07:11:48.668992+00:00,cam01,Chiman bhai Bridge,Ahmedabad,—,TR01M1K1QZVZTDSK6ND0Y8XVMXPM,car,CONFIRMED,0.637,945,524,972,552,,
2026-09-03T07:11:48.668992+00:00,cam01,Chiman bhai Bridge,Ahmedabad,—,TR01M1K1QZVZA6224WNY0WBHJY2R,truck,CONFIRMED,0.497,633,649,739,722,,
2026-09-03T07:11:48.668992+00:00,cam01,Chiman bhai Bridge,Ahmedabad,—,TR01M1K1QZVZ9FJ09NYBQXXT104S,car,CONFIRMED,0.454,965,510,998,537,,
2026-09-03T07:11:48.668992+00:00,cam01,Chiman bhai Bridge,Ahmedabad,—,TR01M1K1QZVZJGCP6TCHJYEW36GT,truck,CONFIRMED,0.572,410,618,496,674,,
2026-09-03T07:11:48.668992+00:00,cam01,Chiman bhai Bridge,Ahmedabad,—,TR01M1K1QZVZJ541V3HXR47R0Q03,car,CONFIRMED,0.470,410,618,496,674,,
2026-09-03T07:11:48.668992+00:00,cam01,Chiman bhai Bridge,Ahmedabad,—,TR01M1K1QZVZJD1S4N6453620A3K,bus,CONFIRMED,0.482,633,649,739,722,,
2026-09-03T07:11:48.668992+00:00,cam01,Chiman bhai Bridge,Ahmedabad,—,TR01M1K1QZVZ9VY3DPVEN15ZGQ28,car,CONFIRMED,0.591,765,538,811,574,,
2026-09-03T07:11:48.668992+00:00,cam01,Chiman bhai Bridge,Ahmedabad,—,TR01M1K1R011YWBQZ9WZZ8JH5RZF,car,CONFIRMED,0.816,959,554,999,591,,
2026-09-03T07:11:48.668992+00:00,cam01,Chiman bhai Bridge,Ahmedabad,—,TR01M1K1R011BKQGAHT4RA7BF7G6,car,CONFIRMED,0.736,1063,629,1130,693,,
2026-09-03T07:11:48.668992+00:00,cam01,Chiman bhai Bridge,Ahmedabad,—,TR01M1K1R011JQ5TDHHW5TNF8KDZ,car,CONFIRMED,0.840,1402,620,1488,679,,
2026-09-03T07:11:48.668992+00:00,cam01,Chiman bhai Bridge,Ahmedabad,—,TR01M1K1R011GNAFA97J9P7N51DB,vehicle,CONFIRMED,0.451,912,492,1008,564,,
2026-09-03T07:11:48.668992+00:00,cam01,Chiman bhai Bridge,Ahmedabad,—,TR01M1K1R0116BD5F046QE75YSS8,truck,CONFIRMED,0.516,931,656,999,743,,
2026-09-03T07:11:48.668992+00:00,cam01,Chiman bhai Bridge,Ahmedabad,—,TR01M1K1R011RC3BBZQ7803DDW5P,vehicle,CONFIRMED,0.408,1824,756,1920,816,,
2026-09-03T07:11:48.668992+00:00,cam01,Chiman bhai Bridge,Ahmedabad,—,TR01M1K1R011V73ZRJTHV4H4ZBNB,car,CONFIRMED,0.747,932,656,999,743,,
2026-09-03T07:11:48.668992+00:00,cam01,Chiman bhai Bridge,Ahmedabad,—,TR01M1K1R011Z1ZDKVETERP32J3H,car,CONFIRMED,0.487,1028,569,1049,602,,
2026-09-03T07:11:48.668992+00:00,cam01,Chiman bhai Bridge,Ahmedabad,—,TR01M1K1R011M7S0GQMDGARBR90T,truck,CONFIRMED,0.583,1367,550,1414,615,,
2026-09-03T07:11:48.668992+00:00,cam01,Chiman bhai Bridge,Ahmedabad,—,TR01M1K1R0BC9AZCJ5QS90SE2R9J,vehicle,CONFIRMED,0.428,1056,624,1140,720,,
2026-09-03T07:11:48.668992+00:00,cam01,Chiman bhai Bridge,Ahmedabad,—,TR01M1K1R0BCMN36Q37RKESJFGY1,car,CONFIRMED,0.523,0,627,39,663,,
2026-09-03T07:11:48.668992+00:00,cam01,Chiman bhai Bridge,Ahmedabad,—,TR01M1K1R0FTWY47G001Z4Q0M5YK,car,CONFIRMED,0.822,887,627,941,691,,
2026-09-03T07:11:48.668992+00:00,cam01,Chiman bhai Bridge,Ahmedabad,—,TR01M1K1R0FTW2QTSM7RRQF5Q4GQ,car,CONFIRMED,0.577,633,649,739,722,,
2026-09-03T07:11:48.668992+00:00,cam01,Chiman bhai Bridge,Ahmedabad,—,TR01M1K1R0SE5WMW6QHR95KRKSWQ,car,TENTATIVE,0.563,1425,595,1473,641,,
2026-09-03T07:11:48.668992+00:00,cam01,Chiman bhai Bridge,Ahmedabad,—,TR01M1K1R0YZHBWA07XK2XBP6871,car,CONFIRMED,0.731,1527,617,1585,673,,
2026-09-03T07:11:48.668992+00:00,cam01,Chiman bhai Bridge,Ahmedabad,—,TR01M1K1R0YZAREV2T7058F9AEK0,car,CONFIRMED,0.526,1093,527,1123,554,,
2026-09-03T07:11:48.668992+00:00,cam01,Chiman bhai Bridge,Ahmedabad,—,TR01M1K1R14P7V39EX1SXSC6ZHPG,truck,CONFIRMED,0.520,887,627,941,691,,
2026-09-03T07:11:48.668992+00:00,cam01,Chiman bhai Bridge,Ahmedabad,—,TR01M1K1R14P2A4B841DAH1ZP513,truck,CONFIRMED,0.409,932,656,999,743,,
2026-09-03T07:11:48.668992+00:00,cam01,Chiman bhai Bridge,Ahmedabad,—,TR01M1K1R1AES4AE348P14CP29HZ,car,CONFIRMED,0.535,1069,633,1125,663,,
2026-09-03T07:11:48.668992+00:00,cam01,Chiman bhai Bridge,Ahmedabad,—,TR01M1K1R1FPEWJGT4Z4DFDXJ8Q1,truck,CONFIRMED,0.479,530,605,631,688,,
2026-09-03T07:11:48.872992+00:00,cam01,Chiman bhai Bridge,Ahmedabad,—,TR01M1K1QZVZ2S183NPSJHVWB4N1,car,CONFIRMED,0.463,961,603,986,639,,
2026-09-03T07:11:48.872992+00:00,cam01,Chiman bhai Bridge,Ahmedabad,—,TR01M1K1QZVZTDSK6ND0Y8XVMXPM,car,CONFIRMED,0.580,945,523,971,551,,
2026-09-03T07:11:48.872992+00:00,cam01,Chiman bhai Bridge,Ahmedabad,—,TR01M1K1QZVZA6224WNY0WBHJY2R,truck,CONFIRMED,0.533,634,649,739,722,,
2026-09-03T07:11:48.872992+00:00,cam01,Chiman bhai Bridge,Ahmedabad,—,TR01M1K1QZVZJGCP6TCHJYEW36GT,truck,CONFIRMED,0.584,410,618,495,674,,
2026-09-03T07:11:48.872992+00:00,cam01,Chiman bhai Bridge,Ahmedabad,—,TR01M1K1QZVZJ541V3HXR47R0Q03,car,CONFIRMED,0.458,410,618,495,674,,
2026-09-03T07:11:48.872992+00:00,cam01,Chiman bhai Bridge,Ahmedabad,—,TR01M1K1QZVZJD1S4N6453620A3K,bus,CONFIRMED,0.467,634,649,739,722,,
2026-09-03T07:11:48.872992+00:00,cam01,Chiman bhai Bridge,Ahmedabad,—,TR01M1K1QZVZ9VY3DPVEN15ZGQ28,car,CONFIRMED,0.568,765,537,812,574,,
2026-09-03T07:11:48.872992+00:00,cam01,Chiman bhai Bridge,Ahmedabad,—,TR01M1K1R011YWBQZ9WZZ8JH5RZF,car,CONFIRMED,0.813,960,552,998,588,,
2026-09-03T07:11:48.872992+00:00,cam01,Chiman bhai Bridge,Ahmedabad,—,TR01M1K1R011BKQGAHT4RA7BF7G6,car,CONFIRMED,0.751,1062,622,1126,685,,
2026-09-03T07:11:48.872992+00:00,cam01,Chiman bhai Bridge,Ahmedabad,—,TR01M1K1R011JQ5TDHHW5TNF8KDZ,car,CONFIRMED,0.805,1432,627,1526,692,,
2026-09-03T07:11:48.872992+00:00,cam01,Chiman bhai Bridge,Ahmedabad,—,TR01M1K1R011GNAFA97J9P7N51DB,vehicle,CONFIRMED,0.451,912,492,1008,564,,
2026-09-03T07:11:48.872992+00:00,cam01,Chiman bhai Bridge,Ahmedabad,—,TR01M1K1R0116BD5F046QE75YSS8,car,CONFIRMED,0.588,942,650,1003,731,,
2026-09-03T07:11:48.872992+00:00,cam01,Chiman bhai Bridge,Ahmedabad,—,TR01M1K1R011RC3BBZQ7803DDW5P,vehicle,CONFIRMED,0.408,1824,756,1920,816,,
2026-09-03T07:11:48.872992+00:00,cam01,Chiman bhai Bridge,Ahmedabad,—,TR01M1K1R011V73ZRJTHV4H4ZBNB,car,CONFIRMED,0.747,932,656,999,743,,
2026-09-03T07:11:48.872992+00:00,cam01,Chiman bhai Bridge,Ahmedabad,—,TR01M1K1R011Z1ZDKVETERP32J3H,car,CONFIRMED,0.487,1028,569,1049,602,,
2026-09-03T07:11:48.872992+00:00,cam01,Chiman bhai Bridge,Ahmedabad,—,TR01M1K1R011M7S0GQMDGARBR90T,truck,CONFIRMED,0.583,1367,550,1414,615,,
2026-09-03T07:11:48.872992+00:00,cam01,Chiman bhai Bridge,Ahmedabad,—,TR01M1K1R0BC9AZCJ5QS90SE2R9J,vehicle,CONFIRMED,0.490,1056,624,1128,696,,
2026-09-03T07:11:48.872992+00:00,cam01,Chiman bhai Bridge,Ahmedabad,—,TR01M1K1R0BCMN36Q37RKESJFGY1,car,CONFIRMED,0.531,0,627,39,663,,
2026-09-03T07:11:48.872992+00:00,cam01,Chiman bhai Bridge,Ahmedabad,—,TR01M1K1R0FTWY47G001Z4Q0M5YK,truck,CONFIRMED,0.455,893,621,944,686,,
2026-09-03T07:11:48.872992+00:00,cam01,Chiman bhai Bridge,Ahmedabad,—,TR01M1K1R0FTW2QTSM7RRQF5Q4GQ,car,CONFIRMED,0.536,634,649,739,722,,
2026-09-03T07:11:48.872992+00:00,cam01,Chiman bhai Bridge,Ahmedabad,—,TR01M1K1R0YZHBWA07XK2XBP6871,car,CONFIRMED,0.672,1547,623,1604,679,,
2026-09-03T07:11:48.872992+00:00,cam01,Chiman bhai Bridge,Ahmedabad,—,TR01M1K1R0YZAREV2T7058F9AEK0,car,CONFIRMED,0.526,1093,527,1123,554,,
2026-09-03T07:11:48.872992+00:00,cam01,Chiman bhai Bridge,Ahmedabad,—,TR01M1K1R14P7V39EX1SXSC6ZHPG,car,CONFIRMED,0.674,893,621,944,686,,
2026-09-03T07:11:48.872992+00:00,cam01,Chiman bhai Bridge,Ahmedabad,—,TR01M1K1R14P2A4B841DAH1ZP513,truck,CONFIRMED,0.572,942,650,1003,731,,
2026-09-03T07:11:48.872992+00:00,cam01,Chiman bhai Bridge,Ahmedabad,—,TR01M1K1R1AES4AE348P14CP29HZ,car,CONFIRMED,0.535,1069,633,1125,663,,
2026-09-03T07:11:48.872992+00:00,cam01,Chiman bhai Bridge,Ahmedabad,—,TR01M1K1R1FPEWJGT4Z4DFDXJ8Q1,truck,CONFIRMED,0.465,530,605,631,688,,
2026-09-03T07:11:48.872992+00:00,cam01,Chiman bhai Bridge,Ahmedabad,—,TR01M1K1R248922F6GMWYV8WC8D0,car,TENTATIVE,0.508,1068,621,1118,646,,
2026-09-03T07:11:48.992992+00:00,cam01,Chiman bhai Bridge,Ahmedabad,—,TR01M1K1QZVZ2S183NPSJHVWB4N1,car,CONFIRMED,0.463,961,603,986,639,,
2026-09-03T07:11:48.992992+00:00,cam01,Chiman bhai Bridge,Ahmedabad,—,TR01M1K1QZVZTDSK6ND0Y8XVMXPM,car,CONFIRMED,0.501,945,522,971,551,,
2026-09-03T07:11:48.992992+00:00,cam01,Chiman bhai Bridge,Ahmedabad,—,TR01M1K1QZVZA6224WNY0WBHJY2R,car,CONFIRMED,0.573,633,649,739,722,,
2026-09-03T07:11:48.992992+00:00,cam01,Chiman bhai Bridge,Ahmedabad,—,TR01M1K1QZVZJGCP6TCHJYEW36GT,truck,CONFIRMED,0.602,410,618,496,674,,
2026-09-03T07:11:48.992992+00:00,cam01,Chiman bhai Bridge,Ahmedabad,—,TR01M1K1QZVZJ541V3HXR47R0Q03,car,CONFIRMED,0.457,410,618,496,674,,
2026-09-03T07:11:48.992992+00:00,cam01,Chiman bhai Bridge,Ahmedabad,—,TR01M1K1QZVZJD1S4N6453620A3K,bus,CONFIRMED,0.405,633,649,739,722,,
2026-09-03T07:11:48.992992+00:00,cam01,Chiman bhai Bridge,Ahmedabad,—,TR01M1K1QZVZ9VY3DPVEN15ZGQ28,car,CONFIRMED,0.654,765,539,808,574,,
2026-09-03T07:11:48.992992+00:00,cam01,Chiman bhai Bridge,Ahmedabad,—,TR01M1K1R011YWBQZ9WZZ8JH5RZF,car,CONFIRMED,0.810,961,551,997,588,,
2026-09-03T07:11:48.992992+00:00,cam01,Chiman bhai Bridge,Ahmedabad,—,TR01M1K1R011BKQGAHT4RA7BF7G6,car,CONFIRMED,0.813,1061,620,1124,680,,
2026-09-03T07:11:48.992992+00:00,cam01,Chiman bhai Bridge,Ahmedabad,—,TR01M1K1R011JQ5TDHHW5TNF8KDZ,car,CONFIRMED,0.871,1455,633,1552,699,,
2026-09-03T07:11:48.992992+00:00,cam01,Chiman bhai Bridge,Ahmedabad,—,TR01M1K1R011GNAFA97J9P7N51DB,vehicle,CONFIRMED,0.451,912,492,1008,564,,
2026-09-03T07:11:48.992992+00:00,cam01,Chiman bhai Bridge,Ahmedabad,—,TR01M1K1R0116BD5F046QE75YSS8,car,CONFIRMED,0.774,947,647,1008,725,,
2026-09-03T07:11:48.992992+00:00,cam01,Chiman bhai Bridge,Ahmedabad,—,TR01M1K1R011RC3BBZQ7803DDW5P,vehicle,CONFIRMED,0.408,1824,756,1920,816,,
2026-09-03T07:11:48.992992+00:00,cam01,Chiman bhai Bridge,Ahmedabad,—,TR01M1K1R011V73ZRJTHV4H4ZBNB,vehicle,CONFIRMED,0.490,900,612,1020,756,,
2026-09-03T07:11:48.992992+00:00,cam01,Chiman bhai Bridge,Ahmedabad,—,TR01M1K1R011Z1ZDKVETERP32J3H,car,CONFIRMED,0.487,1028,569,1049,602,,
2026-09-03T07:11:48.992992+00:00,cam01,Chiman bhai Bridge,Ahmedabad,—,TR01M1K1R011M7S0GQMDGARBR90T,truck,CONFIRMED,0.583,1367,550,1414,615,,
2026-09-03T07:11:48.992992+00:00,cam01,Chiman bhai Bridge,Ahmedabad,—,TR01M1K1R0BC9AZCJ5QS90SE2R9J,vehicle,CONFIRMED,0.490,1056,636,1128,696,,
2026-09-03T07:11:48.992992+00:00,cam01,Chiman bhai Bridge,Ahmedabad,—,TR01M1K1R0BCMN36Q37RKESJFGY1,car,CONFIRMED,0.537,0,626,39,663,,
2026-09-03T07:11:48.992992+00:00,cam01,Chiman bhai Bridge,Ahmedabad,—,TR01M1K1R0FTWY47G001Z4Q0M5YK,car,CONFIRMED,0.673,895,619,946,683,,
2026-09-03T07:11:48.992992+00:00,cam01,Chiman bhai Bridge,Ahmedabad,—,TR01M1K1R0FTW2QTSM7RRQF5Q4GQ,truck,CONFIRMED,0.506,633,649,739,722,,
2026-09-03T07:11:48.992992+00:00,cam01,Chiman bhai Bridge,Ahmedabad,—,TR01M1K1R0YZHBWA07XK2XBP6871,car,CONFIRMED,0.730,1556,624,1618,681,,
2026-09-03T07:11:48.992992+00:00,cam01,Chiman bhai Bridge,Ahmedabad,—,TR01M1K1R0YZAREV2T7058F9AEK0,car,CONFIRMED,0.526,1093,527,1123,554,,
2026-09-03T07:11:48.992992+00:00,cam01,Chiman bhai Bridge,Ahmedabad,—,TR01M1K1R14P7V39EX1SXSC6ZHPG,truck,CONFIRMED,0.403,894,619,944,683,,
2026-09-03T07:11:48.992992+00:00,cam01,Chiman bhai Bridge,Ahmedabad,—,TR01M1K1R14P2A4B841DAH1ZP513,car,CONFIRMED,0.661,944,648,1004,729,,
2026-09-03T07:11:48.992992+00:00,cam01,Chiman bhai Bridge,Ahmedabad,—,TR01M1K1R1AES4AE348P14CP29HZ,car,CONFIRMED,0.535,1069,633,1125,663,,
2026-09-03T07:11:48.992992+00:00,cam01,Chiman bhai Bridge,Ahmedabad,—,TR01M1K1R1FPEWJGT4Z4DFDXJ8Q1,truck,CONFIRMED,0.470,529,605,631,688,,
2026-09-03T07:11:48.992992+00:00,cam01,Chiman bhai Bridge,Ahmedabad,—,TR01M1K1R248922F6GMWYV8WC8D0,car,CONFIRMED,0.471,1066,621,1118,647,,
2026-09-03T07:11:48.992992+00:00,cam01,Chiman bhai Bridge,Ahmedabad,—,TR01M1K1R2D4EPW28AVNXG19EQJX,car,TENTATIVE,0.611,945,523,971,551,,
2026-09-03T07:11:49.152992+00:00,cam01,Chiman bhai Bridge,Ahmedabad,—,TR01M1K1QZVZ2S183NPSJHVWB4N1,car,CONFIRMED,0.463,961,603,986,639,,
2026-09-03T07:11:49.152992+00:00,cam01,Chiman bhai Bridge,Ahmedabad,—,TR01M1K1QZVZTDSK6ND0Y8XVMXPM,car,CONFIRMED,0.432,945,522,971,551,,
2026-09-03T07:11:49.152992+00:00,cam01,Chiman bhai Bridge,Ahmedabad,—,TR01M1K1QZVZA6224WNY0WBHJY2R,car,CONFIRMED,0.570,634,649,739,722,,
2026-09-03T07:11:49.152992+00:00,cam01,Chiman bhai Bridge,Ahmedabad,—,TR01M1K1QZVZJGCP6TCHJYEW36GT,truck,CONFIRMED,0.583,410,618,495,674,,
2026-09-03T07:11:49.152992+00:00,cam01,Chiman bhai Bridge,Ahmedabad,—,TR01M1K1QZVZJ541V3HXR47R0Q03,car,CONFIRMED,0.448,410,618,495,674,,
2026-09-03T07:11:49.152992+00:00,cam01,Chiman bhai Bridge,Ahmedabad,—,TR01M1K1QZVZJD1S4N6453620A3K,truck,CONFIRMED,0.423,634,648,740,722,,
2026-09-03T07:11:49.152992+00:00,cam01,Chiman bhai Bridge,Ahmedabad,—,TR01M1K1QZVZ9VY3DPVEN15ZGQ28,car,CONFIRMED,0.654,765,538,810,574,,
2026-09-03T07:11:49.152992+00:00,cam01,Chiman bhai Bridge,Ahmedabad,—,TR01M1K1R011YWBQZ9WZZ8JH5RZF,car,CONFIRMED,0.800,961,549,998,585,,
2026-09-03T07:11:49.152992+00:00,cam01,Chiman bhai Bridge,Ahmedabad,—,TR01M1K1R011BKQGAHT4RA7BF7G6,car,CONFIRMED,0.812,1058,616,1121,674,,
2026-09-03T07:11:49.152992+00:00,cam01,Chiman bhai Bridge,Ahmedabad,—,TR01M1K1R011JQ5TDHHW5TNF8KDZ,car,CONFIRMED,0.880,1475,638,1577,706,,
2026-09-03T07:11:49.152992+00:00,cam01,Chiman bhai Bridge,Ahmedabad,—,TR01M1K1R011GNAFA97J9P7N51DB,vehicle,CONFIRMED,0.451,912,492,1008,564,,
2026-09-03T07:11:49.152992+00:00,cam01,Chiman bhai Bridge,Ahmedabad,—,TR01M1K1R0116BD5F046QE75YSS8,car,CONFIRMED,0.722,951,641,1010,721,,
2026-09-03T07:11:49.152992+00:00,cam01,Chiman bhai Bridge,Ahmedabad,—,TR01M1K1R011RC3BBZQ7803DDW5P,vehicle,CONFIRMED,0.408,1824,756,1920,816,,
2026-09-03T07:11:49.152992+00:00,cam01,Chiman bhai Bridge,Ahmedabad,—,TR01M1K1R011V73ZRJTHV4H4ZBNB,vehicle,CONFIRMED,0.490,900,612,1020,756,,
2026-09-03T07:11:49.152992+00:00,cam01,Chiman bhai Bridge,Ahmedabad,—,TR01M1K1R011Z1ZDKVETERP32J3H,car,CONFIRMED,0.487,1028,569,1049,602,,
2026-09-03T07:11:49.152992+00:00,cam01,Chiman bhai Bridge,Ahmedabad,—,TR01M1K1R011M7S0GQMDGARBR90T,truck,CONFIRMED,0.425,1367,550,1414,615,,
2026-09-03T07:11:49.152992+00:00,cam01,Chiman bhai Bridge,Ahmedabad,—,TR01M1K1R0BC9AZCJ5QS90SE2R9J,vehicle,CONFIRMED,0.490,1056,624,1128,696,,
2026-09-03T07:11:49.152992+00:00,cam01,Chiman bhai Bridge,Ahmedabad,—,TR01M1K1R0BCMN36Q37RKESJFGY1,car,CONFIRMED,0.545,0,626,39,663,,
2026-09-03T07:11:49.152992+00:00,cam01,Chiman bhai Bridge,Ahmedabad,—,TR01M1K1R0FTWY47G001Z4Q0M5YK,car,CONFIRMED,0.699,896,618,945,677,,
2026-09-03T07:11:49.152992+00:00,cam01,Chiman bhai Bridge,Ahmedabad,—,TR01M1K1R0FTW2QTSM7RRQF5Q4GQ,truck,CONFIRMED,0.508,634,649,739,722,,
2026-09-03T07:11:49.152992+00:00,cam01,Chiman bhai Bridge,Ahmedabad,—,TR01M1K1R0YZHBWA07XK2XBP6871,car,CONFIRMED,0.685,1568,628,1628,685,,
2026-09-03T07:11:49.152992+00:00,cam01,Chiman bhai Bridge,Ahmedabad,—,TR01M1K1R0YZAREV2T7058F9AEK0,car,CONFIRMED,0.526,1093,527,1123,554,,
2026-09-03T07:11:49.152992+00:00,cam01,Chiman bhai Bridge,Ahmedabad,—,TR01M1K1R14P7V39EX1SXSC6ZHPG,truck,CONFIRMED,0.469,895,617,945,677,,
2026-09-03T07:11:49.152992+00:00,cam01,Chiman bhai Bridge,Ahmedabad,—,TR01M1K1R14P2A4B841DAH1ZP513,car,CONFIRMED,0.642,953,641,1011,721,,
2026-09-03T07:11:49.152992+00:00,cam01,Chiman bhai Bridge,Ahmedabad,—,TR01M1K1R1AES4AE348P14CP29HZ,car,CONFIRMED,0.535,1069,633,1125,663,,
2026-09-03T07:11:49.152992+00:00,cam01,Chiman bhai Bridge,Ahmedabad,—,TR01M1K1R1FPEWJGT4Z4DFDXJ8Q1,truck,CONFIRMED,0.470,529,605,631,688,,
2026-09-03T07:11:49.152992+00:00,cam01,Chiman bhai Bridge,Ahmedabad,—,TR01M1K1R248922F6GMWYV8WC8D0,truck,CONFIRMED,0.481,1058,616,1121,675,,
2026-09-03T07:11:49.152992+00:00,cam01,Chiman bhai Bridge,Ahmedabad,—,TR01M1K1R2D4EPW28AVNXG19EQJX,car,CONFIRMED,0.519,945,523,970,551,,
2026-09-03T07:11:49.352992+00:00,cam01,Chiman bhai Bridge,Ahmedabad,—,TR01M1K1QZVZ2S183NPSJHVWB4N1,car,CONFIRMED,0.463,961,603,986,639,,
2026-09-03T07:11:49.352992+00:00,cam01,Chiman bhai Bridge,Ahmedabad,—,TR01M1K1QZVZTDSK6ND0Y8XVMXPM,truck,CONFIRMED,0.402,943,522,969,550,,
2026-09-03T07:11:49.352992+00:00,cam01,Chiman bhai Bridge,Ahmedabad,—,TR01M1K1QZVZA6224WNY0WBHJY2R,truck,CONFIRMED,0.548,635,649,739,722,,
2026-09-03T07:11:49.352992+00:00,cam01,Chiman bhai Bridge,Ahmedabad,—,TR01M1K1QZVZJGCP6TCHJYEW36GT,truck,CONFIRMED,0.567,409,618,497,675,,
2026-09-03T07:11:49.352992+00:00,cam01,Chiman bhai Bridge,Ahmedabad,—,TR01M1K1QZVZJ541V3HXR47R0Q03,car,CONFIRMED,0.485,409,618,497,675,,
2026-09-03T07:11:49.352992+00:00,cam01,Chiman bhai Bridge,Ahmedabad,—,TR01M1K1QZVZJD1S4N6453620A3K,bus,CONFIRMED,0.472,635,649,739,722,,
2026-09-03T07:11:49.352992+00:00,cam01,Chiman bhai Bridge,Ahmedabad,—,TR01M1K1QZVZ9VY3DPVEN15ZGQ28,car,CONFIRMED,0.637,765,540,810,574,,
2026-09-03T07:11:49.352992+00:00,cam01,Chiman bhai Bridge,Ahmedabad,—,TR01M1K1R011YWBQZ9WZZ8JH5RZF,car,CONFIRMED,0.808,961,546,997,580,,
2026-09-03T07:11:49.352992+00:00,cam01,Chiman bhai Bridge,Ahmedabad,—,TR01M1K1R011BKQGAHT4RA7BF7G6,car,CONFIRMED,0.776,1057,611,1117,666,,
2026-09-03T07:11:49.352992+00:00,cam01,Chiman bhai Bridge,Ahmedabad,—,TR01M1K1R011JQ5TDHHW5TNF8KDZ,car,CONFIRMED,0.899,1514,647,1624,720,,
2026-09-03T07:11:49.352992+00:00,cam01,Chiman bhai Bridge,Ahmedabad,—,TR01M1K1R011GNAFA97J9P7N51DB,vehicle,CONFIRMED,0.451,912,492,1008,564,,
2026-09-03T07:11:49.352992+00:00,cam01,Chiman bhai Bridge,Ahmedabad,—,TR01M1K1R0116BD5F046QE75YSS8,car,CONFIRMED,0.722,951,641,1010,721,,
2026-09-03T07:11:49.352992+00:00,cam01,Chiman bhai Bridge,Ahmedabad,—,TR01M1K1R011RC3BBZQ7803DDW5P,vehicle,CONFIRMED,0.408,1824,756,1920,816,,
2026-09-03T07:11:49.352992+00:00,cam01,Chiman bhai Bridge,Ahmedabad,—,TR01M1K1R011V73ZRJTHV4H4ZBNB,vehicle,CONFIRMED,0.490,900,612,1020,756,,
2026-09-03T07:11:49.352992+00:00,cam01,Chiman bhai Bridge,Ahmedabad,—,TR01M1K1R011Z1ZDKVETERP32J3H,car,CONFIRMED,0.487,1028,569,1049,602,,
2026-09-03T07:11:49.352992+00:00,cam01,Chiman bhai Bridge,Ahmedabad,—,TR01M1K1R011M7S0GQMDGARBR90T,truck,CONFIRMED,0.425,1367,550,1414,615,,
2026-09-03T07:11:49.352992+00:00,cam01,Chiman bhai Bridge,Ahmedabad,—,TR01M1K1R0BC9AZCJ5QS90SE2R9J,vehicle,CONFIRMED,0.443,1056,624,1128,708,,
2026-09-03T07:11:49.352992+00:00,cam01,Chiman bhai Bridge,Ahmedabad,—,TR01M1K1R0BCMN36Q37RKESJFGY1,car,CONFIRMED,0.533,0,626,39,663,,
2026-09-03T07:11:49.352992+00:00,cam01,Chiman bhai Bridge,Ahmedabad,—,TR01M1K1R0FTWY47G001Z4Q0M5YK,car,CONFIRMED,0.740,897,614,946,673,,
2026-09-03T07:11:49.352992+00:00,cam01,Chiman bhai Bridge,Ahmedabad,—,TR01M1K1R0FTW2QTSM7RRQF5Q4GQ,car,CONFIRMED,0.532,635,649,739,722,,
2026-09-03T07:11:49.352992+00:00,cam01,Chiman bhai Bridge,Ahmedabad,—,TR01M1K1R0YZHBWA07XK2XBP6871,car,CONFIRMED,0.758,1587,631,1651,691,,
2026-09-03T07:11:49.352992+00:00,cam01,Chiman bhai Bridge,Ahmedabad,—,TR01M1K1R0YZAREV2T7058F9AEK0,car,CONFIRMED,0.526,1093,527,1123,554,,
2026-09-03T07:11:49.352992+00:00,cam01,Chiman bhai Bridge,Ahmedabad,—,TR01M1K1R14P7V39EX1SXSC6ZHPG,truck,CONFIRMED,0.454,897,614,946,673,,
2026-09-03T07:11:49.352992+00:00,cam01,Chiman bhai Bridge,Ahmedabad,—,TR01M1K1R14P2A4B841DAH1ZP513,car,CONFIRMED,0.739,960,636,1017,712,,
2026-09-03T07:11:49.352992+00:00,cam01,Chiman bhai Bridge,Ahmedabad,—,TR01M1K1R1AES4AE348P14CP29HZ,car,CONFIRMED,0.535,1069,633,1125,663,,
2026-09-03T07:11:49.352992+00:00,cam01,Chiman bhai Bridge,Ahmedabad,—,TR01M1K1R1FPEWJGT4Z4DFDXJ8Q1,truck,CONFIRMED,0.512,529,605,630,688,,
2026-09-03T07:11:49.352992+00:00,cam01,Chiman bhai Bridge,Ahmedabad,—,TR01M1K1R248922F6GMWYV8WC8D0,truck,CONFIRMED,0.481,1058,616,1121,675,,
2026-09-03T07:11:49.352992+00:00,cam01,Chiman bhai Bridge,Ahmedabad,—,TR01M1K1R2D4EPW28AVNXG19EQJX,car,CONFIRMED,0.582,943,522,969,550,,
2026-09-03T07:11:49.792992+00:00,cam01,Chiman bhai Bridge,Ahmedabad,—,TR01M1K1QZVZTDSK6ND0Y8XVMXPM,truck,CONFIRMED,0.432,943,520,967,547,,
2026-09-03T07:11:49.792992+00:00,cam01,Chiman bhai Bridge,Ahmedabad,—,TR01M1K1QZVZA6224WNY0WBHJY2R,car,CONFIRMED,0.618,634,650,740,722,,
2026-09-03T07:11:49.792992+00:00,cam01,Chiman bhai Bridge,Ahmedabad,—,TR01M1K1QZVZJGCP6TCHJYEW36GT,truck,CONFIRMED,0.556,410,618,497,676,,
2026-09-03T07:11:49.792992+00:00,cam01,Chiman bhai Bridge,Ahmedabad,—,TR01M1K1QZVZJ541V3HXR47R0Q03,car,CONFIRMED,0.426,410,618,497,676,,
2026-09-03T07:11:49.792992+00:00,cam01,Chiman bhai Bridge,Ahmedabad,—,TR01M1K1QZVZJD1S4N6453620A3K,bus,CONFIRMED,0.472,635,649,739,722,,
2026-09-03T07:11:49.792992+00:00,cam01,Chiman bhai Bridge,Ahmedabad,—,TR01M1K1QZVZ9VY3DPVEN15ZGQ28,car,CONFIRMED,0.557,765,538,809,573,,
2026-09-03T07:11:49.792992+00:00,cam01,Chiman bhai Bridge,Ahmedabad,—,TR01M1K1R011YWBQZ9WZZ8JH5RZF,car,CONFIRMED,0.800,961,540,994,575,,
2026-09-03T07:11:49.792992+00:00,cam01,Chiman bhai Bridge,Ahmedabad,—,TR01M1K1R011BKQGAHT4RA7BF7G6,car,CONFIRMED,0.811,1048,599,1106,649,,
2026-09-03T07:11:49.792992+00:00,cam01,Chiman bhai Bridge,Ahmedabad,—,TR01M1K1R011JQ5TDHHW5TNF8KDZ,car,CONFIRMED,0.887,1625,671,1763,759,,
2026-09-03T07:11:49.792992+00:00,cam01,Chiman bhai Bridge,Ahmedabad,—,TR01M1K1R011GNAFA97J9P7N51DB,vehicle,CONFIRMED,0.451,912,492,1008,564,,
2026-09-03T07:11:49.792992+00:00,cam01,Chiman bhai Bridge,Ahmedabad,—,TR01M1K1R0116BD5F046QE75YSS8,car,CONFIRMED,0.514,975,620,1024,654,,
2026-09-03T07:11:49.792992+00:00,cam01,Chiman bhai Bridge,Ahmedabad,—,TR01M1K1R011V73ZRJTHV4H4ZBNB,vehicle,CONFIRMED,0.490,900,612,1020,756,,
2026-09-03T07:11:49.792992+00:00,cam01,Chiman bhai Bridge,Ahmedabad,—,TR01M1K1R011M7S0GQMDGARBR90T,truck,CONFIRMED,0.425,1367,550,1414,615,,
2026-09-03T07:11:49.792992+00:00,cam01,Chiman bhai Bridge,Ahmedabad,—,TR01M1K1R0BC9AZCJ5QS90SE2R9J,vehicle,CONFIRMED,0.443,1056,624,1128,708,,
2026-09-03T07:11:49.792992+00:00,cam01,Chiman bhai Bridge,Ahmedabad,—,TR01M1K1R0BCMN36Q37RKESJFGY1,car,CONFIRMED,0.549,0,626,39,663,,
2026-09-03T07:11:49.792992+00:00,cam01,Chiman bhai Bridge,Ahmedabad,—,TR01M1K1R0FTWY47G001Z4Q0M5YK,car,CONFIRMED,0.740,897,614,946,673,,
2026-09-03T07:11:49.792992+00:00,cam01,Chiman bhai Bridge,Ahmedabad,—,TR01M1K1R0FTW2QTSM7RRQF5Q4GQ,truck,CONFIRMED,0.452,634,650,740,722,,
2026-09-03T07:11:49.792992+00:00,cam01,Chiman bhai Bridge,Ahmedabad,—,TR01M1K1R0YZHBWA07XK2XBP6871,car,CONFIRMED,0.551,1636,640,1702,673,,
2026-09-03T07:11:49.792992+00:00,cam01,Chiman bhai Bridge,Ahmedabad,—,TR01M1K1R14P7V39EX1SXSC6ZHPG,car,CONFIRMED,0.716,904,603,950,660,,
2026-09-03T07:11:49.792992+00:00,cam01,Chiman bhai Bridge,Ahmedabad,—,TR01M1K1R14P2A4B841DAH1ZP513,car,CONFIRMED,0.752,972,629,1025,695,,
2026-09-03T07:11:49.792992+00:00,cam01,Chiman bhai Bridge,Ahmedabad,—,TR01M1K1R1AES4AE348P14CP29HZ,car,CONFIRMED,0.535,1069,633,1125,663,,
2026-09-03T07:11:49.792992+00:00,cam01,Chiman bhai Bridge,Ahmedabad,—,TR01M1K1R1FPEWJGT4Z4DFDXJ8Q1,truck,CONFIRMED,0.473,531,606,631,688,,
2026-09-03T07:11:49.792992+00:00,cam01,Chiman bhai Bridge,Ahmedabad,—,TR01M1K1R248922F6GMWYV8WC8D0,truck,CONFIRMED,0.481,1058,616,1121,675,,
2026-09-03T07:11:49.792992+00:00,cam01,Chiman bhai Bridge,Ahmedabad,—,TR01M1K1R2D4EPW28AVNXG19EQJX,car,CONFIRMED,0.490,943,520,967,547,,
2026-09-03T07:11:49.792992+00:00,cam01,Chiman bhai Bridge,Ahmedabad,—,TR01M1K1R305X0JG13VVCEB05XN8,car,TENTATIVE,0.724,1189,560,1234,597,,
2026-09-03T07:11:49.952992+00:00,cam01,Chiman bhai Bridge,Ahmedabad,—,TR01M1K1QZVZTDSK6ND0Y8XVMXPM,car,CONFIRMED,0.460,943,520,966,546,,
2026-09-03T07:11:49.952992+00:00,cam01,Chiman bhai Bridge,Ahmedabad,—,TR01M1K1QZVZA6224WNY0WBHJY2R,car,CONFIRMED,0.610,634,650,740,722,,
2026-09-03T07:11:49.952992+00:00,cam01,Chiman bhai Bridge,Ahmedabad,—,TR01M1K1QZVZJGCP6TCHJYEW36GT,truck,CONFIRMED,0.540,410,618,497,675,,
2026-09-03T07:11:49.952992+00:00,cam01,Chiman bhai Bridge,Ahmedabad,—,TR01M1K1QZVZJ541V3HXR47R0Q03,car,CONFIRMED,0.430,410,618,497,675,,
2026-09-03T07:11:49.952992+00:00,cam01,Chiman bhai Bridge,Ahmedabad,—,TR01M1K1QZVZJD1S4N6453620A3K,bus,CONFIRMED,0.472,635,649,739,722,,
2026-09-03T07:11:49.952992+00:00,cam01,Chiman bhai Bridge,Ahmedabad,—,TR01M1K1QZVZ9VY3DPVEN15ZGQ28,car,CONFIRMED,0.572,765,539,809,573,,
2026-09-03T07:11:49.952992+00:00,cam01,Chiman bhai Bridge,Ahmedabad,—,TR01M1K1R011YWBQZ9WZZ8JH5RZF,car,CONFIRMED,0.806,961,539,993,569,,
2026-09-03T07:11:49.952992+00:00,cam01,Chiman bhai Bridge,Ahmedabad,—,TR01M1K1R011BKQGAHT4RA7BF7G6,car,CONFIRMED,0.802,1045,595,1102,645,,
2026-09-03T07:11:49.952992+00:00,cam01,Chiman bhai Bridge,Ahmedabad,—,TR01M1K1R011JQ5TDHHW5TNF8KDZ,car,CONFIRMED,0.896,1658,680,1801,769,,
2026-09-03T07:11:49.952992+00:00,cam01,Chiman bhai Bridge,Ahmedabad,—,TR01M1K1R011GNAFA97J9P7N51DB,vehicle,CONFIRMED,0.451,912,492,1008,564,,
2026-09-03T07:11:49.952992+00:00,cam01,Chiman bhai Bridge,Ahmedabad,—,TR01M1K1R0116BD5F046QE75YSS8,car,CONFIRMED,0.514,975,620,1024,654,,
2026-09-03T07:11:49.952992+00:00,cam01,Chiman bhai Bridge,Ahmedabad,—,TR01M1K1R011V73ZRJTHV4H4ZBNB,vehicle,CONFIRMED,0.490,900,612,1020,756,,
2026-09-03T07:11:49.952992+00:00,cam01,Chiman bhai Bridge,Ahmedabad,—,TR01M1K1R011M7S0GQMDGARBR90T,truck,CONFIRMED,0.412,1348,550,1414,620,,
2026-09-03T07:11:49.952992+00:00,cam01,Chiman bhai Bridge,Ahmedabad,—,TR01M1K1R0BC9AZCJ5QS90SE2R9J,vehicle,CONFIRMED,0.443,1056,624,1128,708,,
2026-09-03T07:11:49.952992+00:00,cam01,Chiman bhai Bridge,Ahmedabad,—,TR01M1K1R0BCMN36Q37RKESJFGY1,car,CONFIRMED,0.539,0,626,39,663,,
2026-09-03T07:11:49.952992+00:00,cam01,Chiman bhai Bridge,Ahmedabad,—,TR01M1K1R0FTWY47G001Z4Q0M5YK,truck,CONFIRMED,0.439,906,601,950,657,,
2026-09-03T07:11:49.952992+00:00,cam01,Chiman bhai Bridge,Ahmedabad,—,TR01M1K1R0FTW2QTSM7RRQF5Q4GQ,truck,CONFIRMED,0.445,634,650,740,722,,
2026-09-03T07:11:49.952992+00:00,cam01,Chiman bhai Bridge,Ahmedabad,—,TR01M1K1R0YZHBWA07XK2XBP6871,car,CONFIRMED,0.766,1644,643,1719,700,,
2026-09-03T07:11:49.952992+00:00,cam01,Chiman bhai Bridge,Ahmedabad,—,TR01M1K1R14P7V39EX1SXSC6ZHPG,car,CONFIRMED,0.664,906,601,950,657,,
2026-09-03T07:11:49.952992+00:00,cam01,Chiman bhai Bridge,Ahmedabad,—,TR01M1K1R14P2A4B841DAH1ZP513,car,CONFIRMED,0.792,974,623,1027,690,,
2026-09-03T07:11:49.952992+00:00,cam01,Chiman bhai Bridge,Ahmedabad,—,TR01M1K1R1AES4AE348P14CP29HZ,car,CONFIRMED,0.535,1069,633,1125,663,,
2026-09-03T07:11:49.952992+00:00,cam01,Chiman bhai Bridge,Ahmedabad,—,TR01M1K1R1FPEWJGT4Z4DFDXJ8Q1,truck,CONFIRMED,0.463,531,606,631,688,,
2026-09-03T07:11:49.952992+00:00,cam01,Chiman bhai Bridge,Ahmedabad,—,TR01M1K1R248922F6GMWYV8WC8D0,truck,CONFIRMED,0.481,1058,616,1121,675,,
2026-09-03T07:11:49.952992+00:00,cam01,Chiman bhai Bridge,Ahmedabad,—,TR01M1K1R2D4EPW28AVNXG19EQJX,truck,CONFIRMED,0.408,943,520,966,546,,
2026-09-03T07:11:49.952992+00:00,cam01,Chiman bhai Bridge,Ahmedabad,—,TR01M1K1R305X0JG13VVCEB05XN8,car,CONFIRMED,0.726,1191,564,1237,604,,
2026-09-03T07:11:50.072992+00:00,cam01,Chiman bhai Bridge,Ahmedabad,—,TR01M1K1QZVZTDSK6ND0Y8XVMXPM,car,CONFIRMED,0.460,943,520,966,546,,
2026-09-03T07:11:50.072992+00:00,cam01,Chiman bhai Bridge,Ahmedabad,—,TR01M1K1QZVZA6224WNY0WBHJY2R,car,CONFIRMED,0.475,636,649,741,722,,
2026-09-03T07:11:50.072992+00:00,cam01,Chiman bhai Bridge,Ahmedabad,—,TR01M1K1QZVZJGCP6TCHJYEW36GT,truck,CONFIRMED,0.591,411,618,498,677,,
2026-09-03T07:11:50.072992+00:00,cam01,Chiman bhai Bridge,Ahmedabad,—,TR01M1K1QZVZJ541V3HXR47R0Q03,car,CONFIRMED,0.434,411,618,498,677,,
2026-09-03T07:11:50.072992+00:00,cam01,Chiman bhai Bridge,Ahmedabad,—,TR01M1K1QZVZJD1S4N6453620A3K,truck,CONFIRMED,0.538,636,649,741,722,,
2026-09-03T07:11:50.072992+00:00,cam01,Chiman bhai Bridge,Ahmedabad,—,TR01M1K1QZVZ9VY3DPVEN15ZGQ28,car,CONFIRMED,0.408,765,538,810,574,,
2026-09-03T07:11:50.072992+00:00,cam01,Chiman bhai Bridge,Ahmedabad,—,TR01M1K1R011YWBQZ9WZZ8JH5RZF,car,CONFIRMED,0.833,962,537,994,569,,
2026-09-03T07:11:50.072992+00:00,cam01,Chiman bhai Bridge,Ahmedabad,—,TR01M1K1R011BKQGAHT4RA7BF7G6,car,CONFIRMED,0.771,1045,593,1098,641,,
2026-09-03T07:11:50.072992+00:00,cam01,Chiman bhai Bridge,Ahmedabad,—,TR01M1K1R011JQ5TDHHW5TNF8KDZ,car,CONFIRMED,0.830,1705,690,1823,782,,
2026-09-03T07:11:50.072992+00:00,cam01,Chiman bhai Bridge,Ahmedabad,—,TR01M1K1R011GNAFA97J9P7N51DB,vehicle,CONFIRMED,0.451,912,492,1008,564,,
2026-09-03T07:11:50.072992+00:00,cam01,Chiman bhai Bridge,Ahmedabad,—,TR01M1K1R0116BD5F046QE75YSS8,car,CONFIRMED,0.514,975,620,1024,654,,
2026-09-03T07:11:50.072992+00:00,cam01,Chiman bhai Bridge,Ahmedabad,—,TR01M1K1R011V73ZRJTHV4H4ZBNB,vehicle,CONFIRMED,0.490,900,612,1020,756,,
2026-09-03T07:11:50.072992+00:00,cam01,Chiman bhai Bridge,Ahmedabad,—,TR01M1K1R011M7S0GQMDGARBR90T,truck,CONFIRMED,0.412,1348,550,1414,620,,
2026-09-03T07:11:50.072992+00:00,cam01,Chiman bhai Bridge,Ahmedabad,—,TR01M1K1R0BC9AZCJ5QS90SE2R9J,vehicle,CONFIRMED,0.490,1056,600,1104,660,,
2026-09-03T07:11:50.072992+00:00,cam01,Chiman bhai Bridge,Ahmedabad,—,TR01M1K1R0BCMN36Q37RKESJFGY1,car,CONFIRMED,0.520,0,622,39,663,,
2026-09-03T07:11:50.072992+00:00,cam01,Chiman bhai Bridge,Ahmedabad,—,TR01M1K1R0FTWY47G001Z4Q0M5YK,car,CONFIRMED,0.736,908,599,952,653,,
2026-09-03T07:11:50.072992+00:00,cam01,Chiman bhai Bridge,Ahmedabad,—,TR01M1K1R0FTW2QTSM7RRQF5Q4GQ,bus,CONFIRMED,0.449,636,649,741,722,,
2026-09-03T07:11:50.072992+00:00,cam01,Chiman bhai Bridge,Ahmedabad,—,TR01M1K1R0YZHBWA07XK2XBP6871,car,CONFIRMED,0.753,1662,647,1739,711,,
2026-09-03T07:11:50.072992+00:00,cam01,Chiman bhai Bridge,Ahmedabad,—,TR01M1K1R14P7V39EX1SXSC6ZHPG,truck,CONFIRMED,0.475,908,599,951,654,,
2026-09-03T07:11:50.072992+00:00,cam01,Chiman bhai Bridge,Ahmedabad,—,TR01M1K1R14P2A4B841DAH1ZP513,car,CONFIRMED,0.747,979,621,1027,685,,
2026-09-03T07:11:50.072992+00:00,cam01,Chiman bhai Bridge,Ahmedabad,—,TR01M1K1R1FPEWJGT4Z4DFDXJ8Q1,truck,CONFIRMED,0.513,531,607,633,688,,
2026-09-03T07:11:50.072992+00:00,cam01,Chiman bhai Bridge,Ahmedabad,—,TR01M1K1R248922F6GMWYV8WC8D0,truck,CONFIRMED,0.481,1058,616,1121,675,,
2026-09-03T07:11:50.072992+00:00,cam01,Chiman bhai Bridge,Ahmedabad,—,TR01M1K1R2D4EPW28AVNXG19EQJX,car,CONFIRMED,0.450,942,515,968,545,,
2026-09-03T07:11:50.072992+00:00,cam01,Chiman bhai Bridge,Ahmedabad,—,TR01M1K1R305X0JG13VVCEB05XN8,car,CONFIRMED,0.667,1200,571,1249,608,,
2026-09-03T07:11:50.072992+00:00,cam01,Chiman bhai Bridge,Ahmedabad,—,TR01M1K1R3A5XYZA3SY1X4V5GQBP,truck,TENTATIVE,0.509,1662,646,1739,711,,
2026-09-03T07:11:50.072992+00:00,cam01,Chiman bhai Bridge,Ahmedabad,—,TR01M1K1R3A5WZQ4JJ371JYE933D,car,TENTATIVE,0.501,479,600,529,618,,
2026-09-03T07:11:50.272992+00:00,cam01,Chiman bhai Bridge,Ahmedabad,—,TR01M1K1QZVZTDSK6ND0Y8XVMXPM,car,CONFIRMED,0.499,942,515,966,544,,
2026-09-03T07:11:50.272992+00:00,cam01,Chiman bhai Bridge,Ahmedabad,—,TR01M1K1QZVZA6224WNY0WBHJY2R,car,CONFIRMED,0.498,635,649,741,722,,
2026-09-03T07:11:50.272992+00:00,cam01,Chiman bhai Bridge,Ahmedabad,—,TR01M1K1QZVZJGCP6TCHJYEW36GT,truck,CONFIRMED,0.625,411,618,499,679,,
2026-09-03T07:11:50.272992+00:00,cam01,Chiman bhai Bridge,Ahmedabad,—,TR01M1K1QZVZJ541V3HXR47R0Q03,car,CONFIRMED,0.443,411,618,499,679,,
2026-09-03T07:11:50.272992+00:00,cam01,Chiman bhai Bridge,Ahmedabad,—,TR01M1K1QZVZJD1S4N6453620A3K,truck,CONFIRMED,0.565,635,649,741,722,,
2026-09-03T07:11:50.272992+00:00,cam01,Chiman bhai Bridge,Ahmedabad,—,TR01M1K1QZVZ9VY3DPVEN15ZGQ28,car,CONFIRMED,0.400,765,539,809,574,,
2026-09-03T07:11:50.272992+00:00,cam01,Chiman bhai Bridge,Ahmedabad,—,TR01M1K1R011YWBQZ9WZZ8JH5RZF,car,CONFIRMED,0.807,962,536,994,568,,
2026-09-03T07:11:50.272992+00:00,cam01,Chiman bhai Bridge,Ahmedabad,—,TR01M1K1R011BKQGAHT4RA7BF7G6,car,CONFIRMED,0.762,1040,588,1093,637,,
2026-09-03T07:11:50.272992+00:00,cam01,Chiman bhai Bridge,Ahmedabad,—,TR01M1K1R011JQ5TDHHW5TNF8KDZ,truck,CONFIRMED,0.804,1770,637,1917,787,,
2026-09-03T07:11:50.272992+00:00,cam01,Chiman bhai Bridge,Ahmedabad,—,TR01M1K1R0116BD5F046QE75YSS8,car,CONFIRMED,0.514,975,620,1024,654,,
2026-09-03T07:11:50.272992+00:00,cam01,Chiman bhai Bridge,Ahmedabad,—,TR01M1K1R011V73ZRJTHV4H4ZBNB,vehicle,CONFIRMED,0.490,900,612,1020,756,,
2026-09-03T07:11:50.272992+00:00,cam01,Chiman bhai Bridge,Ahmedabad,—,TR01M1K1R011M7S0GQMDGARBR90T,truck,CONFIRMED,0.412,1348,550,1414,620,,
2026-09-03T07:11:50.272992+00:00,cam01,Chiman bhai Bridge,Ahmedabad,—,TR01M1K1R0BC9AZCJ5QS90SE2R9J,vehicle,CONFIRMED,0.490,1056,600,1104,660,,
2026-09-03T07:11:50.272992+00:00,cam01,Chiman bhai Bridge,Ahmedabad,—,TR01M1K1R0BCMN36Q37RKESJFGY1,car,CONFIRMED,0.494,0,622,39,663,,
2026-09-03T07:11:50.272992+00:00,cam01,Chiman bhai Bridge,Ahmedabad,—,TR01M1K1R0FTWY47G001Z4Q0M5YK,truck,CONFIRMED,0.471,909,595,952,650,,
2026-09-03T07:11:50.272992+00:00,cam01,Chiman bhai Bridge,Ahmedabad,—,TR01M1K1R0FTW2QTSM7RRQF5Q4GQ,bus,CONFIRMED,0.401,635,649,741,722,,
2026-09-03T07:11:50.272992+00:00,cam01,Chiman bhai Bridge,Ahmedabad,—,TR01M1K1R0YZHBWA07XK2XBP6871,truck,CONFIRMED,0.660,1686,651,1764,721,,
2026-09-03T07:11:50.272992+00:00,cam01,Chiman bhai Bridge,Ahmedabad,—,TR01M1K1R14P7V39EX1SXSC6ZHPG,car,CONFIRMED,0.703,909,595,951,650,,
2026-09-03T07:11:50.272992+00:00,cam01,Chiman bhai Bridge,Ahmedabad,—,TR01M1K1R14P2A4B841DAH1ZP513,car,CONFIRMED,0.756,982,615,1029,677,,
2026-09-03T07:11:50.272992+00:00,cam01,Chiman bhai Bridge,Ahmedabad,—,TR01M1K1R1FPEWJGT4Z4DFDXJ8Q1,truck,CONFIRMED,0.527,530,607,633,688,,
2026-09-03T07:11:50.272992+00:00,cam01,Chiman bhai Bridge,Ahmedabad,—,TR01M1K1R248922F6GMWYV8WC8D0,truck,CONFIRMED,0.481,1058,616,1121,675,,
2026-09-03T07:11:50.272992+00:00,cam01,Chiman bhai Bridge,Ahmedabad,—,TR01M1K1R2D4EPW28AVNXG19EQJX,car,CONFIRMED,0.450,942,515,968,545,,
2026-09-03T07:11:50.272992+00:00,cam01,Chiman bhai Bridge,Ahmedabad,—,TR01M1K1R305X0JG13VVCEB05XN8,car,CONFIRMED,0.501,1217,574,1282,625,,
2026-09-03T07:11:50.272992+00:00,cam01,Chiman bhai Bridge,Ahmedabad,—,TR01M1K1R3A5XYZA3SY1X4V5GQBP,car,CONFIRMED,0.468,1686,651,1764,721,,
2026-09-03T07:11:50.272992+00:00,cam01,Chiman bhai Bridge,Ahmedabad,—,TR01M1K1R3A5WZQ4JJ371JYE933D,car,CONFIRMED,0.457,479,600,530,618,,
2026-09-03T07:11:50.392992+00:00,cam01,Chiman bhai Bridge,Ahmedabad,—,TR01M1K1QZVZTDSK6ND0Y8XVMXPM,car,CONFIRMED,0.527,942,516,966,542,,
2026-09-03T07:11:50.392992+00:00,cam01,Chiman bhai Bridge,Ahmedabad,—,TR01M1K1QZVZA6224WNY0WBHJY2R,car,CONFIRMED,0.496,634,649,741,722,,
2026-09-03T07:11:50.392992+00:00,cam01,Chiman bhai Bridge,Ahmedabad,—,TR01M1K1QZVZJGCP6TCHJYEW36GT,truck,CONFIRMED,0.639,411,618,500,679,,
2026-09-03T07:11:50.392992+00:00,cam01,Chiman bhai Bridge,Ahmedabad,—,TR01M1K1QZVZJ541V3HXR47R0Q03,car,CONFIRMED,0.461,411,618,500,679,,
2026-09-03T07:11:50.392992+00:00,cam01,Chiman bhai Bridge,Ahmedabad,—,TR01M1K1QZVZJD1S4N6453620A3K,truck,CONFIRMED,0.554,634,649,741,722,,
2026-09-03T07:11:50.392992+00:00,cam01,Chiman bhai Bridge,Ahmedabad,—,TR01M1K1QZVZ9VY3DPVEN15ZGQ28,car,CONFIRMED,0.400,765,539,809,574,,
2026-09-03T07:11:50.392992+00:00,cam01,Chiman bhai Bridge,Ahmedabad,—,TR01M1K1R011YWBQZ9WZZ8JH5RZF,car,CONFIRMED,0.796,962,534,995,565,,
2026-09-03T07:11:50.392992+00:00,cam01,Chiman bhai Bridge,Ahmedabad,—,TR01M1K1R011BKQGAHT4RA7BF7G6,car,CONFIRMED,0.793,1039,585,1090,634,,
2026-09-03T07:11:50.392992+00:00,cam01,Chiman bhai Bridge,Ahmedabad,—,TR01M1K1R011JQ5TDHHW5TNF8KDZ,truck,CONFIRMED,0.547,1818,636,1917,809,,
2026-09-03T07:11:50.392992+00:00,cam01,Chiman bhai Bridge,Ahmedabad,—,TR01M1K1R0116BD5F046QE75YSS8,car,CONFIRMED,0.514,975,620,1024,654,,
2026-09-03T07:11:50.392992+00:00,cam01,Chiman bhai Bridge,Ahmedabad,—,TR01M1K1R011V73ZRJTHV4H4ZBNB,vehicle,CONFIRMED,0.490,900,612,1020,756,,
2026-09-03T07:11:50.392992+00:00,cam01,Chiman bhai Bridge,Ahmedabad,—,TR01M1K1R011M7S0GQMDGARBR90T,truck,CONFIRMED,0.412,1348,550,1414,620,,
2026-09-03T07:11:50.392992+00:00,cam01,Chiman bhai Bridge,Ahmedabad,—,TR01M1K1R0BC9AZCJ5QS90SE2R9J,vehicle,CONFIRMED,0.490,1056,600,1104,660,,
2026-09-03T07:11:50.392992+00:00,cam01,Chiman bhai Bridge,Ahmedabad,—,TR01M1K1R0BCMN36Q37RKESJFGY1,car,CONFIRMED,0.474,0,622,39,663,,
2026-09-03T07:11:50.392992+00:00,cam01,Chiman bhai Bridge,Ahmedabad,—,TR01M1K1R0FTWY47G001Z4Q0M5YK,truck,CONFIRMED,0.456,910,593,952,647,,
2026-09-03T07:11:50.392992+00:00,cam01,Chiman bhai Bridge,Ahmedabad,—,TR01M1K1R0FTW2QTSM7RRQF5Q4GQ,bus,CONFIRMED,0.425,634,649,741,722,,
2026-09-03T07:11:50.392992+00:00,cam01,Chiman bhai Bridge,Ahmedabad,—,TR01M1K1R0YZHBWA07XK2XBP6871,car,CONFIRMED,0.569,1699,654,1778,724,,
2026-09-03T07:11:50.392992+00:00,cam01,Chiman bhai Bridge,Ahmedabad,—,TR01M1K1R14P7V39EX1SXSC6ZHPG,car,CONFIRMED,0.761,910,593,952,647,,
2026-09-03T07:11:50.392992+00:00,cam01,Chiman bhai Bridge,Ahmedabad,—,TR01M1K1R14P2A4B841DAH1ZP513,car,CONFIRMED,0.635,984,612,1030,673,,
2026-09-03T07:11:50.392992+00:00,cam01,Chiman bhai Bridge,Ahmedabad,—,TR01M1K1R1FPEWJGT4Z4DFDXJ8Q1,truck,CONFIRMED,0.485,530,607,633,688,,
2026-09-03T07:11:50.392992+00:00,cam01,Chiman bhai Bridge,Ahmedabad,—,TR01M1K1R248922F6GMWYV8WC8D0,truck,CONFIRMED,0.481,1058,616,1121,675,,
2026-09-03T07:11:50.392992+00:00,cam01,Chiman bhai Bridge,Ahmedabad,—,TR01M1K1R2D4EPW28AVNXG19EQJX,car,CONFIRMED,0.450,942,515,968,545,,
2026-09-03T07:11:50.392992+00:00,cam01,Chiman bhai Bridge,Ahmedabad,—,TR01M1K1R305X0JG13VVCEB05XN8,car,CONFIRMED,0.431,1220,574,1291,628,,
2026-09-03T07:11:50.392992+00:00,cam01,Chiman bhai Bridge,Ahmedabad,—,TR01M1K1R3A5XYZA3SY1X4V5GQBP,truck,CONFIRMED,0.619,1699,654,1778,724,,
2026-09-03T07:11:50.392992+00:00,cam01,Chiman bhai Bridge,Ahmedabad,—,TR01M1K1R3A5WZQ4JJ371JYE933D,car,CONFIRMED,0.459,479,600,529,618,,
2026-09-03T07:11:50.592992+00:00,cam01,Chiman bhai Bridge,Ahmedabad,—,TR01M1K1QZVZTDSK6ND0Y8XVMXPM,car,CONFIRMED,0.513,942,513,966,541,,
2026-09-03T07:11:50.592992+00:00,cam01,Chiman bhai Bridge,Ahmedabad,—,TR01M1K1QZVZA6224WNY0WBHJY2R,truck,CONFIRMED,0.565,634,649,741,722,,
2026-09-03T07:11:50.592992+00:00,cam01,Chiman bhai Bridge,Ahmedabad,—,TR01M1K1QZVZJGCP6TCHJYEW36GT,truck,CONFIRMED,0.650,411,618,501,679,,
2026-09-03T07:11:50.592992+00:00,cam01,Chiman bhai Bridge,Ahmedabad,—,TR01M1K1QZVZJ541V3HXR47R0Q03,car,CONFIRMED,0.502,411,618,501,679,,
2026-09-03T07:11:50.592992+00:00,cam01,Chiman bhai Bridge,Ahmedabad,—,TR01M1K1QZVZJD1S4N6453620A3K,bus,CONFIRMED,0.433,634,649,741,722,,
2026-09-03T07:11:50.592992+00:00,cam01,Chiman bhai Bridge,Ahmedabad,—,TR01M1K1QZVZ9VY3DPVEN15ZGQ28,car,CONFIRMED,0.400,765,539,809,574,,
2026-09-03T07:11:50.592992+00:00,cam01,Chiman bhai Bridge,Ahmedabad,—,TR01M1K1R011YWBQZ9WZZ8JH5RZF,car,CONFIRMED,0.736,962,530,995,561,,
2026-09-03T07:11:50.592992+00:00,cam01,Chiman bhai Bridge,Ahmedabad,—,TR01M1K1R011BKQGAHT4RA7BF7G6,car,CONFIRMED,0.765,1037,582,1084,626,,
2026-09-03T07:11:50.592992+00:00,cam01,Chiman bhai Bridge,Ahmedabad,—,TR01M1K1R011JQ5TDHHW5TNF8KDZ,truck,CONFIRMED,0.547,1818,636,1917,809,,
2026-09-03T07:11:50.592992+00:00,cam01,Chiman bhai Bridge,Ahmedabad,—,TR01M1K1R0116BD5F046QE75YSS8,car,CONFIRMED,0.514,975,620,1024,654,,
2026-09-03T07:11:50.592992+00:00,cam01,Chiman bhai Bridge,Ahmedabad,—,TR01M1K1R011V73ZRJTHV4H4ZBNB,vehicle,CONFIRMED,0.378,912,528,1032,708,,
2026-09-03T07:11:50.592992+00:00,cam01,Chiman bhai Bridge,Ahmedabad,—,TR01M1K1R011M7S0GQMDGARBR90T,truck,CONFIRMED,0.412,1348,550,1414,620,,
2026-09-03T07:11:50.592992+00:00,cam01,Chiman bhai Bridge,Ahmedabad,—,TR01M1K1R0BC9AZCJ5QS90SE2R9J,truck,CONFIRMED,0.428,1037,582,1084,626,,
2026-09-03T07:11:50.592992+00:00,cam01,Chiman bhai Bridge,Ahmedabad,—,TR01M1K1R0BCMN36Q37RKESJFGY1,car,CONFIRMED,0.458,0,621,39,663,,
2026-09-03T07:11:50.592992+00:00,cam01,Chiman bhai Bridge,Ahmedabad,—,TR01M1K1R0FTWY47G001Z4Q0M5YK,car,CONFIRMED,0.754,910,591,953,642,,
2026-09-03T07:11:50.592992+00:00,cam01,Chiman bhai Bridge,Ahmedabad,—,TR01M1K1R0FTW2QTSM7RRQF5Q4GQ,car,CONFIRMED,0.499,634,649,741,722,,
2026-09-03T07:11:50.592992+00:00,cam01,Chiman bhai Bridge,Ahmedabad,—,TR01M1K1R0YZHBWA07XK2XBP6871,car,CONFIRMED,0.442,1725,658,1806,730,,
2026-09-03T07:11:50.592992+00:00,cam01,Chiman bhai Bridge,Ahmedabad,—,TR01M1K1R14P7V39EX1SXSC6ZHPG,truck,CONFIRMED,0.427,910,591,953,642,,
2026-09-03T07:11:50.592992+00:00,cam01,Chiman bhai Bridge,Ahmedabad,—,TR01M1K1R14P2A4B841DAH1ZP513,car,CONFIRMED,0.729,988,608,1032,666,,
2026-09-03T07:11:50.592992+00:00,cam01,Chiman bhai Bridge,Ahmedabad,—,TR01M1K1R1FPEWJGT4Z4DFDXJ8Q1,truck,CONFIRMED,0.496,530,607,633,688,,
2026-09-03T07:11:50.592992+00:00,cam01,Chiman bhai Bridge,Ahmedabad,—,TR01M1K1R248922F6GMWYV8WC8D0,truck,CONFIRMED,0.481,1058,616,1121,675,,
2026-09-03T07:11:50.592992+00:00,cam01,Chiman bhai Bridge,Ahmedabad,—,TR01M1K1R2D4EPW28AVNXG19EQJX,car,CONFIRMED,0.450,942,515,968,545,,
2026-09-03T07:11:50.592992+00:00,cam01,Chiman bhai Bridge,Ahmedabad,—,TR01M1K1R305X0JG13VVCEB05XN8,car,CONFIRMED,0.431,1220,574,1291,628,,
2026-09-03T07:11:50.592992+00:00,cam01,Chiman bhai Bridge,Ahmedabad,—,TR01M1K1R3A5XYZA3SY1X4V5GQBP,truck,CONFIRMED,0.537,1725,658,1806,730,,
2026-09-03T07:11:50.592992+00:00,cam01,Chiman bhai Bridge,Ahmedabad,—,TR01M1K1R3A5WZQ4JJ371JYE933D,car,CONFIRMED,0.451,479,600,529,618,,
2026-09-03T07:11:50.752992+00:00,cam01,Chiman bhai Bridge,Ahmedabad,—,TR01M1K1QZVZTDSK6ND0Y8XVMXPM,car,CONFIRMED,0.530,942,514,966,541,,
2026-09-03T07:11:50.752992+00:00,cam01,Chiman bhai Bridge,Ahmedabad,—,TR01M1K1QZVZA6224WNY0WBHJY2R,truck,CONFIRMED,0.579,634,649,741,722,,
2026-09-03T07:11:50.752992+00:00,cam01,Chiman bhai Bridge,Ahmedabad,—,TR01M1K1QZVZJGCP6TCHJYEW36GT,truck,CONFIRMED,0.611,411,618,500,678,,
2026-09-03T07:11:50.752992+00:00,cam01,Chiman bhai Bridge,Ahmedabad,—,TR01M1K1QZVZJ541V3HXR47R0Q03,car,CONFIRMED,0.543,411,618,500,678,,
2026-09-03T07:11:50.752992+00:00,cam01,Chiman bhai Bridge,Ahmedabad,—,TR01M1K1QZVZJD1S4N6453620A3K,bus,CONFIRMED,0.433,634,649,741,722,,
2026-09-03T07:11:50.752992+00:00,cam01,Chiman bhai Bridge,Ahmedabad,—,TR01M1K1QZVZ9VY3DPVEN15ZGQ28,car,CONFIRMED,0.400,765,539,809,574,,
2026-09-03T07:11:50.752992+00:00,cam01,Chiman bhai Bridge,Ahmedabad,—,TR01M1K1R011YWBQZ9WZZ8JH5RZF,car,CONFIRMED,0.755,963,529,996,560,,
2026-09-03T07:11:50.752992+00:00,cam01,Chiman bhai Bridge,Ahmedabad,—,TR01M1K1R011BKQGAHT4RA7BF7G6,car,CONFIRMED,0.732,1036,579,1082,623,,
2026-09-03T07:11:50.752992+00:00,cam01,Chiman bhai Bridge,Ahmedabad,—,TR01M1K1R011JQ5TDHHW5TNF8KDZ,truck,CONFIRMED,0.547,1818,636,1917,809,,
2026-09-03T07:11:50.752992+00:00,cam01,Chiman bhai Bridge,Ahmedabad,—,TR01M1K1R0116BD5F046QE75YSS8,car,CONFIRMED,0.514,975,620,1024,654,,
2026-09-03T07:11:50.752992+00:00,cam01,Chiman bhai Bridge,Ahmedabad,—,TR01M1K1R011V73ZRJTHV4H4ZBNB,vehicle,CONFIRMED,0.378,912,528,1032,708,,
2026-09-03T07:11:50.752992+00:00,cam01,Chiman bhai Bridge,Ahmedabad,—,TR01M1K1R011M7S0GQMDGARBR90T,truck,CONFIRMED,0.412,1348,550,1414,620,,
2026-09-03T07:11:50.752992+00:00,cam01,Chiman bhai Bridge,Ahmedabad,—,TR01M1K1R0BC9AZCJ5QS90SE2R9J,truck,CONFIRMED,0.449,1036,579,1081,623,,
2026-09-03T07:11:50.752992+00:00,cam01,Chiman bhai Bridge,Ahmedabad,—,TR01M1K1R0BCMN36Q37RKESJFGY1,car,CONFIRMED,0.457,0,622,39,663,,
2026-09-03T07:11:50.752992+00:00,cam01,Chiman bhai Bridge,Ahmedabad,—,TR01M1K1R0FTWY47G001Z4Q0M5YK,truck,CONFIRMED,0.478,912,589,953,640,,
2026-09-03T07:11:50.752992+00:00,cam01,Chiman bhai Bridge,Ahmedabad,—,TR01M1K1R0FTW2QTSM7RRQF5Q4GQ,car,CONFIRMED,0.496,634,649,741,722,,
2026-09-03T07:11:50.752992+00:00,cam01,Chiman bhai Bridge,Ahmedabad,—,TR01M1K1R0YZHBWA07XK2XBP6871,car,CONFIRMED,0.541,1739,660,1818,734,,
2026-09-03T07:11:50.752992+00:00,cam01,Chiman bhai Bridge,Ahmedabad,—,TR01M1K1R14P7V39EX1SXSC6ZHPG,car,CONFIRMED,0.767,912,589,953,640,,
2026-09-03T07:11:50.752992+00:00,cam01,Chiman bhai Bridge,Ahmedabad,—,TR01M1K1R14P2A4B841DAH1ZP513,car,CONFIRMED,0.784,989,606,1033,663,,
2026-09-03T07:11:50.752992+00:00,cam01,Chiman bhai Bridge,Ahmedabad,—,TR01M1K1R1FPEWJGT4Z4DFDXJ8Q1,truck,CONFIRMED,0.491,530,607,633,688,,
2026-09-03T07:11:50.752992+00:00,cam01,Chiman bhai Bridge,Ahmedabad,—,TR01M1K1R2D4EPW28AVNXG19EQJX,car,CONFIRMED,0.450,942,515,968,545,,
2026-09-03T07:11:50.752992+00:00,cam01,Chiman bhai Bridge,Ahmedabad,—,TR01M1K1R305X0JG13VVCEB05XN8,car,CONFIRMED,0.431,1220,574,1291,628,,
2026-09-03T07:11:50.752992+00:00,cam01,Chiman bhai Bridge,Ahmedabad,—,TR01M1K1R3A5XYZA3SY1X4V5GQBP,truck,CONFIRMED,0.551,1739,660,1818,734,,
2026-09-03T07:11:50.752992+00:00,cam01,Chiman bhai Bridge,Ahmedabad,—,TR01M1K1R3A5WZQ4JJ371JYE933D,car,CONFIRMED,0.448,478,600,529,618,,
2026-09-03T07:11:50.872992+00:00,cam01,Chiman bhai Bridge,Ahmedabad,—,TR01M1K1QZVZTDSK6ND0Y8XVMXPM,car,CONFIRMED,0.513,941,511,966,540,,
2026-09-03T07:11:50.872992+00:00,cam01,Chiman bhai Bridge,Ahmedabad,—,TR01M1K1QZVZA6224WNY0WBHJY2R,truck,CONFIRMED,0.577,634,649,741,722,,
2026-09-03T07:11:50.872992+00:00,cam01,Chiman bhai Bridge,Ahmedabad,—,TR01M1K1QZVZJGCP6TCHJYEW36GT,truck,CONFIRMED,0.584,411,618,500,676,,
2026-09-03T07:11:50.872992+00:00,cam01,Chiman bhai Bridge,Ahmedabad,—,TR01M1K1QZVZJ541V3HXR47R0Q03,car,CONFIRMED,0.527,411,618,500,676,,
2026-09-03T07:11:50.872992+00:00,cam01,Chiman bhai Bridge,Ahmedabad,—,TR01M1K1QZVZJD1S4N6453620A3K,bus,CONFIRMED,0.405,634,649,741,722,,
2026-09-03T07:11:50.872992+00:00,cam01,Chiman bhai Bridge,Ahmedabad,—,TR01M1K1QZVZ9VY3DPVEN15ZGQ28,car,CONFIRMED,0.400,765,539,809,574,,
2026-09-03T07:11:50.872992+00:00,cam01,Chiman bhai Bridge,Ahmedabad,—,TR01M1K1R011YWBQZ9WZZ8JH5RZF,car,CONFIRMED,0.747,962,528,996,557,,
2026-09-03T07:11:50.872992+00:00,cam01,Chiman bhai Bridge,Ahmedabad,—,TR01M1K1R011BKQGAHT4RA7BF7G6,car,CONFIRMED,0.402,1037,575,1076,597,,
2026-09-03T07:11:50.872992+00:00,cam01,Chiman bhai Bridge,Ahmedabad,—,TR01M1K1R011JQ5TDHHW5TNF8KDZ,truck,CONFIRMED,0.547,1818,636,1917,809,,
2026-09-03T07:11:50.872992+00:00,cam01,Chiman bhai Bridge,Ahmedabad,—,TR01M1K1R0116BD5F046QE75YSS8,car,CONFIRMED,0.514,975,620,1024,654,,
2026-09-03T07:11:50.872992+00:00,cam01,Chiman bhai Bridge,Ahmedabad,—,TR01M1K1R011V73ZRJTHV4H4ZBNB,vehicle,CONFIRMED,0.378,912,504,1092,708,,
2026-09-03T07:11:50.872992+00:00,cam01,Chiman bhai Bridge,Ahmedabad,—,TR01M1K1R011M7S0GQMDGARBR90T,truck,CONFIRMED,0.415,1367,552,1416,618,,
2026-09-03T07:11:50.872992+00:00,cam01,Chiman bhai Bridge,Ahmedabad,—,TR01M1K1R0BC9AZCJ5QS90SE2R9J,car,CONFIRMED,0.752,1033,576,1078,619,,
2026-09-03T07:11:50.872992+00:00,cam01,Chiman bhai Bridge,Ahmedabad,—,TR01M1K1R0BCMN36Q37RKESJFGY1,car,CONFIRMED,0.465,0,622,39,663,,
2026-09-03T07:11:50.872992+00:00,cam01,Chiman bhai Bridge,Ahmedabad,—,TR01M1K1R0FTWY47G001Z4Q0M5YK,truck,CONFIRMED,0.464,914,586,954,637,,
2026-09-03T07:11:50.872992+00:00,cam01,Chiman bhai Bridge,Ahmedabad,—,TR01M1K1R0FTW2QTSM7RRQF5Q4GQ,car,CONFIRMED,0.478,634,649,741,722,,
2026-09-03T07:11:50.872992+00:00,cam01,Chiman bhai Bridge,Ahmedabad,—,TR01M1K1R0YZHBWA07XK2XBP6871,truck,CONFIRMED,0.454,1761,670,1818,737,,
2026-09-03T07:11:50.872992+00:00,cam01,Chiman bhai Bridge,Ahmedabad,—,TR01M1K1R14P7V39EX1SXSC6ZHPG,car,CONFIRMED,0.733,914,586,954,637,,
2026-09-03T07:11:50.872992+00:00,cam01,Chiman bhai Bridge,Ahmedabad,—,TR01M1K1R14P2A4B841DAH1ZP513,car,CONFIRMED,0.784,990,603,1034,660,,
2026-09-03T07:11:50.872992+00:00,cam01,Chiman bhai Bridge,Ahmedabad,—,TR01M1K1R1FPEWJGT4Z4DFDXJ8Q1,truck,CONFIRMED,0.484,529,607,633,688,,
2026-09-03T07:11:50.872992+00:00,cam01,Chiman bhai Bridge,Ahmedabad,—,TR01M1K1R2D4EPW28AVNXG19EQJX,car,CONFIRMED,0.450,942,515,968,545,,
2026-09-03T07:11:50.872992+00:00,cam01,Chiman bhai Bridge,Ahmedabad,—,TR01M1K1R305X0JG13VVCEB05XN8,car,CONFIRMED,0.431,1220,574,1291,628,,
2026-09-03T07:11:50.872992+00:00,cam01,Chiman bhai Bridge,Ahmedabad,—,TR01M1K1R3A5XYZA3SY1X4V5GQBP,car,CONFIRMED,0.405,1761,670,1818,737,,
2026-09-03T07:11:50.872992+00:00,cam01,Chiman bhai Bridge,Ahmedabad,—,TR01M1K1R3A5WZQ4JJ371JYE933D,car,CONFIRMED,0.465,478,600,529,618,,
2026-09-03T07:11:50.872992+00:00,cam01,Chiman bhai Bridge,Ahmedabad,—,TR01M1K1R42XG2YYCZSCR51GM64E,truck,TENTATIVE,0.692,1,886,242,1074,,
2026-09-03T07:11:50.992992+00:00,cam01,Chiman bhai Bridge,Ahmedabad,—,TR01M1K1QZVZTDSK6ND0Y8XVMXPM,car,CONFIRMED,0.516,941,513,965,539,,
2026-09-03T07:11:50.992992+00:00,cam01,Chiman bhai Bridge,Ahmedabad,—,TR01M1K1QZVZA6224WNY0WBHJY2R,truck,CONFIRMED,0.583,634,649,741,722,,
2026-09-03T07:11:50.992992+00:00,cam01,Chiman bhai Bridge,Ahmedabad,—,TR01M1K1QZVZJGCP6TCHJYEW36GT,truck,CONFIRMED,0.603,411,618,500,676,,
2026-09-03T07:11:50.992992+00:00,cam01,Chiman bhai Bridge,Ahmedabad,—,TR01M1K1QZVZJ541V3HXR47R0Q03,car,CONFIRMED,0.548,411,618,500,676,,
2026-09-03T07:11:50.992992+00:00,cam01,Chiman bhai Bridge,Ahmedabad,—,TR01M1K1QZVZJD1S4N6453620A3K,bus,CONFIRMED,0.417,634,649,741,722,,
2026-09-03T07:11:50.992992+00:00,cam01,Chiman bhai Bridge,Ahmedabad,—,TR01M1K1QZVZ9VY3DPVEN15ZGQ28,car,CONFIRMED,0.400,765,539,809,574,,
2026-09-03T07:11:50.992992+00:00,cam01,Chiman bhai Bridge,Ahmedabad,—,TR01M1K1R011YWBQZ9WZZ8JH5RZF,car,CONFIRMED,0.754,964,527,998,556,,
2026-09-03T07:11:50.992992+00:00,cam01,Chiman bhai Bridge,Ahmedabad,—,TR01M1K1R011BKQGAHT4RA7BF7G6,truck,CONFIRMED,0.442,1031,573,1075,614,,
2026-09-03T07:11:50.992992+00:00,cam01,Chiman bhai Bridge,Ahmedabad,—,TR01M1K1R011JQ5TDHHW5TNF8KDZ,truck,CONFIRMED,0.547,1818,636,1917,809,,
2026-09-03T07:11:50.992992+00:00,cam01,Chiman bhai Bridge,Ahmedabad,—,TR01M1K1R0116BD5F046QE75YSS8,car,CONFIRMED,0.514,975,620,1024,654,,
2026-09-03T07:11:50.992992+00:00,cam01,Chiman bhai Bridge,Ahmedabad,—,TR01M1K1R011V73ZRJTHV4H4ZBNB,vehicle,CONFIRMED,0.390,960,504,1080,624,,
2026-09-03T07:11:50.992992+00:00,cam01,Chiman bhai Bridge,Ahmedabad,—,TR01M1K1R011M7S0GQMDGARBR90T,truck,CONFIRMED,0.408,1368,552,1416,617,,
2026-09-03T07:11:50.992992+00:00,cam01,Chiman bhai Bridge,Ahmedabad,—,TR01M1K1R0BC9AZCJ5QS90SE2R9J,car,CONFIRMED,0.703,1031,573,1075,614,,
2026-09-03T07:11:50.992992+00:00,cam01,Chiman bhai Bridge,Ahmedabad,—,TR01M1K1R0BCMN36Q37RKESJFGY1,car,CONFIRMED,0.463,0,623,38,663,,
2026-09-03T07:11:50.992992+00:00,cam01,Chiman bhai Bridge,Ahmedabad,—,TR01M1K1R0FTWY47G001Z4Q0M5YK,car,CONFIRMED,0.736,914,584,955,634,,
2026-09-03T07:11:50.992992+00:00,cam01,Chiman bhai Bridge,Ahmedabad,—,TR01M1K1R0FTW2QTSM7RRQF5Q4GQ,car,CONFIRMED,0.476,634,649,741,722,,
2026-09-03T07:11:50.992992+00:00,cam01,Chiman bhai Bridge,Ahmedabad,—,TR01M1K1R0YZHBWA07XK2XBP6871,vehicle,CONFIRMED,0.490,1776,672,1824,744,,
2026-09-03T07:11:50.992992+00:00,cam01,Chiman bhai Bridge,Ahmedabad,—,TR01M1K1R14P7V39EX1SXSC6ZHPG,truck,CONFIRMED,0.409,914,584,955,635,,
2026-09-03T07:11:50.992992+00:00,cam01,Chiman bhai Bridge,Ahmedabad,—,TR01M1K1R14P2A4B841DAH1ZP513,car,CONFIRMED,0.778,991,602,1035,657,,
2026-09-03T07:11:50.992992+00:00,cam01,Chiman bhai Bridge,Ahmedabad,—,TR01M1K1R1FPEWJGT4Z4DFDXJ8Q1,truck,CONFIRMED,0.500,529,607,634,688,,
2026-09-03T07:11:50.992992+00:00,cam01,Chiman bhai Bridge,Ahmedabad,—,TR01M1K1R2D4EPW28AVNXG19EQJX,car,CONFIRMED,0.450,942,515,968,545,,
2026-09-03T07:11:50.992992+00:00,cam01,Chiman bhai Bridge,Ahmedabad,—,TR01M1K1R305X0JG13VVCEB05XN8,car,CONFIRMED,0.467,1295,604,1367,655,,
2026-09-03T07:11:50.992992+00:00,cam01,Chiman bhai Bridge,Ahmedabad,—,TR01M1K1R3A5XYZA3SY1X4V5GQBP,truck,CONFIRMED,0.560,1767,649,1822,737,,
2026-09-03T07:11:50.992992+00:00,cam01,Chiman bhai Bridge,Ahmedabad,—,TR01M1K1R3A5WZQ4JJ371JYE933D,car,CONFIRMED,0.456,479,600,529,618,,
2026-09-03T07:11:50.992992+00:00,cam01,Chiman bhai Bridge,Ahmedabad,—,TR01M1K1R42XG2YYCZSCR51GM64E,truck,CONFIRMED,0.705,68,869,288,1019,,
2026-09-03T07:11:51.152992+00:00,cam01,Chiman bhai Bridge,Ahmedabad,—,TR01M1K1QZVZTDSK6ND0Y8XVMXPM,car,CONFIRMED,0.455,942,516,963,539,,
2026-09-03T07:11:51.152992+00:00,cam01,Chiman bhai Bridge,Ahmedabad,—,TR01M1K1QZVZA6224WNY0WBHJY2R,car,CONFIRMED,0.488,635,649,741,722,,
2026-09-03T07:11:51.152992+00:00,cam01,Chiman bhai Bridge,Ahmedabad,—,TR01M1K1QZVZJGCP6TCHJYEW36GT,truck,CONFIRMED,0.579,410,618,499,677,,
2026-09-03T07:11:51.152992+00:00,cam01,Chiman bhai Bridge,Ahmedabad,—,TR01M1K1QZVZJ541V3HXR47R0Q03,car,CONFIRMED,0.556,410,618,499,677,,
2026-09-03T07:11:51.152992+00:00,cam01,Chiman bhai Bridge,Ahmedabad,—,TR01M1K1QZVZJD1S4N6453620A3K,truck,CONFIRMED,0.571,635,649,741,722,,
2026-09-03T07:11:51.152992+00:00,cam01,Chiman bhai Bridge,Ahmedabad,—,TR01M1K1QZVZ9VY3DPVEN15ZGQ28,car,CONFIRMED,0.400,765,539,809,574,,
2026-09-03T07:11:51.152992+00:00,cam01,Chiman bhai Bridge,Ahmedabad,—,TR01M1K1R011YWBQZ9WZZ8JH5RZF,car,CONFIRMED,0.773,964,526,999,555,,
2026-09-03T07:11:51.152992+00:00,cam01,Chiman bhai Bridge,Ahmedabad,—,TR01M1K1R011BKQGAHT4RA7BF7G6,car,CONFIRMED,0.793,1030,572,1073,609,,
2026-09-03T07:11:51.152992+00:00,cam01,Chiman bhai Bridge,Ahmedabad,—,TR01M1K1R011JQ5TDHHW5TNF8KDZ,truck,CONFIRMED,0.547,1818,636,1917,809,,
2026-09-03T07:11:51.152992+00:00,cam01,Chiman bhai Bridge,Ahmedabad,—,TR01M1K1R0116BD5F046QE75YSS8,car,CONFIRMED,0.514,975,620,1024,654,,
2026-09-03T07:11:51.152992+00:00,cam01,Chiman bhai Bridge,Ahmedabad,—,TR01M1K1R011V73ZRJTHV4H4ZBNB,vehicle,CONFIRMED,0.390,960,504,1080,624,,
2026-09-03T07:11:51.152992+00:00,cam01,Chiman bhai Bridge,Ahmedabad,—,TR01M1K1R011M7S0GQMDGARBR90T,truck,CONFIRMED,0.408,1368,552,1416,617,,
2026-09-03T07:11:51.152992+00:00,cam01,Chiman bhai Bridge,Ahmedabad,—,TR01M1K1R0BC9AZCJ5QS90SE2R9J,car,CONFIRMED,0.703,1031,573,1075,614,,
2026-09-03T07:11:51.152992+00:00,cam01,Chiman bhai Bridge,Ahmedabad,—,TR01M1K1R0BCMN36Q37RKESJFGY1,car,CONFIRMED,0.525,0,624,39,663,,
2026-09-03T07:11:51.152992+00:00,cam01,Chiman bhai Bridge,Ahmedabad,—,TR01M1K1R0FTWY47G001Z4Q0M5YK,car,CONFIRMED,0.712,914,582,956,632,,
2026-09-03T07:11:51.152992+00:00,cam01,Chiman bhai Bridge,Ahmedabad,—,TR01M1K1R0FTW2QTSM7RRQF5Q4GQ,bus,CONFIRMED,0.417,635,649,741,722,,
2026-09-03T07:11:51.152992+00:00,cam01,Chiman bhai Bridge,Ahmedabad,—,TR01M1K1R0YZHBWA07XK2XBP6871,car,CONFIRMED,0.421,1790,673,1821,742,,
2026-09-03T07:11:51.152992+00:00,cam01,Chiman bhai Bridge,Ahmedabad,—,TR01M1K1R14P7V39EX1SXSC6ZHPG,truck,CONFIRMED,0.484,914,582,956,632,,
2026-09-03T07:11:51.152992+00:00,cam01,Chiman bhai Bridge,Ahmedabad,—,TR01M1K1R14P2A4B841DAH1ZP513,car,CONFIRMED,0.662,992,606,1035,654,,
2026-09-03T07:11:51.152992+00:00,cam01,Chiman bhai Bridge,Ahmedabad,—,TR01M1K1R1FPEWJGT4Z4DFDXJ8Q1,truck,CONFIRMED,0.507,529,607,634,688,,
2026-09-03T07:11:51.152992+00:00,cam01,Chiman bhai Bridge,Ahmedabad,—,TR01M1K1R2D4EPW28AVNXG19EQJX,car,CONFIRMED,0.450,942,515,968,545,,
2026-09-03T07:11:51.152992+00:00,cam01,Chiman bhai Bridge,Ahmedabad,—,TR01M1K1R305X0JG13VVCEB05XN8,car,CONFIRMED,0.796,1326,610,1390,660,,
2026-09-03T07:11:51.152992+00:00,cam01,Chiman bhai Bridge,Ahmedabad,—,TR01M1K1R3A5XYZA3SY1X4V5GQBP,truck,CONFIRMED,0.560,1767,649,1822,737,,
2026-09-03T07:11:51.152992+00:00,cam01,Chiman bhai Bridge,Ahmedabad,—,TR01M1K1R3A5WZQ4JJ371JYE933D,car,CONFIRMED,0.477,479,600,530,618,,
2026-09-03T07:11:51.152992+00:00,cam01,Chiman bhai Bridge,Ahmedabad,—,TR01M1K1R42XG2YYCZSCR51GM64E,truck,CONFIRMED,0.702,129,855,336,1011,,
2026-09-03T07:11:51.352992+00:00,cam01,Chiman bhai Bridge,Ahmedabad,—,TR01M1K1QZVZTDSK6ND0Y8XVMXPM,car,CONFIRMED,0.490,941,515,963,539,,
2026-09-03T07:11:51.352992+00:00,cam01,Chiman bhai Bridge,Ahmedabad,—,TR01M1K1QZVZA6224WNY0WBHJY2R,truck,CONFIRMED,0.550,631,649,741,722,,
2026-09-03T07:11:51.352992+00:00,cam01,Chiman bhai Bridge,Ahmedabad,—,TR01M1K1QZVZJGCP6TCHJYEW36GT,car,CONFIRMED,0.568,410,618,498,676,,
2026-09-03T07:11:51.352992+00:00,cam01,Chiman bhai Bridge,Ahmedabad,—,TR01M1K1QZVZJ541V3HXR47R0Q03,truck,CONFIRMED,0.566,410,618,498,676,,
2026-09-03T07:11:51.352992+00:00,cam01,Chiman bhai Bridge,Ahmedabad,—,TR01M1K1QZVZJD1S4N6453620A3K,car,CONFIRMED,0.551,631,649,741,722,,
2026-09-03T07:11:51.352992+00:00,cam01,Chiman bhai Bridge,Ahmedabad,—,TR01M1K1QZVZ9VY3DPVEN15ZGQ28,car,CONFIRMED,0.400,765,539,809,574,,
2026-09-03T07:11:51.352992+00:00,cam01,Chiman bhai Bridge,Ahmedabad,—,TR01M1K1R011YWBQZ9WZZ8JH5RZF,car,CONFIRMED,0.818,967,524,1000,552,,
2026-09-03T07:11:51.352992+00:00,cam01,Chiman bhai Bridge,Ahmedabad,—,TR01M1K1R011BKQGAHT4RA7BF7G6,car,CONFIRMED,0.836,1026,568,1070,607,,
2026-09-03T07:11:51.352992+00:00,cam01,Chiman bhai Bridge,Ahmedabad,—,TR01M1K1R011JQ5TDHHW5TNF8KDZ,truck,CONFIRMED,0.547,1818,636,1917,809,,
2026-09-03T07:11:51.352992+00:00,cam01,Chiman bhai Bridge,Ahmedabad,—,TR01M1K1R011V73ZRJTHV4H4ZBNB,vehicle,CONFIRMED,0.390,960,504,1080,624,,
2026-09-03T07:11:51.352992+00:00,cam01,Chiman bhai Bridge,Ahmedabad,—,TR01M1K1R011M7S0GQMDGARBR90T,car,CONFIRMED,0.400,1368,578,1413,616,,
2026-09-03T07:11:51.352992+00:00,cam01,Chiman bhai Bridge,Ahmedabad,—,TR01M1K1R0BC9AZCJ5QS90SE2R9J,truck,CONFIRMED,0.438,1026,567,1070,607,,
2026-09-03T07:11:51.352992+00:00,cam01,Chiman bhai Bridge,Ahmedabad,—,TR01M1K1R0BCMN36Q37RKESJFGY1,car,CONFIRMED,0.524,0,623,39,663,,
2026-09-03T07:11:51.352992+00:00,cam01,Chiman bhai Bridge,Ahmedabad,—,TR01M1K1R0FTWY47G001Z4Q0M5YK,car,CONFIRMED,0.755,915,580,955,629,,
2026-09-03T07:11:51.352992+00:00,cam01,Chiman bhai Bridge,Ahmedabad,—,TR01M1K1R0FTW2QTSM7RRQF5Q4GQ,bus,CONFIRMED,0.417,635,649,741,722,,
2026-09-03T07:11:51.352992+00:00,cam01,Chiman bhai Bridge,Ahmedabad,—,TR01M1K1R0YZHBWA07XK2XBP6871,car,CONFIRMED,0.421,1790,673,1821,742,,
2026-09-03T07:11:51.352992+00:00,cam01,Chiman bhai Bridge,Ahmedabad,—,TR01M1K1R14P7V39EX1SXSC6ZHPG,truck,CONFIRMED,0.425,915,580,955,629,,
2026-09-03T07:11:51.352992+00:00,cam01,Chiman bhai Bridge,Ahmedabad,—,TR01M1K1R14P2A4B841DAH1ZP513,car,CONFIRMED,0.687,993,602,1035,648,,
2026-09-03T07:11:51.352992+00:00,cam01,Chiman bhai Bridge,Ahmedabad,—,TR01M1K1R1FPEWJGT4Z4DFDXJ8Q1,truck,CONFIRMED,0.507,529,607,634,688,,
2026-09-03T07:11:51.352992+00:00,cam01,Chiman bhai Bridge,Ahmedabad,—,TR01M1K1R2D4EPW28AVNXG19EQJX,car,CONFIRMED,0.443,939,509,966,538,,
2026-09-03T07:11:51.352992+00:00,cam01,Chiman bhai Bridge,Ahmedabad,—,TR01M1K1R305X0JG13VVCEB05XN8,car,CONFIRMED,0.809,1338,617,1426,670,,
2026-09-03T07:11:51.352992+00:00,cam01,Chiman bhai Bridge,Ahmedabad,—,TR01M1K1R3A5XYZA3SY1X4V5GQBP,truck,CONFIRMED,0.560,1767,649,1822,737,,
2026-09-03T07:11:51.352992+00:00,cam01,Chiman bhai Bridge,Ahmedabad,—,TR01M1K1R3A5WZQ4JJ371JYE933D,car,CONFIRMED,0.453,478,600,530,618,,
2026-09-03T07:11:51.352992+00:00,cam01,Chiman bhai Bridge,Ahmedabad,—,TR01M1K1R42XG2YYCZSCR51GM64E,truck,CONFIRMED,0.709,215,832,407,1002,,
2026-09-03T07:11:51.352992+00:00,cam01,Chiman bhai Bridge,Ahmedabad,—,TR01M1K1R4SE02KZ42MYSPVJW5ZB,car,TENTATIVE,0.545,215,832,407,1002,,
2026-09-03T07:11:51.792992+00:00,cam01,Chiman bhai Bridge,Ahmedabad,—,TR01M1K1QZVZTDSK6ND0Y8XVMXPM,car,CONFIRMED,0.490,941,515,963,539,,
2026-09-03T07:11:51.792992+00:00,cam01,Chiman bhai Bridge,Ahmedabad,—,TR01M1K1QZVZA6224WNY0WBHJY2R,car,CONFIRMED,0.541,633,649,741,722,,
2026-09-03T07:11:51.792992+00:00,cam01,Chiman bhai Bridge,Ahmedabad,—,TR01M1K1QZVZJGCP6TCHJYEW36GT,truck,CONFIRMED,0.613,410,618,502,678,,
2026-09-03T07:11:51.792992+00:00,cam01,Chiman bhai Bridge,Ahmedabad,—,TR01M1K1QZVZJ541V3HXR47R0Q03,car,CONFIRMED,0.539,410,618,502,678,,
2026-09-03T07:11:51.792992+00:00,cam01,Chiman bhai Bridge,Ahmedabad,—,TR01M1K1QZVZJD1S4N6453620A3K,car,CONFIRMED,0.551,631,649,741,722,,
2026-09-03T07:11:51.792992+00:00,cam01,Chiman bhai Bridge,Ahmedabad,—,TR01M1K1R011YWBQZ9WZZ8JH5RZF,car,CONFIRMED,0.772,969,521,1002,548,,
2026-09-03T07:11:51.792992+00:00,cam01,Chiman bhai Bridge,Ahmedabad,—,TR01M1K1R011BKQGAHT4RA7BF7G6,car,CONFIRMED,0.818,1019,559,1060,596,,
2026-09-03T07:11:51.792992+00:00,cam01,Chiman bhai Bridge,Ahmedabad,—,TR01M1K1R011JQ5TDHHW5TNF8KDZ,truck,CONFIRMED,0.547,1818,636,1917,809,,
2026-09-03T07:11:51.792992+00:00,cam01,Chiman bhai Bridge,Ahmedabad,—,TR01M1K1R011V73ZRJTHV4H4ZBNB,vehicle,CONFIRMED,0.390,960,504,1080,624,,
2026-09-03T07:11:51.792992+00:00,cam01,Chiman bhai Bridge,Ahmedabad,—,TR01M1K1R011M7S0GQMDGARBR90T,car,CONFIRMED,0.400,1368,578,1413,616,,
2026-09-03T07:11:51.792992+00:00,cam01,Chiman bhai Bridge,Ahmedabad,—,TR01M1K1R0BC9AZCJ5QS90SE2R9J,truck,CONFIRMED,0.416,1019,559,1060,597,,
2026-09-03T07:11:51.792992+00:00,cam01,Chiman bhai Bridge,Ahmedabad,—,TR01M1K1R0BCMN36Q37RKESJFGY1,car,CONFIRMED,0.504,0,623,39,663,,
2026-09-03T07:11:51.792992+00:00,cam01,Chiman bhai Bridge,Ahmedabad,—,TR01M1K1R0FTWY47G001Z4Q0M5YK,car,CONFIRMED,0.755,915,580,955,629,,
2026-09-03T07:11:51.792992+00:00,cam01,Chiman bhai Bridge,Ahmedabad,—,TR01M1K1R0FTW2QTSM7RRQF5Q4GQ,truck,CONFIRMED,0.587,633,649,741,722,,
2026-09-03T07:11:51.792992+00:00,cam01,Chiman bhai Bridge,Ahmedabad,—,TR01M1K1R0YZHBWA07XK2XBP6871,car,CONFIRMED,0.421,1790,673,1821,742,,
2026-09-03T07:11:51.792992+00:00,cam01,Chiman bhai Bridge,Ahmedabad,—,TR01M1K1R14P7V39EX1SXSC6ZHPG,car,CONFIRMED,0.703,917,573,954,620,,
2026-09-03T07:11:51.792992+00:00,cam01,Chiman bhai Bridge,Ahmedabad,—,TR01M1K1R14P2A4B841DAH1ZP513,car,CONFIRMED,0.794,994,588,1035,637,,
2026-09-03T07:11:51.792992+00:00,cam01,Chiman bhai Bridge,Ahmedabad,—,TR01M1K1R1FPEWJGT4Z4DFDXJ8Q1,truck,CONFIRMED,0.505,530,607,634,688,,
2026-09-03T07:11:51.792992+00:00,cam01,Chiman bhai Bridge,Ahmedabad,—,TR01M1K1R2D4EPW28AVNXG19EQJX,truck,CONFIRMED,0.405,939,506,962,536,,
2026-09-03T07:11:51.792992+00:00,cam01,Chiman bhai Bridge,Ahmedabad,—,TR01M1K1R305X0JG13VVCEB05XN8,car,CONFIRMED,0.809,1338,617,1426,670,,
2026-09-03T07:11:51.792992+00:00,cam01,Chiman bhai Bridge,Ahmedabad,—,TR01M1K1R3A5XYZA3SY1X4V5GQBP,truck,CONFIRMED,0.560,1767,649,1822,737,,
2026-09-03T07:11:51.792992+00:00,cam01,Chiman bhai Bridge,Ahmedabad,—,TR01M1K1R3A5WZQ4JJ371JYE933D,car,CONFIRMED,0.448,479,600,530,618,,
2026-09-03T07:11:51.792992+00:00,cam01,Chiman bhai Bridge,Ahmedabad,—,TR01M1K1R42XG2YYCZSCR51GM64E,truck,CONFIRMED,0.820,386,788,543,948,,
2026-09-03T07:11:51.792992+00:00,cam01,Chiman bhai Bridge,Ahmedabad,—,TR01M1K1R4SE02KZ42MYSPVJW5ZB,vehicle,CONFIRMED,0.420,180,912,384,1056,,
2026-09-03T07:11:51.792992+00:00,cam01,Chiman bhai Bridge,Ahmedabad,—,TR01M1K1R4YJV92JZQ4WWFMRSKJ6,car,TENTATIVE,0.841,1441,644,1536,703,,
2026-09-03T07:11:51.792992+00:00,cam01,Chiman bhai Bridge,Ahmedabad,—,TR01M1K1R4YJQWX2MWQBKSX2Y3S2,car,TENTATIVE,0.524,386,789,543,947,,
2026-09-03T07:11:51.952992+00:00,cam01,Chiman bhai Bridge,Ahmedabad,—,TR01M1K1QZVZTDSK6ND0Y8XVMXPM,car,CONFIRMED,0.490,941,515,963,539,,
2026-09-03T07:11:51.952992+00:00,cam01,Chiman bhai Bridge,Ahmedabad,—,TR01M1K1QZVZA6224WNY0WBHJY2R,car,CONFIRMED,0.540,633,650,741,722,,
2026-09-03T07:11:51.952992+00:00,cam01,Chiman bhai Bridge,Ahmedabad,—,TR01M1K1QZVZJGCP6TCHJYEW36GT,truck,CONFIRMED,0.617,410,618,502,678,,
2026-09-03T07:11:51.952992+00:00,cam01,Chiman bhai Bridge,Ahmedabad,—,TR01M1K1QZVZJ541V3HXR47R0Q03,car,CONFIRMED,0.500,410,618,502,678,,
2026-09-03T07:11:51.952992+00:00,cam01,Chiman bhai Bridge,Ahmedabad,—,TR01M1K1QZVZJD1S4N6453620A3K,car,CONFIRMED,0.551,631,649,741,722,,
2026-09-03T07:11:51.952992+00:00,cam01,Chiman bhai Bridge,Ahmedabad,—,TR01M1K1R011YWBQZ9WZZ8JH5RZF,car,CONFIRMED,0.755,971,522,1001,547,,
2026-09-03T07:11:51.952992+00:00,cam01,Chiman bhai Bridge,Ahmedabad,—,TR01M1K1R011BKQGAHT4RA7BF7G6,car,CONFIRMED,0.810,1019,558,1058,595,,
2026-09-03T07:11:51.952992+00:00,cam01,Chiman bhai Bridge,Ahmedabad,—,TR01M1K1R011V73ZRJTHV4H4ZBNB,vehicle,CONFIRMED,0.390,960,504,1080,624,,
2026-09-03T07:11:51.952992+00:00,cam01,Chiman bhai Bridge,Ahmedabad,—,TR01M1K1R011M7S0GQMDGARBR90T,car,CONFIRMED,0.400,1368,578,1413,616,,
2026-09-03T07:11:51.952992+00:00,cam01,Chiman bhai Bridge,Ahmedabad,—,TR01M1K1R0BC9AZCJ5QS90SE2R9J,truck,CONFIRMED,0.470,1020,558,1058,595,,
2026-09-03T07:11:51.952992+00:00,cam01,Chiman bhai Bridge,Ahmedabad,—,TR01M1K1R0BCMN36Q37RKESJFGY1,car,CONFIRMED,0.497,0,624,39,663,,
2026-09-03T07:11:51.952992+00:00,cam01,Chiman bhai Bridge,Ahmedabad,—,TR01M1K1R0FTWY47G001Z4Q0M5YK,car,CONFIRMED,0.755,915,580,955,629,,
2026-09-03T07:11:51.952992+00:00,cam01,Chiman bhai Bridge,Ahmedabad,—,TR01M1K1R0FTW2QTSM7RRQF5Q4GQ,truck,CONFIRMED,0.556,633,650,741,722,,
2026-09-03T07:11:51.952992+00:00,cam01,Chiman bhai Bridge,Ahmedabad,—,TR01M1K1R0YZHBWA07XK2XBP6871,car,CONFIRMED,0.421,1790,673,1821,742,,
2026-09-03T07:11:51.952992+00:00,cam01,Chiman bhai Bridge,Ahmedabad,—,TR01M1K1R14P7V39EX1SXSC6ZHPG,car,CONFIRMED,0.730,917,572,954,618,,
2026-09-03T07:11:51.952992+00:00,cam01,Chiman bhai Bridge,Ahmedabad,—,TR01M1K1R14P2A4B841DAH1ZP513,car,CONFIRMED,0.811,994,585,1034,635,,
2026-09-03T07:11:51.952992+00:00,cam01,Chiman bhai Bridge,Ahmedabad,—,TR01M1K1R1FPEWJGT4Z4DFDXJ8Q1,truck,CONFIRMED,0.538,531,607,634,689,,
2026-09-03T07:11:51.952992+00:00,cam01,Chiman bhai Bridge,Ahmedabad,—,TR01M1K1R2D4EPW28AVNXG19EQJX,truck,CONFIRMED,0.446,940,506,962,535,,
2026-09-03T07:11:51.952992+00:00,cam01,Chiman bhai Bridge,Ahmedabad,—,TR01M1K1R305X0JG13VVCEB05XN8,car,CONFIRMED,0.809,1338,617,1426,670,,
2026-09-03T07:11:51.952992+00:00,cam01,Chiman bhai Bridge,Ahmedabad,—,TR01M1K1R3A5XYZA3SY1X4V5GQBP,truck,CONFIRMED,0.560,1767,649,1822,737,,
2026-09-03T07:11:51.952992+00:00,cam01,Chiman bhai Bridge,Ahmedabad,—,TR01M1K1R3A5WZQ4JJ371JYE933D,car,CONFIRMED,0.457,478,600,530,618,,
2026-09-03T07:11:51.952992+00:00,cam01,Chiman bhai Bridge,Ahmedabad,—,TR01M1K1R42XG2YYCZSCR51GM64E,truck,CONFIRMED,0.843,419,779,571,933,,
2026-09-03T07:11:51.952992+00:00,cam01,Chiman bhai Bridge,Ahmedabad,—,TR01M1K1R4SE02KZ42MYSPVJW5ZB,vehicle,CONFIRMED,0.408,180,912,384,1056,,
2026-09-03T07:11:51.952992+00:00,cam01,Chiman bhai Bridge,Ahmedabad,—,TR01M1K1R4YJV92JZQ4WWFMRSKJ6,car,CONFIRMED,0.813,1466,652,1570,712,,
2026-09-03T07:11:51.952992+00:00,cam01,Chiman bhai Bridge,Ahmedabad,—,TR01M1K1R4YJQWX2MWQBKSX2Y3S2,car,CONFIRMED,0.547,420,780,570,933,,
2026-09-03T07:11:52.072992+00:00,cam01,Chiman bhai Bridge,Ahmedabad,—,TR01M1K1QZVZTDSK6ND0Y8XVMXPM,car,CONFIRMED,0.482,937,513,960,536,,
2026-09-03T07:11:52.072992+00:00,cam01,Chiman bhai Bridge,Ahmedabad,—,TR01M1K1QZVZA6224WNY0WBHJY2R,car,CONFIRMED,0.619,632,649,740,722,,
2026-09-03T07:11:52.072992+00:00,cam01,Chiman bhai Bridge,Ahmedabad,—,TR01M1K1QZVZJGCP6TCHJYEW36GT,truck,CONFIRMED,0.587,411,619,501,677,,
2026-09-03T07:11:52.072992+00:00,cam01,Chiman bhai Bridge,Ahmedabad,—,TR01M1K1QZVZJ541V3HXR47R0Q03,car,CONFIRMED,0.529,411,619,501,677,,
2026-09-03T07:11:52.072992+00:00,cam01,Chiman bhai Bridge,Ahmedabad,—,TR01M1K1QZVZJD1S4N6453620A3K,car,CONFIRMED,0.551,631,649,741,722,,
2026-09-03T07:11:52.072992+00:00,cam01,Chiman bhai Bridge,Ahmedabad,—,TR01M1K1R011YWBQZ9WZZ8JH5RZF,car,CONFIRMED,0.780,972,520,1000,544,,
2026-09-03T07:11:52.072992+00:00,cam01,Chiman bhai Bridge,Ahmedabad,—,TR01M1K1R011BKQGAHT4RA7BF7G6,car,CONFIRMED,0.802,1016,555,1055,590,,
2026-09-03T07:11:52.072992+00:00,cam01,Chiman bhai Bridge,Ahmedabad,—,TR01M1K1R011V73ZRJTHV4H4ZBNB,vehicle,CONFIRMED,0.390,960,504,1080,624,,
2026-09-03T07:11:52.072992+00:00,cam01,Chiman bhai Bridge,Ahmedabad,—,TR01M1K1R011M7S0GQMDGARBR90T,car,CONFIRMED,0.400,1368,578,1413,616,,
2026-09-03T07:11:52.072992+00:00,cam01,Chiman bhai Bridge,Ahmedabad,—,TR01M1K1R0BC9AZCJ5QS90SE2R9J,truck,CONFIRMED,0.470,1020,558,1058,595,,
2026-09-03T07:11:52.072992+00:00,cam01,Chiman bhai Bridge,Ahmedabad,—,TR01M1K1R0BCMN36Q37RKESJFGY1,car,CONFIRMED,0.473,0,627,38,663,,
2026-09-03T07:11:52.072992+00:00,cam01,Chiman bhai Bridge,Ahmedabad,—,TR01M1K1R0FTWY47G001Z4Q0M5YK,truck,CONFIRMED,0.424,918,569,954,614,,
2026-09-03T07:11:52.072992+00:00,cam01,Chiman bhai Bridge,Ahmedabad,—,TR01M1K1R0FTW2QTSM7RRQF5Q4GQ,truck,CONFIRMED,0.546,632,649,740,722,,
2026-09-03T07:11:52.072992+00:00,cam01,Chiman bhai Bridge,Ahmedabad,—,TR01M1K1R0YZHBWA07XK2XBP6871,car,CONFIRMED,0.421,1790,673,1821,742,,
2026-09-03T07:11:52.072992+00:00,cam01,Chiman bhai Bridge,Ahmedabad,—,TR01M1K1R14P7V39EX1SXSC6ZHPG,car,CONFIRMED,0.704,918,569,954,614,,
2026-09-03T07:11:52.072992+00:00,cam01,Chiman bhai Bridge,Ahmedabad,—,TR01M1K1R14P2A4B841DAH1ZP513,car,CONFIRMED,0.777,996,582,1032,632,,
2026-09-03T07:11:52.072992+00:00,cam01,Chiman bhai Bridge,Ahmedabad,—,TR01M1K1R1FPEWJGT4Z4DFDXJ8Q1,truck,CONFIRMED,0.402,530,606,630,689,,
2026-09-03T07:11:52.072992+00:00,cam01,Chiman bhai Bridge,Ahmedabad,—,TR01M1K1R2D4EPW28AVNXG19EQJX,truck,CONFIRMED,0.480,936,505,963,536,,
2026-09-03T07:11:52.072992+00:00,cam01,Chiman bhai Bridge,Ahmedabad,—,TR01M1K1R305X0JG13VVCEB05XN8,car,CONFIRMED,0.809,1338,617,1426,670,,
2026-09-03T07:11:52.072992+00:00,cam01,Chiman bhai Bridge,Ahmedabad,—,TR01M1K1R3A5XYZA3SY1X4V5GQBP,truck,CONFIRMED,0.560,1767,649,1822,737,,
2026-09-03T07:11:52.072992+00:00,cam01,Chiman bhai Bridge,Ahmedabad,—,TR01M1K1R3A5WZQ4JJ371JYE933D,car,CONFIRMED,0.430,481,600,528,616,,
2026-09-03T07:11:52.072992+00:00,cam01,Chiman bhai Bridge,Ahmedabad,—,TR01M1K1R42XG2YYCZSCR51GM64E,car,CONFIRMED,0.572,463,767,607,914,,
2026-09-03T07:11:52.072992+00:00,cam01,Chiman bhai Bridge,Ahmedabad,—,TR01M1K1R4SE02KZ42MYSPVJW5ZB,vehicle,CONFIRMED,0.408,180,912,384,1056,,
2026-09-03T07:11:52.072992+00:00,cam01,Chiman bhai Bridge,Ahmedabad,—,TR01M1K1R4YJV92JZQ4WWFMRSKJ6,car,CONFIRMED,0.914,1491,662,1622,731,,
2026-09-03T07:11:52.072992+00:00,cam01,Chiman bhai Bridge,Ahmedabad,—,TR01M1K1R4YJQWX2MWQBKSX2Y3S2,truck,CONFIRMED,0.803,464,766,609,914,,
2026-09-03T07:11:52.192992+00:00,cam01,Chiman bhai Bridge,Ahmedabad,—,TR01M1K1QZVZTDSK6ND0Y8XVMXPM,car,CONFIRMED,0.435,938,513,960,535,,
2026-09-03T07:11:52.192992+00:00,cam01,Chiman bhai Bridge,Ahmedabad,—,TR01M1K1QZVZA6224WNY0WBHJY2R,truck,CONFIRMED,0.573,632,649,740,722,,
2026-09-03T07:11:52.192992+00:00,cam01,Chiman bhai Bridge,Ahmedabad,—,TR01M1K1QZVZJGCP6TCHJYEW36GT,truck,CONFIRMED,0.598,411,619,501,678,,
2026-09-03T07:11:52.192992+00:00,cam01,Chiman bhai Bridge,Ahmedabad,—,TR01M1K1QZVZJ541V3HXR47R0Q03,car,CONFIRMED,0.522,411,619,501,678,,
2026-09-03T07:11:52.192992+00:00,cam01,Chiman bhai Bridge,Ahmedabad,—,TR01M1K1QZVZJD1S4N6453620A3K,car,CONFIRMED,0.551,631,649,741,722,,
2026-09-03T07:11:52.192992+00:00,cam01,Chiman bhai Bridge,Ahmedabad,—,TR01M1K1R011YWBQZ9WZZ8JH5RZF,car,CONFIRMED,0.786,972,518,1000,544,,
2026-09-03T07:11:52.192992+00:00,cam01,Chiman bhai Bridge,Ahmedabad,—,TR01M1K1R011BKQGAHT4RA7BF7G6,car,CONFIRMED,0.796,1014,553,1053,588,,
2026-09-03T07:11:52.192992+00:00,cam01,Chiman bhai Bridge,Ahmedabad,—,TR01M1K1R011V73ZRJTHV4H4ZBNB,vehicle,CONFIRMED,0.390,960,504,1080,624,,
2026-09-03T07:11:52.192992+00:00,cam01,Chiman bhai Bridge,Ahmedabad,—,TR01M1K1R011M7S0GQMDGARBR90T,car,CONFIRMED,0.400,1368,578,1413,616,,
2026-09-03T07:11:52.192992+00:00,cam01,Chiman bhai Bridge,Ahmedabad,—,TR01M1K1R0BC9AZCJ5QS90SE2R9J,truck,CONFIRMED,0.470,1020,558,1058,595,,
2026-09-03T07:11:52.192992+00:00,cam01,Chiman bhai Bridge,Ahmedabad,—,TR01M1K1R0BCMN36Q37RKESJFGY1,car,CONFIRMED,0.458,0,627,38,663,,
2026-09-03T07:11:52.192992+00:00,cam01,Chiman bhai Bridge,Ahmedabad,—,TR01M1K1R0FTWY47G001Z4Q0M5YK,car,CONFIRMED,0.764,918,567,954,612,,
2026-09-03T07:11:52.192992+00:00,cam01,Chiman bhai Bridge,Ahmedabad,—,TR01M1K1R0FTW2QTSM7RRQF5Q4GQ,car,CONFIRMED,0.605,632,649,740,722,,
2026-09-03T07:11:52.192992+00:00,cam01,Chiman bhai Bridge,Ahmedabad,—,TR01M1K1R0YZHBWA07XK2XBP6871,car,CONFIRMED,0.421,1790,673,1821,742,,
2026-09-03T07:11:52.192992+00:00,cam01,Chiman bhai Bridge,Ahmedabad,—,TR01M1K1R14P7V39EX1SXSC6ZHPG,car,CONFIRMED,0.704,918,569,954,614,,
2026-09-03T07:11:52.192992+00:00,cam01,Chiman bhai Bridge,Ahmedabad,—,TR01M1K1R14P2A4B841DAH1ZP513,car,CONFIRMED,0.642,995,579,1033,628,,
2026-09-03T07:11:52.192992+00:00,cam01,Chiman bhai Bridge,Ahmedabad,—,TR01M1K1R1FPEWJGT4Z4DFDXJ8Q1,truck,CONFIRMED,0.448,530,606,630,690,,
2026-09-03T07:11:52.192992+00:00,cam01,Chiman bhai Bridge,Ahmedabad,—,TR01M1K1R2D4EPW28AVNXG19EQJX,truck,CONFIRMED,0.464,936,504,963,535,,
2026-09-03T07:11:52.192992+00:00,cam01,Chiman bhai Bridge,Ahmedabad,—,TR01M1K1R305X0JG13VVCEB05XN8,car,CONFIRMED,0.809,1338,617,1426,670,,
2026-09-03T07:11:52.192992+00:00,cam01,Chiman bhai Bridge,Ahmedabad,—,TR01M1K1R3A5XYZA3SY1X4V5GQBP,truck,CONFIRMED,0.560,1767,649,1822,737,,
2026-09-03T07:11:52.192992+00:00,cam01,Chiman bhai Bridge,Ahmedabad,—,TR01M1K1R3A5WZQ4JJ371JYE933D,car,CONFIRMED,0.408,481,600,529,617,,
2026-09-03T07:11:52.192992+00:00,cam01,Chiman bhai Bridge,Ahmedabad,—,TR01M1K1R42XG2YYCZSCR51GM64E,car,CONFIRMED,0.564,494,759,632,900,,
2026-09-03T07:11:52.192992+00:00,cam01,Chiman bhai Bridge,Ahmedabad,—,TR01M1K1R4SE02KZ42MYSPVJW5ZB,vehicle,CONFIRMED,0.408,180,912,384,1056,,
2026-09-03T07:11:52.192992+00:00,cam01,Chiman bhai Bridge,Ahmedabad,—,TR01M1K1R4YJV92JZQ4WWFMRSKJ6,car,CONFIRMED,0.875,1524,670,1662,742,,
2026-09-03T07:11:52.192992+00:00,cam01,Chiman bhai Bridge,Ahmedabad,—,TR01M1K1R4YJQWX2MWQBKSX2Y3S2,truck,CONFIRMED,0.685,494,759,632,900,,
2026-09-03T07:11:52.192992+00:00,cam01,Chiman bhai Bridge,Ahmedabad,—,TR01M1K1R5DMEYMFFSNZYKCVSW43,car,TENTATIVE,0.714,364,974,734,1079,,
2026-09-03T07:11:52.192992+00:00,cam01,Chiman bhai Bridge,Ahmedabad,—,TR01M1K1R5DM6VRAVVN0527T7W10,car,TENTATIVE,0.561,997,591,1033,630,,
2026-09-03T07:11:52.392992+00:00,cam01,Chiman bhai Bridge,Ahmedabad,—,TR01M1K1QZVZTDSK6ND0Y8XVMXPM,car,CONFIRMED,0.435,937,514,959,535,,
2026-09-03T07:11:52.392992+00:00,cam01,Chiman bhai Bridge,Ahmedabad,—,TR01M1K1QZVZA6224WNY0WBHJY2R,truck,CONFIRMED,0.544,633,649,740,722,,
2026-09-03T07:11:52.392992+00:00,cam01,Chiman bhai Bridge,Ahmedabad,—,TR01M1K1QZVZJGCP6TCHJYEW36GT,truck,CONFIRMED,0.586,411,619,501,678,,
2026-09-03T07:11:52.392992+00:00,cam01,Chiman bhai Bridge,Ahmedabad,—,TR01M1K1QZVZJ541V3HXR47R0Q03,car,CONFIRMED,0.543,411,619,501,678,,
2026-09-03T07:11:52.392992+00:00,cam01,Chiman bhai Bridge,Ahmedabad,—,TR01M1K1QZVZJD1S4N6453620A3K,car,CONFIRMED,0.551,631,649,741,722,,
2026-09-03T07:11:52.392992+00:00,cam01,Chiman bhai Bridge,Ahmedabad,—,TR01M1K1R011YWBQZ9WZZ8JH5RZF,car,CONFIRMED,0.783,973,518,1000,542,,
2026-09-03T07:11:52.392992+00:00,cam01,Chiman bhai Bridge,Ahmedabad,—,TR01M1K1R011BKQGAHT4RA7BF7G6,car,CONFIRMED,0.779,1011,549,1049,584,,
2026-09-03T07:11:52.392992+00:00,cam01,Chiman bhai Bridge,Ahmedabad,—,TR01M1K1R011V73ZRJTHV4H4ZBNB,vehicle,CONFIRMED,0.390,960,504,1080,624,,
2026-09-03T07:11:52.392992+00:00,cam01,Chiman bhai Bridge,Ahmedabad,—,TR01M1K1R011M7S0GQMDGARBR90T,car,CONFIRMED,0.400,1368,578,1413,616,,
2026-09-03T07:11:52.392992+00:00,cam01,Chiman bhai Bridge,Ahmedabad,—,TR01M1K1R0BC9AZCJ5QS90SE2R9J,truck,CONFIRMED,0.470,1020,558,1058,595,,
2026-09-03T07:11:52.392992+00:00,cam01,Chiman bhai Bridge,Ahmedabad,—,TR01M1K1R0BCMN36Q37RKESJFGY1,car,CONFIRMED,0.461,0,627,38,663,,
2026-09-03T07:11:52.392992+00:00,cam01,Chiman bhai Bridge,Ahmedabad,—,TR01M1K1R0FTWY47G001Z4Q0M5YK,car,CONFIRMED,0.668,920,564,954,609,,
2026-09-03T07:11:52.392992+00:00,cam01,Chiman bhai Bridge,Ahmedabad,—,TR01M1K1R0FTW2QTSM7RRQF5Q4GQ,car,CONFIRMED,0.598,633,649,740,722,,
2026-09-03T07:11:52.392992+00:00,cam01,Chiman bhai Bridge,Ahmedabad,—,TR01M1K1R0YZHBWA07XK2XBP6871,car,CONFIRMED,0.421,1790,673,1821,742,,
2026-09-03T07:11:52.392992+00:00,cam01,Chiman bhai Bridge,Ahmedabad,—,TR01M1K1R14P7V39EX1SXSC6ZHPG,truck,CONFIRMED,0.441,920,564,954,609,,
2026-09-03T07:11:52.392992+00:00,cam01,Chiman bhai Bridge,Ahmedabad,—,TR01M1K1R14P2A4B841DAH1ZP513,car,CONFIRMED,0.788,996,576,1032,624,,
2026-09-03T07:11:52.392992+00:00,cam01,Chiman bhai Bridge,Ahmedabad,—,TR01M1K1R1FPEWJGT4Z4DFDXJ8Q1,truck,CONFIRMED,0.448,530,606,630,690,,
2026-09-03T07:11:52.392992+00:00,cam01,Chiman bhai Bridge,Ahmedabad,—,TR01M1K1R2D4EPW28AVNXG19EQJX,truck,CONFIRMED,0.495,936,503,962,535,,
2026-09-03T07:11:52.392992+00:00,cam01,Chiman bhai Bridge,Ahmedabad,—,TR01M1K1R305X0JG13VVCEB05XN8,vehicle,CONFIRMED,0.450,1476,636,1548,708,,
2026-09-03T07:11:52.392992+00:00,cam01,Chiman bhai Bridge,Ahmedabad,—,TR01M1K1R3A5XYZA3SY1X4V5GQBP,truck,CONFIRMED,0.560,1767,649,1822,737,,
2026-09-03T07:11:52.392992+00:00,cam01,Chiman bhai Bridge,Ahmedabad,—,TR01M1K1R3A5WZQ4JJ371JYE933D,car,CONFIRMED,0.408,481,600,529,617,,
2026-09-03T07:11:52.392992+00:00,cam01,Chiman bhai Bridge,Ahmedabad,—,TR01M1K1R42XG2YYCZSCR51GM64E,car,CONFIRMED,0.608,539,745,667,880,,
2026-09-03T07:11:52.392992+00:00,cam01,Chiman bhai Bridge,Ahmedabad,—,TR01M1K1R4SE02KZ42MYSPVJW5ZB,vehicle,CONFIRMED,0.392,180,912,396,1032,,
2026-09-03T07:11:52.392992+00:00,cam01,Chiman bhai Bridge,Ahmedabad,—,TR01M1K1R4YJV92JZQ4WWFMRSKJ6,car,CONFIRMED,0.926,1585,686,1742,764,,
2026-09-03T07:11:52.392992+00:00,cam01,Chiman bhai Bridge,Ahmedabad,—,TR01M1K1R4YJQWX2MWQBKSX2Y3S2,truck,CONFIRMED,0.706,539,745,667,880,,
2026-09-03T07:11:52.392992+00:00,cam01,Chiman bhai Bridge,Ahmedabad,—,TR01M1K1R5DMEYMFFSNZYKCVSW43,car,CONFIRMED,0.872,503,919,822,1079,,
2026-09-03T07:11:52.392992+00:00,cam01,Chiman bhai Bridge,Ahmedabad,—,TR01M1K1R5DM6VRAVVN0527T7W10,vehicle,CONFIRMED,0.434,996,552,1056,636,,
2026-09-03T07:11:52.595992+00:00,cam01,Chiman bhai Bridge,Ahmedabad,—,TR01M1K1QZVZTDSK6ND0Y8XVMXPM,car,CONFIRMED,0.486,937,514,959,535,,
2026-09-03T07:11:52.595992+00:00,cam01,Chiman bhai Bridge,Ahmedabad,—,TR01M1K1QZVZA6224WNY0WBHJY2R,car,CONFIRMED,0.594,633,649,740,723,,
2026-09-03T07:11:52.595992+00:00,cam01,Chiman bhai Bridge,Ahmedabad,—,TR01M1K1QZVZJGCP6TCHJYEW36GT,car,CONFIRMED,0.575,411,618,502,680,,
2026-09-03T07:11:52.595992+00:00,cam01,Chiman bhai Bridge,Ahmedabad,—,TR01M1K1QZVZJ541V3HXR47R0Q03,truck,CONFIRMED,0.542,411,618,502,680,,
2026-09-03T07:11:52.595992+00:00,cam01,Chiman bhai Bridge,Ahmedabad,—,TR01M1K1QZVZJD1S4N6453620A3K,bus,CONFIRMED,0.423,633,649,740,723,,
2026-09-03T07:11:52.595992+00:00,cam01,Chiman bhai Bridge,Ahmedabad,—,TR01M1K1R011YWBQZ9WZZ8JH5RZF,car,CONFIRMED,0.803,972,517,1000,540,,
2026-09-03T07:11:52.595992+00:00,cam01,Chiman bhai Bridge,Ahmedabad,—,TR01M1K1R011BKQGAHT4RA7BF7G6,car,CONFIRMED,0.811,1002,546,1047,582,,
2026-09-03T07:11:52.595992+00:00,cam01,Chiman bhai Bridge,Ahmedabad,—,TR01M1K1R011M7S0GQMDGARBR90T,car,CONFIRMED,0.400,1368,578,1413,616,,
2026-09-03T07:11:52.595992+00:00,cam01,Chiman bhai Bridge,Ahmedabad,—,TR01M1K1R0BC9AZCJ5QS90SE2R9J,truck,CONFIRMED,0.470,1020,558,1058,595,,
2026-09-03T07:11:52.595992+00:00,cam01,Chiman bhai Bridge,Ahmedabad,—,TR01M1K1R0BCMN36Q37RKESJFGY1,car,CONFIRMED,0.456,0,627,38,663,,
2026-09-03T07:11:52.595992+00:00,cam01,Chiman bhai Bridge,Ahmedabad,—,TR01M1K1R0FTWY47G001Z4Q0M5YK,car,CONFIRMED,0.649,920,562,954,607,,
2026-09-03T07:11:52.595992+00:00,cam01,Chiman bhai Bridge,Ahmedabad,—,TR01M1K1R0FTW2QTSM7RRQF5Q4GQ,truck,CONFIRMED,0.505,633,649,740,723,,
2026-09-03T07:11:52.595992+00:00,cam01,Chiman bhai Bridge,Ahmedabad,—,TR01M1K1R14P7V39EX1SXSC6ZHPG,truck,CONFIRMED,0.411,920,562,954,607,,
2026-09-03T07:11:52.595992+00:00,cam01,Chiman bhai Bridge,Ahmedabad,—,TR01M1K1R14P2A4B841DAH1ZP513,car,CONFIRMED,0.820,996,574,1032,621,,
2026-09-03T07:11:52.595992+00:00,cam01,Chiman bhai Bridge,Ahmedabad,—,TR01M1K1R1FPEWJGT4Z4DFDXJ8Q1,truck,CONFIRMED,0.448,530,606,630,690,,
2026-09-03T07:11:52.595992+00:00,cam01,Chiman bhai Bridge,Ahmedabad,—,TR01M1K1R2D4EPW28AVNXG19EQJX,truck,CONFIRMED,0.454,935,505,962,534,,
2026-09-03T07:11:52.595992+00:00,cam01,Chiman bhai Bridge,Ahmedabad,—,TR01M1K1R305X0JG13VVCEB05XN8,vehicle,CONFIRMED,0.441,1476,636,1548,708,,
2026-09-03T07:11:52.595992+00:00,cam01,Chiman bhai Bridge,Ahmedabad,—,TR01M1K1R3A5WZQ4JJ371JYE933D,car,CONFIRMED,0.408,481,600,529,617,,
2026-09-03T07:11:52.595992+00:00,cam01,Chiman bhai Bridge,Ahmedabad,—,TR01M1K1R42XG2YYCZSCR51GM64E,truck,CONFIRMED,0.466,579,735,696,862,,
2026-09-03T07:11:52.595992+00:00,cam01,Chiman bhai Bridge,Ahmedabad,—,TR01M1K1R4SE02KZ42MYSPVJW5ZB,vehicle,CONFIRMED,0.384,180,912,396,1032,,
2026-09-03T07:11:52.595992+00:00,cam01,Chiman bhai Bridge,Ahmedabad,—,TR01M1K1R4YJV92JZQ4WWFMRSKJ6,car,CONFIRMED,0.844,1659,703,1832,792,,
2026-09-03T07:11:52.595992+00:00,cam01,Chiman bhai Bridge,Ahmedabad,—,TR01M1K1R4YJQWX2MWQBKSX2Y3S2,car,CONFIRMED,0.753,579,735,696,862,,
2026-09-03T07:11:52.595992+00:00,cam01,Chiman bhai Bridge,Ahmedabad,—,TR01M1K1R5DMEYMFFSNZYKCVSW43,car,CONFIRMED,0.935,603,875,885,1071,,
2026-09-03T07:11:52.595992+00:00,cam01,Chiman bhai Bridge,Ahmedabad,—,TR01M1K1R5DM6VRAVVN0527T7W10,vehicle,CONFIRMED,0.409,996,552,1056,636,,
2026-09-03T07:11:52.595992+00:00,cam01,Chiman bhai Bridge,Ahmedabad,—,TR01M1K1R5QZADFDCPK2KBAYZ534,truck,TENTATIVE,0.517,1658,703,1832,793,,
2026-09-03T07:11:52.875992+00:00,cam01,Chiman bhai Bridge,Ahmedabad,—,TR01M1K1QZVZTDSK6ND0Y8XVMXPM,car,CONFIRMED,0.450,936,514,959,534,,
2026-09-03T07:11:52.875992+00:00,cam01,Chiman bhai Bridge,Ahmedabad,—,TR01M1K1QZVZA6224WNY0WBHJY2R,truck,CONFIRMED,0.518,633,649,739,723,,
2026-09-03T07:11:52.875992+00:00,cam01,Chiman bhai Bridge,Ahmedabad,—,TR01M1K1QZVZJGCP6TCHJYEW36GT,car,CONFIRMED,0.659,411,618,503,680,,
2026-09-03T07:11:52.875992+00:00,cam01,Chiman bhai Bridge,Ahmedabad,—,TR01M1K1QZVZJ541V3HXR47R0Q03,truck,CONFIRMED,0.502,411,618,503,680,,
2026-09-03T07:11:52.875992+00:00,cam01,Chiman bhai Bridge,Ahmedabad,—,TR01M1K1QZVZJD1S4N6453620A3K,bus,CONFIRMED,0.528,634,648,739,723,,
2026-09-03T07:11:52.875992+00:00,cam01,Chiman bhai Bridge,Ahmedabad,—,TR01M1K1R011YWBQZ9WZZ8JH5RZF,car,CONFIRMED,0.776,971,516,1001,539,,
2026-09-03T07:11:52.875992+00:00,cam01,Chiman bhai Bridge,Ahmedabad,—,TR01M1K1R011BKQGAHT4RA7BF7G6,car,CONFIRMED,0.794,996,543,1040,576,,
2026-09-03T07:11:52.875992+00:00,cam01,Chiman bhai Bridge,Ahmedabad,—,TR01M1K1R0BC9AZCJ5QS90SE2R9J,truck,CONFIRMED,0.470,1020,558,1058,595,,
2026-09-03T07:11:52.875992+00:00,cam01,Chiman bhai Bridge,Ahmedabad,—,TR01M1K1R0BCMN36Q37RKESJFGY1,car,CONFIRMED,0.440,0,627,38,663,,
2026-09-03T07:11:52.875992+00:00,cam01,Chiman bhai Bridge,Ahmedabad,—,TR01M1K1R0FTWY47G001Z4Q0M5YK,car,CONFIRMED,0.775,922,561,955,602,,
2026-09-03T07:11:52.875992+00:00,cam01,Chiman bhai Bridge,Ahmedabad,—,TR01M1K1R0FTW2QTSM7RRQF5Q4GQ,car,CONFIRMED,0.575,634,648,739,723,,
2026-09-03T07:11:52.875992+00:00,cam01,Chiman bhai Bridge,Ahmedabad,—,TR01M1K1R14P7V39EX1SXSC6ZHPG,truck,CONFIRMED,0.411,920,562,954,607,,
2026-09-03T07:11:52.875992+00:00,cam01,Chiman bhai Bridge,Ahmedabad,—,TR01M1K1R14P2A4B841DAH1ZP513,car,CONFIRMED,0.774,996,571,1030,617,,
2026-09-03T07:11:52.875992+00:00,cam01,Chiman bhai Bridge,Ahmedabad,—,TR01M1K1R1FPEWJGT4Z4DFDXJ8Q1,truck,CONFIRMED,0.433,530,605,630,687,,
2026-09-03T07:11:52.875992+00:00,cam01,Chiman bhai Bridge,Ahmedabad,—,TR01M1K1R2D4EPW28AVNXG19EQJX,truck,CONFIRMED,0.403,935,505,962,533,,
2026-09-03T07:11:52.875992+00:00,cam01,Chiman bhai Bridge,Ahmedabad,—,TR01M1K1R305X0JG13VVCEB05XN8,vehicle,CONFIRMED,0.424,1476,636,1548,708,,
2026-09-03T07:11:52.875992+00:00,cam01,Chiman bhai Bridge,Ahmedabad,—,TR01M1K1R3A5WZQ4JJ371JYE933D,car,CONFIRMED,0.408,481,600,529,617,,
2026-09-03T07:11:52.875992+00:00,cam01,Chiman bhai Bridge,Ahmedabad,—,TR01M1K1R42XG2YYCZSCR51GM64E,truck,CONFIRMED,0.488,627,715,736,840,,
2026-09-03T07:11:52.875992+00:00,cam01,Chiman bhai Bridge,Ahmedabad,—,TR01M1K1R4SE02KZ42MYSPVJW5ZB,vehicle,CONFIRMED,0.369,180,912,396,1032,,
2026-09-03T07:11:52.875992+00:00,cam01,Chiman bhai Bridge,Ahmedabad,—,TR01M1K1R4YJV92JZQ4WWFMRSKJ6,truck,CONFIRMED,0.454,1787,635,1917,826,,
2026-09-03T07:11:52.875992+00:00,cam01,Chiman bhai Bridge,Ahmedabad,—,TR01M1K1R4YJQWX2MWQBKSX2Y3S2,car,CONFIRMED,0.804,627,715,736,839,,
2026-09-03T07:11:52.875992+00:00,cam01,Chiman bhai Bridge,Ahmedabad,—,TR01M1K1R5DMEYMFFSNZYKCVSW43,car,CONFIRMED,0.916,725,826,953,993,,
2026-09-03T07:11:52.875992+00:00,cam01,Chiman bhai Bridge,Ahmedabad,—,TR01M1K1R5DM6VRAVVN0527T7W10,vehicle,CONFIRMED,0.409,996,552,1056,636,,
2026-09-03T07:11:52.875992+00:00,cam01,Chiman bhai Bridge,Ahmedabad,—,TR01M1K1R5QZADFDCPK2KBAYZ534,truck,CONFIRMED,0.440,1690,712,1877,806,,
2026-09-03T07:11:52.995992+00:00,cam01,Chiman bhai Bridge,Ahmedabad,—,TR01M1K1QZVZTDSK6ND0Y8XVMXPM,car,CONFIRMED,0.407,937,513,958,534,,
2026-09-03T07:11:52.995992+00:00,cam01,Chiman bhai Bridge,Ahmedabad,—,TR01M1K1QZVZA6224WNY0WBHJY2R,truck,CONFIRMED,0.509,633,648,738,722,,
2026-09-03T07:11:52.995992+00:00,cam01,Chiman bhai Bridge,Ahmedabad,—,TR01M1K1QZVZJGCP6TCHJYEW36GT,car,CONFIRMED,0.684,411,618,503,680,,
2026-09-03T07:11:52.995992+00:00,cam01,Chiman bhai Bridge,Ahmedabad,—,TR01M1K1QZVZJ541V3HXR47R0Q03,truck,CONFIRMED,0.506,411,618,503,680,,
2026-09-03T07:11:52.995992+00:00,cam01,Chiman bhai Bridge,Ahmedabad,—,TR01M1K1QZVZJD1S4N6453620A3K,car,CONFIRMED,0.484,633,648,738,722,,
2026-09-03T07:11:52.995992+00:00,cam01,Chiman bhai Bridge,Ahmedabad,—,TR01M1K1R011YWBQZ9WZZ8JH5RZF,car,CONFIRMED,0.784,972,516,1001,538,,
2026-09-03T07:11:52.995992+00:00,cam01,Chiman bhai Bridge,Ahmedabad,—,TR01M1K1R011BKQGAHT4RA7BF7G6,car,CONFIRMED,0.795,994,541,1040,574,,
2026-09-03T07:11:52.995992+00:00,cam01,Chiman bhai Bridge,Ahmedabad,—,TR01M1K1R0BC9AZCJ5QS90SE2R9J,truck,CONFIRMED,0.470,1020,558,1058,595,,
2026-09-03T07:11:52.995992+00:00,cam01,Chiman bhai Bridge,Ahmedabad,—,TR01M1K1R0BCMN36Q37RKESJFGY1,car,CONFIRMED,0.446,0,627,38,663,,
2026-09-03T07:11:52.995992+00:00,cam01,Chiman bhai Bridge,Ahmedabad,—,TR01M1K1R0FTWY47G001Z4Q0M5YK,car,CONFIRMED,0.778,922,560,956,601,,
2026-09-03T07:11:52.995992+00:00,cam01,Chiman bhai Bridge,Ahmedabad,—,TR01M1K1R0FTW2QTSM7RRQF5Q4GQ,truck,CONFIRMED,0.502,633,648,738,722,,
2026-09-03T07:11:52.995992+00:00,cam01,Chiman bhai Bridge,Ahmedabad,—,TR01M1K1R14P7V39EX1SXSC6ZHPG,truck,CONFIRMED,0.411,920,562,954,607,,
2026-09-03T07:11:52.995992+00:00,cam01,Chiman bhai Bridge,Ahmedabad,—,TR01M1K1R14P2A4B841DAH1ZP513,car,CONFIRMED,0.813,995,568,1030,614,,
2026-09-03T07:11:52.995992+00:00,cam01,Chiman bhai Bridge,Ahmedabad,—,TR01M1K1R1FPEWJGT4Z4DFDXJ8Q1,truck,CONFIRMED,0.469,530,605,631,688,,
2026-09-03T07:11:52.995992+00:00,cam01,Chiman bhai Bridge,Ahmedabad,—,TR01M1K1R2D4EPW28AVNXG19EQJX,truck,CONFIRMED,0.401,936,504,962,533,,
2026-09-03T07:11:52.995992+00:00,cam01,Chiman bhai Bridge,Ahmedabad,—,TR01M1K1R305X0JG13VVCEB05XN8,vehicle,CONFIRMED,0.408,1476,636,1548,708,,
2026-09-03T07:11:52.995992+00:00,cam01,Chiman bhai Bridge,Ahmedabad,—,TR01M1K1R3A5WZQ4JJ371JYE933D,car,CONFIRMED,0.408,481,600,529,617,,
2026-09-03T07:11:52.995992+00:00,cam01,Chiman bhai Bridge,Ahmedabad,—,TR01M1K1R42XG2YYCZSCR51GM64E,truck,CONFIRMED,0.660,648,712,750,828,,
2026-09-03T07:11:52.995992+00:00,cam01,Chiman bhai Bridge,Ahmedabad,—,TR01M1K1R4SE02KZ42MYSPVJW5ZB,vehicle,CONFIRMED,0.398,180,912,384,1008,,
2026-09-03T07:11:52.995992+00:00,cam01,Chiman bhai Bridge,Ahmedabad,—,TR01M1K1R4YJV92JZQ4WWFMRSKJ6,truck,CONFIRMED,0.479,1808,634,1917,824,,
2026-09-03T07:11:52.995992+00:00,cam01,Chiman bhai Bridge,Ahmedabad,—,TR01M1K1R4YJQWX2MWQBKSX2Y3S2,car,CONFIRMED,0.621,648,712,750,828,,
2026-09-03T07:11:52.995992+00:00,cam01,Chiman bhai Bridge,Ahmedabad,—,TR01M1K1R5DMEYMFFSNZYKCVSW43,car,CONFIRMED,0.925,768,807,972,968,,
2026-09-03T07:11:52.995992+00:00,cam01,Chiman bhai Bridge,Ahmedabad,—,TR01M1K1R5DM6VRAVVN0527T7W10,vehicle,CONFIRMED,0.409,996,552,1056,636,,
2026-09-03T07:11:52.995992+00:00,cam01,Chiman bhai Bridge,Ahmedabad,—,TR01M1K1R5QZADFDCPK2KBAYZ534,truck,CONFIRMED,0.440,1690,712,1877,806,,
2026-09-03T07:11:52.995992+00:00,cam01,Chiman bhai Bridge,Ahmedabad,—,TR01M1K1R66N7CRGAT699V5KHYX0,bus,CONFIRMED,0.591,633,648,738,722,,
2026-09-03T07:11:53.155992+00:00,cam01,Chiman bhai Bridge,Ahmedabad,—,TR01M1K1QZVZTDSK6ND0Y8XVMXPM,car,CONFIRMED,0.402,937,513,958,534,,
2026-09-03T07:11:53.155992+00:00,cam01,Chiman bhai Bridge,Ahmedabad,—,TR01M1K1QZVZA6224WNY0WBHJY2R,bus,CONFIRMED,0.513,633,648,738,723,,
2026-09-03T07:11:53.155992+00:00,cam01,Chiman bhai Bridge,Ahmedabad,—,TR01M1K1QZVZJGCP6TCHJYEW36GT,car,CONFIRMED,0.691,411,619,502,680,,
2026-09-03T07:11:53.155992+00:00,cam01,Chiman bhai Bridge,Ahmedabad,—,TR01M1K1QZVZJ541V3HXR47R0Q03,truck,CONFIRMED,0.480,411,619,502,680,,
2026-09-03T07:11:53.155992+00:00,cam01,Chiman bhai Bridge,Ahmedabad,—,TR01M1K1QZVZJD1S4N6453620A3K,truck,CONFIRMED,0.529,633,648,738,723,,
2026-09-03T07:11:53.155992+00:00,cam01,Chiman bhai Bridge,Ahmedabad,—,TR01M1K1R011YWBQZ9WZZ8JH5RZF,car,CONFIRMED,0.772,973,515,1001,537,,
2026-09-03T07:11:53.155992+00:00,cam01,Chiman bhai Bridge,Ahmedabad,—,TR01M1K1R011BKQGAHT4RA7BF7G6,car,CONFIRMED,0.804,997,541,1038,571,,
2026-09-03T07:11:53.155992+00:00,cam01,Chiman bhai Bridge,Ahmedabad,—,TR01M1K1R0BC9AZCJ5QS90SE2R9J,truck,CONFIRMED,0.470,1020,558,1058,595,,
2026-09-03T07:11:53.155992+00:00,cam01,Chiman bhai Bridge,Ahmedabad,—,TR01M1K1R0BCMN36Q37RKESJFGY1,car,CONFIRMED,0.432,0,627,38,662,,
2026-09-03T07:11:53.155992+00:00,cam01,Chiman bhai Bridge,Ahmedabad,—,TR01M1K1R0FTWY47G001Z4Q0M5YK,truck,CONFIRMED,0.419,923,557,955,598,,
2026-09-03T07:11:53.155992+00:00,cam01,Chiman bhai Bridge,Ahmedabad,—,TR01M1K1R0FTW2QTSM7RRQF5Q4GQ,car,CONFIRMED,0.519,633,648,738,723,,
2026-09-03T07:11:53.155992+00:00,cam01,Chiman bhai Bridge,Ahmedabad,—,TR01M1K1R14P7V39EX1SXSC6ZHPG,car,CONFIRMED,0.765,923,557,955,598,,
2026-09-03T07:11:53.155992+00:00,cam01,Chiman bhai Bridge,Ahmedabad,—,TR01M1K1R14P2A4B841DAH1ZP513,car,CONFIRMED,0.809,996,567,1030,613,,
2026-09-03T07:11:53.155992+00:00,cam01,Chiman bhai Bridge,Ahmedabad,—,TR01M1K1R1FPEWJGT4Z4DFDXJ8Q1,truck,CONFIRMED,0.438,530,605,630,688,,
2026-09-03T07:11:53.155992+00:00,cam01,Chiman bhai Bridge,Ahmedabad,—,TR01M1K1R2D4EPW28AVNXG19EQJX,car,CONFIRMED,0.407,935,504,962,530,,
2026-09-03T07:11:53.155992+00:00,cam01,Chiman bhai Bridge,Ahmedabad,—,TR01M1K1R305X0JG13VVCEB05XN8,vehicle,CONFIRMED,0.393,1476,636,1548,708,,
2026-09-03T07:11:53.155992+00:00,cam01,Chiman bhai Bridge,Ahmedabad,—,TR01M1K1R3A5WZQ4JJ371JYE933D,car,CONFIRMED,0.408,481,600,529,617,,
2026-09-03T07:11:53.155992+00:00,cam01,Chiman bhai Bridge,Ahmedabad,—,TR01M1K1R42XG2YYCZSCR51GM64E,truck,CONFIRMED,0.550,664,707,765,820,,
2026-09-03T07:11:53.155992+00:00,cam01,Chiman bhai Bridge,Ahmedabad,—,TR01M1K1R4SE02KZ42MYSPVJW5ZB,vehicle,CONFIRMED,0.398,180,912,384,996,,
2026-09-03T07:11:53.155992+00:00,cam01,Chiman bhai Bridge,Ahmedabad,—,TR01M1K1R4YJV92JZQ4WWFMRSKJ6,truck,CONFIRMED,0.479,1808,634,1917,824,,
2026-09-03T07:11:53.155992+00:00,cam01,Chiman bhai Bridge,Ahmedabad,—,TR01M1K1R4YJQWX2MWQBKSX2Y3S2,car,CONFIRMED,0.776,665,708,765,819,,
2026-09-03T07:11:53.155992+00:00,cam01,Chiman bhai Bridge,Ahmedabad,—,TR01M1K1R5DMEYMFFSNZYKCVSW43,car,CONFIRMED,0.924,802,790,993,940,,
2026-09-03T07:11:53.155992+00:00,cam01,Chiman bhai Bridge,Ahmedabad,—,TR01M1K1R5DM6VRAVVN0527T7W10,vehicle,CONFIRMED,0.409,996,552,1056,636,,
2026-09-03T07:11:53.155992+00:00,cam01,Chiman bhai Bridge,Ahmedabad,—,TR01M1K1R5QZADFDCPK2KBAYZ534,truck,CONFIRMED,0.440,1690,712,1877,806,,
2026-09-03T07:11:53.155992+00:00,cam01,Chiman bhai Bridge,Ahmedabad,—,TR01M1K1R66N7CRGAT699V5KHYX0,truck,CONFIRMED,0.498,633,648,738,723,,
2026-09-03T07:11:53.275992+00:00,cam01,Chiman bhai Bridge,Ahmedabad,—,TR01M1K1QZVZTDSK6ND0Y8XVMXPM,car,CONFIRMED,0.402,937,513,958,534,,
2026-09-03T07:11:53.275992+00:00,cam01,Chiman bhai Bridge,Ahmedabad,—,TR01M1K1QZVZA6224WNY0WBHJY2R,bus,CONFIRMED,0.482,633,649,735,723,,
2026-09-03T07:11:53.275992+00:00,cam01,Chiman bhai Bridge,Ahmedabad,—,TR01M1K1QZVZJGCP6TCHJYEW36GT,car,CONFIRMED,0.643,412,619,502,680,,
2026-09-03T07:11:53.275992+00:00,cam01,Chiman bhai Bridge,Ahmedabad,—,TR01M1K1QZVZJ541V3HXR47R0Q03,truck,CONFIRMED,0.548,412,619,502,680,,
2026-09-03T07:11:53.275992+00:00,cam01,Chiman bhai Bridge,Ahmedabad,—,TR01M1K1QZVZJD1S4N6453620A3K,truck,CONFIRMED,0.505,633,649,735,723,,
2026-09-03T07:11:53.275992+00:00,cam01,Chiman bhai Bridge,Ahmedabad,—,TR01M1K1R011YWBQZ9WZZ8JH5RZF,car,CONFIRMED,0.691,972,515,999,536,,
2026-09-03T07:11:53.275992+00:00,cam01,Chiman bhai Bridge,Ahmedabad,—,TR01M1K1R011BKQGAHT4RA7BF7G6,car,CONFIRMED,0.761,991,538,1035,573,,
2026-09-03T07:11:53.275992+00:00,cam01,Chiman bhai Bridge,Ahmedabad,—,TR01M1K1R0BC9AZCJ5QS90SE2R9J,truck,CONFIRMED,0.470,1020,558,1058,595,,
2026-09-03T07:11:53.275992+00:00,cam01,Chiman bhai Bridge,Ahmedabad,—,TR01M1K1R0BCMN36Q37RKESJFGY1,car,CONFIRMED,0.443,0,626,38,662,,
2026-09-03T07:11:53.275992+00:00,cam01,Chiman bhai Bridge,Ahmedabad,—,TR01M1K1R0FTWY47G001Z4Q0M5YK,car,CONFIRMED,0.785,924,555,955,597,,
2026-09-03T07:11:53.275992+00:00,cam01,Chiman bhai Bridge,Ahmedabad,—,TR01M1K1R0FTW2QTSM7RRQF5Q4GQ,car,CONFIRMED,0.557,633,649,735,723,,
2026-09-03T07:11:53.275992+00:00,cam01,Chiman bhai Bridge,Ahmedabad,—,TR01M1K1R14P7V39EX1SXSC6ZHPG,truck,CONFIRMED,0.416,924,555,955,597,,
2026-09-03T07:11:53.275992+00:00,cam01,Chiman bhai Bridge,Ahmedabad,—,TR01M1K1R14P2A4B841DAH1ZP513,car,CONFIRMED,0.744,995,567,1029,608,,
2026-09-03T07:11:53.275992+00:00,cam01,Chiman bhai Bridge,Ahmedabad,—,TR01M1K1R1FPEWJGT4Z4DFDXJ8Q1,truck,CONFIRMED,0.446,530,605,630,684,,
2026-09-03T07:11:53.275992+00:00,cam01,Chiman bhai Bridge,Ahmedabad,—,TR01M1K1R2D4EPW28AVNXG19EQJX,car,CONFIRMED,0.403,934,504,961,529,,
2026-09-03T07:11:53.275992+00:00,cam01,Chiman bhai Bridge,Ahmedabad,—,TR01M1K1R305X0JG13VVCEB05XN8,vehicle,CONFIRMED,0.393,1476,636,1548,708,,
2026-09-03T07:11:53.275992+00:00,cam01,Chiman bhai Bridge,Ahmedabad,—,TR01M1K1R3A5WZQ4JJ371JYE933D,car,CONFIRMED,0.408,481,600,529,617,,
2026-09-03T07:11:53.275992+00:00,cam01,Chiman bhai Bridge,Ahmedabad,—,TR01M1K1R42XG2YYCZSCR51GM64E,car,CONFIRMED,0.872,685,699,783,807,,
2026-09-03T07:11:53.275992+00:00,cam01,Chiman bhai Bridge,Ahmedabad,—,TR01M1K1R4SE02KZ42MYSPVJW5ZB,vehicle,CONFIRMED,0.390,180,912,384,996,,
2026-09-03T07:11:53.275992+00:00,cam01,Chiman bhai Bridge,Ahmedabad,—,TR01M1K1R4YJV92JZQ4WWFMRSKJ6,truck,CONFIRMED,0.479,1808,634,1917,824,,
2026-09-03T07:11:53.275992+00:00,cam01,Chiman bhai Bridge,Ahmedabad,—,TR01M1K1R4YJQWX2MWQBKSX2Y3S2,truck,CONFIRMED,0.446,685,698,784,807,,
2026-09-03T07:11:53.275992+00:00,cam01,Chiman bhai Bridge,Ahmedabad,—,TR01M1K1R5DMEYMFFSNZYKCVSW43,car,CONFIRMED,0.925,843,770,1010,910,,
2026-09-03T07:11:53.275992+00:00,cam01,Chiman bhai Bridge,Ahmedabad,—,TR01M1K1R5DM6VRAVVN0527T7W10,vehicle,CONFIRMED,0.409,996,552,1056,636,,
2026-09-03T07:11:53.275992+00:00,cam01,Chiman bhai Bridge,Ahmedabad,—,TR01M1K1R5QZADFDCPK2KBAYZ534,truck,CONFIRMED,0.440,1690,712,1877,806,,
2026-09-03T07:11:53.275992+00:00,cam01,Chiman bhai Bridge,Ahmedabad,—,TR01M1K1R66N7CRGAT699V5KHYX0,truck,CONFIRMED,0.498,633,648,738,723,,
2026-09-03T07:11:53.675992+00:00,cam01,Chiman bhai Bridge,Ahmedabad,—,TR01M1K1QZVZTDSK6ND0Y8XVMXPM,car,CONFIRMED,0.402,937,513,958,534,,
2026-09-03T07:11:53.675992+00:00,cam01,Chiman bhai Bridge,Ahmedabad,—,TR01M1K1QZVZA6224WNY0WBHJY2R,bus,CONFIRMED,0.621,631,649,735,722,,
2026-09-03T07:11:53.675992+00:00,cam01,Chiman bhai Bridge,Ahmedabad,—,TR01M1K1QZVZJGCP6TCHJYEW36GT,truck,CONFIRMED,0.651,411,619,502,680,,
2026-09-03T07:11:53.675992+00:00,cam01,Chiman bhai Bridge,Ahmedabad,—,TR01M1K1QZVZJ541V3HXR47R0Q03,car,CONFIRMED,0.568,411,619,502,680,,
2026-09-03T07:11:53.675992+00:00,cam01,Chiman bhai Bridge,Ahmedabad,—,TR01M1K1QZVZJD1S4N6453620A3K,car,CONFIRMED,0.443,631,649,735,722,,
2026-09-03T07:11:53.675992+00:00,cam01,Chiman bhai Bridge,Ahmedabad,—,TR01M1K1R011YWBQZ9WZZ8JH5RZF,car,CONFIRMED,0.411,973,512,1000,529,,
2026-09-03T07:11:53.675992+00:00,cam01,Chiman bhai Bridge,Ahmedabad,—,TR01M1K1R011BKQGAHT4RA7BF7G6,car,CONFIRMED,0.446,992,555,1024,576,,
2026-09-03T07:11:53.675992+00:00,cam01,Chiman bhai Bridge,Ahmedabad,—,TR01M1K1R0BC9AZCJ5QS90SE2R9J,car,CONFIRMED,0.782,993,531,1031,563,,
2026-09-03T07:11:53.675992+00:00,cam01,Chiman bhai Bridge,Ahmedabad,—,TR01M1K1R0BCMN36Q37RKESJFGY1,car,CONFIRMED,0.416,0,627,38,663,,
2026-09-03T07:11:53.675992+00:00,cam01,Chiman bhai Bridge,Ahmedabad,—,TR01M1K1R0FTWY47G001Z4Q0M5YK,car,CONFIRMED,0.785,924,555,955,597,,
2026-09-03T07:11:53.675992+00:00,cam01,Chiman bhai Bridge,Ahmedabad,—,TR01M1K1R0FTW2QTSM7RRQF5Q4GQ,truck,CONFIRMED,0.547,631,649,735,722,,
2026-09-03T07:11:53.675992+00:00,cam01,Chiman bhai Bridge,Ahmedabad,—,TR01M1K1R14P7V39EX1SXSC6ZHPG,car,CONFIRMED,0.735,925,553,956,591,,
2026-09-03T07:11:53.675992+00:00,cam01,Chiman bhai Bridge,Ahmedabad,—,TR01M1K1R14P2A4B841DAH1ZP513,car,CONFIRMED,0.686,994,566,1026,603,,
2026-09-03T07:11:53.675992+00:00,cam01,Chiman bhai Bridge,Ahmedabad,—,TR01M1K1R1FPEWJGT4Z4DFDXJ8Q1,truck,CONFIRMED,0.537,529,605,630,690,,
2026-09-03T07:11:53.675992+00:00,cam01,Chiman bhai Bridge,Ahmedabad,—,TR01M1K1R2D4EPW28AVNXG19EQJX,car,CONFIRMED,0.403,934,504,961,529,,
2026-09-03T07:11:53.675992+00:00,cam01,Chiman bhai Bridge,Ahmedabad,—,TR01M1K1R305X0JG13VVCEB05XN8,vehicle,CONFIRMED,0.393,1476,636,1548,708,,
2026-09-03T07:11:53.675992+00:00,cam01,Chiman bhai Bridge,Ahmedabad,—,TR01M1K1R3A5WZQ4JJ371JYE933D,car,CONFIRMED,0.408,481,600,529,617,,
2026-09-03T07:11:53.675992+00:00,cam01,Chiman bhai Bridge,Ahmedabad,—,TR01M1K1R42XG2YYCZSCR51GM64E,car,CONFIRMED,0.527,731,685,817,782,,
2026-09-03T07:11:53.675992+00:00,cam01,Chiman bhai Bridge,Ahmedabad,—,TR01M1K1R4SE02KZ42MYSPVJW5ZB,vehicle,CONFIRMED,0.383,180,912,384,996,,
2026-09-03T07:11:53.675992+00:00,cam01,Chiman bhai Bridge,Ahmedabad,—,TR01M1K1R4YJV92JZQ4WWFMRSKJ6,truck,CONFIRMED,0.479,1808,634,1917,824,,
2026-09-03T07:11:53.675992+00:00,cam01,Chiman bhai Bridge,Ahmedabad,—,TR01M1K1R4YJQWX2MWQBKSX2Y3S2,truck,CONFIRMED,0.739,731,685,817,782,,
2026-09-03T07:11:53.675992+00:00,cam01,Chiman bhai Bridge,Ahmedabad,—,TR01M1K1R5DMEYMFFSNZYKCVSW43,car,CONFIRMED,0.884,913,728,1043,841,,
2026-09-03T07:11:53.675992+00:00,cam01,Chiman bhai Bridge,Ahmedabad,—,TR01M1K1R5DM6VRAVVN0527T7W10,vehicle,CONFIRMED,0.409,996,552,1056,636,,
2026-09-03T07:11:53.675992+00:00,cam01,Chiman bhai Bridge,Ahmedabad,—,TR01M1K1R5QZADFDCPK2KBAYZ534,truck,CONFIRMED,0.440,1690,712,1877,806,,
2026-09-03T07:11:53.675992+00:00,cam01,Chiman bhai Bridge,Ahmedabad,—,TR01M1K1R66N7CRGAT699V5KHYX0,truck,CONFIRMED,0.517,632,649,735,722,,
2026-09-03T07:11:53.675992+00:00,cam01,Chiman bhai Bridge,Ahmedabad,—,TR01M1K1R6YCEYFGX5MVTGFTHAF6,car,TENTATIVE,0.608,1061,504,1094,526,,
2026-09-03T07:11:53.675992+00:00,cam01,Chiman bhai Bridge,Ahmedabad,—,TR01M1K1R6YCGGX00TDN70CJV1CN,truck,TENTATIVE,0.532,912,727,1043,842,,
2026-09-03T07:11:53.995992+00:00,cam01,Chiman bhai Bridge,Ahmedabad,—,TR01M1K1QZVZTDSK6ND0Y8XVMXPM,car,CONFIRMED,0.402,937,513,958,534,,
2026-09-03T07:11:53.995992+00:00,cam01,Chiman bhai Bridge,Ahmedabad,—,TR01M1K1QZVZA6224WNY0WBHJY2R,truck,CONFIRMED,0.565,633,648,739,722,,
2026-09-03T07:11:53.995992+00:00,cam01,Chiman bhai Bridge,Ahmedabad,—,TR01M1K1QZVZJGCP6TCHJYEW36GT,truck,CONFIRMED,0.658,411,619,502,679,,
2026-09-03T07:11:53.995992+00:00,cam01,Chiman bhai Bridge,Ahmedabad,—,TR01M1K1QZVZJ541V3HXR47R0Q03,car,CONFIRMED,0.530,411,619,502,679,,
2026-09-03T07:11:53.995992+00:00,cam01,Chiman bhai Bridge,Ahmedabad,—,TR01M1K1QZVZJD1S4N6453620A3K,car,CONFIRMED,0.463,633,648,739,722,,
2026-09-03T07:11:53.995992+00:00,cam01,Chiman bhai Bridge,Ahmedabad,—,TR01M1K1R011YWBQZ9WZZ8JH5RZF,car,CONFIRMED,0.411,973,512,1000,529,,
2026-09-03T07:11:53.995992+00:00,cam01,Chiman bhai Bridge,Ahmedabad,—,TR01M1K1R011BKQGAHT4RA7BF7G6,car,CONFIRMED,0.569,992,554,1025,596,,
2026-09-03T07:11:53.995992+00:00,cam01,Chiman bhai Bridge,Ahmedabad,—,TR01M1K1R0BC9AZCJ5QS90SE2R9J,car,CONFIRMED,0.767,994,528,1027,557,,
2026-09-03T07:11:53.995992+00:00,cam01,Chiman bhai Bridge,Ahmedabad,—,TR01M1K1R0BCMN36Q37RKESJFGY1,car,CONFIRMED,0.470,0,627,38,663,,
2026-09-03T07:11:53.995992+00:00,cam01,Chiman bhai Bridge,Ahmedabad,—,TR01M1K1R0FTWY47G001Z4Q0M5YK,car,CONFIRMED,0.785,924,555,955,597,,
2026-09-03T07:11:53.995992+00:00,cam01,Chiman bhai Bridge,Ahmedabad,—,TR01M1K1R0FTW2QTSM7RRQF5Q4GQ,truck,CONFIRMED,0.462,633,649,739,722,,
2026-09-03T07:11:53.995992+00:00,cam01,Chiman bhai Bridge,Ahmedabad,—,TR01M1K1R14P7V39EX1SXSC6ZHPG,car,CONFIRMED,0.715,927,549,957,586,,
2026-09-03T07:11:53.995992+00:00,cam01,Chiman bhai Bridge,Ahmedabad,—,TR01M1K1R14P2A4B841DAH1ZP513,car,CONFIRMED,0.686,994,561,1025,597,,
2026-09-03T07:11:53.995992+00:00,cam01,Chiman bhai Bridge,Ahmedabad,—,TR01M1K1R1FPEWJGT4Z4DFDXJ8Q1,truck,CONFIRMED,0.504,529,605,628,690,,
2026-09-03T07:11:53.995992+00:00,cam01,Chiman bhai Bridge,Ahmedabad,—,TR01M1K1R2D4EPW28AVNXG19EQJX,car,CONFIRMED,0.403,934,504,961,529,,
2026-09-03T07:11:53.995992+00:00,cam01,Chiman bhai Bridge,Ahmedabad,—,TR01M1K1R305X0JG13VVCEB05XN8,vehicle,CONFIRMED,0.393,1476,636,1548,708,,
2026-09-03T07:11:53.995992+00:00,cam01,Chiman bhai Bridge,Ahmedabad,—,TR01M1K1R3A5WZQ4JJ371JYE933D,car,CONFIRMED,0.407,481,600,529,616,,
2026-09-03T07:11:53.995992+00:00,cam01,Chiman bhai Bridge,Ahmedabad,—,TR01M1K1R42XG2YYCZSCR51GM64E,car,CONFIRMED,0.425,763,673,842,765,,
2026-09-03T07:11:53.995992+00:00,cam01,Chiman bhai Bridge,Ahmedabad,—,TR01M1K1R4SE02KZ42MYSPVJW5ZB,vehicle,CONFIRMED,0.376,180,912,384,996,,
2026-09-03T07:11:53.995992+00:00,cam01,Chiman bhai Bridge,Ahmedabad,—,TR01M1K1R4YJV92JZQ4WWFMRSKJ6,truck,CONFIRMED,0.479,1808,634,1917,824,,
2026-09-03T07:11:53.995992+00:00,cam01,Chiman bhai Bridge,Ahmedabad,—,TR01M1K1R4YJQWX2MWQBKSX2Y3S2,truck,CONFIRMED,0.763,763,673,842,765,,
2026-09-03T07:11:53.995992+00:00,cam01,Chiman bhai Bridge,Ahmedabad,—,TR01M1K1R5DMEYMFFSNZYKCVSW43,car,CONFIRMED,0.887,945,702,1055,797,,
2026-09-03T07:11:53.995992+00:00,cam01,Chiman bhai Bridge,Ahmedabad,—,TR01M1K1R5DM6VRAVVN0527T7W10,vehicle,CONFIRMED,0.409,996,552,1056,636,,
2026-09-03T07:11:53.995992+00:00,cam01,Chiman bhai Bridge,Ahmedabad,—,TR01M1K1R5QZADFDCPK2KBAYZ534,truck,CONFIRMED,0.440,1690,712,1877,806,,
2026-09-03T07:11:53.995992+00:00,cam01,Chiman bhai Bridge,Ahmedabad,—,TR01M1K1R66N7CRGAT699V5KHYX0,bus,CONFIRMED,0.592,633,648,739,722,,
2026-09-03T07:11:53.995992+00:00,cam01,Chiman bhai Bridge,Ahmedabad,—,TR01M1K1R6YCEYFGX5MVTGFTHAF6,car,CONFIRMED,0.458,1064,504,1099,527,,
2026-09-03T07:11:53.995992+00:00,cam01,Chiman bhai Bridge,Ahmedabad,—,TR01M1K1R6YCGGX00TDN70CJV1CN,vehicle,CONFIRMED,0.490,948,708,1056,840,,
2026-09-03T07:11:53.995992+00:00,cam01,Chiman bhai Bridge,Ahmedabad,—,TR01M1K1R73R5N45FJCYB865WEMK,bus,TENTATIVE,0.522,748,523,815,575,,
2026-09-03T07:11:54.275992+00:00,cam01,Chiman bhai Bridge,Ahmedabad,—,TR01M1K1QZVZTDSK6ND0Y8XVMXPM,car,CONFIRMED,0.408,931,503,955,527,,
2026-09-03T07:11:54.275992+00:00,cam01,Chiman bhai Bridge,Ahmedabad,—,TR01M1K1QZVZA6224WNY0WBHJY2R,car,CONFIRMED,0.450,635,648,740,721,,
2026-09-03T07:11:54.275992+00:00,cam01,Chiman bhai Bridge,Ahmedabad,—,TR01M1K1QZVZJGCP6TCHJYEW36GT,truck,CONFIRMED,0.633,410,619,501,678,,
2026-09-03T07:11:54.275992+00:00,cam01,Chiman bhai Bridge,Ahmedabad,—,TR01M1K1QZVZJ541V3HXR47R0Q03,car,CONFIRMED,0.481,410,619,501,678,,
2026-09-03T07:11:54.275992+00:00,cam01,Chiman bhai Bridge,Ahmedabad,—,TR01M1K1QZVZJD1S4N6453620A3K,bus,CONFIRMED,0.537,635,648,740,721,,
2026-09-03T07:11:54.275992+00:00,cam01,Chiman bhai Bridge,Ahmedabad,—,TR01M1K1R011YWBQZ9WZZ8JH5RZF,car,CONFIRMED,0.417,972,509,1000,524,,
2026-09-03T07:11:54.275992+00:00,cam01,Chiman bhai Bridge,Ahmedabad,—,TR01M1K1R011BKQGAHT4RA7BF7G6,car,CONFIRMED,0.570,993,554,1024,592,,
2026-09-03T07:11:54.275992+00:00,cam01,Chiman bhai Bridge,Ahmedabad,—,TR01M1K1R0BC9AZCJ5QS90SE2R9J,car,CONFIRMED,0.691,994,525,1024,556,,
2026-09-03T07:11:54.275992+00:00,cam01,Chiman bhai Bridge,Ahmedabad,—,TR01M1K1R0BCMN36Q37RKESJFGY1,car,CONFIRMED,0.448,0,627,38,663,,
2026-09-03T07:11:54.275992+00:00,cam01,Chiman bhai Bridge,Ahmedabad,—,TR01M1K1R0FTWY47G001Z4Q0M5YK,car,CONFIRMED,0.744,927,548,957,583,,
2026-09-03T07:11:54.275992+00:00,cam01,Chiman bhai Bridge,Ahmedabad,—,TR01M1K1R0FTW2QTSM7RRQF5Q4GQ,truck,CONFIRMED,0.546,635,648,740,721,,
2026-09-03T07:11:54.275992+00:00,cam01,Chiman bhai Bridge,Ahmedabad,—,TR01M1K1R14P7V39EX1SXSC6ZHPG,truck,CONFIRMED,0.448,927,548,957,583,,
2026-09-03T07:11:54.275992+00:00,cam01,Chiman bhai Bridge,Ahmedabad,—,TR01M1K1R14P2A4B841DAH1ZP513,car,CONFIRMED,0.575,994,564,1023,593,,
2026-09-03T07:11:54.275992+00:00,cam01,Chiman bhai Bridge,Ahmedabad,—,TR01M1K1R1FPEWJGT4Z4DFDXJ8Q1,truck,CONFIRMED,0.514,526,606,635,690,,
2026-09-03T07:11:54.275992+00:00,cam01,Chiman bhai Bridge,Ahmedabad,—,TR01M1K1R2D4EPW28AVNXG19EQJX,truck,CONFIRMED,0.440,929,502,954,527,,
2026-09-03T07:11:54.275992+00:00,cam01,Chiman bhai Bridge,Ahmedabad,—,TR01M1K1R305X0JG13VVCEB05XN8,vehicle,CONFIRMED,0.393,1476,636,1548,708,,
2026-09-03T07:11:54.275992+00:00,cam01,Chiman bhai Bridge,Ahmedabad,—,TR01M1K1R3A5WZQ4JJ371JYE933D,car,CONFIRMED,0.451,480,599,536,651,,
2026-09-03T07:11:54.275992+00:00,cam01,Chiman bhai Bridge,Ahmedabad,—,TR01M1K1R42XG2YYCZSCR51GM64E,truck,CONFIRMED,0.565,783,665,859,753,,
2026-09-03T07:11:54.275992+00:00,cam01,Chiman bhai Bridge,Ahmedabad,—,TR01M1K1R4SE02KZ42MYSPVJW5ZB,vehicle,CONFIRMED,0.490,168,912,540,1080,,
2026-09-03T07:11:54.275992+00:00,cam01,Chiman bhai Bridge,Ahmedabad,—,TR01M1K1R4YJV92JZQ4WWFMRSKJ6,truck,CONFIRMED,0.479,1808,634,1917,824,,
2026-09-03T07:11:54.275992+00:00,cam01,Chiman bhai Bridge,Ahmedabad,—,TR01M1K1R4YJQWX2MWQBKSX2Y3S2,car,CONFIRMED,0.639,783,665,859,753,,
2026-09-03T07:11:54.275992+00:00,cam01,Chiman bhai Bridge,Ahmedabad,—,TR01M1K1R5DMEYMFFSNZYKCVSW43,car,CONFIRMED,0.850,961,683,1057,773,,
2026-09-03T07:11:54.275992+00:00,cam01,Chiman bhai Bridge,Ahmedabad,—,TR01M1K1R66N7CRGAT699V5KHYX0,car,CONFIRMED,0.456,634,648,741,721,,
2026-09-03T07:11:54.275992+00:00,cam01,Chiman bhai Bridge,Ahmedabad,—,TR01M1K1R6YCEYFGX5MVTGFTHAF6,car,CONFIRMED,0.458,1066,504,1100,527,,
2026-09-03T07:11:54.275992+00:00,cam01,Chiman bhai Bridge,Ahmedabad,—,TR01M1K1R6YCGGX00TDN70CJV1CN,vehicle,CONFIRMED,0.490,972,684,1056,804,,
2026-09-03T07:11:54.275992+00:00,cam01,Chiman bhai Bridge,Ahmedabad,—,TR01M1K1R73R5N45FJCYB865WEMK,bus,CONFIRMED,0.425,747,523,816,575,,
2026-09-03T07:11:54.275992+00:00,cam01,Chiman bhai Bridge,Ahmedabad,—,TR01M1K1R7D7Q6KCMR7E6FRNYW50,car,TENTATIVE,0.752,154,989,527,1079,,
2026-09-03T07:11:54.475992+00:00,cam01,Chiman bhai Bridge,Ahmedabad,—,TR01M1K1QZVZTDSK6ND0Y8XVMXPM,car,CONFIRMED,0.411,929,502,953,526,,
2026-09-03T07:11:54.475992+00:00,cam01,Chiman bhai Bridge,Ahmedabad,—,TR01M1K1QZVZA6224WNY0WBHJY2R,car,CONFIRMED,0.496,634,649,740,721,,
2026-09-03T07:11:54.475992+00:00,cam01,Chiman bhai Bridge,Ahmedabad,—,TR01M1K1QZVZJGCP6TCHJYEW36GT,truck,CONFIRMED,0.600,409,619,498,676,,
2026-09-03T07:11:54.475992+00:00,cam01,Chiman bhai Bridge,Ahmedabad,—,TR01M1K1QZVZJ541V3HXR47R0Q03,car,CONFIRMED,0.428,409,619,498,676,,
2026-09-03T07:11:54.475992+00:00,cam01,Chiman bhai Bridge,Ahmedabad,—,TR01M1K1QZVZJD1S4N6453620A3K,truck,CONFIRMED,0.539,634,649,740,721,,
2026-09-03T07:11:54.475992+00:00,cam01,Chiman bhai Bridge,Ahmedabad,—,TR01M1K1R011YWBQZ9WZZ8JH5RZF,car,CONFIRMED,0.417,972,509,1000,524,,
2026-09-03T07:11:54.475992+00:00,cam01,Chiman bhai Bridge,Ahmedabad,—,TR01M1K1R011BKQGAHT4RA7BF7G6,car,CONFIRMED,0.600,992,552,1023,590,,
2026-09-03T07:11:54.475992+00:00,cam01,Chiman bhai Bridge,Ahmedabad,—,TR01M1K1R0BC9AZCJ5QS90SE2R9J,car,CONFIRMED,0.644,993,525,1022,553,,
2026-09-03T07:11:54.475992+00:00,cam01,Chiman bhai Bridge,Ahmedabad,—,TR01M1K1R0BCMN36Q37RKESJFGY1,car,CONFIRMED,0.467,0,627,38,663,,
2026-09-03T07:11:54.475992+00:00,cam01,Chiman bhai Bridge,Ahmedabad,—,TR01M1K1R0FTWY47G001Z4Q0M5YK,truck,CONFIRMED,0.427,928,547,957,581,,
2026-09-03T07:11:54.475992+00:00,cam01,Chiman bhai Bridge,Ahmedabad,—,TR01M1K1R0FTW2QTSM7RRQF5Q4GQ,truck,CONFIRMED,0.546,635,648,740,721,,
2026-09-03T07:11:54.475992+00:00,cam01,Chiman bhai Bridge,Ahmedabad,—,TR01M1K1R14P7V39EX1SXSC6ZHPG,car,CONFIRMED,0.711,928,547,957,581,,
2026-09-03T07:11:54.475992+00:00,cam01,Chiman bhai Bridge,Ahmedabad,—,TR01M1K1R14P2A4B841DAH1ZP513,car,CONFIRMED,0.403,993,567,1022,590,,
2026-09-03T07:11:54.475992+00:00,cam01,Chiman bhai Bridge,Ahmedabad,—,TR01M1K1R1FPEWJGT4Z4DFDXJ8Q1,truck,CONFIRMED,0.503,526,606,638,690,,
2026-09-03T07:11:54.475992+00:00,cam01,Chiman bhai Bridge,Ahmedabad,—,TR01M1K1R2D4EPW28AVNXG19EQJX,truck,CONFIRMED,0.421,929,502,953,526,,
2026-09-03T07:11:54.475992+00:00,cam01,Chiman bhai Bridge,Ahmedabad,—,TR01M1K1R305X0JG13VVCEB05XN8,vehicle,CONFIRMED,0.393,1476,636,1548,708,,
2026-09-03T07:11:54.475992+00:00,cam01,Chiman bhai Bridge,Ahmedabad,—,TR01M1K1R3A5WZQ4JJ371JYE933D,car,CONFIRMED,0.451,480,599,536,651,,
2026-09-03T07:11:54.475992+00:00,cam01,Chiman bhai Bridge,Ahmedabad,—,TR01M1K1R42XG2YYCZSCR51GM64E,truck,CONFIRMED,0.805,799,659,867,743,,
2026-09-03T07:11:54.475992+00:00,cam01,Chiman bhai Bridge,Ahmedabad,—,TR01M1K1R4SE02KZ42MYSPVJW5ZB,car,CONFIRMED,0.910,287,929,637,1078,,
2026-09-03T07:11:54.475992+00:00,cam01,Chiman bhai Bridge,Ahmedabad,—,TR01M1K1R4YJQWX2MWQBKSX2Y3S2,vehicle,CONFIRMED,0.490,804,660,876,768,,
2026-09-03T07:11:54.475992+00:00,cam01,Chiman bhai Bridge,Ahmedabad,—,TR01M1K1R5DMEYMFFSNZYKCVSW43,car,CONFIRMED,0.800,968,671,1055,753,,
2026-09-03T07:11:54.475992+00:00,cam01,Chiman bhai Bridge,Ahmedabad,—,TR01M1K1R66N7CRGAT699V5KHYX0,car,CONFIRMED,0.456,634,648,741,721,,
2026-09-03T07:11:54.475992+00:00,cam01,Chiman bhai Bridge,Ahmedabad,—,TR01M1K1R6YCEYFGX5MVTGFTHAF6,car,CONFIRMED,0.465,1068,506,1107,529,,
2026-09-03T07:11:54.475992+00:00,cam01,Chiman bhai Bridge,Ahmedabad,—,TR01M1K1R6YCGGX00TDN70CJV1CN,vehicle,CONFIRMED,0.490,972,672,1080,792,,
2026-09-03T07:11:54.475992+00:00,cam01,Chiman bhai Bridge,Ahmedabad,—,TR01M1K1R73R5N45FJCYB865WEMK,bus,CONFIRMED,0.425,747,523,816,575,,
2026-09-03T07:11:54.475992+00:00,cam01,Chiman bhai Bridge,Ahmedabad,—,TR01M1K1R7D7Q6KCMR7E6FRNYW50,car,TENTATIVE,0.752,154,989,527,1079,,
2026-09-03T07:11:54.755992+00:00,cam01,Chiman bhai Bridge,Ahmedabad,—,TR01M1K1QZVZTDSK6ND0Y8XVMXPM,car,CONFIRMED,0.411,929,502,953,526,,
2026-09-03T07:11:54.755992+00:00,cam01,Chiman bhai Bridge,Ahmedabad,—,TR01M1K1QZVZA6224WNY0WBHJY2R,truck,CONFIRMED,0.462,633,650,740,721,,
2026-09-03T07:11:54.755992+00:00,cam01,Chiman bhai Bridge,Ahmedabad,—,TR01M1K1QZVZJGCP6TCHJYEW36GT,truck,CONFIRMED,0.626,410,619,497,675,,
2026-09-03T07:11:54.755992+00:00,cam01,Chiman bhai Bridge,Ahmedabad,—,TR01M1K1QZVZJ541V3HXR47R0Q03,car,CONFIRMED,0.463,410,619,497,675,,
2026-09-03T07:11:54.755992+00:00,cam01,Chiman bhai Bridge,Ahmedabad,—,TR01M1K1QZVZJD1S4N6453620A3K,car,CONFIRMED,0.627,633,650,740,721,,
2026-09-03T07:11:54.755992+00:00,cam01,Chiman bhai Bridge,Ahmedabad,—,TR01M1K1R011YWBQZ9WZZ8JH5RZF,car,CONFIRMED,0.417,972,509,1000,524,,
2026-09-03T07:11:54.755992+00:00,cam01,Chiman bhai Bridge,Ahmedabad,—,TR01M1K1R011BKQGAHT4RA7BF7G6,car,CONFIRMED,0.654,993,559,1023,590,,
2026-09-03T07:11:54.755992+00:00,cam01,Chiman bhai Bridge,Ahmedabad,—,TR01M1K1R0BC9AZCJ5QS90SE2R9J,car,CONFIRMED,0.563,992,524,1020,551,,
2026-09-03T07:11:54.755992+00:00,cam01,Chiman bhai Bridge,Ahmedabad,—,TR01M1K1R0BCMN36Q37RKESJFGY1,car,CONFIRMED,0.506,0,628,38,663,,
2026-09-03T07:11:54.755992+00:00,cam01,Chiman bhai Bridge,Ahmedabad,—,TR01M1K1R0FTWY47G001Z4Q0M5YK,car,CONFIRMED,0.686,928,544,959,578,,
2026-09-03T07:11:54.755992+00:00,cam01,Chiman bhai Bridge,Ahmedabad,—,TR01M1K1R0FTW2QTSM7RRQF5Q4GQ,truck,CONFIRMED,0.546,635,648,740,721,,
2026-09-03T07:11:54.755992+00:00,cam01,Chiman bhai Bridge,Ahmedabad,—,TR01M1K1R14P7V39EX1SXSC6ZHPG,truck,CONFIRMED,0.404,928,544,959,578,,
2026-09-03T07:11:54.755992+00:00,cam01,Chiman bhai Bridge,Ahmedabad,—,TR01M1K1R14P2A4B841DAH1ZP513,car,CONFIRMED,0.650,992,556,1021,587,,
2026-09-03T07:11:54.755992+00:00,cam01,Chiman bhai Bridge,Ahmedabad,—,TR01M1K1R1FPEWJGT4Z4DFDXJ8Q1,truck,CONFIRMED,0.431,526,607,635,689,,
2026-09-03T07:11:54.755992+00:00,cam01,Chiman bhai Bridge,Ahmedabad,—,TR01M1K1R2D4EPW28AVNXG19EQJX,truck,CONFIRMED,0.429,928,502,953,527,,
2026-09-03T07:11:54.755992+00:00,cam01,Chiman bhai Bridge,Ahmedabad,—,TR01M1K1R3A5WZQ4JJ371JYE933D,car,CONFIRMED,0.451,480,599,536,651,,
2026-09-03T07:11:54.755992+00:00,cam01,Chiman bhai Bridge,Ahmedabad,—,TR01M1K1R42XG2YYCZSCR51GM64E,truck,CONFIRMED,0.660,807,650,879,731,,
2026-09-03T07:11:54.755992+00:00,cam01,Chiman bhai Bridge,Ahmedabad,—,TR01M1K1R4SE02KZ42MYSPVJW5ZB,car,CONFIRMED,0.903,446,875,734,1058,,
2026-09-03T07:11:54.755992+00:00,cam01,Chiman bhai Bridge,Ahmedabad,—,TR01M1K1R4YJQWX2MWQBKSX2Y3S2,car,CONFIRMED,0.623,807,650,879,731,,
2026-09-03T07:11:54.755992+00:00,cam01,Chiman bhai Bridge,Ahmedabad,—,TR01M1K1R5DMEYMFFSNZYKCVSW43,car,CONFIRMED,0.842,975,657,1055,731,,
2026-09-03T07:11:54.755992+00:00,cam01,Chiman bhai Bridge,Ahmedabad,—,TR01M1K1R66N7CRGAT699V5KHYX0,car,CONFIRMED,0.456,634,648,741,721,,
2026-09-03T07:11:54.755992+00:00,cam01,Chiman bhai Bridge,Ahmedabad,—,TR01M1K1R6YCEYFGX5MVTGFTHAF6,car,CONFIRMED,0.440,1067,505,1109,528,,
2026-09-03T07:11:54.755992+00:00,cam01,Chiman bhai Bridge,Ahmedabad,—,TR01M1K1R6YCGGX00TDN70CJV1CN,vehicle,CONFIRMED,0.490,984,696,1056,768,,
2026-09-03T07:11:54.755992+00:00,cam01,Chiman bhai Bridge,Ahmedabad,—,TR01M1K1R73R5N45FJCYB865WEMK,truck,CONFIRMED,0.408,747,523,816,574,,
2026-09-03T07:11:54.755992+00:00,cam01,Chiman bhai Bridge,Ahmedabad,—,TR01M1K1R7D7Q6KCMR7E6FRNYW50,car,TENTATIVE,0.752,154,989,527,1079,,
2026-09-03T07:11:54.755992+00:00,cam01,Chiman bhai Bridge,Ahmedabad,—,TR01M1K1R7Q7DQGQXFV770ZKPA3Q,car,CONFIRMED,0.860,644,982,921,1079,,
2026-09-03T07:11:54.755992+00:00,cam01,Chiman bhai Bridge,Ahmedabad,—,TR01M1K1R7V8NH8B9XHGQSKWEXF5,truck,TENTATIVE,0.508,961,514,996,553,,
2026-09-03T07:11:54.875992+00:00,cam01,Chiman bhai Bridge,Ahmedabad,—,TR01M1K1QZVZTDSK6ND0Y8XVMXPM,car,CONFIRMED,0.411,929,502,953,526,,
2026-09-03T07:11:54.875992+00:00,cam01,Chiman bhai Bridge,Ahmedabad,—,TR01M1K1QZVZA6224WNY0WBHJY2R,car,CONFIRMED,0.550,635,649,740,719,,
2026-09-03T07:11:54.875992+00:00,cam01,Chiman bhai Bridge,Ahmedabad,—,TR01M1K1QZVZJGCP6TCHJYEW36GT,truck,CONFIRMED,0.612,410,619,497,675,,
2026-09-03T07:11:54.875992+00:00,cam01,Chiman bhai Bridge,Ahmedabad,—,TR01M1K1QZVZJ541V3HXR47R0Q03,car,CONFIRMED,0.483,410,619,497,675,,
2026-09-03T07:11:54.875992+00:00,cam01,Chiman bhai Bridge,Ahmedabad,—,TR01M1K1QZVZJD1S4N6453620A3K,truck,CONFIRMED,0.510,635,649,740,719,,
2026-09-03T07:11:54.875992+00:00,cam01,Chiman bhai Bridge,Ahmedabad,—,TR01M1K1R011YWBQZ9WZZ8JH5RZF,car,CONFIRMED,0.417,972,509,1000,524,,
2026-09-03T07:11:54.875992+00:00,cam01,Chiman bhai Bridge,Ahmedabad,—,TR01M1K1R011BKQGAHT4RA7BF7G6,car,CONFIRMED,0.589,991,545,1022,585,,
2026-09-03T07:11:54.875992+00:00,cam01,Chiman bhai Bridge,Ahmedabad,—,TR01M1K1R0BC9AZCJ5QS90SE2R9J,car,CONFIRMED,0.497,992,523,1018,547,,
2026-09-03T07:11:54.875992+00:00,cam01,Chiman bhai Bridge,Ahmedabad,—,TR01M1K1R0BCMN36Q37RKESJFGY1,car,CONFIRMED,0.479,0,627,38,663,,
2026-09-03T07:11:54.875992+00:00,cam01,Chiman bhai Bridge,Ahmedabad,—,TR01M1K1R0FTWY47G001Z4Q0M5YK,car,CONFIRMED,0.687,929,542,958,576,,
2026-09-03T07:11:54.875992+00:00,cam01,Chiman bhai Bridge,Ahmedabad,—,TR01M1K1R0FTW2QTSM7RRQF5Q4GQ,truck,CONFIRMED,0.546,635,648,740,721,,
2026-09-03T07:11:54.875992+00:00,cam01,Chiman bhai Bridge,Ahmedabad,—,TR01M1K1R14P7V39EX1SXSC6ZHPG,truck,CONFIRMED,0.461,929,542,958,576,,
2026-09-03T07:11:54.875992+00:00,cam01,Chiman bhai Bridge,Ahmedabad,—,TR01M1K1R14P2A4B841DAH1ZP513,car,CONFIRMED,0.580,992,557,1022,585,,
2026-09-03T07:11:54.875992+00:00,cam01,Chiman bhai Bridge,Ahmedabad,—,TR01M1K1R1FPEWJGT4Z4DFDXJ8Q1,truck,CONFIRMED,0.463,527,606,635,688,,
2026-09-03T07:11:54.875992+00:00,cam01,Chiman bhai Bridge,Ahmedabad,—,TR01M1K1R2D4EPW28AVNXG19EQJX,truck,CONFIRMED,0.429,928,502,953,527,,
2026-09-03T07:11:54.875992+00:00,cam01,Chiman bhai Bridge,Ahmedabad,—,TR01M1K1R3A5WZQ4JJ371JYE933D,car,CONFIRMED,0.451,480,599,536,651,,
2026-09-03T07:11:54.875992+00:00,cam01,Chiman bhai Bridge,Ahmedabad,—,TR01M1K1R42XG2YYCZSCR51GM64E,truck,CONFIRMED,0.771,819,646,883,725,,
2026-09-03T07:11:54.875992+00:00,cam01,Chiman bhai Bridge,Ahmedabad,—,TR01M1K1R4SE02KZ42MYSPVJW5ZB,car,CONFIRMED,0.936,530,846,786,1000,,
2026-09-03T07:11:54.875992+00:00,cam01,Chiman bhai Bridge,Ahmedabad,—,TR01M1K1R4YJQWX2MWQBKSX2Y3S2,car,CONFIRMED,0.529,819,646,883,725,,
2026-09-03T07:11:54.875992+00:00,cam01,Chiman bhai Bridge,Ahmedabad,—,TR01M1K1R5DMEYMFFSNZYKCVSW43,car,CONFIRMED,0.851,975,649,1053,720,,
2026-09-03T07:11:54.875992+00:00,cam01,Chiman bhai Bridge,Ahmedabad,—,TR01M1K1R66N7CRGAT699V5KHYX0,car,CONFIRMED,0.456,634,648,741,721,,
2026-09-03T07:11:54.875992+00:00,cam01,Chiman bhai Bridge,Ahmedabad,—,TR01M1K1R6YCEYFGX5MVTGFTHAF6,car,CONFIRMED,0.440,1067,505,1109,528,,
2026-09-03T07:11:54.875992+00:00,cam01,Chiman bhai Bridge,Ahmedabad,—,TR01M1K1R6YCGGX00TDN70CJV1CN,vehicle,CONFIRMED,0.490,984,672,1080,756,,
2026-09-03T07:11:54.875992+00:00,cam01,Chiman bhai Bridge,Ahmedabad,—,TR01M1K1R73R5N45FJCYB865WEMK,truck,CONFIRMED,0.408,747,523,816,574,,
2026-09-03T07:11:54.875992+00:00,cam01,Chiman bhai Bridge,Ahmedabad,—,TR01M1K1R7D7Q6KCMR7E6FRNYW50,car,TENTATIVE,0.752,154,989,527,1079,,
2026-09-03T07:11:54.875992+00:00,cam01,Chiman bhai Bridge,Ahmedabad,—,TR01M1K1R7Q7DQGQXFV770ZKPA3Q,car,CONFIRMED,0.910,691,944,963,1079,,
2026-09-03T07:11:54.875992+00:00,cam01,Chiman bhai Bridge,Ahmedabad,—,TR01M1K1R7V8NH8B9XHGQSKWEXF5,car,CONFIRMED,0.445,960,522,988,553,,
2026-09-03T07:11:54.995992+00:00,cam01,Chiman bhai Bridge,Ahmedabad,—,TR01M1K1QZVZTDSK6ND0Y8XVMXPM,car,CONFIRMED,0.411,929,502,953,526,,
2026-09-03T07:11:54.995992+00:00,cam01,Chiman bhai Bridge,Ahmedabad,—,TR01M1K1QZVZA6224WNY0WBHJY2R,car,CONFIRMED,0.544,636,649,740,720,,
2026-09-03T07:11:54.995992+00:00,cam01,Chiman bhai Bridge,Ahmedabad,—,TR01M1K1QZVZJGCP6TCHJYEW36GT,truck,CONFIRMED,0.593,410,619,499,676,,
2026-09-03T07:11:54.995992+00:00,cam01,Chiman bhai Bridge,Ahmedabad,—,TR01M1K1QZVZJ541V3HXR47R0Q03,car,CONFIRMED,0.522,410,619,499,676,,
2026-09-03T07:11:54.995992+00:00,cam01,Chiman bhai Bridge,Ahmedabad,—,TR01M1K1QZVZJD1S4N6453620A3K,truck,CONFIRMED,0.463,636,649,740,720,,
2026-09-03T07:11:54.995992+00:00,cam01,Chiman bhai Bridge,Ahmedabad,—,TR01M1K1R011YWBQZ9WZZ8JH5RZF,car,CONFIRMED,0.417,972,509,1000,524,,
2026-09-03T07:11:54.995992+00:00,cam01,Chiman bhai Bridge,Ahmedabad,—,TR01M1K1R011BKQGAHT4RA7BF7G6,car,CONFIRMED,0.645,990,549,1022,583,,
2026-09-03T07:11:54.995992+00:00,cam01,Chiman bhai Bridge,Ahmedabad,—,TR01M1K1R0BC9AZCJ5QS90SE2R9J,car,CONFIRMED,0.467,993,522,1017,547,,
2026-09-03T07:11:54.995992+00:00,cam01,Chiman bhai Bridge,Ahmedabad,—,TR01M1K1R0BCMN36Q37RKESJFGY1,car,CONFIRMED,0.500,0,627,38,663,,
2026-09-03T07:11:54.995992+00:00,cam01,Chiman bhai Bridge,Ahmedabad,—,TR01M1K1R0FTWY47G001Z4Q0M5YK,truck,CONFIRMED,0.408,929,542,959,576,,
2026-09-03T07:11:54.995992+00:00,cam01,Chiman bhai Bridge,Ahmedabad,—,TR01M1K1R0FTW2QTSM7RRQF5Q4GQ,truck,CONFIRMED,0.546,635,648,740,721,,
2026-09-03T07:11:54.995992+00:00,cam01,Chiman bhai Bridge,Ahmedabad,—,TR01M1K1R14P7V39EX1SXSC6ZHPG,car,CONFIRMED,0.677,929,542,959,576,,
2026-09-03T07:11:54.995992+00:00,cam01,Chiman bhai Bridge,Ahmedabad,—,TR01M1K1R14P2A4B841DAH1ZP513,car,CONFIRMED,0.407,988,536,1021,581,,
2026-09-03T07:11:54.995992+00:00,cam01,Chiman bhai Bridge,Ahmedabad,—,TR01M1K1R1FPEWJGT4Z4DFDXJ8Q1,truck,CONFIRMED,0.446,526,606,635,688,,
2026-09-03T07:11:54.995992+00:00,cam01,Chiman bhai Bridge,Ahmedabad,—,TR01M1K1R2D4EPW28AVNXG19EQJX,truck,CONFIRMED,0.429,928,502,953,527,,
2026-09-03T07:11:54.995992+00:00,cam01,Chiman bhai Bridge,Ahmedabad,—,TR01M1K1R3A5WZQ4JJ371JYE933D,car,CONFIRMED,0.451,480,599,536,651,,
2026-09-03T07:11:54.995992+00:00,cam01,Chiman bhai Bridge,Ahmedabad,—,TR01M1K1R42XG2YYCZSCR51GM64E,truck,CONFIRMED,0.523,826,644,889,721,,
2026-09-03T07:11:54.995992+00:00,cam01,Chiman bhai Bridge,Ahmedabad,—,TR01M1K1R4SE02KZ42MYSPVJW5ZB,car,CONFIRMED,0.926,585,828,817,972,,
2026-09-03T07:11:54.995992+00:00,cam01,Chiman bhai Bridge,Ahmedabad,—,TR01M1K1R4YJQWX2MWQBKSX2Y3S2,car,CONFIRMED,0.629,826,644,889,721,,
2026-09-03T07:11:54.995992+00:00,cam01,Chiman bhai Bridge,Ahmedabad,—,TR01M1K1R5DMEYMFFSNZYKCVSW43,car,CONFIRMED,0.847,977,644,1052,715,,
2026-09-03T07:11:54.995992+00:00,cam01,Chiman bhai Bridge,Ahmedabad,—,TR01M1K1R66N7CRGAT699V5KHYX0,car,CONFIRMED,0.456,634,648,741,721,,
2026-09-03T07:11:54.995992+00:00,cam01,Chiman bhai Bridge,Ahmedabad,—,TR01M1K1R6YCEYFGX5MVTGFTHAF6,car,CONFIRMED,0.440,1067,505,1109,528,,
2026-09-03T07:11:54.995992+00:00,cam01,Chiman bhai Bridge,Ahmedabad,—,TR01M1K1R6YCGGX00TDN70CJV1CN,vehicle,CONFIRMED,0.490,984,648,1056,756,,
2026-09-03T07:11:54.995992+00:00,cam01,Chiman bhai Bridge,Ahmedabad,—,TR01M1K1R73R5N45FJCYB865WEMK,truck,CONFIRMED,0.408,747,523,816,574,,
2026-09-03T07:11:54.995992+00:00,cam01,Chiman bhai Bridge,Ahmedabad,—,TR01M1K1R7D7Q6KCMR7E6FRNYW50,car,TENTATIVE,0.752,154,989,527,1079,,
2026-09-03T07:11:54.995992+00:00,cam01,Chiman bhai Bridge,Ahmedabad,—,TR01M1K1R7Q7DQGQXFV770ZKPA3Q,car,CONFIRMED,0.918,732,919,991,1079,,
2026-09-03T07:11:54.995992+00:00,cam01,Chiman bhai Bridge,Ahmedabad,—,TR01M1K1R7V8NH8B9XHGQSKWEXF5,car,CONFIRMED,0.438,959,521,985,552,,
2026-09-03T07:11:54.995992+00:00,cam01,Chiman bhai Bridge,Ahmedabad,—,TR01M1K1R8A1ZVRAYFDHQJ3K43EJ,truck,TENTATIVE,0.527,826,643,889,721,,
2026-09-03T07:11:55.155992+00:00,cam01,Chiman bhai Bridge,Ahmedabad,—,TR01M1K1QZVZTDSK6ND0Y8XVMXPM,car,CONFIRMED,0.411,929,502,953,526,,
2026-09-03T07:11:55.155992+00:00,cam01,Chiman bhai Bridge,Ahmedabad,—,TR01M1K1QZVZA6224WNY0WBHJY2R,car,CONFIRMED,0.560,636,648,740,719,,
2026-09-03T07:11:55.155992+00:00,cam01,Chiman bhai Bridge,Ahmedabad,—,TR01M1K1QZVZJGCP6TCHJYEW36GT,car,CONFIRMED,0.553,410,619,499,677,,
2026-09-03T07:11:55.155992+00:00,cam01,Chiman bhai Bridge,Ahmedabad,—,TR01M1K1QZVZJ541V3HXR47R0Q03,truck,CONFIRMED,0.550,410,619,499,677,,
2026-09-03T07:11:55.155992+00:00,cam01,Chiman bhai Bridge,Ahmedabad,—,TR01M1K1QZVZJD1S4N6453620A3K,car,CONFIRMED,0.599,637,649,740,719,,
2026-09-03T07:11:55.155992+00:00,cam01,Chiman bhai Bridge,Ahmedabad,—,TR01M1K1R011YWBQZ9WZZ8JH5RZF,car,CONFIRMED,0.417,972,509,1000,524,,
2026-09-03T07:11:55.155992+00:00,cam01,Chiman bhai Bridge,Ahmedabad,—,TR01M1K1R011BKQGAHT4RA7BF7G6,car,CONFIRMED,0.635,991,549,1022,581,,
2026-09-03T07:11:55.155992+00:00,cam01,Chiman bhai Bridge,Ahmedabad,—,TR01M1K1R0BC9AZCJ5QS90SE2R9J,car,CONFIRMED,0.450,991,522,1016,546,,
2026-09-03T07:11:55.155992+00:00,cam01,Chiman bhai Bridge,Ahmedabad,—,TR01M1K1R0BCMN36Q37RKESJFGY1,car,CONFIRMED,0.441,0,626,38,663,,
2026-09-03T07:11:55.155992+00:00,cam01,Chiman bhai Bridge,Ahmedabad,—,TR01M1K1R0FTWY47G001Z4Q0M5YK,car,CONFIRMED,0.723,930,542,959,575,,
2026-09-03T07:11:55.155992+00:00,cam01,Chiman bhai Bridge,Ahmedabad,—,TR01M1K1R0FTW2QTSM7RRQF5Q4GQ,truck,CONFIRMED,0.546,635,648,740,721,,
2026-09-03T07:11:55.155992+00:00,cam01,Chiman bhai Bridge,Ahmedabad,—,TR01M1K1R14P7V39EX1SXSC6ZHPG,car,CONFIRMED,0.701,929,542,960,576,,
2026-09-03T07:11:55.155992+00:00,cam01,Chiman bhai Bridge,Ahmedabad,—,TR01M1K1R14P2A4B841DAH1ZP513,car,CONFIRMED,0.593,990,540,1021,580,,
2026-09-03T07:11:55.155992+00:00,cam01,Chiman bhai Bridge,Ahmedabad,—,TR01M1K1R1FPEWJGT4Z4DFDXJ8Q1,truck,CONFIRMED,0.410,526,606,636,688,,
2026-09-03T07:11:55.155992+00:00,cam01,Chiman bhai Bridge,Ahmedabad,—,TR01M1K1R2D4EPW28AVNXG19EQJX,car,CONFIRMED,0.451,929,503,951,525,,
2026-09-03T07:11:55.155992+00:00,cam01,Chiman bhai Bridge,Ahmedabad,—,TR01M1K1R3A5WZQ4JJ371JYE933D,car,CONFIRMED,0.451,480,599,536,651,,
2026-09-03T07:11:55.155992+00:00,cam01,Chiman bhai Bridge,Ahmedabad,—,TR01M1K1R42XG2YYCZSCR51GM64E,truck,CONFIRMED,0.451,832,639,894,715,,
2026-09-03T07:11:55.155992+00:00,cam01,Chiman bhai Bridge,Ahmedabad,—,TR01M1K1R4SE02KZ42MYSPVJW5ZB,car,CONFIRMED,0.931,633,810,846,945,,
2026-09-03T07:11:55.155992+00:00,cam01,Chiman bhai Bridge,Ahmedabad,—,TR01M1K1R4YJQWX2MWQBKSX2Y3S2,vehicle,CONFIRMED,0.490,840,648,900,732,,
2026-09-03T07:11:55.155992+00:00,cam01,Chiman bhai Bridge,Ahmedabad,—,TR01M1K1R5DMEYMFFSNZYKCVSW43,car,CONFIRMED,0.825,978,639,1051,707,,
2026-09-03T07:11:55.155992+00:00,cam01,Chiman bhai Bridge,Ahmedabad,—,TR01M1K1R66N7CRGAT699V5KHYX0,car,CONFIRMED,0.456,634,648,741,721,,
2026-09-03T07:11:55.155992+00:00,cam01,Chiman bhai Bridge,Ahmedabad,—,TR01M1K1R6YCEYFGX5MVTGFTHAF6,car,CONFIRMED,0.440,1067,505,1109,528,,
2026-09-03T07:11:55.155992+00:00,cam01,Chiman bhai Bridge,Ahmedabad,—,TR01M1K1R6YCGGX00TDN70CJV1CN,vehicle,CONFIRMED,0.490,984,660,1056,732,,
2026-09-03T07:11:55.155992+00:00,cam01,Chiman bhai Bridge,Ahmedabad,—,TR01M1K1R73R5N45FJCYB865WEMK,bus,CONFIRMED,0.422,746,523,816,575,,
2026-09-03T07:11:55.155992+00:00,cam01,Chiman bhai Bridge,Ahmedabad,—,TR01M1K1R7D7Q6KCMR7E6FRNYW50,car,TENTATIVE,0.752,154,989,527,1079,,
2026-09-03T07:11:55.155992+00:00,cam01,Chiman bhai Bridge,Ahmedabad,—,TR01M1K1R7Q7DQGQXFV770ZKPA3Q,car,CONFIRMED,0.924,770,896,1005,1073,,
2026-09-03T07:11:55.155992+00:00,cam01,Chiman bhai Bridge,Ahmedabad,—,TR01M1K1R7V8NH8B9XHGQSKWEXF5,car,CONFIRMED,0.425,959,521,985,552,,
2026-09-03T07:11:55.155992+00:00,cam01,Chiman bhai Bridge,Ahmedabad,—,TR01M1K1R8A1ZVRAYFDHQJ3K43EJ,car,CONFIRMED,0.796,831,639,894,715,,
2026-09-03T07:11:55.395992+00:00,cam01,Chiman bhai Bridge,Ahmedabad,—,TR01M1K1QZVZTDSK6ND0Y8XVMXPM,car,CONFIRMED,0.411,929,502,953,526,,
2026-09-03T07:11:55.395992+00:00,cam01,Chiman bhai Bridge,Ahmedabad,—,TR01M1K1QZVZA6224WNY0WBHJY2R,car,CONFIRMED,0.560,636,648,740,719,,
2026-09-03T07:11:55.395992+00:00,cam01,Chiman bhai Bridge,Ahmedabad,—,TR01M1K1QZVZJGCP6TCHJYEW36GT,truck,CONFIRMED,0.597,409,619,495,675,,
2026-09-03T07:11:55.395992+00:00,cam01,Chiman bhai Bridge,Ahmedabad,—,TR01M1K1QZVZJ541V3HXR47R0Q03,car,CONFIRMED,0.535,409,619,495,675,,
2026-09-03T07:11:55.395992+00:00,cam01,Chiman bhai Bridge,Ahmedabad,—,TR01M1K1QZVZJD1S4N6453620A3K,car,CONFIRMED,0.607,644,651,740,720,,
2026-09-03T07:11:55.395992+00:00,cam01,Chiman bhai Bridge,Ahmedabad,—,TR01M1K1R011YWBQZ9WZZ8JH5RZF,car,CONFIRMED,0.417,972,509,1000,524,,
2026-09-03T07:11:55.395992+00:00,cam01,Chiman bhai Bridge,Ahmedabad,—,TR01M1K1R011BKQGAHT4RA7BF7G6,car,CONFIRMED,0.597,991,550,1019,579,,
2026-09-03T07:11:55.395992+00:00,cam01,Chiman bhai Bridge,Ahmedabad,—,TR01M1K1R0BC9AZCJ5QS90SE2R9J,car,CONFIRMED,0.437,987,520,1012,543,,
2026-09-03T07:11:55.395992+00:00,cam01,Chiman bhai Bridge,Ahmedabad,—,TR01M1K1R0BCMN36Q37RKESJFGY1,car,CONFIRMED,0.438,0,626,38,663,,
2026-09-03T07:11:55.395992+00:00,cam01,Chiman bhai Bridge,Ahmedabad,—,TR01M1K1R0FTWY47G001Z4Q0M5YK,car,CONFIRMED,0.696,930,542,959,574,,
2026-09-03T07:11:55.395992+00:00,cam01,Chiman bhai Bridge,Ahmedabad,—,TR01M1K1R0FTW2QTSM7RRQF5Q4GQ,truck,CONFIRMED,0.414,644,651,740,720,,
2026-09-03T07:11:55.395992+00:00,cam01,Chiman bhai Bridge,Ahmedabad,—,TR01M1K1R14P7V39EX1SXSC6ZHPG,car,CONFIRMED,0.701,929,542,960,576,,
2026-09-03T07:11:55.395992+00:00,cam01,Chiman bhai Bridge,Ahmedabad,—,TR01M1K1R14P2A4B841DAH1ZP513,car,CONFIRMED,0.573,989,541,1019,577,,
2026-09-03T07:11:55.395992+00:00,cam01,Chiman bhai Bridge,Ahmedabad,—,TR01M1K1R1FPEWJGT4Z4DFDXJ8Q1,truck,CONFIRMED,0.410,526,606,636,688,,
2026-09-03T07:11:55.395992+00:00,cam01,Chiman bhai Bridge,Ahmedabad,—,TR01M1K1R2D4EPW28AVNXG19EQJX,car,CONFIRMED,0.489,928,502,952,524,,
2026-09-03T07:11:55.395992+00:00,cam01,Chiman bhai Bridge,Ahmedabad,—,TR01M1K1R3A5WZQ4JJ371JYE933D,car,CONFIRMED,0.451,480,599,536,651,,
2026-09-03T07:11:55.395992+00:00,cam01,Chiman bhai Bridge,Ahmedabad,—,TR01M1K1R42XG2YYCZSCR51GM64E,car,CONFIRMED,0.734,847,633,901,703,,
2026-09-03T07:11:55.395992+00:00,cam01,Chiman bhai Bridge,Ahmedabad,—,TR01M1K1R4SE02KZ42MYSPVJW5ZB,car,CONFIRMED,0.936,724,774,903,887,,
2026-09-03T07:11:55.395992+00:00,cam01,Chiman bhai Bridge,Ahmedabad,—,TR01M1K1R4YJQWX2MWQBKSX2Y3S2,vehicle,CONFIRMED,0.490,852,636,912,732,,
2026-09-03T07:11:55.395992+00:00,cam01,Chiman bhai Bridge,Ahmedabad,—,TR01M1K1R5DMEYMFFSNZYKCVSW43,car,CONFIRMED,0.848,978,628,1048,691,,
2026-09-03T07:11:55.395992+00:00,cam01,Chiman bhai Bridge,Ahmedabad,—,TR01M1K1R66N7CRGAT699V5KHYX0,car,CONFIRMED,0.456,634,648,741,721,,
2026-09-03T07:11:55.395992+00:00,cam01,Chiman bhai Bridge,Ahmedabad,—,TR01M1K1R6YCEYFGX5MVTGFTHAF6,car,CONFIRMED,0.440,1067,505,1109,528,,
2026-09-03T07:11:55.395992+00:00,cam01,Chiman bhai Bridge,Ahmedabad,—,TR01M1K1R6YCGGX00TDN70CJV1CN,vehicle,CONFIRMED,0.490,984,636,1056,720,,
2026-09-03T07:11:55.395992+00:00,cam01,Chiman bhai Bridge,Ahmedabad,—,TR01M1K1R73R5N45FJCYB865WEMK,bus,CONFIRMED,0.422,746,523,816,575,,
2026-09-03T07:11:55.395992+00:00,cam01,Chiman bhai Bridge,Ahmedabad,—,TR01M1K1R7D7Q6KCMR7E6FRNYW50,vehicle,CONFIRMED,0.340,0,888,480,1080,,
2026-09-03T07:11:55.395992+00:00,cam01,Chiman bhai Bridge,Ahmedabad,—,TR01M1K1R7Q7DQGQXFV770ZKPA3Q,car,CONFIRMED,0.933,842,853,1042,999,,
2026-09-03T07:11:55.395992+00:00,cam01,Chiman bhai Bridge,Ahmedabad,—,TR01M1K1R7V8NH8B9XHGQSKWEXF5,truck,CONFIRMED,0.482,958,510,993,547,,
2026-09-03T07:11:55.395992+00:00,cam01,Chiman bhai Bridge,Ahmedabad,—,TR01M1K1R8A1ZVRAYFDHQJ3K43EJ,truck,CONFIRMED,0.436,847,633,901,703,,
2026-09-03T07:11:55.795992+00:00,cam01,Chiman bhai Bridge,Ahmedabad,—,TR01M1K1QZVZTDSK6ND0Y8XVMXPM,car,CONFIRMED,0.411,929,502,953,526,,
2026-09-03T07:11:55.795992+00:00,cam01,Chiman bhai Bridge,Ahmedabad,—,TR01M1K1QZVZA6224WNY0WBHJY2R,car,CONFIRMED,0.560,636,648,740,719,,
2026-09-03T07:11:55.795992+00:00,cam01,Chiman bhai Bridge,Ahmedabad,—,TR01M1K1QZVZJGCP6TCHJYEW36GT,truck,CONFIRMED,0.603,410,619,493,674,,
2026-09-03T07:11:55.795992+00:00,cam01,Chiman bhai Bridge,Ahmedabad,—,TR01M1K1QZVZJ541V3HXR47R0Q03,car,CONFIRMED,0.479,410,619,493,674,,
2026-09-03T07:11:55.795992+00:00,cam01,Chiman bhai Bridge,Ahmedabad,—,TR01M1K1QZVZJD1S4N6453620A3K,car,CONFIRMED,0.403,661,661,740,719,,
2026-09-03T07:11:55.795992+00:00,cam01,Chiman bhai Bridge,Ahmedabad,—,TR01M1K1R011BKQGAHT4RA7BF7G6,car,CONFIRMED,0.452,989,549,1015,573,,
2026-09-03T07:11:55.795992+00:00,cam01,Chiman bhai Bridge,Ahmedabad,—,TR01M1K1R0BC9AZCJ5QS90SE2R9J,car,CONFIRMED,0.452,985,520,1008,542,,
2026-09-03T07:11:55.795992+00:00,cam01,Chiman bhai Bridge,Ahmedabad,—,TR01M1K1R0BCMN36Q37RKESJFGY1,car,CONFIRMED,0.413,0,626,38,663,,
2026-09-03T07:11:55.795992+00:00,cam01,Chiman bhai Bridge,Ahmedabad,—,TR01M1K1R0FTWY47G001Z4Q0M5YK,car,CONFIRMED,0.597,933,540,959,570,,
2026-09-03T07:11:55.795992+00:00,cam01,Chiman bhai Bridge,Ahmedabad,—,TR01M1K1R0FTW2QTSM7RRQF5Q4GQ,truck,CONFIRMED,0.414,644,651,740,720,,
2026-09-03T07:11:55.795992+00:00,cam01,Chiman bhai Bridge,Ahmedabad,—,TR01M1K1R14P7V39EX1SXSC6ZHPG,car,CONFIRMED,0.701,929,542,960,576,,
2026-09-03T07:11:55.795992+00:00,cam01,Chiman bhai Bridge,Ahmedabad,—,TR01M1K1R14P2A4B841DAH1ZP513,car,CONFIRMED,0.698,987,538,1016,572,,
2026-09-03T07:11:55.795992+00:00,cam01,Chiman bhai Bridge,Ahmedabad,—,TR01M1K1R1FPEWJGT4Z4DFDXJ8Q1,truck,CONFIRMED,0.410,526,606,636,688,,
2026-09-03T07:11:55.795992+00:00,cam01,Chiman bhai Bridge,Ahmedabad,—,TR01M1K1R2D4EPW28AVNXG19EQJX,car,CONFIRMED,0.449,928,503,951,524,,
2026-09-03T07:11:55.795992+00:00,cam01,Chiman bhai Bridge,Ahmedabad,—,TR01M1K1R42XG2YYCZSCR51GM64E,truck,CONFIRMED,0.508,861,622,912,690,,
2026-09-03T07:11:55.795992+00:00,cam01,Chiman bhai Bridge,Ahmedabad,—,TR01M1K1R4SE02KZ42MYSPVJW5ZB,car,CONFIRMED,0.914,819,732,960,828,,
2026-09-03T07:11:55.795992+00:00,cam01,Chiman bhai Bridge,Ahmedabad,—,TR01M1K1R4YJQWX2MWQBKSX2Y3S2,vehicle,CONFIRMED,0.490,852,636,912,732,,
2026-09-03T07:11:55.795992+00:00,cam01,Chiman bhai Bridge,Ahmedabad,—,TR01M1K1R5DMEYMFFSNZYKCVSW43,car,CONFIRMED,0.818,975,615,1041,674,,
2026-09-03T07:11:55.795992+00:00,cam01,Chiman bhai Bridge,Ahmedabad,—,TR01M1K1R6YCEYFGX5MVTGFTHAF6,car,CONFIRMED,0.440,1067,505,1109,528,,
2026-09-03T07:11:55.795992+00:00,cam01,Chiman bhai Bridge,Ahmedabad,—,TR01M1K1R6YCGGX00TDN70CJV1CN,vehicle,CONFIRMED,0.490,984,624,1044,696,,
2026-09-03T07:11:55.795992+00:00,cam01,Chiman bhai Bridge,Ahmedabad,—,TR01M1K1R73R5N45FJCYB865WEMK,bus,CONFIRMED,0.422,746,523,816,575,,
2026-09-03T07:11:55.795992+00:00,cam01,Chiman bhai Bridge,Ahmedabad,—,TR01M1K1R7D7Q6KCMR7E6FRNYW50,vehicle,CONFIRMED,0.466,180,840,384,1056,,
2026-09-03T07:11:55.795992+00:00,cam01,Chiman bhai Bridge,Ahmedabad,—,TR01M1K1R7Q7DQGQXFV770ZKPA3Q,car,CONFIRMED,0.923,916,803,1081,933,,
2026-09-03T07:11:55.795992+00:00,cam01,Chiman bhai Bridge,Ahmedabad,—,TR01M1K1R7V8NH8B9XHGQSKWEXF5,truck,CONFIRMED,0.482,958,510,993,547,,
2026-09-03T07:11:55.795992+00:00,cam01,Chiman bhai Bridge,Ahmedabad,—,TR01M1K1R8A1ZVRAYFDHQJ3K43EJ,car,CONFIRMED,0.775,862,623,913,689,,
2026-09-03T07:11:55.995992+00:00,cam01,Chiman bhai Bridge,Ahmedabad,—,TR01M1K1QZVZA6224WNY0WBHJY2R,car,CONFIRMED,0.560,636,648,740,719,,
2026-09-03T07:11:55.995992+00:00,cam01,Chiman bhai Bridge,Ahmedabad,—,TR01M1K1QZVZJGCP6TCHJYEW36GT,truck,CONFIRMED,0.623,410,619,493,674,,
2026-09-03T07:11:55.995992+00:00,cam01,Chiman bhai Bridge,Ahmedabad,—,TR01M1K1QZVZJ541V3HXR47R0Q03,car,CONFIRMED,0.456,410,619,493,674,,
2026-09-03T07:11:55.995992+00:00,cam01,Chiman bhai Bridge,Ahmedabad,—,TR01M1K1QZVZJD1S4N6453620A3K,car,CONFIRMED,0.403,661,661,740,719,,
2026-09-03T07:11:55.995992+00:00,cam01,Chiman bhai Bridge,Ahmedabad,—,TR01M1K1R011BKQGAHT4RA7BF7G6,car,CONFIRMED,0.452,989,549,1015,573,,
2026-09-03T07:11:55.995992+00:00,cam01,Chiman bhai Bridge,Ahmedabad,—,TR01M1K1R0BC9AZCJ5QS90SE2R9J,car,CONFIRMED,0.405,986,522,1008,541,,
2026-09-03T07:11:55.995992+00:00,cam01,Chiman bhai Bridge,Ahmedabad,—,TR01M1K1R0BCMN36Q37RKESJFGY1,car,CONFIRMED,0.443,0,626,38,663,,
2026-09-03T07:11:55.995992+00:00,cam01,Chiman bhai Bridge,Ahmedabad,—,TR01M1K1R0FTWY47G001Z4Q0M5YK,car,CONFIRMED,0.490,934,539,959,565,,
2026-09-03T07:11:55.995992+00:00,cam01,Chiman bhai Bridge,Ahmedabad,—,TR01M1K1R0FTW2QTSM7RRQF5Q4GQ,truck,CONFIRMED,0.414,644,651,740,720,,
2026-09-03T07:11:55.995992+00:00,cam01,Chiman bhai Bridge,Ahmedabad,—,TR01M1K1R14P7V39EX1SXSC6ZHPG,car,CONFIRMED,0.701,929,542,960,576,,
2026-09-03T07:11:55.995992+00:00,cam01,Chiman bhai Bridge,Ahmedabad,—,TR01M1K1R14P2A4B841DAH1ZP513,car,CONFIRMED,0.760,987,537,1016,570,,
2026-09-03T07:11:55.995992+00:00,cam01,Chiman bhai Bridge,Ahmedabad,—,TR01M1K1R1FPEWJGT4Z4DFDXJ8Q1,truck,CONFIRMED,0.453,525,608,633,689,,
2026-09-03T07:11:55.995992+00:00,cam01,Chiman bhai Bridge,Ahmedabad,—,TR01M1K1R2D4EPW28AVNXG19EQJX,car,CONFIRMED,0.476,928,503,950,522,,
2026-09-03T07:11:55.995992+00:00,cam01,Chiman bhai Bridge,Ahmedabad,—,TR01M1K1R42XG2YYCZSCR51GM64E,truck,CONFIRMED,0.490,869,619,918,684,,
2026-09-03T07:11:55.995992+00:00,cam01,Chiman bhai Bridge,Ahmedabad,—,TR01M1K1R4SE02KZ42MYSPVJW5ZB,car,CONFIRMED,0.898,856,715,982,805,,
2026-09-03T07:11:55.995992+00:00,cam01,Chiman bhai Bridge,Ahmedabad,—,TR01M1K1R4YJQWX2MWQBKSX2Y3S2,vehicle,CONFIRMED,0.476,876,624,960,696,,
2026-09-03T07:11:55.995992+00:00,cam01,Chiman bhai Bridge,Ahmedabad,—,TR01M1K1R5DMEYMFFSNZYKCVSW43,car,CONFIRMED,0.813,974,607,1037,665,,
2026-09-03T07:11:55.995992+00:00,cam01,Chiman bhai Bridge,Ahmedabad,—,TR01M1K1R6YCEYFGX5MVTGFTHAF6,car,CONFIRMED,0.440,1067,505,1109,528,,
2026-09-03T07:11:55.995992+00:00,cam01,Chiman bhai Bridge,Ahmedabad,—,TR01M1K1R6YCGGX00TDN70CJV1CN,vehicle,CONFIRMED,0.490,984,624,1044,696,,
2026-09-03T07:11:55.995992+00:00,cam01,Chiman bhai Bridge,Ahmedabad,—,TR01M1K1R73R5N45FJCYB865WEMK,car,CONFIRMED,0.416,765,543,810,574,,
2026-09-03T07:11:55.995992+00:00,cam01,Chiman bhai Bridge,Ahmedabad,—,TR01M1K1R7D7Q6KCMR7E6FRNYW50,vehicle,CONFIRMED,0.306,72,828,432,1080,,
2026-09-03T07:11:55.995992+00:00,cam01,Chiman bhai Bridge,Ahmedabad,—,TR01M1K1R7Q7DQGQXFV770ZKPA3Q,car,CONFIRMED,0.915,943,783,1092,902,,
2026-09-03T07:11:55.995992+00:00,cam01,Chiman bhai Bridge,Ahmedabad,—,TR01M1K1R7V8NH8B9XHGQSKWEXF5,truck,CONFIRMED,0.482,958,510,993,547,,
2026-09-03T07:11:55.995992+00:00,cam01,Chiman bhai Bridge,Ahmedabad,—,TR01M1K1R8A1ZVRAYFDHQJ3K43EJ,car,CONFIRMED,0.789,869,619,918,683,,
2026-09-03T07:11:55.995992+00:00,cam01,Chiman bhai Bridge,Ahmedabad,—,TR01M1K1R933V4N58QDB4Y3452YC,car,TENTATIVE,0.527,977,607,1031,632,,
2026-09-03T07:11:56.195992+00:00,cam01,Chiman bhai Bridge,Ahmedabad,—,TR01M1K1QZVZA6224WNY0WBHJY2R,car,CONFIRMED,0.560,636,648,740,719,,
2026-09-03T07:11:56.195992+00:00,cam01,Chiman bhai Bridge,Ahmedabad,—,TR01M1K1QZVZJGCP6TCHJYEW36GT,truck,CONFIRMED,0.518,410,619,495,674,,
2026-09-03T07:11:56.195992+00:00,cam01,Chiman bhai Bridge,Ahmedabad,—,TR01M1K1QZVZJ541V3HXR47R0Q03,car,CONFIRMED,0.493,410,619,495,674,,
2026-09-03T07:11:56.195992+00:00,cam01,Chiman bhai Bridge,Ahmedabad,—,TR01M1K1QZVZJD1S4N6453620A3K,car,CONFIRMED,0.403,661,661,740,719,,
2026-09-03T07:11:56.195992+00:00,cam01,Chiman bhai Bridge,Ahmedabad,—,TR01M1K1R011BKQGAHT4RA7BF7G6,car,CONFIRMED,0.452,989,549,1015,573,,
2026-09-03T07:11:56.195992+00:00,cam01,Chiman bhai Bridge,Ahmedabad,—,TR01M1K1R0BC9AZCJ5QS90SE2R9J,car,CONFIRMED,0.405,986,522,1008,541,,
2026-09-03T07:11:56.195992+00:00,cam01,Chiman bhai Bridge,Ahmedabad,—,TR01M1K1R0BCMN36Q37RKESJFGY1,car,CONFIRMED,0.415,0,620,40,662,,
2026-09-03T07:11:56.195992+00:00,cam01,Chiman bhai Bridge,Ahmedabad,—,TR01M1K1R0FTWY47G001Z4Q0M5YK,car,CONFIRMED,0.648,934,531,961,563,,
2026-09-03T07:11:56.195992+00:00,cam01,Chiman bhai Bridge,Ahmedabad,—,TR01M1K1R0FTW2QTSM7RRQF5Q4GQ,car,CONFIRMED,0.444,653,662,739,721,,
2026-09-03T07:11:56.195992+00:00,cam01,Chiman bhai Bridge,Ahmedabad,—,TR01M1K1R14P7V39EX1SXSC6ZHPG,car,CONFIRMED,0.466,934,538,960,563,,
2026-09-03T07:11:56.195992+00:00,cam01,Chiman bhai Bridge,Ahmedabad,—,TR01M1K1R14P2A4B841DAH1ZP513,car,CONFIRMED,0.795,986,533,1015,568,,
2026-09-03T07:11:56.195992+00:00,cam01,Chiman bhai Bridge,Ahmedabad,—,TR01M1K1R1FPEWJGT4Z4DFDXJ8Q1,truck,CONFIRMED,0.453,525,608,633,689,,
2026-09-03T07:11:56.195992+00:00,cam01,Chiman bhai Bridge,Ahmedabad,—,TR01M1K1R2D4EPW28AVNXG19EQJX,car,CONFIRMED,0.408,922,502,948,521,,
2026-09-03T07:11:56.195992+00:00,cam01,Chiman bhai Bridge,Ahmedabad,—,TR01M1K1R42XG2YYCZSCR51GM64E,car,CONFIRMED,0.802,874,615,924,679,,
2026-09-03T07:11:56.195992+00:00,cam01,Chiman bhai Bridge,Ahmedabad,—,TR01M1K1R4SE02KZ42MYSPVJW5ZB,car,CONFIRMED,0.895,884,700,1001,785,,
2026-09-03T07:11:56.195992+00:00,cam01,Chiman bhai Bridge,Ahmedabad,—,TR01M1K1R4YJQWX2MWQBKSX2Y3S2,vehicle,CONFIRMED,0.476,876,624,960,696,,
2026-09-03T07:11:56.195992+00:00,cam01,Chiman bhai Bridge,Ahmedabad,—,TR01M1K1R5DMEYMFFSNZYKCVSW43,car,CONFIRMED,0.816,972,603,1031,658,,
2026-09-03T07:11:56.195992+00:00,cam01,Chiman bhai Bridge,Ahmedabad,—,TR01M1K1R6YCEYFGX5MVTGFTHAF6,car,CONFIRMED,0.440,1067,505,1109,528,,
2026-09-03T07:11:56.195992+00:00,cam01,Chiman bhai Bridge,Ahmedabad,—,TR01M1K1R6YCGGX00TDN70CJV1CN,vehicle,CONFIRMED,0.490,984,624,1044,696,,
2026-09-03T07:11:56.195992+00:00,cam01,Chiman bhai Bridge,Ahmedabad,—,TR01M1K1R73R5N45FJCYB865WEMK,truck,CONFIRMED,0.527,745,522,817,577,,
2026-09-03T07:11:56.195992+00:00,cam01,Chiman bhai Bridge,Ahmedabad,—,TR01M1K1R7D7Q6KCMR7E6FRNYW50,vehicle,CONFIRMED,0.286,180,660,528,1080,,
2026-09-03T07:11:56.195992+00:00,cam01,Chiman bhai Bridge,Ahmedabad,—,TR01M1K1R7Q7DQGQXFV770ZKPA3Q,car,CONFIRMED,0.913,966,764,1103,871,,
2026-09-03T07:11:56.195992+00:00,cam01,Chiman bhai Bridge,Ahmedabad,—,TR01M1K1R7V8NH8B9XHGQSKWEXF5,truck,CONFIRMED,0.482,958,510,993,547,,
2026-09-03T07:11:56.195992+00:00,cam01,Chiman bhai Bridge,Ahmedabad,—,TR01M1K1R8A1ZVRAYFDHQJ3K43EJ,truck,CONFIRMED,0.455,874,615,925,680,,
2026-09-03T07:11:56.195992+00:00,cam01,Chiman bhai Bridge,Ahmedabad,—,TR01M1K1R933V4N58QDB4Y3452YC,car,CONFIRMED,0.441,972,601,1027,627,,
2026-09-03T07:11:56.355992+00:00,cam01,Chiman bhai Bridge,Ahmedabad,—,TR01M1K1QZVZA6224WNY0WBHJY2R,car,CONFIRMED,0.560,636,648,740,719,,
2026-09-03T07:11:56.355992+00:00,cam01,Chiman bhai Bridge,Ahmedabad,—,TR01M1K1QZVZJGCP6TCHJYEW36GT,truck,CONFIRMED,0.531,410,619,494,674,,
2026-09-03T07:11:56.355992+00:00,cam01,Chiman bhai Bridge,Ahmedabad,—,TR01M1K1QZVZJ541V3HXR47R0Q03,car,CONFIRMED,0.489,410,619,494,674,,
2026-09-03T07:11:56.355992+00:00,cam01,Chiman bhai Bridge,Ahmedabad,—,TR01M1K1QZVZJD1S4N6453620A3K,car,CONFIRMED,0.403,661,661,740,719,,
2026-09-03T07:11:56.355992+00:00,cam01,Chiman bhai Bridge,Ahmedabad,—,TR01M1K1R011BKQGAHT4RA7BF7G6,car,CONFIRMED,0.452,989,549,1015,573,,
2026-09-03T07:11:56.355992+00:00,cam01,Chiman bhai Bridge,Ahmedabad,—,TR01M1K1R0BC9AZCJ5QS90SE2R9J,car,CONFIRMED,0.405,986,522,1008,541,,
2026-09-03T07:11:56.355992+00:00,cam01,Chiman bhai Bridge,Ahmedabad,—,TR01M1K1R0BCMN36Q37RKESJFGY1,car,CONFIRMED,0.431,0,621,40,662,,
2026-09-03T07:11:56.355992+00:00,cam01,Chiman bhai Bridge,Ahmedabad,—,TR01M1K1R0FTWY47G001Z4Q0M5YK,car,CONFIRMED,0.570,934,529,961,563,,
2026-09-03T07:11:56.355992+00:00,cam01,Chiman bhai Bridge,Ahmedabad,—,TR01M1K1R0FTW2QTSM7RRQF5Q4GQ,car,CONFIRMED,0.502,652,666,739,721,,
2026-09-03T07:11:56.355992+00:00,cam01,Chiman bhai Bridge,Ahmedabad,—,TR01M1K1R14P7V39EX1SXSC6ZHPG,car,CONFIRMED,0.513,935,536,961,563,,
2026-09-03T07:11:56.355992+00:00,cam01,Chiman bhai Bridge,Ahmedabad,—,TR01M1K1R14P2A4B841DAH1ZP513,car,CONFIRMED,0.783,986,533,1014,566,,
2026-09-03T07:11:56.355992+00:00,cam01,Chiman bhai Bridge,Ahmedabad,—,TR01M1K1R1FPEWJGT4Z4DFDXJ8Q1,truck,CONFIRMED,0.415,525,607,635,689,,
2026-09-03T07:11:56.355992+00:00,cam01,Chiman bhai Bridge,Ahmedabad,—,TR01M1K1R2D4EPW28AVNXG19EQJX,car,CONFIRMED,0.408,922,502,948,521,,
2026-09-03T07:11:56.355992+00:00,cam01,Chiman bhai Bridge,Ahmedabad,—,TR01M1K1R42XG2YYCZSCR51GM64E,car,CONFIRMED,0.751,878,613,928,676,,
2026-09-03T07:11:56.355992+00:00,cam01,Chiman bhai Bridge,Ahmedabad,—,TR01M1K1R4SE02KZ42MYSPVJW5ZB,car,CONFIRMED,0.889,901,693,1009,773,,
2026-09-03T07:11:56.355992+00:00,cam01,Chiman bhai Bridge,Ahmedabad,—,TR01M1K1R4YJQWX2MWQBKSX2Y3S2,vehicle,CONFIRMED,0.476,876,624,960,696,,
2026-09-03T07:11:56.355992+00:00,cam01,Chiman bhai Bridge,Ahmedabad,—,TR01M1K1R5DMEYMFFSNZYKCVSW43,car,CONFIRMED,0.731,971,599,1029,654,,
2026-09-03T07:11:56.355992+00:00,cam01,Chiman bhai Bridge,Ahmedabad,—,TR01M1K1R6YCGGX00TDN70CJV1CN,vehicle,CONFIRMED,0.490,984,624,1044,696,,
2026-09-03T07:11:56.355992+00:00,cam01,Chiman bhai Bridge,Ahmedabad,—,TR01M1K1R73R5N45FJCYB865WEMK,truck,CONFIRMED,0.525,745,522,817,576,,
2026-09-03T07:11:56.355992+00:00,cam01,Chiman bhai Bridge,Ahmedabad,—,TR01M1K1R7D7Q6KCMR7E6FRNYW50,vehicle,CONFIRMED,0.279,180,660,528,1080,,
2026-09-03T07:11:56.355992+00:00,cam01,Chiman bhai Bridge,Ahmedabad,—,TR01M1K1R7Q7DQGQXFV770ZKPA3Q,car,CONFIRMED,0.904,976,754,1107,854,,
2026-09-03T07:11:56.355992+00:00,cam01,Chiman bhai Bridge,Ahmedabad,—,TR01M1K1R7V8NH8B9XHGQSKWEXF5,truck,CONFIRMED,0.482,958,510,993,547,,
2026-09-03T07:11:56.355992+00:00,cam01,Chiman bhai Bridge,Ahmedabad,—,TR01M1K1R8A1ZVRAYFDHQJ3K43EJ,truck,CONFIRMED,0.504,878,613,928,677,,
2026-09-03T07:11:56.355992+00:00,cam01,Chiman bhai Bridge,Ahmedabad,—,TR01M1K1R933V4N58QDB4Y3452YC,car,CONFIRMED,0.504,972,597,1027,623,,
2026-09-03T07:11:56.475992+00:00,cam01,Chiman bhai Bridge,Ahmedabad,—,TR01M1K1QZVZA6224WNY0WBHJY2R,car,CONFIRMED,0.560,636,648,740,719,,
2026-09-03T07:11:56.475992+00:00,cam01,Chiman bhai Bridge,Ahmedabad,—,TR01M1K1QZVZJGCP6TCHJYEW36GT,truck,CONFIRMED,0.480,410,619,495,674,,
2026-09-03T07:11:56.475992+00:00,cam01,Chiman bhai Bridge,Ahmedabad,—,TR01M1K1QZVZJ541V3HXR47R0Q03,car,CONFIRMED,0.489,410,619,494,674,,
2026-09-03T07:11:56.475992+00:00,cam01,Chiman bhai Bridge,Ahmedabad,—,TR01M1K1QZVZJD1S4N6453620A3K,car,CONFIRMED,0.403,661,661,740,719,,
2026-09-03T07:11:56.475992+00:00,cam01,Chiman bhai Bridge,Ahmedabad,—,TR01M1K1R011BKQGAHT4RA7BF7G6,car,CONFIRMED,0.520,987,539,1012,566,,
2026-09-03T07:11:56.475992+00:00,cam01,Chiman bhai Bridge,Ahmedabad,—,TR01M1K1R0BC9AZCJ5QS90SE2R9J,car,CONFIRMED,0.405,986,522,1008,541,,
2026-09-03T07:11:56.475992+00:00,cam01,Chiman bhai Bridge,Ahmedabad,—,TR01M1K1R0BCMN36Q37RKESJFGY1,car,CONFIRMED,0.419,0,621,40,662,,
2026-09-03T07:11:56.475992+00:00,cam01,Chiman bhai Bridge,Ahmedabad,—,TR01M1K1R0FTWY47G001Z4Q0M5YK,car,CONFIRMED,0.556,934,525,961,562,,
2026-09-03T07:11:56.475992+00:00,cam01,Chiman bhai Bridge,Ahmedabad,—,TR01M1K1R0FTW2QTSM7RRQF5Q4GQ,car,CONFIRMED,0.502,652,666,739,721,,
2026-09-03T07:11:56.475992+00:00,cam01,Chiman bhai Bridge,Ahmedabad,—,TR01M1K1R14P7V39EX1SXSC6ZHPG,car,CONFIRMED,0.404,935,535,961,562,,
2026-09-03T07:11:56.475992+00:00,cam01,Chiman bhai Bridge,Ahmedabad,—,TR01M1K1R14P2A4B841DAH1ZP513,car,CONFIRMED,0.749,986,532,1014,565,,
2026-09-03T07:11:56.475992+00:00,cam01,Chiman bhai Bridge,Ahmedabad,—,TR01M1K1R1FPEWJGT4Z4DFDXJ8Q1,truck,CONFIRMED,0.415,525,607,635,689,,
2026-09-03T07:11:56.475992+00:00,cam01,Chiman bhai Bridge,Ahmedabad,—,TR01M1K1R2D4EPW28AVNXG19EQJX,car,CONFIRMED,0.408,922,502,948,521,,
2026-09-03T07:11:56.475992+00:00,cam01,Chiman bhai Bridge,Ahmedabad,—,TR01M1K1R42XG2YYCZSCR51GM64E,car,CONFIRMED,0.724,882,610,930,672,,
2026-09-03T07:11:56.475992+00:00,cam01,Chiman bhai Bridge,Ahmedabad,—,TR01M1K1R4SE02KZ42MYSPVJW5ZB,car,CONFIRMED,0.874,916,682,1021,757,,
2026-09-03T07:11:56.475992+00:00,cam01,Chiman bhai Bridge,Ahmedabad,—,TR01M1K1R4YJQWX2MWQBKSX2Y3S2,vehicle,CONFIRMED,0.476,876,624,960,696,,
2026-09-03T07:11:56.475992+00:00,cam01,Chiman bhai Bridge,Ahmedabad,—,TR01M1K1R5DMEYMFFSNZYKCVSW43,car,CONFIRMED,0.831,969,595,1026,647,,
2026-09-03T07:11:56.475992+00:00,cam01,Chiman bhai Bridge,Ahmedabad,—,TR01M1K1R6YCGGX00TDN70CJV1CN,vehicle,CONFIRMED,0.490,984,624,1044,696,,
2026-09-03T07:11:56.475992+00:00,cam01,Chiman bhai Bridge,Ahmedabad,—,TR01M1K1R73R5N45FJCYB865WEMK,truck,CONFIRMED,0.502,744,522,817,576,,
2026-09-03T07:11:56.475992+00:00,cam01,Chiman bhai Bridge,Ahmedabad,—,TR01M1K1R7D7Q6KCMR7E6FRNYW50,vehicle,CONFIRMED,0.264,180,660,636,1068,,
2026-09-03T07:11:56.475992+00:00,cam01,Chiman bhai Bridge,Ahmedabad,—,TR01M1K1R7Q7DQGQXFV770ZKPA3Q,car,CONFIRMED,0.900,990,742,1111,836,,
2026-09-03T07:11:56.475992+00:00,cam01,Chiman bhai Bridge,Ahmedabad,—,TR01M1K1R7V8NH8B9XHGQSKWEXF5,truck,CONFIRMED,0.482,958,510,993,547,,
2026-09-03T07:11:56.475992+00:00,cam01,Chiman bhai Bridge,Ahmedabad,—,TR01M1K1R8A1ZVRAYFDHQJ3K43EJ,truck,CONFIRMED,0.485,881,610,930,672,,
2026-09-03T07:11:56.475992+00:00,cam01,Chiman bhai Bridge,Ahmedabad,—,TR01M1K1R933V4N58QDB4Y3452YC,car,CONFIRMED,0.402,969,595,1025,629,,
2026-09-03T07:11:56.678992+00:00,cam01,Chiman bhai Bridge,Ahmedabad,—,TR01M1K1QZVZJGCP6TCHJYEW36GT,truck,CONFIRMED,0.489,411,619,495,675,,
2026-09-03T07:11:56.678992+00:00,cam01,Chiman bhai Bridge,Ahmedabad,—,TR01M1K1QZVZJ541V3HXR47R0Q03,car,CONFIRMED,0.489,410,619,494,674,,
2026-09-03T07:11:56.678992+00:00,cam01,Chiman bhai Bridge,Ahmedabad,—,TR01M1K1QZVZJD1S4N6453620A3K,car,CONFIRMED,0.403,661,661,740,719,,
2026-09-03T07:11:56.678992+00:00,cam01,Chiman bhai Bridge,Ahmedabad,—,TR01M1K1R011BKQGAHT4RA7BF7G6,car,CONFIRMED,0.672,987,534,1012,565,,
2026-09-03T07:11:56.678992+00:00,cam01,Chiman bhai Bridge,Ahmedabad,—,TR01M1K1R0BC9AZCJ5QS90SE2R9J,car,CONFIRMED,0.405,986,522,1008,541,,
2026-09-03T07:11:56.678992+00:00,cam01,Chiman bhai Bridge,Ahmedabad,—,TR01M1K1R0BCMN36Q37RKESJFGY1,car,CONFIRMED,0.452,0,621,40,662,,
2026-09-03T07:11:56.678992+00:00,cam01,Chiman bhai Bridge,Ahmedabad,—,TR01M1K1R0FTWY47G001Z4Q0M5YK,car,CONFIRMED,0.557,933,523,961,561,,
2026-09-03T07:11:56.678992+00:00,cam01,Chiman bhai Bridge,Ahmedabad,—,TR01M1K1R0FTW2QTSM7RRQF5Q4GQ,car,CONFIRMED,0.408,640,664,738,721,,
2026-09-03T07:11:56.678992+00:00,cam01,Chiman bhai Bridge,Ahmedabad,—,TR01M1K1R14P7V39EX1SXSC6ZHPG,truck,CONFIRMED,0.459,933,523,961,561,,
2026-09-03T07:11:56.678992+00:00,cam01,Chiman bhai Bridge,Ahmedabad,—,TR01M1K1R14P2A4B841DAH1ZP513,car,CONFIRMED,0.694,985,530,1012,565,,
2026-09-03T07:11:56.678992+00:00,cam01,Chiman bhai Bridge,Ahmedabad,—,TR01M1K1R1FPEWJGT4Z4DFDXJ8Q1,truck,CONFIRMED,0.410,527,607,634,689,,
2026-09-03T07:11:56.678992+00:00,cam01,Chiman bhai Bridge,Ahmedabad,—,TR01M1K1R2D4EPW28AVNXG19EQJX,car,CONFIRMED,0.405,920,502,951,521,,
2026-09-03T07:11:56.678992+00:00,cam01,Chiman bhai Bridge,Ahmedabad,—,TR01M1K1R42XG2YYCZSCR51GM64E,car,CONFIRMED,0.757,888,606,933,666,,
2026-09-03T07:11:56.678992+00:00,cam01,Chiman bhai Bridge,Ahmedabad,—,TR01M1K1R4SE02KZ42MYSPVJW5ZB,car,CONFIRMED,0.887,937,670,1031,739,,
2026-09-03T07:11:56.678992+00:00,cam01,Chiman bhai Bridge,Ahmedabad,—,TR01M1K1R4YJQWX2MWQBKSX2Y3S2,vehicle,CONFIRMED,0.476,876,624,960,696,,
2026-09-03T07:11:56.678992+00:00,cam01,Chiman bhai Bridge,Ahmedabad,—,TR01M1K1R5DMEYMFFSNZYKCVSW43,car,CONFIRMED,0.790,967,591,1022,640,,
2026-09-03T07:11:56.678992+00:00,cam01,Chiman bhai Bridge,Ahmedabad,—,TR01M1K1R6YCGGX00TDN70CJV1CN,vehicle,CONFIRMED,0.490,972,600,1020,660,,
2026-09-03T07:11:56.678992+00:00,cam01,Chiman bhai Bridge,Ahmedabad,—,TR01M1K1R73R5N45FJCYB865WEMK,truck,CONFIRMED,0.556,744,521,817,576,,
2026-09-03T07:11:56.678992+00:00,cam01,Chiman bhai Bridge,Ahmedabad,—,TR01M1K1R7D7Q6KCMR7E6FRNYW50,vehicle,CONFIRMED,0.357,432,684,648,1032,,
2026-09-03T07:11:56.678992+00:00,cam01,Chiman bhai Bridge,Ahmedabad,—,TR01M1K1R7Q7DQGQXFV770ZKPA3Q,car,CONFIRMED,0.884,1004,728,1115,820,,
2026-09-03T07:11:56.678992+00:00,cam01,Chiman bhai Bridge,Ahmedabad,—,TR01M1K1R7V8NH8B9XHGQSKWEXF5,truck,CONFIRMED,0.482,958,510,993,547,,
2026-09-03T07:11:56.678992+00:00,cam01,Chiman bhai Bridge,Ahmedabad,—,TR01M1K1R8A1ZVRAYFDHQJ3K43EJ,truck,CONFIRMED,0.539,888,606,933,666,,
2026-09-03T07:11:56.678992+00:00,cam01,Chiman bhai Bridge,Ahmedabad,—,TR01M1K1R933V4N58QDB4Y3452YC,truck,CONFIRMED,0.452,967,591,1022,640,,
2026-09-03T07:11:56.678992+00:00,cam01,Chiman bhai Bridge,Ahmedabad,—,TR01M1K1R9QMQGQPH1ATTX0EKWH3,truck,TENTATIVE,0.508,1368,550,1414,617,,
2026-09-03T07:11:56.798992+00:00,cam01,Chiman bhai Bridge,Ahmedabad,—,TR01M1K1QZVZJGCP6TCHJYEW36GT,truck,CONFIRMED,0.489,411,619,495,675,,
2026-09-03T07:11:56.798992+00:00,cam01,Chiman bhai Bridge,Ahmedabad,—,TR01M1K1QZVZJ541V3HXR47R0Q03,truck,CONFIRMED,0.466,411,619,494,674,,
2026-09-03T07:11:56.798992+00:00,cam01,Chiman bhai Bridge,Ahmedabad,—,TR01M1K1QZVZJD1S4N6453620A3K,car,CONFIRMED,0.403,661,661,740,719,,
2026-09-03T07:11:56.798992+00:00,cam01,Chiman bhai Bridge,Ahmedabad,—,TR01M1K1R011BKQGAHT4RA7BF7G6,car,CONFIRMED,0.514,986,538,1011,562,,
2026-09-03T07:11:56.798992+00:00,cam01,Chiman bhai Bridge,Ahmedabad,—,TR01M1K1R0BC9AZCJ5QS90SE2R9J,car,CONFIRMED,0.405,986,522,1008,541,,
2026-09-03T07:11:56.798992+00:00,cam01,Chiman bhai Bridge,Ahmedabad,—,TR01M1K1R0BCMN36Q37RKESJFGY1,car,CONFIRMED,0.437,0,622,40,662,,
2026-09-03T07:11:56.798992+00:00,cam01,Chiman bhai Bridge,Ahmedabad,—,TR01M1K1R0FTWY47G001Z4Q0M5YK,car,CONFIRMED,0.535,935,523,961,559,,
2026-09-03T07:11:56.798992+00:00,cam01,Chiman bhai Bridge,Ahmedabad,—,TR01M1K1R0FTW2QTSM7RRQF5Q4GQ,car,CONFIRMED,0.408,640,664,738,721,,
2026-09-03T07:11:56.798992+00:00,cam01,Chiman bhai Bridge,Ahmedabad,—,TR01M1K1R14P7V39EX1SXSC6ZHPG,truck,CONFIRMED,0.431,935,523,961,559,,
2026-09-03T07:11:56.798992+00:00,cam01,Chiman bhai Bridge,Ahmedabad,—,TR01M1K1R14P2A4B841DAH1ZP513,car,CONFIRMED,0.717,985,530,1012,561,,
2026-09-03T07:11:56.798992+00:00,cam01,Chiman bhai Bridge,Ahmedabad,—,TR01M1K1R1FPEWJGT4Z4DFDXJ8Q1,truck,CONFIRMED,0.410,527,607,634,689,,
2026-09-03T07:11:56.798992+00:00,cam01,Chiman bhai Bridge,Ahmedabad,—,TR01M1K1R2D4EPW28AVNXG19EQJX,car,CONFIRMED,0.405,920,502,951,521,,
2026-09-03T07:11:56.798992+00:00,cam01,Chiman bhai Bridge,Ahmedabad,—,TR01M1K1R42XG2YYCZSCR51GM64E,car,CONFIRMED,0.754,890,604,937,664,,
2026-09-03T07:11:56.798992+00:00,cam01,Chiman bhai Bridge,Ahmedabad,—,TR01M1K1R4SE02KZ42MYSPVJW5ZB,car,CONFIRMED,0.861,946,663,1037,728,,
2026-09-03T07:11:56.798992+00:00,cam01,Chiman bhai Bridge,Ahmedabad,—,TR01M1K1R4YJQWX2MWQBKSX2Y3S2,vehicle,CONFIRMED,0.476,876,624,960,696,,
2026-09-03T07:11:56.798992+00:00,cam01,Chiman bhai Bridge,Ahmedabad,—,TR01M1K1R5DMEYMFFSNZYKCVSW43,car,CONFIRMED,0.781,966,589,1020,636,,
2026-09-03T07:11:56.798992+00:00,cam01,Chiman bhai Bridge,Ahmedabad,—,TR01M1K1R6YCGGX00TDN70CJV1CN,vehicle,CONFIRMED,0.490,972,600,1020,660,,
2026-09-03T07:11:56.798992+00:00,cam01,Chiman bhai Bridge,Ahmedabad,—,TR01M1K1R73R5N45FJCYB865WEMK,truck,CONFIRMED,0.535,745,522,816,576,,
2026-09-03T07:11:56.798992+00:00,cam01,Chiman bhai Bridge,Ahmedabad,—,TR01M1K1R7D7Q6KCMR7E6FRNYW50,vehicle,CONFIRMED,0.357,432,684,648,1032,,
2026-09-03T07:11:56.798992+00:00,cam01,Chiman bhai Bridge,Ahmedabad,—,TR01M1K1R7Q7DQGQXFV770ZKPA3Q,car,CONFIRMED,0.860,1010,720,1116,811,,
2026-09-03T07:11:56.798992+00:00,cam01,Chiman bhai Bridge,Ahmedabad,—,TR01M1K1R7V8NH8B9XHGQSKWEXF5,truck,CONFIRMED,0.482,958,510,993,547,,
2026-09-03T07:11:56.798992+00:00,cam01,Chiman bhai Bridge,Ahmedabad,—,TR01M1K1R8A1ZVRAYFDHQJ3K43EJ,truck,CONFIRMED,0.539,888,606,933,666,,
2026-09-03T07:11:56.798992+00:00,cam01,Chiman bhai Bridge,Ahmedabad,—,TR01M1K1R933V4N58QDB4Y3452YC,truck,CONFIRMED,0.452,967,591,1022,640,,
2026-09-03T07:11:56.798992+00:00,cam01,Chiman bhai Bridge,Ahmedabad,—,TR01M1K1R9QMQGQPH1ATTX0EKWH3,truck,CONFIRMED,0.434,1368,550,1414,617,,
2026-09-03T07:11:56.958992+00:00,cam01,Chiman bhai Bridge,Ahmedabad,—,TR01M1K1QZVZJGCP6TCHJYEW36GT,truck,CONFIRMED,0.489,411,619,495,675,,
2026-09-03T07:11:56.958992+00:00,cam01,Chiman bhai Bridge,Ahmedabad,—,TR01M1K1QZVZJ541V3HXR47R0Q03,truck,CONFIRMED,0.506,410,619,494,676,,
2026-09-03T07:11:56.958992+00:00,cam01,Chiman bhai Bridge,Ahmedabad,—,TR01M1K1QZVZJD1S4N6453620A3K,car,CONFIRMED,0.403,661,661,740,719,,
2026-09-03T07:11:56.958992+00:00,cam01,Chiman bhai Bridge,Ahmedabad,—,TR01M1K1R011BKQGAHT4RA7BF7G6,car,CONFIRMED,0.514,986,538,1011,562,,
2026-09-03T07:11:56.958992+00:00,cam01,Chiman bhai Bridge,Ahmedabad,—,TR01M1K1R0BC9AZCJ5QS90SE2R9J,car,CONFIRMED,0.405,986,522,1008,541,,
2026-09-03T07:11:56.958992+00:00,cam01,Chiman bhai Bridge,Ahmedabad,—,TR01M1K1R0BCMN36Q37RKESJFGY1,car,CONFIRMED,0.472,0,623,39,662,,
2026-09-03T07:11:56.958992+00:00,cam01,Chiman bhai Bridge,Ahmedabad,—,TR01M1K1R0FTWY47G001Z4Q0M5YK,car,CONFIRMED,0.550,935,523,961,558,,
2026-09-03T07:11:56.958992+00:00,cam01,Chiman bhai Bridge,Ahmedabad,—,TR01M1K1R0FTW2QTSM7RRQF5Q4GQ,car,CONFIRMED,0.408,640,664,738,721,,
2026-09-03T07:11:56.958992+00:00,cam01,Chiman bhai Bridge,Ahmedabad,—,TR01M1K1R14P7V39EX1SXSC6ZHPG,truck,CONFIRMED,0.416,935,523,961,558,,
2026-09-03T07:11:56.958992+00:00,cam01,Chiman bhai Bridge,Ahmedabad,—,TR01M1K1R14P2A4B841DAH1ZP513,car,CONFIRMED,0.724,985,532,1012,561,,
2026-09-03T07:11:56.958992+00:00,cam01,Chiman bhai Bridge,Ahmedabad,—,TR01M1K1R1FPEWJGT4Z4DFDXJ8Q1,truck,CONFIRMED,0.402,527,607,636,689,,
2026-09-03T07:11:56.958992+00:00,cam01,Chiman bhai Bridge,Ahmedabad,—,TR01M1K1R2D4EPW28AVNXG19EQJX,car,CONFIRMED,0.452,919,502,951,521,,
2026-09-03T07:11:56.958992+00:00,cam01,Chiman bhai Bridge,Ahmedabad,—,TR01M1K1R42XG2YYCZSCR51GM64E,car,CONFIRMED,0.749,891,602,938,662,,
2026-09-03T07:11:56.958992+00:00,cam01,Chiman bhai Bridge,Ahmedabad,—,TR01M1K1R4SE02KZ42MYSPVJW5ZB,car,CONFIRMED,0.854,956,657,1042,718,,
2026-09-03T07:11:56.958992+00:00,cam01,Chiman bhai Bridge,Ahmedabad,—,TR01M1K1R4YJQWX2MWQBKSX2Y3S2,vehicle,CONFIRMED,0.476,876,624,960,696,,
2026-09-03T07:11:56.958992+00:00,cam01,Chiman bhai Bridge,Ahmedabad,—,TR01M1K1R5DMEYMFFSNZYKCVSW43,car,CONFIRMED,0.798,965,586,1017,634,,
2026-09-03T07:11:56.958992+00:00,cam01,Chiman bhai Bridge,Ahmedabad,—,TR01M1K1R6YCGGX00TDN70CJV1CN,vehicle,CONFIRMED,0.490,972,600,1020,660,,
2026-09-03T07:11:56.958992+00:00,cam01,Chiman bhai Bridge,Ahmedabad,—,TR01M1K1R73R5N45FJCYB865WEMK,truck,CONFIRMED,0.537,744,522,816,576,,
2026-09-03T07:11:56.958992+00:00,cam01,Chiman bhai Bridge,Ahmedabad,—,TR01M1K1R7D7Q6KCMR7E6FRNYW50,vehicle,CONFIRMED,0.377,456,684,648,984,,
2026-09-03T07:11:56.958992+00:00,cam01,Chiman bhai Bridge,Ahmedabad,—,TR01M1K1R7Q7DQGQXFV770ZKPA3Q,car,CONFIRMED,0.867,1015,712,1116,797,,
2026-09-03T07:11:56.958992+00:00,cam01,Chiman bhai Bridge,Ahmedabad,—,TR01M1K1R8A1ZVRAYFDHQJ3K43EJ,car,CONFIRMED,0.714,892,602,938,660,,
2026-09-03T07:11:56.958992+00:00,cam01,Chiman bhai Bridge,Ahmedabad,—,TR01M1K1R933V4N58QDB4Y3452YC,truck,CONFIRMED,0.452,967,591,1022,640,,
2026-09-03T07:11:56.958992+00:00,cam01,Chiman bhai Bridge,Ahmedabad,—,TR01M1K1R9QMQGQPH1ATTX0EKWH3,truck,CONFIRMED,0.504,1368,550,1414,617,,
2026-09-03T07:11:56.958992+00:00,cam01,Chiman bhai Bridge,Ahmedabad,—,TR01M1K1RA1MY85M067P98XDQTN6,car,CONFIRMED,0.446,1282,573,1322,614,,
2026-09-03T07:11:57.398992+00:00,cam01,Chiman bhai Bridge,Ahmedabad,—,TR01M1K1QZVZJGCP6TCHJYEW36GT,car,CONFIRMED,0.405,411,619,501,678,,
2026-09-03T07:11:57.398992+00:00,cam01,Chiman bhai Bridge,Ahmedabad,—,TR01M1K1QZVZJ541V3HXR47R0Q03,truck,CONFIRMED,0.610,411,619,501,678,,
2026-09-03T07:11:57.398992+00:00,cam01,Chiman bhai Bridge,Ahmedabad,—,TR01M1K1R011BKQGAHT4RA7BF7G6,car,CONFIRMED,0.712,984,532,1010,556,,
2026-09-03T07:11:57.398992+00:00,cam01,Chiman bhai Bridge,Ahmedabad,—,TR01M1K1R0BC9AZCJ5QS90SE2R9J,car,CONFIRMED,0.423,980,519,1006,536,,
2026-09-03T07:11:57.398992+00:00,cam01,Chiman bhai Bridge,Ahmedabad,—,TR01M1K1R0BCMN36Q37RKESJFGY1,car,CONFIRMED,0.499,0,625,40,662,,
2026-09-03T07:11:57.398992+00:00,cam01,Chiman bhai Bridge,Ahmedabad,—,TR01M1K1R0FTWY47G001Z4Q0M5YK,truck,CONFIRMED,0.442,939,522,962,553,,
2026-09-03T07:11:57.398992+00:00,cam01,Chiman bhai Bridge,Ahmedabad,—,TR01M1K1R0FTW2QTSM7RRQF5Q4GQ,car,CONFIRMED,0.406,647,657,740,720,,
2026-09-03T07:11:57.398992+00:00,cam01,Chiman bhai Bridge,Ahmedabad,—,TR01M1K1R14P7V39EX1SXSC6ZHPG,car,CONFIRMED,0.536,939,522,962,553,,
2026-09-03T07:11:57.398992+00:00,cam01,Chiman bhai Bridge,Ahmedabad,—,TR01M1K1R14P2A4B841DAH1ZP513,car,CONFIRMED,0.674,985,528,1011,558,,
2026-09-03T07:11:57.398992+00:00,cam01,Chiman bhai Bridge,Ahmedabad,—,TR01M1K1R1FPEWJGT4Z4DFDXJ8Q1,truck,CONFIRMED,0.517,525,607,636,690,,
2026-09-03T07:11:57.398992+00:00,cam01,Chiman bhai Bridge,Ahmedabad,—,TR01M1K1R2D4EPW28AVNXG19EQJX,car,CONFIRMED,0.471,919,502,951,521,,
2026-09-03T07:11:57.398992+00:00,cam01,Chiman bhai Bridge,Ahmedabad,—,TR01M1K1R42XG2YYCZSCR51GM64E,car,CONFIRMED,0.600,901,593,943,647,,
2026-09-03T07:11:57.398992+00:00,cam01,Chiman bhai Bridge,Ahmedabad,—,TR01M1K1R4SE02KZ42MYSPVJW5ZB,car,CONFIRMED,0.839,982,634,1053,690,,
2026-09-03T07:11:57.398992+00:00,cam01,Chiman bhai Bridge,Ahmedabad,—,TR01M1K1R4YJQWX2MWQBKSX2Y3S2,vehicle,CONFIRMED,0.476,876,624,960,696,,
2026-09-03T07:11:57.398992+00:00,cam01,Chiman bhai Bridge,Ahmedabad,—,TR01M1K1R5DMEYMFFSNZYKCVSW43,car,CONFIRMED,0.675,960,576,1009,620,,
2026-09-03T07:11:57.398992+00:00,cam01,Chiman bhai Bridge,Ahmedabad,—,TR01M1K1R6YCGGX00TDN70CJV1CN,truck,CONFIRMED,0.494,960,576,1009,620,,
2026-09-03T07:11:57.398992+00:00,cam01,Chiman bhai Bridge,Ahmedabad,—,TR01M1K1R73R5N45FJCYB865WEMK,truck,CONFIRMED,0.495,746,522,816,576,,
2026-09-03T07:11:57.398992+00:00,cam01,Chiman bhai Bridge,Ahmedabad,—,TR01M1K1R7D7Q6KCMR7E6FRNYW50,vehicle,CONFIRMED,0.377,456,684,648,984,,
2026-09-03T07:11:57.398992+00:00,cam01,Chiman bhai Bridge,Ahmedabad,—,TR01M1K1R7Q7DQGQXFV770ZKPA3Q,car,CONFIRMED,0.873,1029,686,1115,757,,
2026-09-03T07:11:57.398992+00:00,cam01,Chiman bhai Bridge,Ahmedabad,—,TR01M1K1R8A1ZVRAYFDHQJ3K43EJ,truck,CONFIRMED,0.432,901,593,943,647,,
2026-09-03T07:11:57.398992+00:00,cam01,Chiman bhai Bridge,Ahmedabad,—,TR01M1K1R933V4N58QDB4Y3452YC,truck,CONFIRMED,0.452,967,591,1022,640,,
2026-09-03T07:11:57.398992+00:00,cam01,Chiman bhai Bridge,Ahmedabad,—,TR01M1K1R9QMQGQPH1ATTX0EKWH3,truck,CONFIRMED,0.509,1368,550,1415,617,,
2026-09-03T07:11:57.398992+00:00,cam01,Chiman bhai Bridge,Ahmedabad,—,TR01M1K1RA1MY85M067P98XDQTN6,car,CONFIRMED,0.446,1282,573,1322,614,,
2026-09-03T07:11:57.398992+00:00,cam01,Chiman bhai Bridge,Ahmedabad,—,TR01M1K1RAB1Y66XAZ0AHDG6NQ1J,truck,CONFIRMED,0.480,960,576,1008,620,,
2026-09-03T07:11:57.598992+00:00,cam01,Chiman bhai Bridge,Ahmedabad,—,TR01M1K1QZVZJGCP6TCHJYEW36GT,truck,CONFIRMED,0.623,411,619,502,679,,
2026-09-03T07:11:57.598992+00:00,cam01,Chiman bhai Bridge,Ahmedabad,—,TR01M1K1QZVZJ541V3HXR47R0Q03,truck,CONFIRMED,0.610,411,619,501,678,,
2026-09-03T07:11:57.598992+00:00,cam01,Chiman bhai Bridge,Ahmedabad,—,TR01M1K1R011BKQGAHT4RA7BF7G6,car,CONFIRMED,0.723,984,532,1009,554,,
2026-09-03T07:11:57.598992+00:00,cam01,Chiman bhai Bridge,Ahmedabad,—,TR01M1K1R0BC9AZCJ5QS90SE2R9J,car,CONFIRMED,0.423,980,519,1006,536,,
2026-09-03T07:11:57.598992+00:00,cam01,Chiman bhai Bridge,Ahmedabad,—,TR01M1K1R0BCMN36Q37RKESJFGY1,car,CONFIRMED,0.452,0,624,40,662,,
2026-09-03T07:11:57.598992+00:00,cam01,Chiman bhai Bridge,Ahmedabad,—,TR01M1K1R0FTWY47G001Z4Q0M5YK,car,CONFIRMED,0.500,939,531,961,553,,
2026-09-03T07:11:57.598992+00:00,cam01,Chiman bhai Bridge,Ahmedabad,—,TR01M1K1R0FTW2QTSM7RRQF5Q4GQ,car,CONFIRMED,0.406,647,657,740,720,,
2026-09-03T07:11:57.598992+00:00,cam01,Chiman bhai Bridge,Ahmedabad,—,TR01M1K1R14P7V39EX1SXSC6ZHPG,truck,CONFIRMED,0.423,938,520,962,553,,
2026-09-03T07:11:57.598992+00:00,cam01,Chiman bhai Bridge,Ahmedabad,—,TR01M1K1R14P2A4B841DAH1ZP513,car,CONFIRMED,0.674,985,528,1011,558,,
2026-09-03T07:11:57.598992+00:00,cam01,Chiman bhai Bridge,Ahmedabad,—,TR01M1K1R1FPEWJGT4Z4DFDXJ8Q1,truck,CONFIRMED,0.478,525,608,635,690,,
2026-09-03T07:11:57.598992+00:00,cam01,Chiman bhai Bridge,Ahmedabad,—,TR01M1K1R2D4EPW28AVNXG19EQJX,car,CONFIRMED,0.400,918,502,948,519,,
2026-09-03T07:11:57.598992+00:00,cam01,Chiman bhai Bridge,Ahmedabad,—,TR01M1K1R42XG2YYCZSCR51GM64E,car,CONFIRMED,0.565,904,590,945,643,,
2026-09-03T07:11:57.598992+00:00,cam01,Chiman bhai Bridge,Ahmedabad,—,TR01M1K1R4SE02KZ42MYSPVJW5ZB,car,CONFIRMED,0.801,990,626,1056,678,,
2026-09-03T07:11:57.598992+00:00,cam01,Chiman bhai Bridge,Ahmedabad,—,TR01M1K1R5DMEYMFFSNZYKCVSW43,car,CONFIRMED,0.754,960,572,1006,612,,
2026-09-03T07:11:57.598992+00:00,cam01,Chiman bhai Bridge,Ahmedabad,—,TR01M1K1R6YCGGX00TDN70CJV1CN,truck,CONFIRMED,0.407,960,572,1006,612,,
2026-09-03T07:11:57.598992+00:00,cam01,Chiman bhai Bridge,Ahmedabad,—,TR01M1K1R73R5N45FJCYB865WEMK,truck,CONFIRMED,0.500,746,522,816,576,,
2026-09-03T07:11:57.598992+00:00,cam01,Chiman bhai Bridge,Ahmedabad,—,TR01M1K1R7D7Q6KCMR7E6FRNYW50,vehicle,CONFIRMED,0.369,576,672,780,972,,
2026-09-03T07:11:57.598992+00:00,cam01,Chiman bhai Bridge,Ahmedabad,—,TR01M1K1R7Q7DQGQXFV770ZKPA3Q,car,CONFIRMED,0.858,1030,676,1114,745,,
2026-09-03T07:11:57.598992+00:00,cam01,Chiman bhai Bridge,Ahmedabad,—,TR01M1K1R8A1ZVRAYFDHQJ3K43EJ,truck,CONFIRMED,0.412,904,590,945,643,,
2026-09-03T07:11:57.598992+00:00,cam01,Chiman bhai Bridge,Ahmedabad,—,TR01M1K1R933V4N58QDB4Y3452YC,truck,CONFIRMED,0.452,967,591,1022,640,,
2026-09-03T07:11:57.598992+00:00,cam01,Chiman bhai Bridge,Ahmedabad,—,TR01M1K1R9QMQGQPH1ATTX0EKWH3,truck,CONFIRMED,0.509,1368,550,1415,617,,
2026-09-03T07:11:57.598992+00:00,cam01,Chiman bhai Bridge,Ahmedabad,—,TR01M1K1RA1MY85M067P98XDQTN6,car,CONFIRMED,0.446,1282,573,1322,614,,
2026-09-03T07:11:57.598992+00:00,cam01,Chiman bhai Bridge,Ahmedabad,—,TR01M1K1RAB1Y66XAZ0AHDG6NQ1J,truck,CONFIRMED,0.480,960,576,1008,620,,
2026-09-03T07:11:57.878992+00:00,cam01,Chiman bhai Bridge,Ahmedabad,—,TR01M1K1QZVZJGCP6TCHJYEW36GT,truck,CONFIRMED,0.607,411,619,503,678,,
2026-09-03T07:11:57.878992+00:00,cam01,Chiman bhai Bridge,Ahmedabad,—,TR01M1K1QZVZJ541V3HXR47R0Q03,car,CONFIRMED,0.405,411,619,503,678,,
2026-09-03T07:11:57.878992+00:00,cam01,Chiman bhai Bridge,Ahmedabad,—,TR01M1K1R011BKQGAHT4RA7BF7G6,car,CONFIRMED,0.685,985,530,1008,553,,
2026-09-03T07:11:57.878992+00:00,cam01,Chiman bhai Bridge,Ahmedabad,—,TR01M1K1R0BC9AZCJ5QS90SE2R9J,car,CONFIRMED,0.423,980,519,1006,536,,
2026-09-03T07:11:57.878992+00:00,cam01,Chiman bhai Bridge,Ahmedabad,—,TR01M1K1R0BCMN36Q37RKESJFGY1,car,CONFIRMED,0.445,0,624,40,662,,
2026-09-03T07:11:57.878992+00:00,cam01,Chiman bhai Bridge,Ahmedabad,—,TR01M1K1R0FTWY47G001Z4Q0M5YK,truck,CONFIRMED,0.421,939,520,963,551,,
2026-09-03T07:11:57.878992+00:00,cam01,Chiman bhai Bridge,Ahmedabad,—,TR01M1K1R0FTW2QTSM7RRQF5Q4GQ,car,CONFIRMED,0.406,647,657,740,720,,
2026-09-03T07:11:57.878992+00:00,cam01,Chiman bhai Bridge,Ahmedabad,—,TR01M1K1R14P7V39EX1SXSC6ZHPG,car,CONFIRMED,0.498,939,520,963,551,,
2026-09-03T07:11:57.878992+00:00,cam01,Chiman bhai Bridge,Ahmedabad,—,TR01M1K1R14P2A4B841DAH1ZP513,car,CONFIRMED,0.674,985,528,1011,558,,
2026-09-03T07:11:57.878992+00:00,cam01,Chiman bhai Bridge,Ahmedabad,—,TR01M1K1R1FPEWJGT4Z4DFDXJ8Q1,truck,CONFIRMED,0.408,529,607,635,690,,
2026-09-03T07:11:57.878992+00:00,cam01,Chiman bhai Bridge,Ahmedabad,—,TR01M1K1R2D4EPW28AVNXG19EQJX,car,CONFIRMED,0.421,919,502,948,519,,
2026-09-03T07:11:57.878992+00:00,cam01,Chiman bhai Bridge,Ahmedabad,—,TR01M1K1R42XG2YYCZSCR51GM64E,car,CONFIRMED,0.772,908,586,947,637,,
2026-09-03T07:11:57.878992+00:00,cam01,Chiman bhai Bridge,Ahmedabad,—,TR01M1K1R4SE02KZ42MYSPVJW5ZB,car,CONFIRMED,0.832,999,616,1060,666,,
2026-09-03T07:11:57.878992+00:00,cam01,Chiman bhai Bridge,Ahmedabad,—,TR01M1K1R5DMEYMFFSNZYKCVSW43,car,CONFIRMED,0.815,958,566,1003,607,,
2026-09-03T07:11:57.878992+00:00,cam01,Chiman bhai Bridge,Ahmedabad,—,TR01M1K1R6YCGGX00TDN70CJV1CN,truck,CONFIRMED,0.473,958,566,1003,607,,
2026-09-03T07:11:57.878992+00:00,cam01,Chiman bhai Bridge,Ahmedabad,—,TR01M1K1R73R5N45FJCYB865WEMK,truck,CONFIRMED,0.472,744,522,817,576,,
2026-09-03T07:11:57.878992+00:00,cam01,Chiman bhai Bridge,Ahmedabad,—,TR01M1K1R7D7Q6KCMR7E6FRNYW50,vehicle,CONFIRMED,0.372,672,708,828,948,,
2026-09-03T07:11:57.878992+00:00,cam01,Chiman bhai Bridge,Ahmedabad,—,TR01M1K1R7Q7DQGQXFV770ZKPA3Q,car,CONFIRMED,0.874,1032,664,1111,732,,
2026-09-03T07:11:57.878992+00:00,cam01,Chiman bhai Bridge,Ahmedabad,—,TR01M1K1R8A1ZVRAYFDHQJ3K43EJ,car,CONFIRMED,0.501,904,608,944,644,,
2026-09-03T07:11:57.878992+00:00,cam01,Chiman bhai Bridge,Ahmedabad,—,TR01M1K1R933V4N58QDB4Y3452YC,truck,CONFIRMED,0.452,967,591,1022,640,,
2026-09-03T07:11:57.878992+00:00,cam01,Chiman bhai Bridge,Ahmedabad,—,TR01M1K1R9QMQGQPH1ATTX0EKWH3,truck,CONFIRMED,0.438,1355,550,1414,637,,
2026-09-03T07:11:57.878992+00:00,cam01,Chiman bhai Bridge,Ahmedabad,—,TR01M1K1RA1MY85M067P98XDQTN6,car,CONFIRMED,0.446,1282,573,1322,614,,
2026-09-03T07:11:57.878992+00:00,cam01,Chiman bhai Bridge,Ahmedabad,—,TR01M1K1RAB1Y66XAZ0AHDG6NQ1J,truck,CONFIRMED,0.480,960,576,1008,620,,
2026-09-03T07:11:57.878992+00:00,cam01,Chiman bhai Bridge,Ahmedabad,—,TR01M1K1RASMWYJV38M7AMFZTZBM,car,CONFIRMED,0.681,380,954,693,1079,,
2026-09-03T07:11:58.078992+00:00,cam01,Chiman bhai Bridge,Ahmedabad,—,TR01M1K1QZVZJGCP6TCHJYEW36GT,truck,CONFIRMED,0.630,411,619,503,680,,
2026-09-03T07:11:58.078992+00:00,cam01,Chiman bhai Bridge,Ahmedabad,—,TR01M1K1QZVZJ541V3HXR47R0Q03,car,CONFIRMED,0.405,411,619,503,678,,
2026-09-03T07:11:58.078992+00:00,cam01,Chiman bhai Bridge,Ahmedabad,—,TR01M1K1R011BKQGAHT4RA7BF7G6,car,CONFIRMED,0.664,982,526,1008,549,,
2026-09-03T07:11:58.078992+00:00,cam01,Chiman bhai Bridge,Ahmedabad,—,TR01M1K1R0BC9AZCJ5QS90SE2R9J,car,CONFIRMED,0.423,980,519,1006,536,,
2026-09-03T07:11:58.078992+00:00,cam01,Chiman bhai Bridge,Ahmedabad,—,TR01M1K1R0BCMN36Q37RKESJFGY1,car,CONFIRMED,0.496,0,628,38,663,,
2026-09-03T07:11:58.078992+00:00,cam01,Chiman bhai Bridge,Ahmedabad,—,TR01M1K1R0FTWY47G001Z4Q0M5YK,car,CONFIRMED,0.646,940,519,961,547,,
2026-09-03T07:11:58.078992+00:00,cam01,Chiman bhai Bridge,Ahmedabad,—,TR01M1K1R0FTW2QTSM7RRQF5Q4GQ,car,CONFIRMED,0.406,647,657,740,720,,
2026-09-03T07:11:58.078992+00:00,cam01,Chiman bhai Bridge,Ahmedabad,—,TR01M1K1R14P7V39EX1SXSC6ZHPG,car,CONFIRMED,0.429,941,525,961,547,,
2026-09-03T07:11:58.078992+00:00,cam01,Chiman bhai Bridge,Ahmedabad,—,TR01M1K1R14P2A4B841DAH1ZP513,car,CONFIRMED,0.674,985,528,1011,558,,
2026-09-03T07:11:58.078992+00:00,cam01,Chiman bhai Bridge,Ahmedabad,—,TR01M1K1R1FPEWJGT4Z4DFDXJ8Q1,truck,CONFIRMED,0.408,529,607,635,690,,
2026-09-03T07:11:58.078992+00:00,cam01,Chiman bhai Bridge,Ahmedabad,—,TR01M1K1R2D4EPW28AVNXG19EQJX,car,CONFIRMED,0.421,919,502,948,519,,
2026-09-03T07:11:58.078992+00:00,cam01,Chiman bhai Bridge,Ahmedabad,—,TR01M1K1R42XG2YYCZSCR51GM64E,car,CONFIRMED,0.700,910,584,950,635,,
2026-09-03T07:11:58.078992+00:00,cam01,Chiman bhai Bridge,Ahmedabad,—,TR01M1K1R4SE02KZ42MYSPVJW5ZB,car,CONFIRMED,0.861,1004,608,1063,655,,
2026-09-03T07:11:58.078992+00:00,cam01,Chiman bhai Bridge,Ahmedabad,—,TR01M1K1R5DMEYMFFSNZYKCVSW43,car,CONFIRMED,0.822,958,563,1003,602,,
2026-09-03T07:11:58.078992+00:00,cam01,Chiman bhai Bridge,Ahmedabad,—,TR01M1K1R6YCGGX00TDN70CJV1CN,truck,CONFIRMED,0.473,958,566,1003,607,,
2026-09-03T07:11:58.078992+00:00,cam01,Chiman bhai Bridge,Ahmedabad,—,TR01M1K1R73R5N45FJCYB865WEMK,car,CONFIRMED,0.530,766,541,812,574,,
2026-09-03T07:11:58.078992+00:00,cam01,Chiman bhai Bridge,Ahmedabad,—,TR01M1K1R7D7Q6KCMR7E6FRNYW50,vehicle,CONFIRMED,0.372,672,708,828,948,,
2026-09-03T07:11:58.078992+00:00,cam01,Chiman bhai Bridge,Ahmedabad,—,TR01M1K1R7Q7DQGQXFV770ZKPA3Q,car,CONFIRMED,0.892,1032,656,1107,720,,
2026-09-03T07:11:58.078992+00:00,cam01,Chiman bhai Bridge,Ahmedabad,—,TR01M1K1R8A1ZVRAYFDHQJ3K43EJ,car,CONFIRMED,0.501,904,608,944,644,,
2026-09-03T07:11:58.078992+00:00,cam01,Chiman bhai Bridge,Ahmedabad,—,TR01M1K1R933V4N58QDB4Y3452YC,truck,CONFIRMED,0.452,967,591,1022,640,,
2026-09-03T07:11:58.078992+00:00,cam01,Chiman bhai Bridge,Ahmedabad,—,TR01M1K1R9QMQGQPH1ATTX0EKWH3,truck,CONFIRMED,0.427,1368,549,1415,641,,
2026-09-03T07:11:58.078992+00:00,cam01,Chiman bhai Bridge,Ahmedabad,—,TR01M1K1RA1MY85M067P98XDQTN6,car,CONFIRMED,0.446,1282,573,1322,614,,
2026-09-03T07:11:58.078992+00:00,cam01,Chiman bhai Bridge,Ahmedabad,—,TR01M1K1RAB1Y66XAZ0AHDG6NQ1J,truck,CONFIRMED,0.480,960,576,1008,620,,
2026-09-03T07:11:58.078992+00:00,cam01,Chiman bhai Bridge,Ahmedabad,—,TR01M1K1RASMWYJV38M7AMFZTZBM,car,CONFIRMED,0.921,436,914,748,1079,,
2026-09-03T07:11:58.198992+00:00,cam01,Chiman bhai Bridge,Ahmedabad,—,TR01M1K1QZVZJGCP6TCHJYEW36GT,truck,CONFIRMED,0.641,411,619,504,680,,
2026-09-03T07:11:58.198992+00:00,cam01,Chiman bhai Bridge,Ahmedabad,—,TR01M1K1QZVZJ541V3HXR47R0Q03,car,CONFIRMED,0.422,411,619,504,680,,
2026-09-03T07:11:58.198992+00:00,cam01,Chiman bhai Bridge,Ahmedabad,—,TR01M1K1R011BKQGAHT4RA7BF7G6,car,CONFIRMED,0.665,981,526,1008,548,,
2026-09-03T07:11:58.198992+00:00,cam01,Chiman bhai Bridge,Ahmedabad,—,TR01M1K1R0BC9AZCJ5QS90SE2R9J,car,CONFIRMED,0.423,980,519,1006,536,,
2026-09-03T07:11:58.198992+00:00,cam01,Chiman bhai Bridge,Ahmedabad,—,TR01M1K1R0BCMN36Q37RKESJFGY1,car,CONFIRMED,0.492,0,628,38,663,,
2026-09-03T07:11:58.198992+00:00,cam01,Chiman bhai Bridge,Ahmedabad,—,TR01M1K1R0FTWY47G001Z4Q0M5YK,car,CONFIRMED,0.627,941,519,961,547,,
2026-09-03T07:11:58.198992+00:00,cam01,Chiman bhai Bridge,Ahmedabad,—,TR01M1K1R0FTW2QTSM7RRQF5Q4GQ,car,CONFIRMED,0.406,647,657,740,720,,
2026-09-03T07:11:58.198992+00:00,cam01,Chiman bhai Bridge,Ahmedabad,—,TR01M1K1R14P7V39EX1SXSC6ZHPG,car,CONFIRMED,0.429,941,525,961,547,,
2026-09-03T07:11:58.198992+00:00,cam01,Chiman bhai Bridge,Ahmedabad,—,TR01M1K1R14P2A4B841DAH1ZP513,car,CONFIRMED,0.674,985,528,1011,558,,
2026-09-03T07:11:58.198992+00:00,cam01,Chiman bhai Bridge,Ahmedabad,—,TR01M1K1R1FPEWJGT4Z4DFDXJ8Q1,truck,CONFIRMED,0.408,529,607,635,690,,
2026-09-03T07:11:58.198992+00:00,cam01,Chiman bhai Bridge,Ahmedabad,—,TR01M1K1R2D4EPW28AVNXG19EQJX,car,CONFIRMED,0.421,919,502,948,519,,
2026-09-03T07:11:58.198992+00:00,cam01,Chiman bhai Bridge,Ahmedabad,—,TR01M1K1R42XG2YYCZSCR51GM64E,car,CONFIRMED,0.722,911,581,950,633,,
2026-09-03T07:11:58.198992+00:00,cam01,Chiman bhai Bridge,Ahmedabad,—,TR01M1K1R4SE02KZ42MYSPVJW5ZB,car,CONFIRMED,0.861,1006,604,1064,651,,
2026-09-03T07:11:58.198992+00:00,cam01,Chiman bhai Bridge,Ahmedabad,—,TR01M1K1R5DMEYMFFSNZYKCVSW43,car,CONFIRMED,0.815,958,561,1002,600,,
2026-09-03T07:11:58.198992+00:00,cam01,Chiman bhai Bridge,Ahmedabad,—,TR01M1K1R6YCGGX00TDN70CJV1CN,truck,CONFIRMED,0.473,958,566,1003,607,,
2026-09-03T07:11:58.198992+00:00,cam01,Chiman bhai Bridge,Ahmedabad,—,TR01M1K1R73R5N45FJCYB865WEMK,car,CONFIRMED,0.481,766,540,811,574,,
2026-09-03T07:11:58.198992+00:00,cam01,Chiman bhai Bridge,Ahmedabad,—,TR01M1K1R7D7Q6KCMR7E6FRNYW50,vehicle,CONFIRMED,0.372,672,708,828,948,,
2026-09-03T07:11:58.198992+00:00,cam01,Chiman bhai Bridge,Ahmedabad,—,TR01M1K1R7Q7DQGQXFV770ZKPA3Q,car,CONFIRMED,0.885,1031,652,1105,715,,
2026-09-03T07:11:58.198992+00:00,cam01,Chiman bhai Bridge,Ahmedabad,—,TR01M1K1R8A1ZVRAYFDHQJ3K43EJ,car,CONFIRMED,0.501,904,608,944,644,,
2026-09-03T07:11:58.198992+00:00,cam01,Chiman bhai Bridge,Ahmedabad,—,TR01M1K1R9QMQGQPH1ATTX0EKWH3,truck,CONFIRMED,0.521,1368,549,1414,618,,
2026-09-03T07:11:58.198992+00:00,cam01,Chiman bhai Bridge,Ahmedabad,—,TR01M1K1RA1MY85M067P98XDQTN6,car,CONFIRMED,0.446,1282,573,1322,614,,
2026-09-03T07:11:58.198992+00:00,cam01,Chiman bhai Bridge,Ahmedabad,—,TR01M1K1RAB1Y66XAZ0AHDG6NQ1J,truck,CONFIRMED,0.480,960,576,1008,620,,
2026-09-03T07:11:58.198992+00:00,cam01,Chiman bhai Bridge,Ahmedabad,—,TR01M1K1RASMWYJV38M7AMFZTZBM,car,CONFIRMED,0.904,491,892,776,1076,,
2026-09-03T07:11:58.398992+00:00,cam01,Chiman bhai Bridge,Ahmedabad,—,TR01M1K1QZVZJGCP6TCHJYEW36GT,car,CONFIRMED,0.535,411,619,504,680,,
2026-09-03T07:11:58.398992+00:00,cam01,Chiman bhai Bridge,Ahmedabad,—,TR01M1K1QZVZJ541V3HXR47R0Q03,truck,CONFIRMED,0.525,411,619,504,680,,
2026-09-03T07:11:58.398992+00:00,cam01,Chiman bhai Bridge,Ahmedabad,—,TR01M1K1R011BKQGAHT4RA7BF7G6,car,CONFIRMED,0.671,984,526,1008,547,,
2026-09-03T07:11:58.398992+00:00,cam01,Chiman bhai Bridge,Ahmedabad,—,TR01M1K1R0BC9AZCJ5QS90SE2R9J,car,CONFIRMED,0.423,980,519,1006,536,,
2026-09-03T07:11:58.398992+00:00,cam01,Chiman bhai Bridge,Ahmedabad,—,TR01M1K1R0BCMN36Q37RKESJFGY1,car,CONFIRMED,0.489,0,627,38,663,,
2026-09-03T07:11:58.398992+00:00,cam01,Chiman bhai Bridge,Ahmedabad,—,TR01M1K1R0FTWY47G001Z4Q0M5YK,car,CONFIRMED,0.649,941,520,961,545,,
2026-09-03T07:11:58.398992+00:00,cam01,Chiman bhai Bridge,Ahmedabad,—,TR01M1K1R0FTW2QTSM7RRQF5Q4GQ,car,CONFIRMED,0.406,647,657,740,720,,
2026-09-03T07:11:58.398992+00:00,cam01,Chiman bhai Bridge,Ahmedabad,—,TR01M1K1R14P7V39EX1SXSC6ZHPG,car,CONFIRMED,0.429,941,525,961,547,,
2026-09-03T07:11:58.398992+00:00,cam01,Chiman bhai Bridge,Ahmedabad,—,TR01M1K1R14P2A4B841DAH1ZP513,car,CONFIRMED,0.674,985,528,1011,558,,
2026-09-03T07:11:58.398992+00:00,cam01,Chiman bhai Bridge,Ahmedabad,—,TR01M1K1R1FPEWJGT4Z4DFDXJ8Q1,truck,CONFIRMED,0.408,529,607,635,690,,
2026-09-03T07:11:58.398992+00:00,cam01,Chiman bhai Bridge,Ahmedabad,—,TR01M1K1R2D4EPW28AVNXG19EQJX,car,CONFIRMED,0.421,919,502,948,519,,
2026-09-03T07:11:58.398992+00:00,cam01,Chiman bhai Bridge,Ahmedabad,—,TR01M1K1R42XG2YYCZSCR51GM64E,car,CONFIRMED,0.731,913,580,952,629,,
2026-09-03T07:11:58.398992+00:00,cam01,Chiman bhai Bridge,Ahmedabad,—,TR01M1K1R4SE02KZ42MYSPVJW5ZB,car,CONFIRMED,0.870,1009,599,1064,644,,
2026-09-03T07:11:58.398992+00:00,cam01,Chiman bhai Bridge,Ahmedabad,—,TR01M1K1R5DMEYMFFSNZYKCVSW43,car,CONFIRMED,0.793,958,558,1000,597,,
2026-09-03T07:11:58.398992+00:00,cam01,Chiman bhai Bridge,Ahmedabad,—,TR01M1K1R6YCGGX00TDN70CJV1CN,truck,CONFIRMED,0.405,957,558,1000,597,,
2026-09-03T07:11:58.398992+00:00,cam01,Chiman bhai Bridge,Ahmedabad,—,TR01M1K1R73R5N45FJCYB865WEMK,car,CONFIRMED,0.505,766,541,811,574,,
2026-09-03T07:11:58.398992+00:00,cam01,Chiman bhai Bridge,Ahmedabad,—,TR01M1K1R7D7Q6KCMR7E6FRNYW50,vehicle,CONFIRMED,0.372,672,708,828,948,,
2026-09-03T07:11:58.398992+00:00,cam01,Chiman bhai Bridge,Ahmedabad,—,TR01M1K1R7Q7DQGQXFV770ZKPA3Q,car,CONFIRMED,0.876,1029,645,1101,705,,
2026-09-03T07:11:58.398992+00:00,cam01,Chiman bhai Bridge,Ahmedabad,—,TR01M1K1R8A1ZVRAYFDHQJ3K43EJ,car,CONFIRMED,0.501,904,608,944,644,,
2026-09-03T07:11:58.398992+00:00,cam01,Chiman bhai Bridge,Ahmedabad,—,TR01M1K1R9QMQGQPH1ATTX0EKWH3,truck,CONFIRMED,0.427,1368,550,1415,617,,
2026-09-03T07:11:58.398992+00:00,cam01,Chiman bhai Bridge,Ahmedabad,—,TR01M1K1RA1MY85M067P98XDQTN6,car,CONFIRMED,0.446,1282,573,1322,614,,
2026-09-03T07:11:58.398992+00:00,cam01,Chiman bhai Bridge,Ahmedabad,—,TR01M1K1RAB1Y66XAZ0AHDG6NQ1J,truck,CONFIRMED,0.480,960,576,1008,620,,
2026-09-03T07:11:58.398992+00:00,cam01,Chiman bhai Bridge,Ahmedabad,—,TR01M1K1RASMWYJV38M7AMFZTZBM,car,CONFIRMED,0.923,563,866,816,1053,,
2026-09-03T07:11:58.398992+00:00,cam01,Chiman bhai Bridge,Ahmedabad,—,TR01M1K1RBD2N2WM6MVVSQZ072VP,bicycle,TENTATIVE,0.617,375,727,424,785,,
2026-09-03T07:11:58.678992+00:00,cam01,Chiman bhai Bridge,Ahmedabad,—,TR01M1K1QZVZJGCP6TCHJYEW36GT,truck,CONFIRMED,0.595,411,619,505,680,,
2026-09-03T07:11:58.678992+00:00,cam01,Chiman bhai Bridge,Ahmedabad,—,TR01M1K1QZVZJ541V3HXR47R0Q03,car,CONFIRMED,0.553,411,619,505,680,,
2026-09-03T07:11:58.678992+00:00,cam01,Chiman bhai Bridge,Ahmedabad,—,TR01M1K1R011BKQGAHT4RA7BF7G6,car,CONFIRMED,0.639,983,524,1008,546,,
2026-09-03T07:11:58.678992+00:00,cam01,Chiman bhai Bridge,Ahmedabad,—,TR01M1K1R0BC9AZCJ5QS90SE2R9J,car,CONFIRMED,0.423,980,519,1006,536,,
2026-09-03T07:11:58.678992+00:00,cam01,Chiman bhai Bridge,Ahmedabad,—,TR01M1K1R0BCMN36Q37RKESJFGY1,car,CONFIRMED,0.461,0,628,38,663,,
2026-09-03T07:11:58.678992+00:00,cam01,Chiman bhai Bridge,Ahmedabad,—,TR01M1K1R0FTWY47G001Z4Q0M5YK,car,CONFIRMED,0.582,940,517,959,544,,
2026-09-03T07:11:58.678992+00:00,cam01,Chiman bhai Bridge,Ahmedabad,—,TR01M1K1R0FTW2QTSM7RRQF5Q4GQ,car,CONFIRMED,0.406,647,657,740,720,,
2026-09-03T07:11:58.678992+00:00,cam01,Chiman bhai Bridge,Ahmedabad,—,TR01M1K1R14P7V39EX1SXSC6ZHPG,car,CONFIRMED,0.434,941,525,960,546,,
2026-09-03T07:11:58.678992+00:00,cam01,Chiman bhai Bridge,Ahmedabad,—,TR01M1K1R1FPEWJGT4Z4DFDXJ8Q1,truck,CONFIRMED,0.401,529,607,641,692,,
2026-09-03T07:11:58.678992+00:00,cam01,Chiman bhai Bridge,Ahmedabad,—,TR01M1K1R2D4EPW28AVNXG19EQJX,car,CONFIRMED,0.421,919,502,948,519,,
2026-09-03T07:11:58.678992+00:00,cam01,Chiman bhai Bridge,Ahmedabad,—,TR01M1K1R42XG2YYCZSCR51GM64E,car,CONFIRMED,0.729,916,575,953,624,,
2026-09-03T07:11:58.678992+00:00,cam01,Chiman bhai Bridge,Ahmedabad,—,TR01M1K1R4SE02KZ42MYSPVJW5ZB,car,CONFIRMED,0.825,1012,590,1064,635,,
2026-09-03T07:11:58.678992+00:00,cam01,Chiman bhai Bridge,Ahmedabad,—,TR01M1K1R5DMEYMFFSNZYKCVSW43,car,CONFIRMED,0.829,957,553,999,592,,
2026-09-03T07:11:58.678992+00:00,cam01,Chiman bhai Bridge,Ahmedabad,—,TR01M1K1R6YCGGX00TDN70CJV1CN,car,CONFIRMED,0.808,957,557,999,595,,
2026-09-03T07:11:58.678992+00:00,cam01,Chiman bhai Bridge,Ahmedabad,—,TR01M1K1R73R5N45FJCYB865WEMK,car,CONFIRMED,0.525,766,541,812,574,,
2026-09-03T07:11:58.678992+00:00,cam01,Chiman bhai Bridge,Ahmedabad,—,TR01M1K1R7D7Q6KCMR7E6FRNYW50,vehicle,CONFIRMED,0.372,672,708,828,948,,
2026-09-03T07:11:58.678992+00:00,cam01,Chiman bhai Bridge,Ahmedabad,—,TR01M1K1R7Q7DQGQXFV770ZKPA3Q,car,CONFIRMED,0.885,1026,636,1094,693,,
2026-09-03T07:11:58.678992+00:00,cam01,Chiman bhai Bridge,Ahmedabad,—,TR01M1K1R8A1ZVRAYFDHQJ3K43EJ,car,CONFIRMED,0.501,904,608,944,644,,
2026-09-03T07:11:58.678992+00:00,cam01,Chiman bhai Bridge,Ahmedabad,—,TR01M1K1R9QMQGQPH1ATTX0EKWH3,truck,CONFIRMED,0.427,1368,550,1415,617,,
2026-09-03T07:11:58.678992+00:00,cam01,Chiman bhai Bridge,Ahmedabad,—,TR01M1K1RAB1Y66XAZ0AHDG6NQ1J,truck,CONFIRMED,0.480,960,576,1008,620,,
2026-09-03T07:11:58.678992+00:00,cam01,Chiman bhai Bridge,Ahmedabad,—,TR01M1K1RASMWYJV38M7AMFZTZBM,car,CONFIRMED,0.923,639,829,859,996,,
2026-09-03T07:11:58.678992+00:00,cam01,Chiman bhai Bridge,Ahmedabad,—,TR01M1K1RBD2N2WM6MVVSQZ072VP,bicycle,CONFIRMED,0.563,373,723,433,782,,
2026-09-03T07:11:58.678992+00:00,cam01,Chiman bhai Bridge,Ahmedabad,—,TR01M1K1RBP7KBA9HK3BEJZSH47K,car,TENTATIVE,0.756,1012,591,1064,634,,
2026-09-03T07:11:58.798992+00:00,cam01,Chiman bhai Bridge,Ahmedabad,—,TR01M1K1QZVZJGCP6TCHJYEW36GT,truck,CONFIRMED,0.561,411,619,504,680,,
2026-09-03T07:11:58.798992+00:00,cam01,Chiman bhai Bridge,Ahmedabad,—,TR01M1K1QZVZJ541V3HXR47R0Q03,car,CONFIRMED,0.558,411,619,504,680,,
2026-09-03T07:11:58.798992+00:00,cam01,Chiman bhai Bridge,Ahmedabad,—,TR01M1K1R011BKQGAHT4RA7BF7G6,car,CONFIRMED,0.641,982,524,1008,547,,
2026-09-03T07:11:58.798992+00:00,cam01,Chiman bhai Bridge,Ahmedabad,—,TR01M1K1R0BC9AZCJ5QS90SE2R9J,car,CONFIRMED,0.423,980,519,1006,536,,
2026-09-03T07:11:58.798992+00:00,cam01,Chiman bhai Bridge,Ahmedabad,—,TR01M1K1R0BCMN36Q37RKESJFGY1,car,CONFIRMED,0.496,0,628,38,663,,
2026-09-03T07:11:58.798992+00:00,cam01,Chiman bhai Bridge,Ahmedabad,—,TR01M1K1R0FTWY47G001Z4Q0M5YK,car,CONFIRMED,0.536,941,517,959,542,,
2026-09-03T07:11:58.798992+00:00,cam01,Chiman bhai Bridge,Ahmedabad,—,TR01M1K1R0FTW2QTSM7RRQF5Q4GQ,car,CONFIRMED,0.406,647,657,740,720,,
2026-09-03T07:11:58.798992+00:00,cam01,Chiman bhai Bridge,Ahmedabad,—,TR01M1K1R14P7V39EX1SXSC6ZHPG,car,CONFIRMED,0.434,941,525,960,546,,
2026-09-03T07:11:58.798992+00:00,cam01,Chiman bhai Bridge,Ahmedabad,—,TR01M1K1R1FPEWJGT4Z4DFDXJ8Q1,truck,CONFIRMED,0.401,529,607,641,692,,
2026-09-03T07:11:58.798992+00:00,cam01,Chiman bhai Bridge,Ahmedabad,—,TR01M1K1R2D4EPW28AVNXG19EQJX,car,CONFIRMED,0.421,919,502,948,519,,
2026-09-03T07:11:58.798992+00:00,cam01,Chiman bhai Bridge,Ahmedabad,—,TR01M1K1R42XG2YYCZSCR51GM64E,car,CONFIRMED,0.733,916,574,954,622,,
2026-09-03T07:11:58.798992+00:00,cam01,Chiman bhai Bridge,Ahmedabad,—,TR01M1K1R4SE02KZ42MYSPVJW5ZB,car,CONFIRMED,0.851,1013,588,1063,630,,
2026-09-03T07:11:58.798992+00:00,cam01,Chiman bhai Bridge,Ahmedabad,—,TR01M1K1R5DMEYMFFSNZYKCVSW43,car,CONFIRMED,0.844,956,552,999,588,,
2026-09-03T07:11:58.798992+00:00,cam01,Chiman bhai Bridge,Ahmedabad,—,TR01M1K1R6YCGGX00TDN70CJV1CN,car,CONFIRMED,0.808,957,557,999,595,,
2026-09-03T07:11:58.798992+00:00,cam01,Chiman bhai Bridge,Ahmedabad,—,TR01M1K1R73R5N45FJCYB865WEMK,car,CONFIRMED,0.468,765,542,811,574,,
2026-09-03T07:11:58.798992+00:00,cam01,Chiman bhai Bridge,Ahmedabad,—,TR01M1K1R7D7Q6KCMR7E6FRNYW50,vehicle,CONFIRMED,0.372,672,708,828,948,,
2026-09-03T07:11:58.798992+00:00,cam01,Chiman bhai Bridge,Ahmedabad,—,TR01M1K1R7Q7DQGQXFV770ZKPA3Q,car,CONFIRMED,0.884,1024,632,1091,687,,
2026-09-03T07:11:58.798992+00:00,cam01,Chiman bhai Bridge,Ahmedabad,—,TR01M1K1R8A1ZVRAYFDHQJ3K43EJ,car,CONFIRMED,0.501,904,608,944,644,,
2026-09-03T07:11:58.798992+00:00,cam01,Chiman bhai Bridge,Ahmedabad,—,TR01M1K1R9QMQGQPH1ATTX0EKWH3,truck,CONFIRMED,0.427,1368,550,1415,617,,
2026-09-03T07:11:58.798992+00:00,cam01,Chiman bhai Bridge,Ahmedabad,—,TR01M1K1RAB1Y66XAZ0AHDG6NQ1J,vehicle,CONFIRMED,0.404,924,564,1008,624,,
2026-09-03T07:11:58.798992+00:00,cam01,Chiman bhai Bridge,Ahmedabad,—,TR01M1K1RASMWYJV38M7AMFZTZBM,car,CONFIRMED,0.933,667,816,872,975,,
2026-09-03T07:11:58.798992+00:00,cam01,Chiman bhai Bridge,Ahmedabad,—,TR01M1K1RBD2N2WM6MVVSQZ072VP,bicycle,CONFIRMED,0.508,372,722,439,783,,
2026-09-03T07:11:58.798992+00:00,cam01,Chiman bhai Bridge,Ahmedabad,—,TR01M1K1RBP7KBA9HK3BEJZSH47K,car,TENTATIVE,0.756,1012,591,1064,634,,
2026-09-03T07:11:58.958992+00:00,cam01,Chiman bhai Bridge,Ahmedabad,—,TR01M1K1QZVZJGCP6TCHJYEW36GT,truck,CONFIRMED,0.592,411,619,504,680,,
2026-09-03T07:11:58.958992+00:00,cam01,Chiman bhai Bridge,Ahmedabad,—,TR01M1K1QZVZJ541V3HXR47R0Q03,car,CONFIRMED,0.516,411,619,504,680,,
2026-09-03T07:11:58.958992+00:00,cam01,Chiman bhai Bridge,Ahmedabad,—,TR01M1K1R011BKQGAHT4RA7BF7G6,car,CONFIRMED,0.563,981,523,1007,545,,
2026-09-03T07:11:58.958992+00:00,cam01,Chiman bhai Bridge,Ahmedabad,—,TR01M1K1R0BCMN36Q37RKESJFGY1,car,CONFIRMED,0.495,0,627,38,663,,
2026-09-03T07:11:58.958992+00:00,cam01,Chiman bhai Bridge,Ahmedabad,—,TR01M1K1R0FTWY47G001Z4Q0M5YK,car,CONFIRMED,0.555,940,516,959,542,,
2026-09-03T07:11:58.958992+00:00,cam01,Chiman bhai Bridge,Ahmedabad,—,TR01M1K1R14P7V39EX1SXSC6ZHPG,car,CONFIRMED,0.434,941,525,960,546,,
2026-09-03T07:11:58.958992+00:00,cam01,Chiman bhai Bridge,Ahmedabad,—,TR01M1K1R1FPEWJGT4Z4DFDXJ8Q1,truck,CONFIRMED,0.425,533,606,645,693,,
2026-09-03T07:11:58.958992+00:00,cam01,Chiman bhai Bridge,Ahmedabad,—,TR01M1K1R2D4EPW28AVNXG19EQJX,car,CONFIRMED,0.421,919,502,948,519,,
2026-09-03T07:11:58.958992+00:00,cam01,Chiman bhai Bridge,Ahmedabad,—,TR01M1K1R42XG2YYCZSCR51GM64E,car,CONFIRMED,0.659,916,572,954,619,,
2026-09-03T07:11:58.958992+00:00,cam01,Chiman bhai Bridge,Ahmedabad,—,TR01M1K1R4SE02KZ42MYSPVJW5ZB,car,CONFIRMED,0.542,1014,585,1062,625,,
2026-09-03T07:11:58.958992+00:00,cam01,Chiman bhai Bridge,Ahmedabad,—,TR01M1K1R5DMEYMFFSNZYKCVSW43,car,CONFIRMED,0.834,956,551,998,586,,
2026-09-03T07:11:58.958992+00:00,cam01,Chiman bhai Bridge,Ahmedabad,—,TR01M1K1R6YCGGX00TDN70CJV1CN,car,CONFIRMED,0.808,957,557,999,595,,
2026-09-03T07:11:58.958992+00:00,cam01,Chiman bhai Bridge,Ahmedabad,—,TR01M1K1R73R5N45FJCYB865WEMK,car,CONFIRMED,0.418,765,543,811,574,,
2026-09-03T07:11:58.958992+00:00,cam01,Chiman bhai Bridge,Ahmedabad,—,TR01M1K1R7D7Q6KCMR7E6FRNYW50,vehicle,CONFIRMED,0.372,672,708,828,948,,
2026-09-03T07:11:58.958992+00:00,cam01,Chiman bhai Bridge,Ahmedabad,—,TR01M1K1R7Q7DQGQXFV770ZKPA3Q,car,CONFIRMED,0.873,1022,628,1088,683,,
2026-09-03T07:11:58.958992+00:00,cam01,Chiman bhai Bridge,Ahmedabad,—,TR01M1K1R8A1ZVRAYFDHQJ3K43EJ,car,CONFIRMED,0.501,904,608,944,644,,
2026-09-03T07:11:58.958992+00:00,cam01,Chiman bhai Bridge,Ahmedabad,—,TR01M1K1R9QMQGQPH1ATTX0EKWH3,truck,CONFIRMED,0.427,1368,550,1415,617,,
2026-09-03T07:11:58.958992+00:00,cam01,Chiman bhai Bridge,Ahmedabad,—,TR01M1K1RAB1Y66XAZ0AHDG6NQ1J,vehicle,CONFIRMED,0.418,924,540,996,624,,
2026-09-03T07:11:58.958992+00:00,cam01,Chiman bhai Bridge,Ahmedabad,—,TR01M1K1RASMWYJV38M7AMFZTZBM,truck,CONFIRMED,0.664,691,804,887,957,,
2026-09-03T07:11:58.958992+00:00,cam01,Chiman bhai Bridge,Ahmedabad,—,TR01M1K1RBD2N2WM6MVVSQZ072VP,bicycle,CONFIRMED,0.405,375,715,452,780,,
2026-09-03T07:11:58.958992+00:00,cam01,Chiman bhai Bridge,Ahmedabad,—,TR01M1K1RBP7KBA9HK3BEJZSH47K,car,CONFIRMED,0.780,1014,585,1062,626,,
2026-09-03T07:11:58.958992+00:00,cam01,Chiman bhai Bridge,Ahmedabad,—,TR01M1K1RC05FS4330551Y9NW7SX,bicycle,CONFIRMED,0.517,936,747,974,815,,
2026-09-03T07:11:58.958992+00:00,cam01,Chiman bhai Bridge,Ahmedabad,—,TR01M1K1RC47725QPJWZAVQZAT6D,car,TENTATIVE,0.714,691,804,886,957,,
2026-09-03T07:11:58.958992+00:00,cam01,Chiman bhai Bridge,Ahmedabad,—,TR01M1K1RC471PG6AB9Z56VQHX3X,car,TENTATIVE,0.608,691,804,887,957,,
2026-09-03T07:11:58.958992+00:00,cam01,Chiman bhai Bridge,Ahmedabad,—,TR01M1K1RC470D71QGB8GHPEAFBM,truck,TENTATIVE,0.581,916,572,954,619,,
2026-09-03T07:11:59.078992+00:00,cam01,Chiman bhai Bridge,Ahmedabad,—,TR01M1K1QZVZJGCP6TCHJYEW36GT,car,CONFIRMED,0.551,411,619,504,679,,
2026-09-03T07:11:59.078992+00:00,cam01,Chiman bhai Bridge,Ahmedabad,—,TR01M1K1QZVZJ541V3HXR47R0Q03,truck,CONFIRMED,0.548,411,619,504,679,,
2026-09-03T07:11:59.078992+00:00,cam01,Chiman bhai Bridge,Ahmedabad,—,TR01M1K1R011BKQGAHT4RA7BF7G6,car,CONFIRMED,0.535,982,521,1006,544,,
2026-09-03T07:11:59.078992+00:00,cam01,Chiman bhai Bridge,Ahmedabad,—,TR01M1K1R0BCMN36Q37RKESJFGY1,car,CONFIRMED,0.510,0,627,38,663,,
2026-09-03T07:11:59.078992+00:00,cam01,Chiman bhai Bridge,Ahmedabad,—,TR01M1K1R0FTWY47G001Z4Q0M5YK,car,CONFIRMED,0.569,940,518,960,542,,
2026-09-03T07:11:59.078992+00:00,cam01,Chiman bhai Bridge,Ahmedabad,—,TR01M1K1R14P7V39EX1SXSC6ZHPG,car,CONFIRMED,0.434,941,525,960,546,,
2026-09-03T07:11:59.078992+00:00,cam01,Chiman bhai Bridge,Ahmedabad,—,TR01M1K1R1FPEWJGT4Z4DFDXJ8Q1,truck,CONFIRMED,0.425,533,606,645,693,,
2026-09-03T07:11:59.078992+00:00,cam01,Chiman bhai Bridge,Ahmedabad,—,TR01M1K1R2D4EPW28AVNXG19EQJX,car,CONFIRMED,0.421,919,502,948,519,,
2026-09-03T07:11:59.078992+00:00,cam01,Chiman bhai Bridge,Ahmedabad,—,TR01M1K1R42XG2YYCZSCR51GM64E,car,CONFIRMED,0.708,918,571,954,617,,
2026-09-03T07:11:59.078992+00:00,cam01,Chiman bhai Bridge,Ahmedabad,—,TR01M1K1R4SE02KZ42MYSPVJW5ZB,car,CONFIRMED,0.834,1015,581,1062,622,,
2026-09-03T07:11:59.078992+00:00,cam01,Chiman bhai Bridge,Ahmedabad,—,TR01M1K1R5DMEYMFFSNZYKCVSW43,car,CONFIRMED,0.816,956,549,997,584,,
2026-09-03T07:11:59.078992+00:00,cam01,Chiman bhai Bridge,Ahmedabad,—,TR01M1K1R6YCGGX00TDN70CJV1CN,truck,CONFIRMED,0.419,956,549,997,584,,
2026-09-03T07:11:59.078992+00:00,cam01,Chiman bhai Bridge,Ahmedabad,—,TR01M1K1R73R5N45FJCYB865WEMK,car,CONFIRMED,0.458,766,542,811,574,,
2026-09-03T07:11:59.078992+00:00,cam01,Chiman bhai Bridge,Ahmedabad,—,TR01M1K1R7D7Q6KCMR7E6FRNYW50,vehicle,CONFIRMED,0.372,672,708,828,948,,
2026-09-03T07:11:59.078992+00:00,cam01,Chiman bhai Bridge,Ahmedabad,—,TR01M1K1R7Q7DQGQXFV770ZKPA3Q,car,CONFIRMED,0.874,1021,623,1084,676,,
2026-09-03T07:11:59.078992+00:00,cam01,Chiman bhai Bridge,Ahmedabad,—,TR01M1K1R8A1ZVRAYFDHQJ3K43EJ,car,CONFIRMED,0.501,904,608,944,644,,
2026-09-03T07:11:59.078992+00:00,cam01,Chiman bhai Bridge,Ahmedabad,—,TR01M1K1R9QMQGQPH1ATTX0EKWH3,truck,CONFIRMED,0.427,1368,550,1415,617,,
2026-09-03T07:11:59.078992+00:00,cam01,Chiman bhai Bridge,Ahmedabad,—,TR01M1K1RAB1Y66XAZ0AHDG6NQ1J,vehicle,CONFIRMED,0.418,924,540,996,624,,
2026-09-03T07:11:59.078992+00:00,cam01,Chiman bhai Bridge,Ahmedabad,—,TR01M1K1RASMWYJV38M7AMFZTZBM,truck,CONFIRMED,0.544,720,789,904,937,,
2026-09-03T07:11:59.078992+00:00,cam01,Chiman bhai Bridge,Ahmedabad,—,TR01M1K1RBD2N2WM6MVVSQZ072VP,vehicle,CONFIRMED,0.442,396,696,528,780,,
2026-09-03T07:11:59.078992+00:00,cam01,Chiman bhai Bridge,Ahmedabad,—,TR01M1K1RBP7KBA9HK3BEJZSH47K,car,CONFIRMED,0.780,1014,585,1062,626,,
2026-09-03T07:11:59.078992+00:00,cam01,Chiman bhai Bridge,Ahmedabad,—,TR01M1K1RC05FS4330551Y9NW7SX,vehicle,CONFIRMED,0.490,924,684,996,780,,
2026-09-03T07:11:59.078992+00:00,cam01,Chiman bhai Bridge,Ahmedabad,—,TR01M1K1RC47725QPJWZAVQZAT6D,vehicle,CONFIRMED,0.490,708,792,912,996,,
2026-09-03T07:11:59.078992+00:00,cam01,Chiman bhai Bridge,Ahmedabad,—,TR01M1K1RC471PG6AB9Z56VQHX3X,car,CONFIRMED,0.880,721,790,903,936,,
2026-09-03T07:11:59.078992+00:00,cam01,Chiman bhai Bridge,Ahmedabad,—,TR01M1K1RC470D71QGB8GHPEAFBM,truck,CONFIRMED,0.547,918,571,954,617,,
2026-09-03T07:11:59.078992+00:00,cam01,Chiman bhai Bridge,Ahmedabad,—,TR01M1K1RCD4X89QQA2PN5RJ3ZWY,car,TENTATIVE,0.502,1477,621,1536,673,,
2026-09-03T07:11:59.558992+00:00,cam01,Chiman bhai Bridge,Ahmedabad,—,TR01M1K1QZVZJGCP6TCHJYEW36GT,car,CONFIRMED,0.525,411,619,503,680,,
2026-09-03T07:11:59.558992+00:00,cam01,Chiman bhai Bridge,Ahmedabad,—,TR01M1K1QZVZJ541V3HXR47R0Q03,truck,CONFIRMED,0.538,411,619,503,680,,
2026-09-03T07:11:59.558992+00:00,cam01,Chiman bhai Bridge,Ahmedabad,—,TR01M1K1R011BKQGAHT4RA7BF7G6,car,CONFIRMED,0.499,983,521,1003,543,,
2026-09-03T07:11:59.558992+00:00,cam01,Chiman bhai Bridge,Ahmedabad,—,TR01M1K1R0BCMN36Q37RKESJFGY1,car,CONFIRMED,0.490,0,627,38,663,,
2026-09-03T07:11:59.558992+00:00,cam01,Chiman bhai Bridge,Ahmedabad,—,TR01M1K1R0FTWY47G001Z4Q0M5YK,car,CONFIRMED,0.577,939,515,959,540,,
2026-09-03T07:11:59.558992+00:00,cam01,Chiman bhai Bridge,Ahmedabad,—,TR01M1K1R14P7V39EX1SXSC6ZHPG,car,CONFIRMED,0.434,941,525,960,546,,
2026-09-03T07:11:59.558992+00:00,cam01,Chiman bhai Bridge,Ahmedabad,—,TR01M1K1R1FPEWJGT4Z4DFDXJ8Q1,truck,CONFIRMED,0.425,533,606,645,693,,
2026-09-03T07:11:59.558992+00:00,cam01,Chiman bhai Bridge,Ahmedabad,—,TR01M1K1R42XG2YYCZSCR51GM64E,car,CONFIRMED,0.710,919,565,955,610,,
2026-09-03T07:11:59.558992+00:00,cam01,Chiman bhai Bridge,Ahmedabad,—,TR01M1K1R4SE02KZ42MYSPVJW5ZB,car,CONFIRMED,0.834,1015,581,1062,622,,
2026-09-03T07:11:59.558992+00:00,cam01,Chiman bhai Bridge,Ahmedabad,—,TR01M1K1R5DMEYMFFSNZYKCVSW43,car,CONFIRMED,0.783,956,544,993,577,,
2026-09-03T07:11:59.558992+00:00,cam01,Chiman bhai Bridge,Ahmedabad,—,TR01M1K1R6YCGGX00TDN70CJV1CN,truck,CONFIRMED,0.419,956,549,997,584,,
2026-09-03T07:11:59.558992+00:00,cam01,Chiman bhai Bridge,Ahmedabad,—,TR01M1K1R73R5N45FJCYB865WEMK,car,CONFIRMED,0.428,766,543,810,574,,
2026-09-03T07:11:59.558992+00:00,cam01,Chiman bhai Bridge,Ahmedabad,—,TR01M1K1R7Q7DQGQXFV770ZKPA3Q,car,CONFIRMED,0.859,1017,613,1075,660,,
2026-09-03T07:11:59.558992+00:00,cam01,Chiman bhai Bridge,Ahmedabad,—,TR01M1K1R9QMQGQPH1ATTX0EKWH3,truck,CONFIRMED,0.427,1368,550,1415,617,,
2026-09-03T07:11:59.558992+00:00,cam01,Chiman bhai Bridge,Ahmedabad,—,TR01M1K1RAB1Y66XAZ0AHDG6NQ1J,vehicle,CONFIRMED,0.424,924,504,996,612,,
2026-09-03T07:11:59.558992+00:00,cam01,Chiman bhai Bridge,Ahmedabad,—,TR01M1K1RASMWYJV38M7AMFZTZBM,car,CONFIRMED,0.918,783,755,935,881,,
2026-09-03T07:11:59.558992+00:00,cam01,Chiman bhai Bridge,Ahmedabad,—,TR01M1K1RBD2N2WM6MVVSQZ072VP,vehicle,CONFIRMED,0.442,396,696,528,780,,
2026-09-03T07:11:59.558992+00:00,cam01,Chiman bhai Bridge,Ahmedabad,—,TR01M1K1RBP7KBA9HK3BEJZSH47K,car,CONFIRMED,0.784,1015,570,1059,608,,
2026-09-03T07:11:59.558992+00:00,cam01,Chiman bhai Bridge,Ahmedabad,—,TR01M1K1RC05FS4330551Y9NW7SX,vehicle,CONFIRMED,0.490,924,684,996,780,,
2026-09-03T07:11:59.558992+00:00,cam01,Chiman bhai Bridge,Ahmedabad,—,TR01M1K1RC47725QPJWZAVQZAT6D,vehicle,CONFIRMED,0.490,708,792,912,996,,
2026-09-03T07:11:59.558992+00:00,cam01,Chiman bhai Bridge,Ahmedabad,—,TR01M1K1RC471PG6AB9Z56VQHX3X,vehicle,CONFIRMED,0.490,792,756,936,984,,
2026-09-03T07:11:59.558992+00:00,cam01,Chiman bhai Bridge,Ahmedabad,—,TR01M1K1RC470D71QGB8GHPEAFBM,truck,CONFIRMED,0.572,919,565,955,610,,
2026-09-03T07:11:59.558992+00:00,cam01,Chiman bhai Bridge,Ahmedabad,—,TR01M1K1RCD4X89QQA2PN5RJ3ZWY,car,TENTATIVE,0.502,1477,621,1536,673,,
2026-09-03T07:11:59.558992+00:00,cam01,Chiman bhai Bridge,Ahmedabad,—,TR01M1K1RCJDSBT6Q6D16BF702QY,car,TENTATIVE,0.576,1017,627,1074,661,,
2026-09-03T07:11:59.558992+00:00,cam01,Chiman bhai Bridge,Ahmedabad,—,TR01M1K1RCJDN9CFDB946B8579CC,car,TENTATIVE,0.548,1536,632,1600,691,,
2026-09-03T07:11:59.758992+00:00,cam01,Chiman bhai Bridge,Ahmedabad,—,TR01M1K1QZVZJGCP6TCHJYEW36GT,car,CONFIRMED,0.538,411,619,504,680,,
2026-09-03T07:11:59.758992+00:00,cam01,Chiman bhai Bridge,Ahmedabad,—,TR01M1K1QZVZJ541V3HXR47R0Q03,truck,CONFIRMED,0.551,411,619,504,680,,
2026-09-03T07:11:59.758992+00:00,cam01,Chiman bhai Bridge,Ahmedabad,—,TR01M1K1R011BKQGAHT4RA7BF7G6,car,CONFIRMED,0.438,982,519,1004,540,,
2026-09-03T07:11:59.758992+00:00,cam01,Chiman bhai Bridge,Ahmedabad,—,TR01M1K1R0BCMN36Q37RKESJFGY1,car,CONFIRMED,0.495,0,630,38,663,,
2026-09-03T07:11:59.758992+00:00,cam01,Chiman bhai Bridge,Ahmedabad,—,TR01M1K1R0FTWY47G001Z4Q0M5YK,car,CONFIRMED,0.459,938,515,957,539,,
2026-09-03T07:11:59.758992+00:00,cam01,Chiman bhai Bridge,Ahmedabad,—,TR01M1K1R14P7V39EX1SXSC6ZHPG,car,CONFIRMED,0.434,941,525,960,546,,
2026-09-03T07:11:59.758992+00:00,cam01,Chiman bhai Bridge,Ahmedabad,—,TR01M1K1R1FPEWJGT4Z4DFDXJ8Q1,truck,CONFIRMED,0.449,527,606,650,688,,
2026-09-03T07:11:59.758992+00:00,cam01,Chiman bhai Bridge,Ahmedabad,—,TR01M1K1R42XG2YYCZSCR51GM64E,car,CONFIRMED,0.695,920,563,955,606,,
2026-09-03T07:11:59.758992+00:00,cam01,Chiman bhai Bridge,Ahmedabad,—,TR01M1K1R4SE02KZ42MYSPVJW5ZB,truck,CONFIRMED,0.400,1016,566,1058,603,,
2026-09-03T07:11:59.758992+00:00,cam01,Chiman bhai Bridge,Ahmedabad,—,TR01M1K1R5DMEYMFFSNZYKCVSW43,car,CONFIRMED,0.792,955,541,992,573,,
2026-09-03T07:11:59.758992+00:00,cam01,Chiman bhai Bridge,Ahmedabad,—,TR01M1K1R6YCGGX00TDN70CJV1CN,truck,CONFIRMED,0.419,956,549,997,584,,
2026-09-03T07:11:59.758992+00:00,cam01,Chiman bhai Bridge,Ahmedabad,—,TR01M1K1R73R5N45FJCYB865WEMK,car,CONFIRMED,0.419,765,543,810,574,,
2026-09-03T07:11:59.758992+00:00,cam01,Chiman bhai Bridge,Ahmedabad,—,TR01M1K1R7Q7DQGQXFV770ZKPA3Q,car,CONFIRMED,0.663,1015,609,1072,653,,
2026-09-03T07:11:59.758992+00:00,cam01,Chiman bhai Bridge,Ahmedabad,—,TR01M1K1R9QMQGQPH1ATTX0EKWH3,truck,CONFIRMED,0.427,1368,550,1415,617,,
2026-09-03T07:11:59.758992+00:00,cam01,Chiman bhai Bridge,Ahmedabad,—,TR01M1K1RAB1Y66XAZ0AHDG6NQ1J,vehicle,CONFIRMED,0.424,924,504,996,612,,
2026-09-03T07:11:59.758992+00:00,cam01,Chiman bhai Bridge,Ahmedabad,—,TR01M1K1RASMWYJV38M7AMFZTZBM,car,CONFIRMED,0.871,803,741,950,861,,
2026-09-03T07:11:59.758992+00:00,cam01,Chiman bhai Bridge,Ahmedabad,—,TR01M1K1RBD2N2WM6MVVSQZ072VP,vehicle,CONFIRMED,0.442,396,696,528,780,,
2026-09-03T07:11:59.758992+00:00,cam01,Chiman bhai Bridge,Ahmedabad,—,TR01M1K1RBP7KBA9HK3BEJZSH47K,car,CONFIRMED,0.767,1016,566,1058,603,,
2026-09-03T07:11:59.758992+00:00,cam01,Chiman bhai Bridge,Ahmedabad,—,TR01M1K1RC05FS4330551Y9NW7SX,vehicle,CONFIRMED,0.490,924,684,996,780,,
2026-09-03T07:11:59.758992+00:00,cam01,Chiman bhai Bridge,Ahmedabad,—,TR01M1K1RC47725QPJWZAVQZAT6D,vehicle,CONFIRMED,0.490,708,792,912,996,,
2026-09-03T07:11:59.758992+00:00,cam01,Chiman bhai Bridge,Ahmedabad,—,TR01M1K1RC471PG6AB9Z56VQHX3X,truck,CONFIRMED,0.593,803,741,951,862,,
2026-09-03T07:11:59.758992+00:00,cam01,Chiman bhai Bridge,Ahmedabad,—,TR01M1K1RC470D71QGB8GHPEAFBM,truck,CONFIRMED,0.595,920,563,955,606,,
2026-09-03T07:11:59.758992+00:00,cam01,Chiman bhai Bridge,Ahmedabad,—,TR01M1K1RCD4X89QQA2PN5RJ3ZWY,car,TENTATIVE,0.502,1477,621,1536,673,,
2026-09-03T07:11:59.758992+00:00,cam01,Chiman bhai Bridge,Ahmedabad,—,TR01M1K1RCJDSBT6Q6D16BF702QY,car,CONFIRMED,0.709,1016,622,1072,654,,
2026-09-03T07:11:59.758992+00:00,cam01,Chiman bhai Bridge,Ahmedabad,—,TR01M1K1RCJDN9CFDB946B8579CC,car,CONFIRMED,0.592,1567,639,1633,699,,
2026-09-03T07:11:59.758992+00:00,cam01,Chiman bhai Bridge,Ahmedabad,—,TR01M1K1RCQVAN3GS6GVAMQVTJ8B,car,TENTATIVE,0.703,1017,606,1070,630,,
2026-09-03T07:11:59.758992+00:00,cam01,Chiman bhai Bridge,Ahmedabad,—,TR01M1K1RCQVE55442JG0C5KJ66Z,truck,TENTATIVE,0.527,1567,639,1633,699,,
2026-09-03T07:11:59.878992+00:00,cam01,Chiman bhai Bridge,Ahmedabad,—,TR01M1K1QZVZJGCP6TCHJYEW36GT,car,CONFIRMED,0.509,411,619,503,680,,
2026-09-03T07:11:59.878992+00:00,cam01,Chiman bhai Bridge,Ahmedabad,—,TR01M1K1QZVZJ541V3HXR47R0Q03,truck,CONFIRMED,0.552,411,619,503,680,,
2026-09-03T07:11:59.878992+00:00,cam01,Chiman bhai Bridge,Ahmedabad,—,TR01M1K1R011BKQGAHT4RA7BF7G6,car,CONFIRMED,0.447,980,517,1006,540,,
2026-09-03T07:11:59.878992+00:00,cam01,Chiman bhai Bridge,Ahmedabad,—,TR01M1K1R0BCMN36Q37RKESJFGY1,car,CONFIRMED,0.530,0,630,38,663,,
2026-09-03T07:11:59.878992+00:00,cam01,Chiman bhai Bridge,Ahmedabad,—,TR01M1K1R0FTWY47G001Z4Q0M5YK,car,CONFIRMED,0.438,938,514,957,538,,
2026-09-03T07:11:59.878992+00:00,cam01,Chiman bhai Bridge,Ahmedabad,—,TR01M1K1R14P7V39EX1SXSC6ZHPG,car,CONFIRMED,0.434,941,525,960,546,,
2026-09-03T07:11:59.878992+00:00,cam01,Chiman bhai Bridge,Ahmedabad,—,TR01M1K1R1FPEWJGT4Z4DFDXJ8Q1,truck,CONFIRMED,0.437,527,606,649,688,,
2026-09-03T07:11:59.878992+00:00,cam01,Chiman bhai Bridge,Ahmedabad,—,TR01M1K1R42XG2YYCZSCR51GM64E,truck,CONFIRMED,0.653,921,561,955,605,,
2026-09-03T07:11:59.878992+00:00,cam01,Chiman bhai Bridge,Ahmedabad,—,TR01M1K1R4SE02KZ42MYSPVJW5ZB,car,CONFIRMED,0.786,1016,562,1056,596,,
2026-09-03T07:11:59.878992+00:00,cam01,Chiman bhai Bridge,Ahmedabad,—,TR01M1K1R5DMEYMFFSNZYKCVSW43,car,CONFIRMED,0.818,955,538,991,571,,
2026-09-03T07:11:59.878992+00:00,cam01,Chiman bhai Bridge,Ahmedabad,—,TR01M1K1R6YCGGX00TDN70CJV1CN,truck,CONFIRMED,0.419,956,549,997,584,,
2026-09-03T07:11:59.878992+00:00,cam01,Chiman bhai Bridge,Ahmedabad,—,TR01M1K1R73R5N45FJCYB865WEMK,car,CONFIRMED,0.442,765,543,809,574,,
2026-09-03T07:11:59.878992+00:00,cam01,Chiman bhai Bridge,Ahmedabad,—,TR01M1K1R7Q7DQGQXFV770ZKPA3Q,car,CONFIRMED,0.788,1014,610,1069,651,,
2026-09-03T07:11:59.878992+00:00,cam01,Chiman bhai Bridge,Ahmedabad,—,TR01M1K1R9QMQGQPH1ATTX0EKWH3,truck,CONFIRMED,0.427,1368,550,1415,617,,
2026-09-03T07:11:59.878992+00:00,cam01,Chiman bhai Bridge,Ahmedabad,—,TR01M1K1RAB1Y66XAZ0AHDG6NQ1J,vehicle,CONFIRMED,0.424,924,504,996,612,,
2026-09-03T07:11:59.878992+00:00,cam01,Chiman bhai Bridge,Ahmedabad,—,TR01M1K1RASMWYJV38M7AMFZTZBM,car,CONFIRMED,0.906,820,731,955,846,,
2026-09-03T07:11:59.878992+00:00,cam01,Chiman bhai Bridge,Ahmedabad,—,TR01M1K1RBD2N2WM6MVVSQZ072VP,vehicle,CONFIRMED,0.442,396,696,528,780,,
2026-09-03T07:11:59.878992+00:00,cam01,Chiman bhai Bridge,Ahmedabad,—,TR01M1K1RBP7KBA9HK3BEJZSH47K,truck,CONFIRMED,0.426,1016,561,1056,597,,
2026-09-03T07:11:59.878992+00:00,cam01,Chiman bhai Bridge,Ahmedabad,—,TR01M1K1RC05FS4330551Y9NW7SX,vehicle,CONFIRMED,0.490,924,684,996,780,,
2026-09-03T07:11:59.878992+00:00,cam01,Chiman bhai Bridge,Ahmedabad,—,TR01M1K1RC47725QPJWZAVQZAT6D,vehicle,CONFIRMED,0.490,708,792,912,996,,
2026-09-03T07:11:59.878992+00:00,cam01,Chiman bhai Bridge,Ahmedabad,—,TR01M1K1RC471PG6AB9Z56VQHX3X,vehicle,CONFIRMED,0.490,828,744,960,888,,
2026-09-03T07:11:59.878992+00:00,cam01,Chiman bhai Bridge,Ahmedabad,—,TR01M1K1RC470D71QGB8GHPEAFBM,car,CONFIRMED,0.634,921,561,955,605,,
2026-09-03T07:11:59.878992+00:00,cam01,Chiman bhai Bridge,Ahmedabad,—,TR01M1K1RCD4X89QQA2PN5RJ3ZWY,car,TENTATIVE,0.502,1477,621,1536,673,,
2026-09-03T07:11:59.878992+00:00,cam01,Chiman bhai Bridge,Ahmedabad,—,TR01M1K1RCJDSBT6Q6D16BF702QY,car,CONFIRMED,0.467,1013,602,1069,649,,
2026-09-03T07:11:59.878992+00:00,cam01,Chiman bhai Bridge,Ahmedabad,—,TR01M1K1RCJDN9CFDB946B8579CC,car,CONFIRMED,0.659,1593,643,1664,706,,
2026-09-03T07:11:59.878992+00:00,cam01,Chiman bhai Bridge,Ahmedabad,—,TR01M1K1RCQVAN3GS6GVAMQVTJ8B,car,CONFIRMED,0.517,1015,601,1068,625,,
2026-09-03T07:11:59.878992+00:00,cam01,Chiman bhai Bridge,Ahmedabad,—,TR01M1K1RCQVE55442JG0C5KJ66Z,truck,CONFIRMED,0.440,1593,643,1664,706,,
2026-09-03T07:11:59.878992+00:00,cam01,Chiman bhai Bridge,Ahmedabad,—,TR01M1K1RCWZTWWZ9C711C44EJ9E,car,TENTATIVE,0.520,933,610,961,656,,
2026-09-03T07:11:59.998992+00:00,cam01,Chiman bhai Bridge,Ahmedabad,—,TR01M1K1QZVZJGCP6TCHJYEW36GT,car,CONFIRMED,0.479,411,619,503,680,,
2026-09-03T07:11:59.998992+00:00,cam01,Chiman bhai Bridge,Ahmedabad,—,TR01M1K1QZVZJ541V3HXR47R0Q03,truck,CONFIRMED,0.583,411,619,503,680,,
2026-09-03T07:11:59.998992+00:00,cam01,Chiman bhai Bridge,Ahmedabad,—,TR01M1K1R011BKQGAHT4RA7BF7G6,car,CONFIRMED,0.435,977,516,1005,540,,
2026-09-03T07:11:59.998992+00:00,cam01,Chiman bhai Bridge,Ahmedabad,—,TR01M1K1R0BCMN36Q37RKESJFGY1,car,CONFIRMED,0.524,0,630,38,663,,
2026-09-03T07:11:59.998992+00:00,cam01,Chiman bhai Bridge,Ahmedabad,—,TR01M1K1R0FTWY47G001Z4Q0M5YK,car,CONFIRMED,0.438,938,514,957,538,,
2026-09-03T07:11:59.998992+00:00,cam01,Chiman bhai Bridge,Ahmedabad,—,TR01M1K1R1FPEWJGT4Z4DFDXJ8Q1,truck,CONFIRMED,0.449,527,606,635,689,,
2026-09-03T07:11:59.998992+00:00,cam01,Chiman bhai Bridge,Ahmedabad,—,TR01M1K1R42XG2YYCZSCR51GM64E,car,CONFIRMED,0.568,922,558,955,603,,
2026-09-03T07:11:59.998992+00:00,cam01,Chiman bhai Bridge,Ahmedabad,—,TR01M1K1R4SE02KZ42MYSPVJW5ZB,car,CONFIRMED,0.786,1016,562,1056,596,,
2026-09-03T07:11:59.998992+00:00,cam01,Chiman bhai Bridge,Ahmedabad,—,TR01M1K1R5DMEYMFFSNZYKCVSW43,car,CONFIRMED,0.833,954,538,991,570,,
2026-09-03T07:11:59.998992+00:00,cam01,Chiman bhai Bridge,Ahmedabad,—,TR01M1K1R6YCGGX00TDN70CJV1CN,truck,CONFIRMED,0.419,956,549,997,584,,
2026-09-03T07:11:59.998992+00:00,cam01,Chiman bhai Bridge,Ahmedabad,—,TR01M1K1R73R5N45FJCYB865WEMK,car,CONFIRMED,0.459,765,543,809,574,,
2026-09-03T07:11:59.998992+00:00,cam01,Chiman bhai Bridge,Ahmedabad,—,TR01M1K1R7Q7DQGQXFV770ZKPA3Q,car,CONFIRMED,0.704,1012,612,1067,649,,
2026-09-03T07:11:59.998992+00:00,cam01,Chiman bhai Bridge,Ahmedabad,—,TR01M1K1RAB1Y66XAZ0AHDG6NQ1J,vehicle,CONFIRMED,0.424,924,504,996,612,,
2026-09-03T07:11:59.998992+00:00,cam01,Chiman bhai Bridge,Ahmedabad,—,TR01M1K1RASMWYJV38M7AMFZTZBM,car,CONFIRMED,0.896,829,724,958,833,,
2026-09-03T07:11:59.998992+00:00,cam01,Chiman bhai Bridge,Ahmedabad,—,TR01M1K1RBD2N2WM6MVVSQZ072VP,vehicle,CONFIRMED,0.442,396,696,528,780,,
2026-09-03T07:11:59.998992+00:00,cam01,Chiman bhai Bridge,Ahmedabad,—,TR01M1K1RBP7KBA9HK3BEJZSH47K,car,CONFIRMED,0.786,1015,559,1056,594,,
2026-09-03T07:11:59.998992+00:00,cam01,Chiman bhai Bridge,Ahmedabad,—,TR01M1K1RC05FS4330551Y9NW7SX,vehicle,CONFIRMED,0.490,924,684,996,780,,
2026-09-03T07:11:59.998992+00:00,cam01,Chiman bhai Bridge,Ahmedabad,—,TR01M1K1RC47725QPJWZAVQZAT6D,vehicle,CONFIRMED,0.490,708,792,912,996,,
2026-09-03T07:11:59.998992+00:00,cam01,Chiman bhai Bridge,Ahmedabad,—,TR01M1K1RC471PG6AB9Z56VQHX3X,vehicle,CONFIRMED,0.490,840,732,960,876,,
2026-09-03T07:11:59.998992+00:00,cam01,Chiman bhai Bridge,Ahmedabad,—,TR01M1K1RC470D71QGB8GHPEAFBM,truck,CONFIRMED,0.607,922,558,955,603,,
2026-09-03T07:11:59.998992+00:00,cam01,Chiman bhai Bridge,Ahmedabad,—,TR01M1K1RCD4X89QQA2PN5RJ3ZWY,car,TENTATIVE,0.502,1477,621,1536,673,,
2026-09-03T07:11:59.998992+00:00,cam01,Chiman bhai Bridge,Ahmedabad,—,TR01M1K1RCJDSBT6Q6D16BF702QY,car,CONFIRMED,0.809,1012,601,1067,647,,
2026-09-03T07:11:59.998992+00:00,cam01,Chiman bhai Bridge,Ahmedabad,—,TR01M1K1RCJDN9CFDB946B8579CC,car,CONFIRMED,0.664,1613,647,1686,712,,
2026-09-03T07:11:59.998992+00:00,cam01,Chiman bhai Bridge,Ahmedabad,—,TR01M1K1RCQVAN3GS6GVAMQVTJ8B,car,CONFIRMED,0.626,1014,598,1066,623,,
2026-09-03T07:11:59.998992+00:00,cam01,Chiman bhai Bridge,Ahmedabad,—,TR01M1K1RCQVE55442JG0C5KJ66Z,truck,CONFIRMED,0.474,1613,647,1686,712,,
2026-09-03T07:11:59.998992+00:00,cam01,Chiman bhai Bridge,Ahmedabad,—,TR01M1K1RCWZTWWZ9C711C44EJ9E,car,CONFIRMED,0.549,934,608,961,652,,
2026-09-03T07:12:00.198992+00:00,cam01,Chiman bhai Bridge,Ahmedabad,—,TR01M1K1QZVZJGCP6TCHJYEW36GT,car,CONFIRMED,0.516,409,618,498,675,,
2026-09-03T07:12:00.198992+00:00,cam01,Chiman bhai Bridge,Ahmedabad,—,TR01M1K1QZVZJ541V3HXR47R0Q03,truck,CONFIRMED,0.469,409,618,498,675,,
2026-09-03T07:12:00.198992+00:00,cam01,Chiman bhai Bridge,Ahmedabad,—,TR01M1K1R011BKQGAHT4RA7BF7G6,car,CONFIRMED,0.435,977,516,1005,540,,
2026-09-03T07:12:00.198992+00:00,cam01,Chiman bhai Bridge,Ahmedabad,—,TR01M1K1R0BCMN36Q37RKESJFGY1,car,CONFIRMED,0.431,0,626,39,663,,
2026-09-03T07:12:00.198992+00:00,cam01,Chiman bhai Bridge,Ahmedabad,—,TR01M1K1R0FTWY47G001Z4Q0M5YK,car,CONFIRMED,0.438,938,514,957,538,,
2026-09-03T07:12:00.198992+00:00,cam01,Chiman bhai Bridge,Ahmedabad,—,TR01M1K1R1FPEWJGT4Z4DFDXJ8Q1,truck,CONFIRMED,0.449,527,606,635,689,,
2026-09-03T07:12:00.198992+00:00,cam01,Chiman bhai Bridge,Ahmedabad,—,TR01M1K1R42XG2YYCZSCR51GM64E,car,CONFIRMED,0.610,924,556,955,600,,
2026-09-03T07:12:00.198992+00:00,cam01,Chiman bhai Bridge,Ahmedabad,—,TR01M1K1R4SE02KZ42MYSPVJW5ZB,car,CONFIRMED,0.786,1016,562,1056,596,,
2026-09-03T07:12:00.198992+00:00,cam01,Chiman bhai Bridge,Ahmedabad,—,TR01M1K1R5DMEYMFFSNZYKCVSW43,car,CONFIRMED,0.818,954,534,990,567,,
2026-09-03T07:12:00.198992+00:00,cam01,Chiman bhai Bridge,Ahmedabad,—,TR01M1K1R6YCGGX00TDN70CJV1CN,truck,CONFIRMED,0.424,954,532,990,566,,
2026-09-03T07:12:00.198992+00:00,cam01,Chiman bhai Bridge,Ahmedabad,—,TR01M1K1R73R5N45FJCYB865WEMK,car,CONFIRMED,0.459,765,543,809,574,,
2026-09-03T07:12:00.198992+00:00,cam01,Chiman bhai Bridge,Ahmedabad,—,TR01M1K1R7Q7DQGQXFV770ZKPA3Q,car,CONFIRMED,0.704,1012,612,1067,649,,
2026-09-03T07:12:00.198992+00:00,cam01,Chiman bhai Bridge,Ahmedabad,—,TR01M1K1RAB1Y66XAZ0AHDG6NQ1J,vehicle,CONFIRMED,0.424,924,504,996,612,,
2026-09-03T07:12:00.198992+00:00,cam01,Chiman bhai Bridge,Ahmedabad,—,TR01M1K1RASMWYJV38M7AMFZTZBM,car,CONFIRMED,0.909,845,712,963,819,,
2026-09-03T07:12:00.198992+00:00,cam01,Chiman bhai Bridge,Ahmedabad,—,TR01M1K1RBD2N2WM6MVVSQZ072VP,vehicle,CONFIRMED,0.442,396,696,528,780,,
2026-09-03T07:12:00.198992+00:00,cam01,Chiman bhai Bridge,Ahmedabad,—,TR01M1K1RBP7KBA9HK3BEJZSH47K,car,CONFIRMED,0.755,1015,554,1055,590,,
2026-09-03T07:12:00.198992+00:00,cam01,Chiman bhai Bridge,Ahmedabad,—,TR01M1K1RC05FS4330551Y9NW7SX,vehicle,CONFIRMED,0.490,924,684,996,780,,
2026-09-03T07:12:00.198992+00:00,cam01,Chiman bhai Bridge,Ahmedabad,—,TR01M1K1RC47725QPJWZAVQZAT6D,vehicle,CONFIRMED,0.490,708,792,912,996,,
2026-09-03T07:12:00.198992+00:00,cam01,Chiman bhai Bridge,Ahmedabad,—,TR01M1K1RC471PG6AB9Z56VQHX3X,vehicle,CONFIRMED,0.490,852,720,960,864,,
2026-09-03T07:12:00.198992+00:00,cam01,Chiman bhai Bridge,Ahmedabad,—,TR01M1K1RC470D71QGB8GHPEAFBM,truck,CONFIRMED,0.547,924,556,955,600,,
2026-09-03T07:12:00.198992+00:00,cam01,Chiman bhai Bridge,Ahmedabad,—,TR01M1K1RCD4X89QQA2PN5RJ3ZWY,car,TENTATIVE,0.502,1477,621,1536,673,,
2026-09-03T07:12:00.198992+00:00,cam01,Chiman bhai Bridge,Ahmedabad,—,TR01M1K1RCJDSBT6Q6D16BF702QY,car,CONFIRMED,0.855,1010,596,1064,641,,
2026-09-03T07:12:00.198992+00:00,cam01,Chiman bhai Bridge,Ahmedabad,—,TR01M1K1RCJDN9CFDB946B8579CC,car,CONFIRMED,0.541,1647,655,1724,722,,
2026-09-03T07:12:00.198992+00:00,cam01,Chiman bhai Bridge,Ahmedabad,—,TR01M1K1RCQVAN3GS6GVAMQVTJ8B,car,CONFIRMED,0.626,1014,598,1066,623,,
2026-09-03T07:12:00.198992+00:00,cam01,Chiman bhai Bridge,Ahmedabad,—,TR01M1K1RCQVE55442JG0C5KJ66Z,truck,CONFIRMED,0.461,1647,655,1724,722,,
2026-09-03T07:12:00.198992+00:00,cam01,Chiman bhai Bridge,Ahmedabad,—,TR01M1K1RCWZTWWZ9C711C44EJ9E,car,CONFIRMED,0.549,934,608,961,652,,
2026-09-03T07:12:00.398992+00:00,cam01,Chiman bhai Bridge,Ahmedabad,—,TR01M1K1QZVZJGCP6TCHJYEW36GT,truck,CONFIRMED,0.440,409,618,496,674,,
2026-09-03T07:12:00.398992+00:00,cam01,Chiman bhai Bridge,Ahmedabad,—,TR01M1K1QZVZJ541V3HXR47R0Q03,car,CONFIRMED,0.552,409,618,496,674,,
2026-09-03T07:12:00.398992+00:00,cam01,Chiman bhai Bridge,Ahmedabad,—,TR01M1K1R011BKQGAHT4RA7BF7G6,car,CONFIRMED,0.435,977,516,1005,540,,
2026-09-03T07:12:00.398992+00:00,cam01,Chiman bhai Bridge,Ahmedabad,—,TR01M1K1R0BCMN36Q37RKESJFGY1,car,CONFIRMED,0.438,0,626,39,663,,
2026-09-03T07:12:00.398992+00:00,cam01,Chiman bhai Bridge,Ahmedabad,—,TR01M1K1R0FTWY47G001Z4Q0M5YK,car,CONFIRMED,0.457,932,509,962,535,,
2026-09-03T07:12:00.398992+00:00,cam01,Chiman bhai Bridge,Ahmedabad,—,TR01M1K1R1FPEWJGT4Z4DFDXJ8Q1,truck,CONFIRMED,0.449,527,606,635,689,,
2026-09-03T07:12:00.398992+00:00,cam01,Chiman bhai Bridge,Ahmedabad,—,TR01M1K1R42XG2YYCZSCR51GM64E,car,CONFIRMED,0.731,923,554,955,596,,
2026-09-03T07:12:00.398992+00:00,cam01,Chiman bhai Bridge,Ahmedabad,—,TR01M1K1R4SE02KZ42MYSPVJW5ZB,car,CONFIRMED,0.786,1016,562,1056,596,,
2026-09-03T07:12:00.398992+00:00,cam01,Chiman bhai Bridge,Ahmedabad,—,TR01M1K1R5DMEYMFFSNZYKCVSW43,car,CONFIRMED,0.828,953,533,989,565,,
2026-09-03T07:12:00.398992+00:00,cam01,Chiman bhai Bridge,Ahmedabad,—,TR01M1K1R6YCGGX00TDN70CJV1CN,truck,CONFIRMED,0.424,954,532,990,566,,
2026-09-03T07:12:00.398992+00:00,cam01,Chiman bhai Bridge,Ahmedabad,—,TR01M1K1R73R5N45FJCYB865WEMK,car,CONFIRMED,0.459,765,543,809,574,,
2026-09-03T07:12:00.398992+00:00,cam01,Chiman bhai Bridge,Ahmedabad,—,TR01M1K1R7Q7DQGQXFV770ZKPA3Q,car,CONFIRMED,0.704,1012,612,1067,649,,
2026-09-03T07:12:00.398992+00:00,cam01,Chiman bhai Bridge,Ahmedabad,—,TR01M1K1RAB1Y66XAZ0AHDG6NQ1J,vehicle,CONFIRMED,0.424,924,504,996,612,,
2026-09-03T07:12:00.398992+00:00,cam01,Chiman bhai Bridge,Ahmedabad,—,TR01M1K1RASMWYJV38M7AMFZTZBM,car,CONFIRMED,0.900,857,703,968,805,,
2026-09-03T07:12:00.398992+00:00,cam01,Chiman bhai Bridge,Ahmedabad,—,TR01M1K1RBD2N2WM6MVVSQZ072VP,vehicle,CONFIRMED,0.442,396,696,528,780,,
2026-09-03T07:12:00.398992+00:00,cam01,Chiman bhai Bridge,Ahmedabad,—,TR01M1K1RBP7KBA9HK3BEJZSH47K,car,CONFIRMED,0.810,1014,550,1054,584,,
2026-09-03T07:12:00.398992+00:00,cam01,Chiman bhai Bridge,Ahmedabad,—,TR01M1K1RC05FS4330551Y9NW7SX,vehicle,CONFIRMED,0.490,924,684,996,780,,
2026-09-03T07:12:00.398992+00:00,cam01,Chiman bhai Bridge,Ahmedabad,—,TR01M1K1RC47725QPJWZAVQZAT6D,vehicle,CONFIRMED,0.490,708,792,912,996,,
2026-09-03T07:12:00.398992+00:00,cam01,Chiman bhai Bridge,Ahmedabad,—,TR01M1K1RC471PG6AB9Z56VQHX3X,vehicle,CONFIRMED,0.490,864,708,972,840,,
2026-09-03T07:12:00.398992+00:00,cam01,Chiman bhai Bridge,Ahmedabad,—,TR01M1K1RC470D71QGB8GHPEAFBM,truck,CONFIRMED,0.459,923,554,955,596,,
2026-09-03T07:12:00.398992+00:00,cam01,Chiman bhai Bridge,Ahmedabad,—,TR01M1K1RCD4X89QQA2PN5RJ3ZWY,car,TENTATIVE,0.502,1477,621,1536,673,,
2026-09-03T07:12:00.398992+00:00,cam01,Chiman bhai Bridge,Ahmedabad,—,TR01M1K1RCJDSBT6Q6D16BF702QY,car,CONFIRMED,0.863,1010,591,1060,636,,
2026-09-03T07:12:00.398992+00:00,cam01,Chiman bhai Bridge,Ahmedabad,—,TR01M1K1RCJDN9CFDB946B8579CC,car,CONFIRMED,0.463,1684,662,1768,734,,
2026-09-03T07:12:00.398992+00:00,cam01,Chiman bhai Bridge,Ahmedabad,—,TR01M1K1RCQVAN3GS6GVAMQVTJ8B,car,CONFIRMED,0.626,1014,598,1066,623,,
2026-09-03T07:12:00.398992+00:00,cam01,Chiman bhai Bridge,Ahmedabad,—,TR01M1K1RCQVE55442JG0C5KJ66Z,truck,CONFIRMED,0.467,1684,662,1768,734,,
2026-09-03T07:12:00.398992+00:00,cam01,Chiman bhai Bridge,Ahmedabad,—,TR01M1K1RCWZTWWZ9C711C44EJ9E,car,CONFIRMED,0.549,934,608,961,652,,
2026-09-03T07:12:00.602992+00:00,cam01,Chiman bhai Bridge,Ahmedabad,—,TR01M1K1QZVZJGCP6TCHJYEW36GT,car,CONFIRMED,0.542,409,619,495,676,,
2026-09-03T07:12:00.602992+00:00,cam01,Chiman bhai Bridge,Ahmedabad,—,TR01M1K1QZVZJ541V3HXR47R0Q03,truck,CONFIRMED,0.482,409,619,495,676,,
2026-09-03T07:12:00.602992+00:00,cam01,Chiman bhai Bridge,Ahmedabad,—,TR01M1K1R011BKQGAHT4RA7BF7G6,car,CONFIRMED,0.435,977,516,1005,540,,
2026-09-03T07:12:00.602992+00:00,cam01,Chiman bhai Bridge,Ahmedabad,—,TR01M1K1R0BCMN36Q37RKESJFGY1,car,CONFIRMED,0.445,0,626,39,663,,
2026-09-03T07:12:00.602992+00:00,cam01,Chiman bhai Bridge,Ahmedabad,—,TR01M1K1R0FTWY47G001Z4Q0M5YK,car,CONFIRMED,0.437,932,508,962,534,,
2026-09-03T07:12:00.602992+00:00,cam01,Chiman bhai Bridge,Ahmedabad,—,TR01M1K1R1FPEWJGT4Z4DFDXJ8Q1,truck,CONFIRMED,0.449,527,606,635,689,,
2026-09-03T07:12:00.602992+00:00,cam01,Chiman bhai Bridge,Ahmedabad,—,TR01M1K1R42XG2YYCZSCR51GM64E,car,CONFIRMED,0.630,925,551,955,594,,
2026-09-03T07:12:00.602992+00:00,cam01,Chiman bhai Bridge,Ahmedabad,—,TR01M1K1R4SE02KZ42MYSPVJW5ZB,car,CONFIRMED,0.786,1016,562,1056,596,,
2026-09-03T07:12:00.602992+00:00,cam01,Chiman bhai Bridge,Ahmedabad,—,TR01M1K1R5DMEYMFFSNZYKCVSW43,car,CONFIRMED,0.817,953,531,988,562,,
2026-09-03T07:12:00.602992+00:00,cam01,Chiman bhai Bridge,Ahmedabad,—,TR01M1K1R6YCGGX00TDN70CJV1CN,truck,CONFIRMED,0.424,954,532,990,566,,
2026-09-03T07:12:00.602992+00:00,cam01,Chiman bhai Bridge,Ahmedabad,—,TR01M1K1R73R5N45FJCYB865WEMK,car,CONFIRMED,0.459,765,543,809,574,,
2026-09-03T07:12:00.602992+00:00,cam01,Chiman bhai Bridge,Ahmedabad,—,TR01M1K1R7Q7DQGQXFV770ZKPA3Q,car,CONFIRMED,0.704,1012,612,1067,649,,
2026-09-03T07:12:00.602992+00:00,cam01,Chiman bhai Bridge,Ahmedabad,—,TR01M1K1RAB1Y66XAZ0AHDG6NQ1J,vehicle,CONFIRMED,0.424,924,504,996,612,,
2026-09-03T07:12:00.602992+00:00,cam01,Chiman bhai Bridge,Ahmedabad,—,TR01M1K1RASMWYJV38M7AMFZTZBM,car,CONFIRMED,0.898,865,696,971,791,,
2026-09-03T07:12:00.602992+00:00,cam01,Chiman bhai Bridge,Ahmedabad,—,TR01M1K1RBP7KBA9HK3BEJZSH47K,car,CONFIRMED,0.837,1014,546,1052,579,,
2026-09-03T07:12:00.602992+00:00,cam01,Chiman bhai Bridge,Ahmedabad,—,TR01M1K1RC471PG6AB9Z56VQHX3X,vehicle,CONFIRMED,0.490,864,708,972,840,,
2026-09-03T07:12:00.602992+00:00,cam01,Chiman bhai Bridge,Ahmedabad,—,TR01M1K1RC470D71QGB8GHPEAFBM,truck,CONFIRMED,0.523,925,551,955,594,,
2026-09-03T07:12:00.602992+00:00,cam01,Chiman bhai Bridge,Ahmedabad,—,TR01M1K1RCJDSBT6Q6D16BF702QY,car,CONFIRMED,0.837,1007,588,1057,630,,
2026-09-03T07:12:00.602992+00:00,cam01,Chiman bhai Bridge,Ahmedabad,—,TR01M1K1RCJDN9CFDB946B8579CC,truck,CONFIRMED,0.449,1726,669,1810,743,,
2026-09-03T07:12:00.602992+00:00,cam01,Chiman bhai Bridge,Ahmedabad,—,TR01M1K1RCQVAN3GS6GVAMQVTJ8B,car,CONFIRMED,0.626,1014,598,1066,623,,
2026-09-03T07:12:00.602992+00:00,cam01,Chiman bhai Bridge,Ahmedabad,—,TR01M1K1RCQVE55442JG0C5KJ66Z,car,CONFIRMED,0.615,1726,669,1810,743,,
2026-09-03T07:12:00.602992+00:00,cam01,Chiman bhai Bridge,Ahmedabad,—,TR01M1K1RCWZTWWZ9C711C44EJ9E,car,CONFIRMED,0.549,934,608,961,652,,
2026-09-03T07:12:00.762992+00:00,cam01,Chiman bhai Bridge,Ahmedabad,—,TR01M1K1QZVZJGCP6TCHJYEW36GT,car,CONFIRMED,0.572,409,619,495,676,,
2026-09-03T07:12:00.762992+00:00,cam01,Chiman bhai Bridge,Ahmedabad,—,TR01M1K1QZVZJ541V3HXR47R0Q03,truck,CONFIRMED,0.463,409,619,495,676,,
2026-09-03T07:12:00.762992+00:00,cam01,Chiman bhai Bridge,Ahmedabad,—,TR01M1K1R011BKQGAHT4RA7BF7G6,car,CONFIRMED,0.435,977,516,1005,540,,
2026-09-03T07:12:00.762992+00:00,cam01,Chiman bhai Bridge,Ahmedabad,—,TR01M1K1R0BCMN36Q37RKESJFGY1,car,CONFIRMED,0.427,0,626,39,663,,
2026-09-03T07:12:00.762992+00:00,cam01,Chiman bhai Bridge,Ahmedabad,—,TR01M1K1R0FTWY47G001Z4Q0M5YK,car,CONFIRMED,0.437,932,508,962,534,,
2026-09-03T07:12:00.762992+00:00,cam01,Chiman bhai Bridge,Ahmedabad,—,TR01M1K1R1FPEWJGT4Z4DFDXJ8Q1,truck,CONFIRMED,0.449,527,606,635,689,,
2026-09-03T07:12:00.762992+00:00,cam01,Chiman bhai Bridge,Ahmedabad,—,TR01M1K1R42XG2YYCZSCR51GM64E,car,CONFIRMED,0.586,926,551,955,592,,
2026-09-03T07:12:00.762992+00:00,cam01,Chiman bhai Bridge,Ahmedabad,—,TR01M1K1R4SE02KZ42MYSPVJW5ZB,car,CONFIRMED,0.786,1016,562,1056,596,,
2026-09-03T07:12:00.762992+00:00,cam01,Chiman bhai Bridge,Ahmedabad,—,TR01M1K1R5DMEYMFFSNZYKCVSW43,car,CONFIRMED,0.800,952,529,988,561,,
2026-09-03T07:12:00.762992+00:00,cam01,Chiman bhai Bridge,Ahmedabad,—,TR01M1K1R6YCGGX00TDN70CJV1CN,truck,CONFIRMED,0.424,954,532,990,566,,
2026-09-03T07:12:00.762992+00:00,cam01,Chiman bhai Bridge,Ahmedabad,—,TR01M1K1R73R5N45FJCYB865WEMK,car,CONFIRMED,0.459,765,543,809,574,,
2026-09-03T07:12:00.762992+00:00,cam01,Chiman bhai Bridge,Ahmedabad,—,TR01M1K1R7Q7DQGQXFV770ZKPA3Q,car,CONFIRMED,0.704,1012,612,1067,649,,
2026-09-03T07:12:00.762992+00:00,cam01,Chiman bhai Bridge,Ahmedabad,—,TR01M1K1RAB1Y66XAZ0AHDG6NQ1J,vehicle,CONFIRMED,0.424,924,504,996,612,,
2026-09-03T07:12:00.762992+00:00,cam01,Chiman bhai Bridge,Ahmedabad,—,TR01M1K1RASMWYJV38M7AMFZTZBM,car,CONFIRMED,0.875,870,690,973,784,,
2026-09-03T07:12:00.762992+00:00,cam01,Chiman bhai Bridge,Ahmedabad,—,TR01M1K1RBP7KBA9HK3BEJZSH47K,car,CONFIRMED,0.816,1014,544,1051,576,,
2026-09-03T07:12:00.762992+00:00,cam01,Chiman bhai Bridge,Ahmedabad,—,TR01M1K1RC471PG6AB9Z56VQHX3X,vehicle,CONFIRMED,0.490,864,708,972,840,,
2026-09-03T07:12:00.762992+00:00,cam01,Chiman bhai Bridge,Ahmedabad,—,TR01M1K1RC470D71QGB8GHPEAFBM,truck,CONFIRMED,0.461,926,551,955,592,,
2026-09-03T07:12:00.762992+00:00,cam01,Chiman bhai Bridge,Ahmedabad,—,TR01M1K1RCJDSBT6Q6D16BF702QY,car,CONFIRMED,0.825,1007,586,1056,625,,
2026-09-03T07:12:00.762992+00:00,cam01,Chiman bhai Bridge,Ahmedabad,—,TR01M1K1RCJDN9CFDB946B8579CC,car,CONFIRMED,0.644,1751,674,1816,746,,
2026-09-03T07:12:00.762992+00:00,cam01,Chiman bhai Bridge,Ahmedabad,—,TR01M1K1RCQVAN3GS6GVAMQVTJ8B,car,CONFIRMED,0.443,1011,585,1054,607,,
2026-09-03T07:12:00.762992+00:00,cam01,Chiman bhai Bridge,Ahmedabad,—,TR01M1K1RCQVE55442JG0C5KJ66Z,vehicle,CONFIRMED,0.490,1764,684,1824,756,,
2026-09-03T07:12:00.762992+00:00,cam01,Chiman bhai Bridge,Ahmedabad,—,TR01M1K1RCWZTWWZ9C711C44EJ9E,car,CONFIRMED,0.549,934,608,961,652,,
2026-09-03T07:12:00.882992+00:00,cam01,Chiman bhai Bridge,Ahmedabad,—,TR01M1K1QZVZJGCP6TCHJYEW36GT,car,CONFIRMED,0.568,408,619,495,673,,
2026-09-03T07:12:00.882992+00:00,cam01,Chiman bhai Bridge,Ahmedabad,—,TR01M1K1QZVZJ541V3HXR47R0Q03,truck,CONFIRMED,0.479,408,619,495,673,,
2026-09-03T07:12:00.882992+00:00,cam01,Chiman bhai Bridge,Ahmedabad,—,TR01M1K1R011BKQGAHT4RA7BF7G6,car,CONFIRMED,0.435,977,516,1005,540,,
2026-09-03T07:12:00.882992+00:00,cam01,Chiman bhai Bridge,Ahmedabad,—,TR01M1K1R0BCMN36Q37RKESJFGY1,car,CONFIRMED,0.427,0,626,39,663,,
2026-09-03T07:12:00.882992+00:00,cam01,Chiman bhai Bridge,Ahmedabad,—,TR01M1K1R0FTWY47G001Z4Q0M5YK,car,CONFIRMED,0.437,932,508,962,534,,
2026-09-03T07:12:00.882992+00:00,cam01,Chiman bhai Bridge,Ahmedabad,—,TR01M1K1R1FPEWJGT4Z4DFDXJ8Q1,truck,CONFIRMED,0.449,527,606,635,689,,
2026-09-03T07:12:00.882992+00:00,cam01,Chiman bhai Bridge,Ahmedabad,—,TR01M1K1R42XG2YYCZSCR51GM64E,car,CONFIRMED,0.648,926,550,956,590,,
2026-09-03T07:12:00.882992+00:00,cam01,Chiman bhai Bridge,Ahmedabad,—,TR01M1K1R4SE02KZ42MYSPVJW5ZB,car,CONFIRMED,0.786,1016,562,1056,596,,
2026-09-03T07:12:00.882992+00:00,cam01,Chiman bhai Bridge,Ahmedabad,—,TR01M1K1R5DMEYMFFSNZYKCVSW43,car,CONFIRMED,0.815,951,528,987,560,,
2026-09-03T07:12:00.882992+00:00,cam01,Chiman bhai Bridge,Ahmedabad,—,TR01M1K1R6YCGGX00TDN70CJV1CN,truck,CONFIRMED,0.424,954,532,990,566,,
2026-09-03T07:12:00.882992+00:00,cam01,Chiman bhai Bridge,Ahmedabad,—,TR01M1K1R73R5N45FJCYB865WEMK,car,CONFIRMED,0.459,765,543,809,574,,
2026-09-03T07:12:00.882992+00:00,cam01,Chiman bhai Bridge,Ahmedabad,—,TR01M1K1R7Q7DQGQXFV770ZKPA3Q,car,CONFIRMED,0.460,1006,590,1055,625,,
2026-09-03T07:12:00.882992+00:00,cam01,Chiman bhai Bridge,Ahmedabad,—,TR01M1K1RAB1Y66XAZ0AHDG6NQ1J,vehicle,CONFIRMED,0.424,924,504,996,612,,
2026-09-03T07:12:00.882992+00:00,cam01,Chiman bhai Bridge,Ahmedabad,—,TR01M1K1RASMWYJV38M7AMFZTZBM,car,CONFIRMED,0.874,876,684,974,775,,
2026-09-03T07:12:00.882992+00:00,cam01,Chiman bhai Bridge,Ahmedabad,—,TR01M1K1RBP7KBA9HK3BEJZSH47K,car,CONFIRMED,0.800,1013,541,1049,574,,
2026-09-03T07:12:00.882992+00:00,cam01,Chiman bhai Bridge,Ahmedabad,—,TR01M1K1RC471PG6AB9Z56VQHX3X,vehicle,CONFIRMED,0.490,864,708,972,840,,
2026-09-03T07:12:00.882992+00:00,cam01,Chiman bhai Bridge,Ahmedabad,—,TR01M1K1RC470D71QGB8GHPEAFBM,truck,CONFIRMED,0.445,926,550,956,590,,
2026-09-03T07:12:00.882992+00:00,cam01,Chiman bhai Bridge,Ahmedabad,—,TR01M1K1RCJDSBT6Q6D16BF702QY,car,CONFIRMED,0.798,1006,583,1055,624,,
2026-09-03T07:12:00.882992+00:00,cam01,Chiman bhai Bridge,Ahmedabad,—,TR01M1K1RCJDN9CFDB946B8579CC,car,CONFIRMED,0.644,1751,674,1816,746,,
2026-09-03T07:12:00.882992+00:00,cam01,Chiman bhai Bridge,Ahmedabad,—,TR01M1K1RCQVAN3GS6GVAMQVTJ8B,car,CONFIRMED,0.463,1008,580,1052,602,,
2026-09-03T07:12:00.882992+00:00,cam01,Chiman bhai Bridge,Ahmedabad,—,TR01M1K1RCQVE55442JG0C5KJ66Z,vehicle,CONFIRMED,0.490,1764,684,1824,756,,
2026-09-03T07:12:00.882992+00:00,cam01,Chiman bhai Bridge,Ahmedabad,—,TR01M1K1RCWZTWWZ9C711C44EJ9E,car,CONFIRMED,0.450,940,589,963,624,,
2026-09-03T07:12:00.882992+00:00,cam01,Chiman bhai Bridge,Ahmedabad,—,TR01M1K1RDX7A283CEDZH3JKATZK,car,TENTATIVE,0.550,1071,519,1105,541,,
2026-09-03T07:12:01.002992+00:00,cam01,Chiman bhai Bridge,Ahmedabad,—,TR01M1K1QZVZJGCP6TCHJYEW36GT,car,CONFIRMED,0.577,408,619,495,673,,
2026-09-03T07:12:01.002992+00:00,cam01,Chiman bhai Bridge,Ahmedabad,—,TR01M1K1QZVZJ541V3HXR47R0Q03,truck,CONFIRMED,0.481,408,619,495,673,,
2026-09-03T07:12:01.002992+00:00,cam01,Chiman bhai Bridge,Ahmedabad,—,TR01M1K1R011BKQGAHT4RA7BF7G6,car,CONFIRMED,0.435,977,516,1005,540,,
2026-09-03T07:12:01.002992+00:00,cam01,Chiman bhai Bridge,Ahmedabad,—,TR01M1K1R0BCMN36Q37RKESJFGY1,car,CONFIRMED,0.456,0,627,39,663,,
2026-09-03T07:12:01.002992+00:00,cam01,Chiman bhai Bridge,Ahmedabad,—,TR01M1K1R0FTWY47G001Z4Q0M5YK,car,CONFIRMED,0.437,932,508,962,534,,
2026-09-03T07:12:01.002992+00:00,cam01,Chiman bhai Bridge,Ahmedabad,—,TR01M1K1R1FPEWJGT4Z4DFDXJ8Q1,truck,CONFIRMED,0.449,527,606,635,689,,
2026-09-03T07:12:01.002992+00:00,cam01,Chiman bhai Bridge,Ahmedabad,—,TR01M1K1R42XG2YYCZSCR51GM64E,car,CONFIRMED,0.721,926,550,956,588,,
2026-09-03T07:12:01.002992+00:00,cam01,Chiman bhai Bridge,Ahmedabad,—,TR01M1K1R4SE02KZ42MYSPVJW5ZB,car,CONFIRMED,0.786,1016,562,1056,596,,
2026-09-03T07:12:01.002992+00:00,cam01,Chiman bhai Bridge,Ahmedabad,—,TR01M1K1R5DMEYMFFSNZYKCVSW43,car,CONFIRMED,0.814,950,527,985,559,,
2026-09-03T07:12:01.002992+00:00,cam01,Chiman bhai Bridge,Ahmedabad,—,TR01M1K1R6YCGGX00TDN70CJV1CN,truck,CONFIRMED,0.424,954,532,990,566,,
2026-09-03T07:12:01.002992+00:00,cam01,Chiman bhai Bridge,Ahmedabad,—,TR01M1K1R73R5N45FJCYB865WEMK,car,CONFIRMED,0.459,765,543,809,574,,
2026-09-03T07:12:01.002992+00:00,cam01,Chiman bhai Bridge,Ahmedabad,—,TR01M1K1R7Q7DQGQXFV770ZKPA3Q,car,CONFIRMED,0.414,1006,588,1055,623,,
2026-09-03T07:12:01.002992+00:00,cam01,Chiman bhai Bridge,Ahmedabad,—,TR01M1K1RAB1Y66XAZ0AHDG6NQ1J,vehicle,CONFIRMED,0.424,924,504,996,612,,
2026-09-03T07:12:01.002992+00:00,cam01,Chiman bhai Bridge,Ahmedabad,—,TR01M1K1RASMWYJV38M7AMFZTZBM,car,CONFIRMED,0.861,881,679,975,764,,
2026-09-03T07:12:01.002992+00:00,cam01,Chiman bhai Bridge,Ahmedabad,—,TR01M1K1RBP7KBA9HK3BEJZSH47K,car,CONFIRMED,0.810,1011,540,1047,571,,
2026-09-03T07:12:01.002992+00:00,cam01,Chiman bhai Bridge,Ahmedabad,—,TR01M1K1RC471PG6AB9Z56VQHX3X,vehicle,CONFIRMED,0.490,864,708,972,840,,
2026-09-03T07:12:01.002992+00:00,cam01,Chiman bhai Bridge,Ahmedabad,—,TR01M1K1RC470D71QGB8GHPEAFBM,truck,CONFIRMED,0.463,926,550,957,590,,
2026-09-03T07:12:01.002992+00:00,cam01,Chiman bhai Bridge,Ahmedabad,—,TR01M1K1RCJDSBT6Q6D16BF702QY,car,CONFIRMED,0.840,1005,579,1054,620,,
2026-09-03T07:12:01.002992+00:00,cam01,Chiman bhai Bridge,Ahmedabad,—,TR01M1K1RCJDN9CFDB946B8579CC,car,CONFIRMED,0.644,1751,674,1816,746,,
2026-09-03T07:12:01.002992+00:00,cam01,Chiman bhai Bridge,Ahmedabad,—,TR01M1K1RCQVAN3GS6GVAMQVTJ8B,car,CONFIRMED,0.463,1008,580,1052,602,,
2026-09-03T07:12:01.002992+00:00,cam01,Chiman bhai Bridge,Ahmedabad,—,TR01M1K1RCQVE55442JG0C5KJ66Z,vehicle,CONFIRMED,0.490,1764,684,1824,756,,
2026-09-03T07:12:01.002992+00:00,cam01,Chiman bhai Bridge,Ahmedabad,—,TR01M1K1RCWZTWWZ9C711C44EJ9E,car,CONFIRMED,0.419,940,585,964,624,,
2026-09-03T07:12:01.002992+00:00,cam01,Chiman bhai Bridge,Ahmedabad,—,TR01M1K1RDX7A283CEDZH3JKATZK,car,CONFIRMED,0.577,1072,518,1106,541,,
2026-09-03T07:12:01.202992+00:00,cam01,Chiman bhai Bridge,Ahmedabad,—,TR01M1K1QZVZJGCP6TCHJYEW36GT,car,CONFIRMED,0.560,408,619,493,672,,
2026-09-03T07:12:01.202992+00:00,cam01,Chiman bhai Bridge,Ahmedabad,—,TR01M1K1QZVZJ541V3HXR47R0Q03,truck,CONFIRMED,0.489,408,619,493,672,,
2026-09-03T07:12:01.202992+00:00,cam01,Chiman bhai Bridge,Ahmedabad,—,TR01M1K1R011BKQGAHT4RA7BF7G6,car,CONFIRMED,0.435,977,516,1005,540,,
2026-09-03T07:12:01.202992+00:00,cam01,Chiman bhai Bridge,Ahmedabad,—,TR01M1K1R0BCMN36Q37RKESJFGY1,car,CONFIRMED,0.434,0,627,39,663,,
2026-09-03T07:12:01.202992+00:00,cam01,Chiman bhai Bridge,Ahmedabad,—,TR01M1K1R0FTWY47G001Z4Q0M5YK,car,CONFIRMED,0.437,932,508,962,534,,
2026-09-03T07:12:01.202992+00:00,cam01,Chiman bhai Bridge,Ahmedabad,—,TR01M1K1R1FPEWJGT4Z4DFDXJ8Q1,truck,CONFIRMED,0.449,527,606,635,689,,
2026-09-03T07:12:01.202992+00:00,cam01,Chiman bhai Bridge,Ahmedabad,—,TR01M1K1R42XG2YYCZSCR51GM64E,car,CONFIRMED,0.756,927,548,957,584,,
2026-09-03T07:12:01.202992+00:00,cam01,Chiman bhai Bridge,Ahmedabad,—,TR01M1K1R4SE02KZ42MYSPVJW5ZB,car,CONFIRMED,0.786,1016,562,1056,596,,
2026-09-03T07:12:01.202992+00:00,cam01,Chiman bhai Bridge,Ahmedabad,—,TR01M1K1R5DMEYMFFSNZYKCVSW43,car,CONFIRMED,0.817,949,525,984,556,,
2026-09-03T07:12:01.202992+00:00,cam01,Chiman bhai Bridge,Ahmedabad,—,TR01M1K1R6YCGGX00TDN70CJV1CN,truck,CONFIRMED,0.424,954,532,990,566,,
2026-09-03T07:12:01.202992+00:00,cam01,Chiman bhai Bridge,Ahmedabad,—,TR01M1K1R73R5N45FJCYB865WEMK,car,CONFIRMED,0.459,765,543,809,574,,
2026-09-03T07:12:01.202992+00:00,cam01,Chiman bhai Bridge,Ahmedabad,—,TR01M1K1R7Q7DQGQXFV770ZKPA3Q,car,CONFIRMED,0.414,1006,588,1055,623,,
2026-09-03T07:12:01.202992+00:00,cam01,Chiman bhai Bridge,Ahmedabad,—,TR01M1K1RASMWYJV38M7AMFZTZBM,car,CONFIRMED,0.881,886,671,977,755,,
2026-09-03T07:12:01.202992+00:00,cam01,Chiman bhai Bridge,Ahmedabad,—,TR01M1K1RBP7KBA9HK3BEJZSH47K,car,CONFIRMED,0.821,1011,538,1045,568,,
2026-09-03T07:12:01.202992+00:00,cam01,Chiman bhai Bridge,Ahmedabad,—,TR01M1K1RC471PG6AB9Z56VQHX3X,vehicle,CONFIRMED,0.490,888,624,984,780,,
2026-09-03T07:12:01.202992+00:00,cam01,Chiman bhai Bridge,Ahmedabad,—,TR01M1K1RC470D71QGB8GHPEAFBM,truck,CONFIRMED,0.463,926,550,957,590,,
2026-09-03T07:12:01.202992+00:00,cam01,Chiman bhai Bridge,Ahmedabad,—,TR01M1K1RCJDSBT6Q6D16BF702QY,car,CONFIRMED,0.792,1004,578,1052,617,,
2026-09-03T07:12:01.202992+00:00,cam01,Chiman bhai Bridge,Ahmedabad,—,TR01M1K1RCJDN9CFDB946B8579CC,car,CONFIRMED,0.644,1751,674,1816,746,,
2026-09-03T07:12:01.202992+00:00,cam01,Chiman bhai Bridge,Ahmedabad,—,TR01M1K1RCQVAN3GS6GVAMQVTJ8B,car,CONFIRMED,0.463,1008,580,1052,602,,
2026-09-03T07:12:01.202992+00:00,cam01,Chiman bhai Bridge,Ahmedabad,—,TR01M1K1RCQVE55442JG0C5KJ66Z,vehicle,CONFIRMED,0.490,1764,684,1824,756,,
2026-09-03T07:12:01.202992+00:00,cam01,Chiman bhai Bridge,Ahmedabad,—,TR01M1K1RCWZTWWZ9C711C44EJ9E,car,CONFIRMED,0.419,940,585,964,624,,
2026-09-03T07:12:01.202992+00:00,cam01,Chiman bhai Bridge,Ahmedabad,—,TR01M1K1RDX7A283CEDZH3JKATZK,car,CONFIRMED,0.600,1079,520,1112,543,,
2026-09-03T07:12:01.482992+00:00,cam01,Chiman bhai Bridge,Ahmedabad,—,TR01M1K1QZVZJGCP6TCHJYEW36GT,car,CONFIRMED,0.517,409,619,494,672,,
2026-09-03T07:12:01.482992+00:00,cam01,Chiman bhai Bridge,Ahmedabad,—,TR01M1K1QZVZJ541V3HXR47R0Q03,truck,CONFIRMED,0.494,409,619,494,672,,
2026-09-03T07:12:01.482992+00:00,cam01,Chiman bhai Bridge,Ahmedabad,—,TR01M1K1R011BKQGAHT4RA7BF7G6,car,CONFIRMED,0.435,977,516,1005,540,,
2026-09-03T07:12:01.482992+00:00,cam01,Chiman bhai Bridge,Ahmedabad,—,TR01M1K1R0BCMN36Q37RKESJFGY1,car,CONFIRMED,0.458,0,627,39,663,,
2026-09-03T07:12:01.482992+00:00,cam01,Chiman bhai Bridge,Ahmedabad,—,TR01M1K1R0FTWY47G001Z4Q0M5YK,car,CONFIRMED,0.437,932,508,962,534,,
2026-09-03T07:12:01.482992+00:00,cam01,Chiman bhai Bridge,Ahmedabad,—,TR01M1K1R1FPEWJGT4Z4DFDXJ8Q1,truck,CONFIRMED,0.449,527,606,635,689,,
2026-09-03T07:12:01.482992+00:00,cam01,Chiman bhai Bridge,Ahmedabad,—,TR01M1K1R42XG2YYCZSCR51GM64E,car,CONFIRMED,0.680,928,543,958,581,,
2026-09-03T07:12:01.482992+00:00,cam01,Chiman bhai Bridge,Ahmedabad,—,TR01M1K1R5DMEYMFFSNZYKCVSW43,car,CONFIRMED,0.813,948,524,982,553,,
2026-09-03T07:12:01.482992+00:00,cam01,Chiman bhai Bridge,Ahmedabad,—,TR01M1K1R6YCGGX00TDN70CJV1CN,truck,CONFIRMED,0.424,954,532,990,566,,
2026-09-03T07:12:01.482992+00:00,cam01,Chiman bhai Bridge,Ahmedabad,—,TR01M1K1R73R5N45FJCYB865WEMK,car,CONFIRMED,0.459,765,543,809,574,,
2026-09-03T07:12:01.482992+00:00,cam01,Chiman bhai Bridge,Ahmedabad,—,TR01M1K1R7Q7DQGQXFV770ZKPA3Q,truck,CONFIRMED,0.450,1003,572,1049,610,,
2026-09-03T07:12:01.482992+00:00,cam01,Chiman bhai Bridge,Ahmedabad,—,TR01M1K1RASMWYJV38M7AMFZTZBM,car,CONFIRMED,0.884,894,661,978,740,,
2026-09-03T07:12:01.482992+00:00,cam01,Chiman bhai Bridge,Ahmedabad,—,TR01M1K1RBP7KBA9HK3BEJZSH47K,car,CONFIRMED,0.834,1009,533,1043,562,,
2026-09-03T07:12:01.482992+00:00,cam01,Chiman bhai Bridge,Ahmedabad,—,TR01M1K1RC471PG6AB9Z56VQHX3X,vehicle,CONFIRMED,0.490,888,624,984,780,,
2026-09-03T07:12:01.482992+00:00,cam01,Chiman bhai Bridge,Ahmedabad,—,TR01M1K1RC470D71QGB8GHPEAFBM,truck,CONFIRMED,0.463,926,550,957,590,,
2026-09-03T07:12:01.482992+00:00,cam01,Chiman bhai Bridge,Ahmedabad,—,TR01M1K1RCJDSBT6Q6D16BF702QY,car,CONFIRMED,0.826,1003,572,1049,609,,
2026-09-03T07:12:01.482992+00:00,cam01,Chiman bhai Bridge,Ahmedabad,—,TR01M1K1RCJDN9CFDB946B8579CC,car,CONFIRMED,0.644,1751,674,1816,746,,
2026-09-03T07:12:01.482992+00:00,cam01,Chiman bhai Bridge,Ahmedabad,—,TR01M1K1RCQVAN3GS6GVAMQVTJ8B,car,CONFIRMED,0.463,1008,580,1052,602,,
2026-09-03T07:12:01.482992+00:00,cam01,Chiman bhai Bridge,Ahmedabad,—,TR01M1K1RCQVE55442JG0C5KJ66Z,vehicle,CONFIRMED,0.490,1764,684,1824,756,,
2026-09-03T07:12:01.482992+00:00,cam01,Chiman bhai Bridge,Ahmedabad,—,TR01M1K1RCWZTWWZ9C711C44EJ9E,car,CONFIRMED,0.419,940,585,964,624,,
2026-09-03T07:12:01.482992+00:00,cam01,Chiman bhai Bridge,Ahmedabad,—,TR01M1K1RDX7A283CEDZH3JKATZK,car,CONFIRMED,0.682,1086,520,1117,546,,
2026-09-03T07:12:01.802992+00:00,cam01,Chiman bhai Bridge,Ahmedabad,—,TR01M1K1QZVZJGCP6TCHJYEW36GT,truck,CONFIRMED,0.491,409,619,493,672,,
2026-09-03T07:12:01.802992+00:00,cam01,Chiman bhai Bridge,Ahmedabad,—,TR01M1K1QZVZJ541V3HXR47R0Q03,car,CONFIRMED,0.435,409,619,493,672,,
2026-09-03T07:12:01.802992+00:00,cam01,Chiman bhai Bridge,Ahmedabad,—,TR01M1K1R0BCMN36Q37RKESJFGY1,car,CONFIRMED,0.489,0,629,38,663,,
2026-09-03T07:12:01.802992+00:00,cam01,Chiman bhai Bridge,Ahmedabad,—,TR01M1K1R0FTWY47G001Z4Q0M5YK,car,CONFIRMED,0.437,932,508,962,534,,
2026-09-03T07:12:01.802992+00:00,cam01,Chiman bhai Bridge,Ahmedabad,—,TR01M1K1R42XG2YYCZSCR51GM64E,car,CONFIRMED,0.515,930,541,959,575,,
2026-09-03T07:12:01.802992+00:00,cam01,Chiman bhai Bridge,Ahmedabad,—,TR01M1K1R5DMEYMFFSNZYKCVSW43,car,CONFIRMED,0.700,943,522,978,549,,
2026-09-03T07:12:01.802992+00:00,cam01,Chiman bhai Bridge,Ahmedabad,—,TR01M1K1R7Q7DQGQXFV770ZKPA3Q,truck,CONFIRMED,0.432,1003,566,1047,602,,
2026-09-03T07:12:01.802992+00:00,cam01,Chiman bhai Bridge,Ahmedabad,—,TR01M1K1RASMWYJV38M7AMFZTZBM,car,CONFIRMED,0.850,901,651,981,726,,
2026-09-03T07:12:01.802992+00:00,cam01,Chiman bhai Bridge,Ahmedabad,—,TR01M1K1RBP7KBA9HK3BEJZSH47K,car,CONFIRMED,0.806,1007,529,1040,556,,
2026-09-03T07:12:01.802992+00:00,cam01,Chiman bhai Bridge,Ahmedabad,—,TR01M1K1RC471PG6AB9Z56VQHX3X,vehicle,CONFIRMED,0.490,888,624,984,780,,
2026-09-03T07:12:01.802992+00:00,cam01,Chiman bhai Bridge,Ahmedabad,—,TR01M1K1RC470D71QGB8GHPEAFBM,truck,CONFIRMED,0.463,926,550,957,590,,
2026-09-03T07:12:01.802992+00:00,cam01,Chiman bhai Bridge,Ahmedabad,—,TR01M1K1RCJDSBT6Q6D16BF702QY,car,CONFIRMED,0.798,1003,566,1047,602,,
2026-09-03T07:12:01.802992+00:00,cam01,Chiman bhai Bridge,Ahmedabad,—,TR01M1K1RCJDN9CFDB946B8579CC,car,CONFIRMED,0.644,1751,674,1816,746,,
2026-09-03T07:12:01.802992+00:00,cam01,Chiman bhai Bridge,Ahmedabad,—,TR01M1K1RCQVAN3GS6GVAMQVTJ8B,car,CONFIRMED,0.463,1008,580,1052,602,,
2026-09-03T07:12:01.802992+00:00,cam01,Chiman bhai Bridge,Ahmedabad,—,TR01M1K1RCQVE55442JG0C5KJ66Z,vehicle,CONFIRMED,0.490,1764,684,1824,756,,
2026-09-03T07:12:01.802992+00:00,cam01,Chiman bhai Bridge,Ahmedabad,—,TR01M1K1RCWZTWWZ9C711C44EJ9E,car,CONFIRMED,0.419,940,585,964,624,,
2026-09-03T07:12:01.802992+00:00,cam01,Chiman bhai Bridge,Ahmedabad,—,TR01M1K1RDX7A283CEDZH3JKATZK,car,CONFIRMED,0.658,1091,518,1122,547,,
2026-09-03T07:12:02.002992+00:00,cam01,Chiman bhai Bridge,Ahmedabad,—,TR01M1K1QZVZJGCP6TCHJYEW36GT,car,CONFIRMED,0.495,410,619,494,673,,
2026-09-03T07:12:02.002992+00:00,cam01,Chiman bhai Bridge,Ahmedabad,—,TR01M1K1QZVZJ541V3HXR47R0Q03,truck,CONFIRMED,0.489,410,619,494,673,,
2026-09-03T07:12:02.002992+00:00,cam01,Chiman bhai Bridge,Ahmedabad,—,TR01M1K1R0BCMN36Q37RKESJFGY1,car,CONFIRMED,0.487,0,629,38,663,,
2026-09-03T07:12:02.002992+00:00,cam01,Chiman bhai Bridge,Ahmedabad,—,TR01M1K1R0FTWY47G001Z4Q0M5YK,car,CONFIRMED,0.437,932,508,962,534,,
2026-09-03T07:12:02.002992+00:00,cam01,Chiman bhai Bridge,Ahmedabad,—,TR01M1K1R42XG2YYCZSCR51GM64E,car,CONFIRMED,0.584,931,541,959,575,,
2026-09-03T07:12:02.002992+00:00,cam01,Chiman bhai Bridge,Ahmedabad,—,TR01M1K1R5DMEYMFFSNZYKCVSW43,car,CONFIRMED,0.729,939,519,975,546,,
2026-09-03T07:12:02.002992+00:00,cam01,Chiman bhai Bridge,Ahmedabad,—,TR01M1K1R7Q7DQGQXFV770ZKPA3Q,truck,CONFIRMED,0.426,1001,563,1044,600,,
2026-09-03T07:12:02.002992+00:00,cam01,Chiman bhai Bridge,Ahmedabad,—,TR01M1K1RASMWYJV38M7AMFZTZBM,car,CONFIRMED,0.867,906,646,983,717,,
2026-09-03T07:12:02.002992+00:00,cam01,Chiman bhai Bridge,Ahmedabad,—,TR01M1K1RBP7KBA9HK3BEJZSH47K,car,CONFIRMED,0.814,1007,527,1038,554,,
2026-09-03T07:12:02.002992+00:00,cam01,Chiman bhai Bridge,Ahmedabad,—,TR01M1K1RC471PG6AB9Z56VQHX3X,vehicle,CONFIRMED,0.374,912,552,1044,744,,
2026-09-03T07:12:02.002992+00:00,cam01,Chiman bhai Bridge,Ahmedabad,—,TR01M1K1RC470D71QGB8GHPEAFBM,truck,CONFIRMED,0.403,931,541,959,575,,
2026-09-03T07:12:02.002992+00:00,cam01,Chiman bhai Bridge,Ahmedabad,—,TR01M1K1RCJDSBT6Q6D16BF702QY,car,CONFIRMED,0.828,1001,563,1044,599,,
2026-09-03T07:12:02.002992+00:00,cam01,Chiman bhai Bridge,Ahmedabad,—,TR01M1K1RCJDN9CFDB946B8579CC,car,CONFIRMED,0.644,1751,674,1816,746,,
2026-09-03T07:12:02.002992+00:00,cam01,Chiman bhai Bridge,Ahmedabad,—,TR01M1K1RCQVAN3GS6GVAMQVTJ8B,car,CONFIRMED,0.463,1008,580,1052,602,,
2026-09-03T07:12:02.002992+00:00,cam01,Chiman bhai Bridge,Ahmedabad,—,TR01M1K1RCQVE55442JG0C5KJ66Z,vehicle,CONFIRMED,0.490,1764,684,1824,756,,
2026-09-03T07:12:02.002992+00:00,cam01,Chiman bhai Bridge,Ahmedabad,—,TR01M1K1RCWZTWWZ9C711C44EJ9E,car,CONFIRMED,0.419,940,585,964,624,,
2026-09-03T07:12:02.002992+00:00,cam01,Chiman bhai Bridge,Ahmedabad,—,TR01M1K1RDX7A283CEDZH3JKATZK,car,CONFIRMED,0.661,1093,522,1124,550,,
2026-09-03T07:12:02.202992+00:00,cam01,Chiman bhai Bridge,Ahmedabad,—,TR01M1K1QZVZJGCP6TCHJYEW36GT,truck,CONFIRMED,0.584,410,619,494,673,,
2026-09-03T07:12:02.202992+00:00,cam01,Chiman bhai Bridge,Ahmedabad,—,TR01M1K1QZVZJ541V3HXR47R0Q03,truck,CONFIRMED,0.489,410,619,494,673,,
2026-09-03T07:12:02.202992+00:00,cam01,Chiman bhai Bridge,Ahmedabad,—,TR01M1K1R0BCMN36Q37RKESJFGY1,car,CONFIRMED,0.417,0,627,38,663,,
2026-09-03T07:12:02.202992+00:00,cam01,Chiman bhai Bridge,Ahmedabad,—,TR01M1K1R42XG2YYCZSCR51GM64E,car,CONFIRMED,0.584,931,541,959,575,,
2026-09-03T07:12:02.202992+00:00,cam01,Chiman bhai Bridge,Ahmedabad,—,TR01M1K1R5DMEYMFFSNZYKCVSW43,car,CONFIRMED,0.643,938,518,973,542,,
2026-09-03T07:12:02.202992+00:00,cam01,Chiman bhai Bridge,Ahmedabad,—,TR01M1K1R7Q7DQGQXFV770ZKPA3Q,car,CONFIRMED,0.743,999,561,1043,596,,
2026-09-03T07:12:02.202992+00:00,cam01,Chiman bhai Bridge,Ahmedabad,—,TR01M1K1RASMWYJV38M7AMFZTZBM,car,CONFIRMED,0.868,908,639,984,710,,
2026-09-03T07:12:02.202992+00:00,cam01,Chiman bhai Bridge,Ahmedabad,—,TR01M1K1RBP7KBA9HK3BEJZSH47K,car,CONFIRMED,0.812,1006,526,1037,551,,
2026-09-03T07:12:02.202992+00:00,cam01,Chiman bhai Bridge,Ahmedabad,—,TR01M1K1RC471PG6AB9Z56VQHX3X,vehicle,CONFIRMED,0.374,912,552,1044,744,,
2026-09-03T07:12:02.202992+00:00,cam01,Chiman bhai Bridge,Ahmedabad,—,TR01M1K1RC470D71QGB8GHPEAFBM,car,CONFIRMED,0.606,932,547,963,573,,
2026-09-03T07:12:02.202992+00:00,cam01,Chiman bhai Bridge,Ahmedabad,—,TR01M1K1RCJDSBT6Q6D16BF702QY,car,CONFIRMED,0.638,1000,560,1043,595,,
2026-09-03T07:12:02.202992+00:00,cam01,Chiman bhai Bridge,Ahmedabad,—,TR01M1K1RCJDN9CFDB946B8579CC,car,CONFIRMED,0.644,1751,674,1816,746,,
2026-09-03T07:12:02.202992+00:00,cam01,Chiman bhai Bridge,Ahmedabad,—,TR01M1K1RCQVAN3GS6GVAMQVTJ8B,car,CONFIRMED,0.463,1008,580,1052,602,,
2026-09-03T07:12:02.202992+00:00,cam01,Chiman bhai Bridge,Ahmedabad,—,TR01M1K1RCQVE55442JG0C5KJ66Z,vehicle,CONFIRMED,0.490,1764,684,1824,756,,
2026-09-03T07:12:02.202992+00:00,cam01,Chiman bhai Bridge,Ahmedabad,—,TR01M1K1RCWZTWWZ9C711C44EJ9E,car,CONFIRMED,0.419,940,585,964,624,,
2026-09-03T07:12:02.202992+00:00,cam01,Chiman bhai Bridge,Ahmedabad,—,TR01M1K1RDX7A283CEDZH3JKATZK,car,CONFIRMED,0.613,1096,526,1126,553,,
2026-09-03T07:12:02.202992+00:00,cam01,Chiman bhai Bridge,Ahmedabad,—,TR01M1K1RF3KBEHZHPQ25JEK90V5,car,TENTATIVE,0.520,1369,580,1413,616,,
2026-09-03T07:12:02.362992+00:00,cam01,Chiman bhai Bridge,Ahmedabad,—,TR01M1K1QZVZJGCP6TCHJYEW36GT,truck,CONFIRMED,0.600,410,619,494,674,,
2026-09-03T07:12:02.362992+00:00,cam01,Chiman bhai Bridge,Ahmedabad,—,TR01M1K1QZVZJ541V3HXR47R0Q03,truck,CONFIRMED,0.489,410,619,494,673,,
2026-09-03T07:12:02.362992+00:00,cam01,Chiman bhai Bridge,Ahmedabad,—,TR01M1K1R0BCMN36Q37RKESJFGY1,car,CONFIRMED,0.435,0,626,38,663,,
2026-09-03T07:12:02.362992+00:00,cam01,Chiman bhai Bridge,Ahmedabad,—,TR01M1K1R42XG2YYCZSCR51GM64E,car,CONFIRMED,0.584,931,541,959,575,,
2026-09-03T07:12:02.362992+00:00,cam01,Chiman bhai Bridge,Ahmedabad,—,TR01M1K1R5DMEYMFFSNZYKCVSW43,car,CONFIRMED,0.569,938,518,971,540,,
2026-09-03T07:12:02.362992+00:00,cam01,Chiman bhai Bridge,Ahmedabad,—,TR01M1K1R7Q7DQGQXFV770ZKPA3Q,car,CONFIRMED,0.743,999,561,1043,596,,
2026-09-03T07:12:02.362992+00:00,cam01,Chiman bhai Bridge,Ahmedabad,—,TR01M1K1RASMWYJV38M7AMFZTZBM,car,CONFIRMED,0.857,910,637,984,703,,
2026-09-03T07:12:02.362992+00:00,cam01,Chiman bhai Bridge,Ahmedabad,—,TR01M1K1RBP7KBA9HK3BEJZSH47K,car,CONFIRMED,0.811,1005,525,1036,550,,
2026-09-03T07:12:02.362992+00:00,cam01,Chiman bhai Bridge,Ahmedabad,—,TR01M1K1RC471PG6AB9Z56VQHX3X,vehicle,CONFIRMED,0.481,924,612,996,732,,
2026-09-03T07:12:02.362992+00:00,cam01,Chiman bhai Bridge,Ahmedabad,—,TR01M1K1RC470D71QGB8GHPEAFBM,car,CONFIRMED,0.604,932,549,965,574,,
2026-09-03T07:12:02.362992+00:00,cam01,Chiman bhai Bridge,Ahmedabad,—,TR01M1K1RCJDSBT6Q6D16BF702QY,car,CONFIRMED,0.792,999,557,1043,593,,
2026-09-03T07:12:02.362992+00:00,cam01,Chiman bhai Bridge,Ahmedabad,—,TR01M1K1RCQVAN3GS6GVAMQVTJ8B,car,CONFIRMED,0.463,1008,580,1052,602,,
2026-09-03T07:12:02.362992+00:00,cam01,Chiman bhai Bridge,Ahmedabad,—,TR01M1K1RCWZTWWZ9C711C44EJ9E,car,CONFIRMED,0.419,940,585,964,624,,
2026-09-03T07:12:02.362992+00:00,cam01,Chiman bhai Bridge,Ahmedabad,—,TR01M1K1RDX7A283CEDZH3JKATZK,car,CONFIRMED,0.611,1098,528,1125,554,,
2026-09-03T07:12:02.362992+00:00,cam01,Chiman bhai Bridge,Ahmedabad,—,TR01M1K1RF3KBEHZHPQ25JEK90V5,car,CONFIRMED,0.453,1369,580,1413,617,,
2026-09-03T07:12:02.362992+00:00,cam01,Chiman bhai Bridge,Ahmedabad,—,TR01M1K1RF8PZGQKTZ2XV66CH5JT,car,TENTATIVE,0.635,694,996,938,1079,,
2026-09-03T07:12:02.482992+00:00,cam01,Chiman bhai Bridge,Ahmedabad,—,TR01M1K1QZVZJGCP6TCHJYEW36GT,truck,CONFIRMED,0.608,411,619,494,675,,
2026-09-03T07:12:02.482992+00:00,cam01,Chiman bhai Bridge,Ahmedabad,—,TR01M1K1QZVZJ541V3HXR47R0Q03,truck,CONFIRMED,0.489,410,619,494,673,,
2026-09-03T07:12:02.482992+00:00,cam01,Chiman bhai Bridge,Ahmedabad,—,TR01M1K1R0BCMN36Q37RKESJFGY1,car,CONFIRMED,0.460,0,627,38,663,,
2026-09-03T07:12:02.482992+00:00,cam01,Chiman bhai Bridge,Ahmedabad,—,TR01M1K1R42XG2YYCZSCR51GM64E,car,CONFIRMED,0.578,933,543,965,570,,
2026-09-03T07:12:02.482992+00:00,cam01,Chiman bhai Bridge,Ahmedabad,—,TR01M1K1R5DMEYMFFSNZYKCVSW43,car,CONFIRMED,0.575,936,518,968,540,,
2026-09-03T07:12:02.482992+00:00,cam01,Chiman bhai Bridge,Ahmedabad,—,TR01M1K1R7Q7DQGQXFV770ZKPA3Q,car,CONFIRMED,0.743,999,561,1043,596,,
2026-09-03T07:12:02.482992+00:00,cam01,Chiman bhai Bridge,Ahmedabad,—,TR01M1K1RASMWYJV38M7AMFZTZBM,car,CONFIRMED,0.859,912,633,984,698,,
2026-09-03T07:12:02.482992+00:00,cam01,Chiman bhai Bridge,Ahmedabad,—,TR01M1K1RBP7KBA9HK3BEJZSH47K,car,CONFIRMED,0.782,1003,523,1035,548,,
2026-09-03T07:12:02.482992+00:00,cam01,Chiman bhai Bridge,Ahmedabad,—,TR01M1K1RC471PG6AB9Z56VQHX3X,vehicle,CONFIRMED,0.490,924,624,996,720,,
2026-09-03T07:12:02.482992+00:00,cam01,Chiman bhai Bridge,Ahmedabad,—,TR01M1K1RC470D71QGB8GHPEAFBM,car,CONFIRMED,0.604,932,549,965,574,,
2026-09-03T07:12:02.482992+00:00,cam01,Chiman bhai Bridge,Ahmedabad,—,TR01M1K1RCJDSBT6Q6D16BF702QY,car,CONFIRMED,0.802,998,554,1041,589,,
2026-09-03T07:12:02.482992+00:00,cam01,Chiman bhai Bridge,Ahmedabad,—,TR01M1K1RCWZTWWZ9C711C44EJ9E,car,CONFIRMED,0.419,940,585,964,624,,
2026-09-03T07:12:02.482992+00:00,cam01,Chiman bhai Bridge,Ahmedabad,—,TR01M1K1RDX7A283CEDZH3JKATZK,car,CONFIRMED,0.611,1098,528,1125,554,,
2026-09-03T07:12:02.482992+00:00,cam01,Chiman bhai Bridge,Ahmedabad,—,TR01M1K1RF3KBEHZHPQ25JEK90V5,car,CONFIRMED,0.483,1369,579,1412,617,,
2026-09-03T07:12:02.482992+00:00,cam01,Chiman bhai Bridge,Ahmedabad,—,TR01M1K1RF8PZGQKTZ2XV66CH5JT,car,CONFIRMED,0.660,773,952,1008,1079,,
2026-09-03T07:12:02.482992+00:00,cam01,Chiman bhai Bridge,Ahmedabad,—,TR01M1K1RFDGTMXPFBMRN9DQJWRK,car,TENTATIVE,0.505,1072,522,1105,541,,
2026-09-03T07:12:02.602992+00:00,cam01,Chiman bhai Bridge,Ahmedabad,—,TR01M1K1QZVZJGCP6TCHJYEW36GT,truck,CONFIRMED,0.602,410,618,495,675,,
2026-09-03T07:12:02.602992+00:00,cam01,Chiman bhai Bridge,Ahmedabad,—,TR01M1K1QZVZJ541V3HXR47R0Q03,truck,CONFIRMED,0.489,410,619,494,673,,
2026-09-03T07:12:02.602992+00:00,cam01,Chiman bhai Bridge,Ahmedabad,—,TR01M1K1R0BCMN36Q37RKESJFGY1,car,CONFIRMED,0.458,0,626,38,662,,
2026-09-03T07:12:02.602992+00:00,cam01,Chiman bhai Bridge,Ahmedabad,—,TR01M1K1R42XG2YYCZSCR51GM64E,car,CONFIRMED,0.472,934,543,966,570,,
2026-09-03T07:12:02.602992+00:00,cam01,Chiman bhai Bridge,Ahmedabad,—,TR01M1K1R5DMEYMFFSNZYKCVSW43,car,CONFIRMED,0.610,936,517,968,539,,
2026-09-03T07:12:02.602992+00:00,cam01,Chiman bhai Bridge,Ahmedabad,—,TR01M1K1R7Q7DQGQXFV770ZKPA3Q,car,CONFIRMED,0.743,999,561,1043,596,,
2026-09-03T07:12:02.602992+00:00,cam01,Chiman bhai Bridge,Ahmedabad,—,TR01M1K1RASMWYJV38M7AMFZTZBM,car,CONFIRMED,0.869,915,630,985,694,,
2026-09-03T07:12:02.602992+00:00,cam01,Chiman bhai Bridge,Ahmedabad,—,TR01M1K1RBP7KBA9HK3BEJZSH47K,car,CONFIRMED,0.803,1003,522,1034,547,,
2026-09-03T07:12:02.602992+00:00,cam01,Chiman bhai Bridge,Ahmedabad,—,TR01M1K1RC471PG6AB9Z56VQHX3X,vehicle,CONFIRMED,0.490,924,600,996,708,,
2026-09-03T07:12:02.602992+00:00,cam01,Chiman bhai Bridge,Ahmedabad,—,TR01M1K1RC470D71QGB8GHPEAFBM,truck,CONFIRMED,0.429,934,522,966,570,,
2026-09-03T07:12:02.602992+00:00,cam01,Chiman bhai Bridge,Ahmedabad,—,TR01M1K1RCJDSBT6Q6D16BF702QY,car,CONFIRMED,0.823,997,552,1040,586,,
2026-09-03T07:12:02.602992+00:00,cam01,Chiman bhai Bridge,Ahmedabad,—,TR01M1K1RDX7A283CEDZH3JKATZK,car,CONFIRMED,0.611,1098,528,1125,554,,
2026-09-03T07:12:02.602992+00:00,cam01,Chiman bhai Bridge,Ahmedabad,—,TR01M1K1RF3KBEHZHPQ25JEK90V5,car,CONFIRMED,0.411,1369,579,1413,617,,
2026-09-03T07:12:02.602992+00:00,cam01,Chiman bhai Bridge,Ahmedabad,—,TR01M1K1RF8PZGQKTZ2XV66CH5JT,car,CONFIRMED,0.910,807,925,1037,1079,,
2026-09-03T07:12:02.602992+00:00,cam01,Chiman bhai Bridge,Ahmedabad,—,TR01M1K1RFDGTMXPFBMRN9DQJWRK,car,CONFIRMED,0.410,1073,522,1106,541,,
2026-09-03T07:12:02.602992+00:00,cam01,Chiman bhai Bridge,Ahmedabad,—,TR01M1K1RFJFGCREXKVCEB7R501G,truck,TENTATIVE,0.534,68,979,424,1079,,
2026-09-03T07:12:02.802992+00:00,cam01,Chiman bhai Bridge,Ahmedabad,—,TR01M1K1QZVZJGCP6TCHJYEW36GT,truck,CONFIRMED,0.598,410,619,496,676,,
2026-09-03T07:12:02.802992+00:00,cam01,Chiman bhai Bridge,Ahmedabad,—,TR01M1K1QZVZJ541V3HXR47R0Q03,car,CONFIRMED,0.439,410,619,496,676,,
2026-09-03T07:12:02.802992+00:00,cam01,Chiman bhai Bridge,Ahmedabad,—,TR01M1K1R0BCMN36Q37RKESJFGY1,car,CONFIRMED,0.465,0,626,38,662,,
2026-09-03T07:12:02.802992+00:00,cam01,Chiman bhai Bridge,Ahmedabad,—,TR01M1K1R42XG2YYCZSCR51GM64E,car,CONFIRMED,0.453,934,541,966,567,,
2026-09-03T07:12:02.802992+00:00,cam01,Chiman bhai Bridge,Ahmedabad,—,TR01M1K1R5DMEYMFFSNZYKCVSW43,car,CONFIRMED,0.610,936,517,968,539,,
2026-09-03T07:12:02.802992+00:00,cam01,Chiman bhai Bridge,Ahmedabad,—,TR01M1K1R7Q7DQGQXFV770ZKPA3Q,car,CONFIRMED,0.840,997,551,1038,583,,
2026-09-03T07:12:02.802992+00:00,cam01,Chiman bhai Bridge,Ahmedabad,—,TR01M1K1RASMWYJV38M7AMFZTZBM,car,CONFIRMED,0.873,917,625,985,688,,
2026-09-03T07:12:02.802992+00:00,cam01,Chiman bhai Bridge,Ahmedabad,—,TR01M1K1RBP7KBA9HK3BEJZSH47K,car,CONFIRMED,0.769,1001,521,1031,545,,
2026-09-03T07:12:02.802992+00:00,cam01,Chiman bhai Bridge,Ahmedabad,—,TR01M1K1RC471PG6AB9Z56VQHX3X,vehicle,CONFIRMED,0.490,924,600,996,708,,
2026-09-03T07:12:02.802992+00:00,cam01,Chiman bhai Bridge,Ahmedabad,—,TR01M1K1RC470D71QGB8GHPEAFBM,truck,CONFIRMED,0.487,934,528,965,567,,
2026-09-03T07:12:02.802992+00:00,cam01,Chiman bhai Bridge,Ahmedabad,—,TR01M1K1RCJDSBT6Q6D16BF702QY,car,CONFIRMED,0.823,997,552,1040,586,,
2026-09-03T07:12:02.802992+00:00,cam01,Chiman bhai Bridge,Ahmedabad,—,TR01M1K1RDX7A283CEDZH3JKATZK,car,CONFIRMED,0.611,1098,528,1125,554,,
2026-09-03T07:12:02.802992+00:00,cam01,Chiman bhai Bridge,Ahmedabad,—,TR01M1K1RF3KBEHZHPQ25JEK90V5,car,CONFIRMED,0.411,1369,579,1413,617,,
2026-09-03T07:12:02.802992+00:00,cam01,Chiman bhai Bridge,Ahmedabad,—,TR01M1K1RF8PZGQKTZ2XV66CH5JT,car,CONFIRMED,0.911,865,884,1071,1062,,
2026-09-03T07:12:02.802992+00:00,cam01,Chiman bhai Bridge,Ahmedabad,—,TR01M1K1RFDGTMXPFBMRN9DQJWRK,car,CONFIRMED,0.492,1075,521,1107,542,,
2026-09-03T07:12:02.802992+00:00,cam01,Chiman bhai Bridge,Ahmedabad,—,TR01M1K1RFJFGCREXKVCEB7R501G,truck,TENTATIVE,0.534,68,979,424,1079,,
2026-09-03T07:12:02.802992+00:00,cam01,Chiman bhai Bridge,Ahmedabad,—,TR01M1K1RFQAHB5DC0C8BV722610,car,TENTATIVE,0.770,251,920,585,1079,,
2026-09-03T07:12:02.802992+00:00,cam01,Chiman bhai Bridge,Ahmedabad,—,TR01M1K1RFQAAYX2817ATBAJY3TC,truck,TENTATIVE,0.609,252,920,585,1079,,
2026-09-03T07:12:02.962992+00:00,cam01,Chiman bhai Bridge,Ahmedabad,—,TR01M1K1QZVZJGCP6TCHJYEW36GT,truck,CONFIRMED,0.609,410,619,496,675,,
2026-09-03T07:12:02.962992+00:00,cam01,Chiman bhai Bridge,Ahmedabad,—,TR01M1K1QZVZJ541V3HXR47R0Q03,car,CONFIRMED,0.401,410,619,496,675,,
2026-09-03T07:12:02.962992+00:00,cam01,Chiman bhai Bridge,Ahmedabad,—,TR01M1K1R0BCMN36Q37RKESJFGY1,car,CONFIRMED,0.489,0,627,38,663,,
2026-09-03T07:12:02.962992+00:00,cam01,Chiman bhai Bridge,Ahmedabad,—,TR01M1K1R42XG2YYCZSCR51GM64E,car,CONFIRMED,0.486,934,540,966,568,,
2026-09-03T07:12:02.962992+00:00,cam01,Chiman bhai Bridge,Ahmedabad,—,TR01M1K1R5DMEYMFFSNZYKCVSW43,car,CONFIRMED,0.406,934,529,966,567,,
2026-09-03T07:12:02.962992+00:00,cam01,Chiman bhai Bridge,Ahmedabad,—,TR01M1K1R7Q7DQGQXFV770ZKPA3Q,car,CONFIRMED,0.828,997,549,1038,580,,
2026-09-03T07:12:02.962992+00:00,cam01,Chiman bhai Bridge,Ahmedabad,—,TR01M1K1RASMWYJV38M7AMFZTZBM,car,CONFIRMED,0.850,919,622,986,681,,
2026-09-03T07:12:02.962992+00:00,cam01,Chiman bhai Bridge,Ahmedabad,—,TR01M1K1RBP7KBA9HK3BEJZSH47K,car,CONFIRMED,0.756,1000,521,1032,542,,
2026-09-03T07:12:02.962992+00:00,cam01,Chiman bhai Bridge,Ahmedabad,—,TR01M1K1RC471PG6AB9Z56VQHX3X,vehicle,CONFIRMED,0.490,924,648,996,708,,
2026-09-03T07:12:02.962992+00:00,cam01,Chiman bhai Bridge,Ahmedabad,—,TR01M1K1RC470D71QGB8GHPEAFBM,truck,CONFIRMED,0.477,934,529,966,567,,
2026-09-03T07:12:02.962992+00:00,cam01,Chiman bhai Bridge,Ahmedabad,—,TR01M1K1RCJDSBT6Q6D16BF702QY,car,CONFIRMED,0.823,997,552,1040,586,,
2026-09-03T07:12:02.962992+00:00,cam01,Chiman bhai Bridge,Ahmedabad,—,TR01M1K1RDX7A283CEDZH3JKATZK,car,CONFIRMED,0.611,1098,528,1125,554,,
2026-09-03T07:12:02.962992+00:00,cam01,Chiman bhai Bridge,Ahmedabad,—,TR01M1K1RF3KBEHZHPQ25JEK90V5,car,CONFIRMED,0.411,1369,579,1413,617,,
2026-09-03T07:12:02.962992+00:00,cam01,Chiman bhai Bridge,Ahmedabad,—,TR01M1K1RF8PZGQKTZ2XV66CH5JT,car,CONFIRMED,0.912,901,864,1088,1056,,
2026-09-03T07:12:02.962992+00:00,cam01,Chiman bhai Bridge,Ahmedabad,—,TR01M1K1RFDGTMXPFBMRN9DQJWRK,car,CONFIRMED,0.518,1078,520,1110,543,,
2026-09-03T07:12:02.962992+00:00,cam01,Chiman bhai Bridge,Ahmedabad,—,TR01M1K1RFJFGCREXKVCEB7R501G,truck,TENTATIVE,0.534,68,979,424,1079,,
2026-09-03T07:12:02.962992+00:00,cam01,Chiman bhai Bridge,Ahmedabad,—,TR01M1K1RFQAHB5DC0C8BV722610,truck,CONFIRMED,0.598,335,891,647,1079,,
2026-09-03T07:12:02.962992+00:00,cam01,Chiman bhai Bridge,Ahmedabad,—,TR01M1K1RFQAAYX2817ATBAJY3TC,car,CONFIRMED,0.889,336,891,646,1078,,
2026-09-03T07:12:03.082992+00:00,cam01,Chiman bhai Bridge,Ahmedabad,—,TR01M1K1QZVZJGCP6TCHJYEW36GT,truck,CONFIRMED,0.633,411,619,498,677,,
2026-09-03T07:12:03.082992+00:00,cam01,Chiman bhai Bridge,Ahmedabad,—,TR01M1K1QZVZJ541V3HXR47R0Q03,car,CONFIRMED,0.411,411,619,498,677,,
2026-09-03T07:12:03.082992+00:00,cam01,Chiman bhai Bridge,Ahmedabad,—,TR01M1K1R0BCMN36Q37RKESJFGY1,car,CONFIRMED,0.485,0,626,38,662,,
2026-09-03T07:12:03.082992+00:00,cam01,Chiman bhai Bridge,Ahmedabad,—,TR01M1K1R42XG2YYCZSCR51GM64E,car,CONFIRMED,0.521,934,538,967,565,,
2026-09-03T07:12:03.082992+00:00,cam01,Chiman bhai Bridge,Ahmedabad,—,TR01M1K1R5DMEYMFFSNZYKCVSW43,car,CONFIRMED,0.406,934,529,966,567,,
2026-09-03T07:12:03.082992+00:00,cam01,Chiman bhai Bridge,Ahmedabad,—,TR01M1K1R7Q7DQGQXFV770ZKPA3Q,car,CONFIRMED,0.822,997,545,1037,578,,
2026-09-03T07:12:03.082992+00:00,cam01,Chiman bhai Bridge,Ahmedabad,—,TR01M1K1RASMWYJV38M7AMFZTZBM,car,CONFIRMED,0.853,921,620,987,676,,
2026-09-03T07:12:03.082992+00:00,cam01,Chiman bhai Bridge,Ahmedabad,—,TR01M1K1RBP7KBA9HK3BEJZSH47K,car,CONFIRMED,0.715,1000,518,1028,541,,
2026-09-03T07:12:03.082992+00:00,cam01,Chiman bhai Bridge,Ahmedabad,—,TR01M1K1RC471PG6AB9Z56VQHX3X,vehicle,CONFIRMED,0.490,924,624,996,696,,
2026-09-03T07:12:03.082992+00:00,cam01,Chiman bhai Bridge,Ahmedabad,—,TR01M1K1RC470D71QGB8GHPEAFBM,car,CONFIRMED,0.496,933,526,966,564,,
2026-09-03T07:12:03.082992+00:00,cam01,Chiman bhai Bridge,Ahmedabad,—,TR01M1K1RCJDSBT6Q6D16BF702QY,car,CONFIRMED,0.823,997,552,1040,586,,
2026-09-03T07:12:03.082992+00:00,cam01,Chiman bhai Bridge,Ahmedabad,—,TR01M1K1RDX7A283CEDZH3JKATZK,car,CONFIRMED,0.611,1098,528,1125,554,,
2026-09-03T07:12:03.082992+00:00,cam01,Chiman bhai Bridge,Ahmedabad,—,TR01M1K1RF3KBEHZHPQ25JEK90V5,car,CONFIRMED,0.411,1369,579,1413,617,,
2026-09-03T07:12:03.082992+00:00,cam01,Chiman bhai Bridge,Ahmedabad,—,TR01M1K1RF8PZGQKTZ2XV66CH5JT,car,CONFIRMED,0.913,941,838,1107,996,,
2026-09-03T07:12:03.082992+00:00,cam01,Chiman bhai Bridge,Ahmedabad,—,TR01M1K1RFDGTMXPFBMRN9DQJWRK,car,CONFIRMED,0.512,1080,519,1112,545,,
2026-09-03T07:12:03.082992+00:00,cam01,Chiman bhai Bridge,Ahmedabad,—,TR01M1K1RFJFGCREXKVCEB7R501G,truck,TENTATIVE,0.534,68,979,424,1079,,
2026-09-03T07:12:03.082992+00:00,cam01,Chiman bhai Bridge,Ahmedabad,—,TR01M1K1RFQAHB5DC0C8BV722610,vehicle,CONFIRMED,0.490,444,864,708,1080,,
2026-09-03T07:12:03.082992+00:00,cam01,Chiman bhai Bridge,Ahmedabad,—,TR01M1K1RFQAAYX2817ATBAJY3TC,car,CONFIRMED,0.875,447,857,714,1055,,
2026-09-03T07:12:03.402992+00:00,cam01,Chiman bhai Bridge,Ahmedabad,—,TR01M1K1QZVZJGCP6TCHJYEW36GT,car,CONFIRMED,0.421,411,618,502,679,,
2026-09-03T07:12:03.402992+00:00,cam01,Chiman bhai Bridge,Ahmedabad,—,TR01M1K1QZVZJ541V3HXR47R0Q03,truck,CONFIRMED,0.629,411,618,502,679,,
2026-09-03T07:12:03.402992+00:00,cam01,Chiman bhai Bridge,Ahmedabad,—,TR01M1K1R0BCMN36Q37RKESJFGY1,car,CONFIRMED,0.477,0,626,38,663,,
2026-09-03T07:12:03.402992+00:00,cam01,Chiman bhai Bridge,Ahmedabad,—,TR01M1K1R42XG2YYCZSCR51GM64E,car,CONFIRMED,0.609,934,529,966,561,,
2026-09-03T07:12:03.402992+00:00,cam01,Chiman bhai Bridge,Ahmedabad,—,TR01M1K1R5DMEYMFFSNZYKCVSW43,car,CONFIRMED,0.406,934,529,966,567,,
2026-09-03T07:12:03.402992+00:00,cam01,Chiman bhai Bridge,Ahmedabad,—,TR01M1K1R7Q7DQGQXFV770ZKPA3Q,car,CONFIRMED,0.785,997,540,1035,572,,
2026-09-03T07:12:03.402992+00:00,cam01,Chiman bhai Bridge,Ahmedabad,—,TR01M1K1RASMWYJV38M7AMFZTZBM,car,CONFIRMED,0.839,926,613,988,667,,
2026-09-03T07:12:03.402992+00:00,cam01,Chiman bhai Bridge,Ahmedabad,—,TR01M1K1RBP7KBA9HK3BEJZSH47K,car,CONFIRMED,0.656,998,516,1026,537,,
2026-09-03T07:12:03.402992+00:00,cam01,Chiman bhai Bridge,Ahmedabad,—,TR01M1K1RC471PG6AB9Z56VQHX3X,vehicle,CONFIRMED,0.490,924,624,996,696,,
2026-09-03T07:12:03.402992+00:00,cam01,Chiman bhai Bridge,Ahmedabad,—,TR01M1K1RC470D71QGB8GHPEAFBM,car,CONFIRMED,0.504,935,537,967,561,,
2026-09-03T07:12:03.402992+00:00,cam01,Chiman bhai Bridge,Ahmedabad,—,TR01M1K1RCJDSBT6Q6D16BF702QY,car,CONFIRMED,0.823,997,552,1040,586,,
2026-09-03T07:12:03.402992+00:00,cam01,Chiman bhai Bridge,Ahmedabad,—,TR01M1K1RDX7A283CEDZH3JKATZK,car,CONFIRMED,0.611,1098,528,1125,554,,
2026-09-03T07:12:03.402992+00:00,cam01,Chiman bhai Bridge,Ahmedabad,—,TR01M1K1RF3KBEHZHPQ25JEK90V5,car,CONFIRMED,0.411,1369,579,1413,617,,
2026-09-03T07:12:03.402992+00:00,cam01,Chiman bhai Bridge,Ahmedabad,—,TR01M1K1RF8PZGQKTZ2XV66CH5JT,car,CONFIRMED,0.901,994,796,1135,934,,
2026-09-03T07:12:03.402992+00:00,cam01,Chiman bhai Bridge,Ahmedabad,—,TR01M1K1RFDGTMXPFBMRN9DQJWRK,car,CONFIRMED,0.532,1084,524,1118,549,,
2026-09-03T07:12:03.402992+00:00,cam01,Chiman bhai Bridge,Ahmedabad,—,TR01M1K1RFJFGCREXKVCEB7R501G,truck,TENTATIVE,0.534,68,979,424,1079,,
2026-09-03T07:12:03.402992+00:00,cam01,Chiman bhai Bridge,Ahmedabad,—,TR01M1K1RFQAHB5DC0C8BV722610,vehicle,CONFIRMED,0.490,612,804,816,1032,,
2026-09-03T07:12:03.402992+00:00,cam01,Chiman bhai Bridge,Ahmedabad,—,TR01M1K1RFQAAYX2817ATBAJY3TC,car,CONFIRMED,0.920,609,802,816,975,,
2026-09-03T07:12:03.682992+00:00,cam01,Chiman bhai Bridge,Ahmedabad,—,TR01M1K1QZVZJGCP6TCHJYEW36GT,car,CONFIRMED,0.427,411,619,504,680,,
2026-09-03T07:12:03.682992+00:00,cam01,Chiman bhai Bridge,Ahmedabad,—,TR01M1K1QZVZJ541V3HXR47R0Q03,truck,CONFIRMED,0.626,411,619,504,680,,
2026-09-03T07:12:03.682992+00:00,cam01,Chiman bhai Bridge,Ahmedabad,—,TR01M1K1R0BCMN36Q37RKESJFGY1,car,CONFIRMED,0.439,0,626,38,662,,
2026-09-03T07:12:03.682992+00:00,cam01,Chiman bhai Bridge,Ahmedabad,—,TR01M1K1R42XG2YYCZSCR51GM64E,car,CONFIRMED,0.647,934,528,965,560,,
2026-09-03T07:12:03.682992+00:00,cam01,Chiman bhai Bridge,Ahmedabad,—,TR01M1K1R5DMEYMFFSNZYKCVSW43,car,CONFIRMED,0.406,934,529,966,567,,
2026-09-03T07:12:03.682992+00:00,cam01,Chiman bhai Bridge,Ahmedabad,—,TR01M1K1R7Q7DQGQXFV770ZKPA3Q,car,CONFIRMED,0.776,996,537,1034,569,,
2026-09-03T07:12:03.682992+00:00,cam01,Chiman bhai Bridge,Ahmedabad,—,TR01M1K1RASMWYJV38M7AMFZTZBM,car,CONFIRMED,0.849,930,606,990,662,,
2026-09-03T07:12:03.682992+00:00,cam01,Chiman bhai Bridge,Ahmedabad,—,TR01M1K1RBP7KBA9HK3BEJZSH47K,car,CONFIRMED,0.649,996,517,1025,536,,
2026-09-03T07:12:03.682992+00:00,cam01,Chiman bhai Bridge,Ahmedabad,—,TR01M1K1RC471PG6AB9Z56VQHX3X,vehicle,CONFIRMED,0.490,924,588,996,684,,
2026-09-03T07:12:03.682992+00:00,cam01,Chiman bhai Bridge,Ahmedabad,—,TR01M1K1RC470D71QGB8GHPEAFBM,car,CONFIRMED,0.504,935,537,967,561,,
2026-09-03T07:12:03.682992+00:00,cam01,Chiman bhai Bridge,Ahmedabad,—,TR01M1K1RCJDSBT6Q6D16BF702QY,car,CONFIRMED,0.823,997,552,1040,586,,
2026-09-03T07:12:03.682992+00:00,cam01,Chiman bhai Bridge,Ahmedabad,—,TR01M1K1RDX7A283CEDZH3JKATZK,car,CONFIRMED,0.611,1098,528,1125,554,,
2026-09-03T07:12:03.682992+00:00,cam01,Chiman bhai Bridge,Ahmedabad,—,TR01M1K1RF3KBEHZHPQ25JEK90V5,car,CONFIRMED,0.411,1369,579,1413,617,,
2026-09-03T07:12:03.682992+00:00,cam01,Chiman bhai Bridge,Ahmedabad,—,TR01M1K1RF8PZGQKTZ2XV66CH5JT,car,CONFIRMED,0.901,1029,764,1151,880,,
2026-09-03T07:12:03.682992+00:00,cam01,Chiman bhai Bridge,Ahmedabad,—,TR01M1K1RFDGTMXPFBMRN9DQJWRK,car,CONFIRMED,0.561,1088,524,1123,554,,
2026-09-03T07:12:03.682992+00:00,cam01,Chiman bhai Bridge,Ahmedabad,—,TR01M1K1RFJFGCREXKVCEB7R501G,truck,TENTATIVE,0.534,68,979,424,1079,,
2026-09-03T07:12:03.682992+00:00,cam01,Chiman bhai Bridge,Ahmedabad,—,TR01M1K1RFQAHB5DC0C8BV722610,vehicle,CONFIRMED,0.490,708,720,912,996,,
2026-09-03T07:12:03.682992+00:00,cam01,Chiman bhai Bridge,Ahmedabad,—,TR01M1K1RFQAAYX2817ATBAJY3TC,car,CONFIRMED,0.914,711,765,883,919,,
2026-09-03T07:12:03.682992+00:00,cam01,Chiman bhai Bridge,Ahmedabad,—,TR01M1K1RGKD6KXQY1F6W060M18P,bus,TENTATIVE,0.534,747,522,817,574,,
2026-09-03T07:12:03.682992+00:00,cam01,Chiman bhai Bridge,Ahmedabad,—,TR01M1K1RGKD3DW1EDGAH2X7X4MB,car,TENTATIVE,0.522,1776,682,1818,747,,
2026-09-03T07:12:03.882992+00:00,cam01,Chiman bhai Bridge,Ahmedabad,—,TR01M1K1QZVZJGCP6TCHJYEW36GT,car,CONFIRMED,0.456,411,619,504,679,,
2026-09-03T07:12:03.882992+00:00,cam01,Chiman bhai Bridge,Ahmedabad,—,TR01M1K1QZVZJ541V3HXR47R0Q03,truck,CONFIRMED,0.646,411,619,504,679,,
2026-09-03T07:12:03.882992+00:00,cam01,Chiman bhai Bridge,Ahmedabad,—,TR01M1K1R0BCMN36Q37RKESJFGY1,car,CONFIRMED,0.481,0,627,38,663,,
2026-09-03T07:12:03.882992+00:00,cam01,Chiman bhai Bridge,Ahmedabad,—,TR01M1K1R42XG2YYCZSCR51GM64E,car,CONFIRMED,0.437,931,522,960,541,,
2026-09-03T07:12:03.882992+00:00,cam01,Chiman bhai Bridge,Ahmedabad,—,TR01M1K1R5DMEYMFFSNZYKCVSW43,car,CONFIRMED,0.406,934,529,966,567,,
2026-09-03T07:12:03.882992+00:00,cam01,Chiman bhai Bridge,Ahmedabad,—,TR01M1K1R7Q7DQGQXFV770ZKPA3Q,car,CONFIRMED,0.791,996,537,1033,566,,
2026-09-03T07:12:03.882992+00:00,cam01,Chiman bhai Bridge,Ahmedabad,—,TR01M1K1RASMWYJV38M7AMFZTZBM,car,CONFIRMED,0.869,931,603,990,655,,
2026-09-03T07:12:03.882992+00:00,cam01,Chiman bhai Bridge,Ahmedabad,—,TR01M1K1RBP7KBA9HK3BEJZSH47K,car,CONFIRMED,0.683,996,515,1024,536,,
2026-09-03T07:12:03.882992+00:00,cam01,Chiman bhai Bridge,Ahmedabad,—,TR01M1K1RC471PG6AB9Z56VQHX3X,vehicle,CONFIRMED,0.490,936,588,996,672,,
2026-09-03T07:12:03.882992+00:00,cam01,Chiman bhai Bridge,Ahmedabad,—,TR01M1K1RC470D71QGB8GHPEAFBM,car,CONFIRMED,0.696,934,534,966,560,,
2026-09-03T07:12:03.882992+00:00,cam01,Chiman bhai Bridge,Ahmedabad,—,TR01M1K1RCJDSBT6Q6D16BF702QY,car,CONFIRMED,0.823,997,552,1040,586,,
2026-09-03T07:12:03.882992+00:00,cam01,Chiman bhai Bridge,Ahmedabad,—,TR01M1K1RF3KBEHZHPQ25JEK90V5,car,CONFIRMED,0.411,1369,579,1413,617,,
2026-09-03T07:12:03.882992+00:00,cam01,Chiman bhai Bridge,Ahmedabad,—,TR01M1K1RF8PZGQKTZ2XV66CH5JT,car,CONFIRMED,0.890,1046,746,1156,851,,
2026-09-03T07:12:03.882992+00:00,cam01,Chiman bhai Bridge,Ahmedabad,—,TR01M1K1RFDGTMXPFBMRN9DQJWRK,car,CONFIRMED,0.665,1090,526,1123,554,,
2026-09-03T07:12:03.882992+00:00,cam01,Chiman bhai Bridge,Ahmedabad,—,TR01M1K1RFJFGCREXKVCEB7R501G,truck,TENTATIVE,0.534,68,979,424,1079,,
2026-09-03T07:12:03.882992+00:00,cam01,Chiman bhai Bridge,Ahmedabad,—,TR01M1K1RFQAHB5DC0C8BV722610,vehicle,CONFIRMED,0.490,768,708,936,984,,
2026-09-03T07:12:03.882992+00:00,cam01,Chiman bhai Bridge,Ahmedabad,—,TR01M1K1RFQAAYX2817ATBAJY3TC,car,CONFIRMED,0.910,765,742,922,880,,
2026-09-03T07:12:03.882992+00:00,cam01,Chiman bhai Bridge,Ahmedabad,—,TR01M1K1RGKD6KXQY1F6W060M18P,bus,CONFIRMED,0.502,747,522,817,574,,
2026-09-03T07:12:03.882992+00:00,cam01,Chiman bhai Bridge,Ahmedabad,—,TR01M1K1RGKD3DW1EDGAH2X7X4MB,car,TENTATIVE,0.522,1776,682,1818,747,,
2026-09-03T07:12:04.002992+00:00,cam01,Chiman bhai Bridge,Ahmedabad,—,TR01M1K1QZVZJGCP6TCHJYEW36GT,car,CONFIRMED,0.411,411,619,504,679,,
2026-09-03T07:12:04.002992+00:00,cam01,Chiman bhai Bridge,Ahmedabad,—,TR01M1K1QZVZJ541V3HXR47R0Q03,truck,CONFIRMED,0.660,411,619,504,679,,
2026-09-03T07:12:04.002992+00:00,cam01,Chiman bhai Bridge,Ahmedabad,—,TR01M1K1R0BCMN36Q37RKESJFGY1,car,CONFIRMED,0.511,0,627,38,663,,
2026-09-03T07:12:04.002992+00:00,cam01,Chiman bhai Bridge,Ahmedabad,—,TR01M1K1R42XG2YYCZSCR51GM64E,car,CONFIRMED,0.442,921,519,949,536,,
2026-09-03T07:12:04.002992+00:00,cam01,Chiman bhai Bridge,Ahmedabad,—,TR01M1K1R5DMEYMFFSNZYKCVSW43,car,CONFIRMED,0.406,934,529,966,567,,
2026-09-03T07:12:04.002992+00:00,cam01,Chiman bhai Bridge,Ahmedabad,—,TR01M1K1R7Q7DQGQXFV770ZKPA3Q,car,CONFIRMED,0.777,996,534,1032,563,,
2026-09-03T07:12:04.002992+00:00,cam01,Chiman bhai Bridge,Ahmedabad,—,TR01M1K1RASMWYJV38M7AMFZTZBM,car,CONFIRMED,0.879,933,601,991,653,,
2026-09-03T07:12:04.002992+00:00,cam01,Chiman bhai Bridge,Ahmedabad,—,TR01M1K1RBP7KBA9HK3BEJZSH47K,car,CONFIRMED,0.491,995,512,1022,534,,
2026-09-03T07:12:04.002992+00:00,cam01,Chiman bhai Bridge,Ahmedabad,—,TR01M1K1RC471PG6AB9Z56VQHX3X,vehicle,CONFIRMED,0.490,936,588,996,672,,
2026-09-03T07:12:04.002992+00:00,cam01,Chiman bhai Bridge,Ahmedabad,—,TR01M1K1RC470D71QGB8GHPEAFBM,car,CONFIRMED,0.670,934,530,965,559,,
2026-09-03T07:12:04.002992+00:00,cam01,Chiman bhai Bridge,Ahmedabad,—,TR01M1K1RCJDSBT6Q6D16BF702QY,car,CONFIRMED,0.482,996,520,1024,537,,
2026-09-03T07:12:04.002992+00:00,cam01,Chiman bhai Bridge,Ahmedabad,—,TR01M1K1RF3KBEHZHPQ25JEK90V5,car,CONFIRMED,0.411,1369,579,1413,617,,
2026-09-03T07:12:04.002992+00:00,cam01,Chiman bhai Bridge,Ahmedabad,—,TR01M1K1RF8PZGQKTZ2XV66CH5JT,car,CONFIRMED,0.881,1055,734,1160,833,,
2026-09-03T07:12:04.002992+00:00,cam01,Chiman bhai Bridge,Ahmedabad,—,TR01M1K1RFDGTMXPFBMRN9DQJWRK,car,CONFIRMED,0.700,1091,525,1124,555,,
2026-09-03T07:12:04.002992+00:00,cam01,Chiman bhai Bridge,Ahmedabad,—,TR01M1K1RFJFGCREXKVCEB7R501G,truck,TENTATIVE,0.534,68,979,424,1079,,
2026-09-03T07:12:04.002992+00:00,cam01,Chiman bhai Bridge,Ahmedabad,—,TR01M1K1RFQAHB5DC0C8BV722610,vehicle,CONFIRMED,0.490,768,708,936,984,,
2026-09-03T07:12:04.002992+00:00,cam01,Chiman bhai Bridge,Ahmedabad,—,TR01M1K1RFQAAYX2817ATBAJY3TC,car,CONFIRMED,0.907,795,730,939,861,,
2026-09-03T07:12:04.002992+00:00,cam01,Chiman bhai Bridge,Ahmedabad,—,TR01M1K1RGKD6KXQY1F6W060M18P,truck,CONFIRMED,0.509,747,521,817,574,,
2026-09-03T07:12:04.002992+00:00,cam01,Chiman bhai Bridge,Ahmedabad,—,TR01M1K1RGKD3DW1EDGAH2X7X4MB,car,TENTATIVE,0.522,1776,682,1818,747,,
2026-09-03T07:12:04.202992+00:00,cam01,Chiman bhai Bridge,Ahmedabad,—,TR01M1K1QZVZJGCP6TCHJYEW36GT,car,CONFIRMED,0.483,410,619,503,679,,
2026-09-03T07:12:04.202992+00:00,cam01,Chiman bhai Bridge,Ahmedabad,—,TR01M1K1QZVZJ541V3HXR47R0Q03,truck,CONFIRMED,0.647,410,619,503,679,,
2026-09-03T07:12:04.202992+00:00,cam01,Chiman bhai Bridge,Ahmedabad,—,TR01M1K1R0BCMN36Q37RKESJFGY1,car,CONFIRMED,0.458,0,627,39,663,,
2026-09-03T07:12:04.202992+00:00,cam01,Chiman bhai Bridge,Ahmedabad,—,TR01M1K1R42XG2YYCZSCR51GM64E,car,CONFIRMED,0.442,921,519,949,536,,
2026-09-03T07:12:04.202992+00:00,cam01,Chiman bhai Bridge,Ahmedabad,—,TR01M1K1R5DMEYMFFSNZYKCVSW43,car,CONFIRMED,0.406,934,529,966,567,,
2026-09-03T07:12:04.202992+00:00,cam01,Chiman bhai Bridge,Ahmedabad,—,TR01M1K1R7Q7DQGQXFV770ZKPA3Q,car,CONFIRMED,0.785,996,531,1030,562,,
2026-09-03T07:12:04.202992+00:00,cam01,Chiman bhai Bridge,Ahmedabad,—,TR01M1K1RASMWYJV38M7AMFZTZBM,car,CONFIRMED,0.876,936,596,994,650,,
2026-09-03T07:12:04.202992+00:00,cam01,Chiman bhai Bridge,Ahmedabad,—,TR01M1K1RBP7KBA9HK3BEJZSH47K,car,CONFIRMED,0.491,995,512,1022,534,,
2026-09-03T07:12:04.202992+00:00,cam01,Chiman bhai Bridge,Ahmedabad,—,TR01M1K1RC471PG6AB9Z56VQHX3X,vehicle,CONFIRMED,0.490,936,588,996,672,,
2026-09-03T07:12:04.202992+00:00,cam01,Chiman bhai Bridge,Ahmedabad,—,TR01M1K1RC470D71QGB8GHPEAFBM,car,CONFIRMED,0.659,933,528,963,555,,
2026-09-03T07:12:04.202992+00:00,cam01,Chiman bhai Bridge,Ahmedabad,—,TR01M1K1RCJDSBT6Q6D16BF702QY,car,CONFIRMED,0.482,996,520,1024,537,,
2026-09-03T07:12:04.202992+00:00,cam01,Chiman bhai Bridge,Ahmedabad,—,TR01M1K1RF3KBEHZHPQ25JEK90V5,car,CONFIRMED,0.504,1362,579,1413,618,,
2026-09-03T07:12:04.202992+00:00,cam01,Chiman bhai Bridge,Ahmedabad,—,TR01M1K1RF8PZGQKTZ2XV66CH5JT,car,CONFIRMED,0.874,1066,719,1162,814,,
2026-09-03T07:12:04.202992+00:00,cam01,Chiman bhai Bridge,Ahmedabad,—,TR01M1K1RFDGTMXPFBMRN9DQJWRK,car,CONFIRMED,0.672,1094,527,1126,558,,
2026-09-03T07:12:04.202992+00:00,cam01,Chiman bhai Bridge,Ahmedabad,—,TR01M1K1RFQAHB5DC0C8BV722610,vehicle,CONFIRMED,0.490,840,684,972,876,,
2026-09-03T07:12:04.202992+00:00,cam01,Chiman bhai Bridge,Ahmedabad,—,TR01M1K1RFQAAYX2817ATBAJY3TC,car,CONFIRMED,0.895,835,712,963,833,,
2026-09-03T07:12:04.202992+00:00,cam01,Chiman bhai Bridge,Ahmedabad,—,TR01M1K1RGKD6KXQY1F6W060M18P,bus,CONFIRMED,0.431,740,519,842,575,,
2026-09-03T07:12:04.202992+00:00,cam01,Chiman bhai Bridge,Ahmedabad,—,TR01M1K1RGKD3DW1EDGAH2X7X4MB,car,TENTATIVE,0.522,1776,682,1818,747,,
2026-09-03T07:12:04.202992+00:00,cam01,Chiman bhai Bridge,Ahmedabad,—,TR01M1K1RH25BD9TZ3E0GM47T3BB,car,TENTATIVE,0.628,1163,555,1214,590,,
2026-09-03T07:12:04.202992+00:00,cam01,Chiman bhai Bridge,Ahmedabad,—,TR01M1K1RH25JV2WTT3JH871MWQM,truck,TENTATIVE,0.519,1359,550,1413,618,,
2026-09-03T07:12:04.202992+00:00,cam01,Chiman bhai Bridge,Ahmedabad,—,TR01M1K1RH25YADSN2FYQMHFQ950,car,TENTATIVE,0.518,1222,574,1289,612,,
2026-09-03T07:12:04.362992+00:00,cam01,Chiman bhai Bridge,Ahmedabad,—,TR01M1K1QZVZJGCP6TCHJYEW36GT,truck,CONFIRMED,0.658,410,619,504,680,,
2026-09-03T07:12:04.362992+00:00,cam01,Chiman bhai Bridge,Ahmedabad,—,TR01M1K1QZVZJ541V3HXR47R0Q03,car,CONFIRMED,0.471,410,619,504,680,,
2026-09-03T07:12:04.362992+00:00,cam01,Chiman bhai Bridge,Ahmedabad,—,TR01M1K1R0BCMN36Q37RKESJFGY1,car,CONFIRMED,0.443,0,628,39,663,,
2026-09-03T07:12:04.362992+00:00,cam01,Chiman bhai Bridge,Ahmedabad,—,TR01M1K1R42XG2YYCZSCR51GM64E,car,CONFIRMED,0.442,921,519,949,536,,
2026-09-03T07:12:04.362992+00:00,cam01,Chiman bhai Bridge,Ahmedabad,—,TR01M1K1R5DMEYMFFSNZYKCVSW43,car,CONFIRMED,0.406,934,529,966,567,,
2026-09-03T07:12:04.362992+00:00,cam01,Chiman bhai Bridge,Ahmedabad,—,TR01M1K1R7Q7DQGQXFV770ZKPA3Q,car,CONFIRMED,0.792,995,531,1029,559,,
2026-09-03T07:12:04.362992+00:00,cam01,Chiman bhai Bridge,Ahmedabad,—,TR01M1K1RASMWYJV38M7AMFZTZBM,car,CONFIRMED,0.875,937,593,995,648,,
2026-09-03T07:12:04.362992+00:00,cam01,Chiman bhai Bridge,Ahmedabad,—,TR01M1K1RBP7KBA9HK3BEJZSH47K,car,CONFIRMED,0.491,995,512,1022,534,,
2026-09-03T07:12:04.362992+00:00,cam01,Chiman bhai Bridge,Ahmedabad,—,TR01M1K1RC471PG6AB9Z56VQHX3X,vehicle,CONFIRMED,0.490,936,588,996,672,,
2026-09-03T07:12:04.362992+00:00,cam01,Chiman bhai Bridge,Ahmedabad,—,TR01M1K1RC470D71QGB8GHPEAFBM,car,CONFIRMED,0.555,935,532,963,555,,
2026-09-03T07:12:04.362992+00:00,cam01,Chiman bhai Bridge,Ahmedabad,—,TR01M1K1RCJDSBT6Q6D16BF702QY,car,CONFIRMED,0.405,994,517,1021,535,,
2026-09-03T07:12:04.362992+00:00,cam01,Chiman bhai Bridge,Ahmedabad,—,TR01M1K1RF3KBEHZHPQ25JEK90V5,car,CONFIRMED,0.504,1362,579,1413,618,,
2026-09-03T07:12:04.362992+00:00,cam01,Chiman bhai Bridge,Ahmedabad,—,TR01M1K1RF8PZGQKTZ2XV66CH5JT,car,CONFIRMED,0.877,1071,711,1161,806,,
2026-09-03T07:12:04.362992+00:00,cam01,Chiman bhai Bridge,Ahmedabad,—,TR01M1K1RFDGTMXPFBMRN9DQJWRK,car,CONFIRMED,0.493,1096,529,1126,559,,
2026-09-03T07:12:04.362992+00:00,cam01,Chiman bhai Bridge,Ahmedabad,—,TR01M1K1RFQAHB5DC0C8BV722610,vehicle,CONFIRMED,0.490,864,684,984,864,,
2026-09-03T07:12:04.362992+00:00,cam01,Chiman bhai Bridge,Ahmedabad,—,TR01M1K1RFQAAYX2817ATBAJY3TC,car,CONFIRMED,0.904,857,703,976,817,,
2026-09-03T07:12:04.362992+00:00,cam01,Chiman bhai Bridge,Ahmedabad,—,TR01M1K1RGKD6KXQY1F6W060M18P,bus,CONFIRMED,0.425,739,519,845,574,,
2026-09-03T07:12:04.362992+00:00,cam01,Chiman bhai Bridge,Ahmedabad,—,TR01M1K1RGKD3DW1EDGAH2X7X4MB,car,TENTATIVE,0.522,1776,682,1818,747,,
2026-09-03T07:12:04.362992+00:00,cam01,Chiman bhai Bridge,Ahmedabad,—,TR01M1K1RH25BD9TZ3E0GM47T3BB,car,CONFIRMED,0.546,1168,557,1218,594,,
2026-09-03T07:12:04.362992+00:00,cam01,Chiman bhai Bridge,Ahmedabad,—,TR01M1K1RH25JV2WTT3JH871MWQM,truck,CONFIRMED,0.473,1368,550,1415,619,,
2026-09-03T07:12:04.362992+00:00,cam01,Chiman bhai Bridge,Ahmedabad,—,TR01M1K1RH25YADSN2FYQMHFQ950,car,CONFIRMED,0.589,1222,575,1296,613,,
2026-09-03T07:12:04.482992+00:00,cam01,Chiman bhai Bridge,Ahmedabad,—,TR01M1K1QZVZJGCP6TCHJYEW36GT,car,CONFIRMED,0.418,411,619,503,680,,
2026-09-03T07:12:04.482992+00:00,cam01,Chiman bhai Bridge,Ahmedabad,—,TR01M1K1QZVZJ541V3HXR47R0Q03,truck,CONFIRMED,0.681,411,619,503,680,,
2026-09-03T07:12:04.482992+00:00,cam01,Chiman bhai Bridge,Ahmedabad,—,TR01M1K1R0BCMN36Q37RKESJFGY1,car,CONFIRMED,0.443,0,628,39,663,,
2026-09-03T07:12:04.482992+00:00,cam01,Chiman bhai Bridge,Ahmedabad,—,TR01M1K1R42XG2YYCZSCR51GM64E,car,CONFIRMED,0.442,921,519,949,536,,
2026-09-03T07:12:04.482992+00:00,cam01,Chiman bhai Bridge,Ahmedabad,—,TR01M1K1R7Q7DQGQXFV770ZKPA3Q,car,CONFIRMED,0.788,993,530,1029,558,,
2026-09-03T07:12:04.482992+00:00,cam01,Chiman bhai Bridge,Ahmedabad,—,TR01M1K1RASMWYJV38M7AMFZTZBM,car,CONFIRMED,0.890,938,591,996,643,,
2026-09-03T07:12:04.482992+00:00,cam01,Chiman bhai Bridge,Ahmedabad,—,TR01M1K1RBP7KBA9HK3BEJZSH47K,car,CONFIRMED,0.491,995,512,1022,534,,
2026-09-03T07:12:04.482992+00:00,cam01,Chiman bhai Bridge,Ahmedabad,—,TR01M1K1RC471PG6AB9Z56VQHX3X,vehicle,CONFIRMED,0.490,936,588,996,672,,
2026-09-03T07:12:04.482992+00:00,cam01,Chiman bhai Bridge,Ahmedabad,—,TR01M1K1RC470D71QGB8GHPEAFBM,car,CONFIRMED,0.522,935,532,964,554,,
2026-09-03T07:12:04.482992+00:00,cam01,Chiman bhai Bridge,Ahmedabad,—,TR01M1K1RCJDSBT6Q6D16BF702QY,car,CONFIRMED,0.405,994,517,1021,535,,
2026-09-03T07:12:04.482992+00:00,cam01,Chiman bhai Bridge,Ahmedabad,—,TR01M1K1RF3KBEHZHPQ25JEK90V5,car,CONFIRMED,0.529,1369,579,1412,617,,
2026-09-03T07:12:04.482992+00:00,cam01,Chiman bhai Bridge,Ahmedabad,—,TR01M1K1RF8PZGQKTZ2XV66CH5JT,car,CONFIRMED,0.888,1077,699,1163,784,,
2026-09-03T07:12:04.482992+00:00,cam01,Chiman bhai Bridge,Ahmedabad,—,TR01M1K1RFDGTMXPFBMRN9DQJWRK,car,CONFIRMED,0.493,1096,529,1126,559,,
2026-09-03T07:12:04.482992+00:00,cam01,Chiman bhai Bridge,Ahmedabad,—,TR01M1K1RFQAHB5DC0C8BV722610,vehicle,CONFIRMED,0.490,888,684,996,840,,
2026-09-03T07:12:04.482992+00:00,cam01,Chiman bhai Bridge,Ahmedabad,—,TR01M1K1RFQAAYX2817ATBAJY3TC,car,CONFIRMED,0.900,879,692,991,801,,
2026-09-03T07:12:04.482992+00:00,cam01,Chiman bhai Bridge,Ahmedabad,—,TR01M1K1RGKD6KXQY1F6W060M18P,bus,CONFIRMED,0.425,739,519,845,574,,
2026-09-03T07:12:04.482992+00:00,cam01,Chiman bhai Bridge,Ahmedabad,—,TR01M1K1RGKD3DW1EDGAH2X7X4MB,car,TENTATIVE,0.522,1776,682,1818,747,,
2026-09-03T07:12:04.482992+00:00,cam01,Chiman bhai Bridge,Ahmedabad,—,TR01M1K1RH25BD9TZ3E0GM47T3BB,car,CONFIRMED,0.719,1179,557,1227,596,,
2026-09-03T07:12:04.482992+00:00,cam01,Chiman bhai Bridge,Ahmedabad,—,TR01M1K1RH25JV2WTT3JH871MWQM,truck,CONFIRMED,0.559,1369,549,1413,617,,
2026-09-03T07:12:04.482992+00:00,cam01,Chiman bhai Bridge,Ahmedabad,—,TR01M1K1RH25YADSN2FYQMHFQ950,car,CONFIRMED,0.507,1222,571,1308,614,,
2026-09-03T07:12:04.482992+00:00,cam01,Chiman bhai Bridge,Ahmedabad,—,TR01M1K1RHCG8AG9TPXZTZS61GN4,car,TENTATIVE,0.619,1277,573,1310,611,,
2026-09-03T07:12:04.482992+00:00,cam01,Chiman bhai Bridge,Ahmedabad,—,TR01M1K1RHCG50EPZXCY3BAN8EPD,truck,TENTATIVE,0.585,1104,524,1185,561,,
2026-09-03T07:12:04.682992+00:00,cam01,Chiman bhai Bridge,Ahmedabad,—,TR01M1K1QZVZJGCP6TCHJYEW36GT,car,CONFIRMED,0.408,410,619,502,679,,
2026-09-03T07:12:04.682992+00:00,cam01,Chiman bhai Bridge,Ahmedabad,—,TR01M1K1QZVZJ541V3HXR47R0Q03,truck,CONFIRMED,0.649,410,619,502,679,,
2026-09-03T07:12:04.682992+00:00,cam01,Chiman bhai Bridge,Ahmedabad,—,TR01M1K1R0BCMN36Q37RKESJFGY1,car,CONFIRMED,0.443,0,628,39,663,,
2026-09-03T07:12:04.682992+00:00,cam01,Chiman bhai Bridge,Ahmedabad,—,TR01M1K1R42XG2YYCZSCR51GM64E,car,CONFIRMED,0.442,921,519,949,536,,
2026-09-03T07:12:04.682992+00:00,cam01,Chiman bhai Bridge,Ahmedabad,—,TR01M1K1R7Q7DQGQXFV770ZKPA3Q,car,CONFIRMED,0.781,992,528,1026,555,,
2026-09-03T07:12:04.682992+00:00,cam01,Chiman bhai Bridge,Ahmedabad,—,TR01M1K1RASMWYJV38M7AMFZTZBM,car,CONFIRMED,0.866,940,589,996,638,,
2026-09-03T07:12:04.682992+00:00,cam01,Chiman bhai Bridge,Ahmedabad,—,TR01M1K1RBP7KBA9HK3BEJZSH47K,car,CONFIRMED,0.491,995,512,1022,534,,
2026-09-03T07:12:04.682992+00:00,cam01,Chiman bhai Bridge,Ahmedabad,—,TR01M1K1RC471PG6AB9Z56VQHX3X,vehicle,CONFIRMED,0.490,936,588,996,672,,
2026-09-03T07:12:04.682992+00:00,cam01,Chiman bhai Bridge,Ahmedabad,—,TR01M1K1RC470D71QGB8GHPEAFBM,car,CONFIRMED,0.417,925,520,962,551,,
2026-09-03T07:12:04.682992+00:00,cam01,Chiman bhai Bridge,Ahmedabad,—,TR01M1K1RCJDSBT6Q6D16BF702QY,car,CONFIRMED,0.405,994,517,1021,535,,
2026-09-03T07:12:04.682992+00:00,cam01,Chiman bhai Bridge,Ahmedabad,—,TR01M1K1RF3KBEHZHPQ25JEK90V5,car,CONFIRMED,0.415,1369,578,1413,619,,
2026-09-03T07:12:04.682992+00:00,cam01,Chiman bhai Bridge,Ahmedabad,—,TR01M1K1RF8PZGQKTZ2XV66CH5JT,car,CONFIRMED,0.883,1082,687,1163,769,,
2026-09-03T07:12:04.682992+00:00,cam01,Chiman bhai Bridge,Ahmedabad,—,TR01M1K1RFDGTMXPFBMRN9DQJWRK,car,CONFIRMED,0.493,1096,529,1126,559,,
2026-09-03T07:12:04.682992+00:00,cam01,Chiman bhai Bridge,Ahmedabad,—,TR01M1K1RFQAHB5DC0C8BV722610,vehicle,CONFIRMED,0.490,912,672,1008,816,,
2026-09-03T07:12:04.682992+00:00,cam01,Chiman bhai Bridge,Ahmedabad,—,TR01M1K1RFQAAYX2817ATBAJY3TC,car,CONFIRMED,0.874,903,679,1005,781,,
2026-09-03T07:12:04.682992+00:00,cam01,Chiman bhai Bridge,Ahmedabad,—,TR01M1K1RGKD6KXQY1F6W060M18P,bus,CONFIRMED,0.425,739,519,845,574,,
2026-09-03T07:12:04.682992+00:00,cam01,Chiman bhai Bridge,Ahmedabad,—,TR01M1K1RGKD3DW1EDGAH2X7X4MB,car,TENTATIVE,0.522,1776,682,1818,747,,
2026-09-03T07:12:04.682992+00:00,cam01,Chiman bhai Bridge,Ahmedabad,—,TR01M1K1RH25BD9TZ3E0GM47T3BB,car,CONFIRMED,0.772,1193,561,1237,600,,
2026-09-03T07:12:04.682992+00:00,cam01,Chiman bhai Bridge,Ahmedabad,—,TR01M1K1RH25JV2WTT3JH871MWQM,truck,CONFIRMED,0.618,1368,549,1413,619,,
2026-09-03T07:12:04.682992+00:00,cam01,Chiman bhai Bridge,Ahmedabad,—,TR01M1K1RH25YADSN2FYQMHFQ950,car,CONFIRMED,0.507,1222,571,1308,614,,
2026-09-03T07:12:04.682992+00:00,cam01,Chiman bhai Bridge,Ahmedabad,—,TR01M1K1RHCG8AG9TPXZTZS61GN4,car,CONFIRMED,0.630,1288,574,1327,613,,
2026-09-03T07:12:04.682992+00:00,cam01,Chiman bhai Bridge,Ahmedabad,—,TR01M1K1RHCG50EPZXCY3BAN8EPD,truck,CONFIRMED,0.574,1110,522,1186,566,,
2026-09-03T07:12:04.802992+00:00,cam01,Chiman bhai Bridge,Ahmedabad,—,TR01M1K1QZVZJGCP6TCHJYEW36GT,truck,CONFIRMED,0.656,410,619,502,679,,
2026-09-03T07:12:04.802992+00:00,cam01,Chiman bhai Bridge,Ahmedabad,—,TR01M1K1QZVZJ541V3HXR47R0Q03,car,CONFIRMED,0.412,410,619,502,679,,
2026-09-03T07:12:04.802992+00:00,cam01,Chiman bhai Bridge,Ahmedabad,—,TR01M1K1R0BCMN36Q37RKESJFGY1,car,CONFIRMED,0.424,0,628,39,663,,
2026-09-03T07:12:04.802992+00:00,cam01,Chiman bhai Bridge,Ahmedabad,—,TR01M1K1R42XG2YYCZSCR51GM64E,car,CONFIRMED,0.442,921,519,949,536,,
2026-09-03T07:12:04.802992+00:00,cam01,Chiman bhai Bridge,Ahmedabad,—,TR01M1K1R7Q7DQGQXFV770ZKPA3Q,car,CONFIRMED,0.756,991,527,1026,554,,
2026-09-03T07:12:04.802992+00:00,cam01,Chiman bhai Bridge,Ahmedabad,—,TR01M1K1RASMWYJV38M7AMFZTZBM,car,CONFIRMED,0.848,941,587,997,636,,
2026-09-03T07:12:04.802992+00:00,cam01,Chiman bhai Bridge,Ahmedabad,—,TR01M1K1RBP7KBA9HK3BEJZSH47K,car,CONFIRMED,0.491,995,512,1022,534,,
2026-09-03T07:12:04.802992+00:00,cam01,Chiman bhai Bridge,Ahmedabad,—,TR01M1K1RC471PG6AB9Z56VQHX3X,vehicle,CONFIRMED,0.490,936,588,996,672,,
2026-09-03T07:12:04.802992+00:00,cam01,Chiman bhai Bridge,Ahmedabad,—,TR01M1K1RC470D71QGB8GHPEAFBM,car,CONFIRMED,0.454,928,521,963,551,,
2026-09-03T07:12:04.802992+00:00,cam01,Chiman bhai Bridge,Ahmedabad,—,TR01M1K1RCJDSBT6Q6D16BF702QY,car,CONFIRMED,0.405,994,517,1021,535,,
2026-09-03T07:12:04.802992+00:00,cam01,Chiman bhai Bridge,Ahmedabad,—,TR01M1K1RF3KBEHZHPQ25JEK90V5,car,CONFIRMED,0.490,1368,578,1415,619,,
2026-09-03T07:12:04.802992+00:00,cam01,Chiman bhai Bridge,Ahmedabad,—,TR01M1K1RF8PZGQKTZ2XV66CH5JT,car,CONFIRMED,0.876,1084,682,1162,760,,
2026-09-03T07:12:04.802992+00:00,cam01,Chiman bhai Bridge,Ahmedabad,—,TR01M1K1RFDGTMXPFBMRN9DQJWRK,car,CONFIRMED,0.493,1096,529,1126,559,,
2026-09-03T07:12:04.802992+00:00,cam01,Chiman bhai Bridge,Ahmedabad,—,TR01M1K1RFQAHB5DC0C8BV722610,vehicle,CONFIRMED,0.490,924,660,1020,804,,
2026-09-03T07:12:04.802992+00:00,cam01,Chiman bhai Bridge,Ahmedabad,—,TR01M1K1RFQAAYX2817ATBAJY3TC,car,CONFIRMED,0.868,917,671,1014,772,,
2026-09-03T07:12:04.802992+00:00,cam01,Chiman bhai Bridge,Ahmedabad,—,TR01M1K1RGKD6KXQY1F6W060M18P,bus,CONFIRMED,0.425,739,519,845,574,,
2026-09-03T07:12:04.802992+00:00,cam01,Chiman bhai Bridge,Ahmedabad,—,TR01M1K1RGKD3DW1EDGAH2X7X4MB,car,TENTATIVE,0.522,1776,682,1818,747,,
2026-09-03T07:12:04.802992+00:00,cam01,Chiman bhai Bridge,Ahmedabad,—,TR01M1K1RH25BD9TZ3E0GM47T3BB,car,CONFIRMED,0.776,1199,565,1239,603,,
2026-09-03T07:12:04.802992+00:00,cam01,Chiman bhai Bridge,Ahmedabad,—,TR01M1K1RH25JV2WTT3JH871MWQM,truck,CONFIRMED,0.638,1367,549,1415,620,,
2026-09-03T07:12:04.802992+00:00,cam01,Chiman bhai Bridge,Ahmedabad,—,TR01M1K1RH25YADSN2FYQMHFQ950,car,CONFIRMED,0.507,1222,571,1308,614,,
2026-09-03T07:12:04.802992+00:00,cam01,Chiman bhai Bridge,Ahmedabad,—,TR01M1K1RHCG8AG9TPXZTZS61GN4,car,CONFIRMED,0.486,1297,577,1339,614,,
2026-09-03T07:12:04.802992+00:00,cam01,Chiman bhai Bridge,Ahmedabad,—,TR01M1K1RHCG50EPZXCY3BAN8EPD,truck,CONFIRMED,0.690,1111,521,1187,568,,
2026-09-03T07:12:04.802992+00:00,cam01,Chiman bhai Bridge,Ahmedabad,—,TR01M1K1RHPHJD85FETGR7XG1C7A,bus,TENTATIVE,0.613,0,771,255,1075,,
2026-09-03T07:12:04.802992+00:00,cam01,Chiman bhai Bridge,Ahmedabad,—,TR01M1K1RHPHAKJQAQR328PVK9VZ,truck,TENTATIVE,0.602,0,771,255,1075,,
2026-09-03T07:12:04.962992+00:00,cam01,Chiman bhai Bridge,Ahmedabad,—,TR01M1K1QZVZJGCP6TCHJYEW36GT,truck,CONFIRMED,0.633,410,619,502,678,,
2026-09-03T07:12:04.962992+00:00,cam01,Chiman bhai Bridge,Ahmedabad,—,TR01M1K1QZVZJ541V3HXR47R0Q03,car,CONFIRMED,0.430,410,619,502,678,,
2026-09-03T07:12:04.962992+00:00,cam01,Chiman bhai Bridge,Ahmedabad,—,TR01M1K1R0BCMN36Q37RKESJFGY1,car,CONFIRMED,0.407,0,628,39,663,,
2026-09-03T07:12:04.962992+00:00,cam01,Chiman bhai Bridge,Ahmedabad,—,TR01M1K1R42XG2YYCZSCR51GM64E,car,CONFIRMED,0.442,921,519,949,536,,
2026-09-03T07:12:04.962992+00:00,cam01,Chiman bhai Bridge,Ahmedabad,—,TR01M1K1R7Q7DQGQXFV770ZKPA3Q,car,CONFIRMED,0.782,992,527,1025,553,,
2026-09-03T07:12:04.962992+00:00,cam01,Chiman bhai Bridge,Ahmedabad,—,TR01M1K1RASMWYJV38M7AMFZTZBM,car,CONFIRMED,0.854,942,585,997,634,,
2026-09-03T07:12:04.962992+00:00,cam01,Chiman bhai Bridge,Ahmedabad,—,TR01M1K1RBP7KBA9HK3BEJZSH47K,car,CONFIRMED,0.491,995,512,1022,534,,
2026-09-03T07:12:04.962992+00:00,cam01,Chiman bhai Bridge,Ahmedabad,—,TR01M1K1RC471PG6AB9Z56VQHX3X,vehicle,CONFIRMED,0.490,948,576,996,648,,
2026-09-03T07:12:04.962992+00:00,cam01,Chiman bhai Bridge,Ahmedabad,—,TR01M1K1RC470D71QGB8GHPEAFBM,car,CONFIRMED,0.597,932,523,963,549,,
2026-09-03T07:12:04.962992+00:00,cam01,Chiman bhai Bridge,Ahmedabad,—,TR01M1K1RCJDSBT6Q6D16BF702QY,car,CONFIRMED,0.405,994,517,1021,535,,
2026-09-03T07:12:04.962992+00:00,cam01,Chiman bhai Bridge,Ahmedabad,—,TR01M1K1RF3KBEHZHPQ25JEK90V5,car,CONFIRMED,0.408,1368,581,1421,619,,
2026-09-03T07:12:04.962992+00:00,cam01,Chiman bhai Bridge,Ahmedabad,—,TR01M1K1RF8PZGQKTZ2XV66CH5JT,car,CONFIRMED,0.888,1085,676,1162,751,,
2026-09-03T07:12:04.962992+00:00,cam01,Chiman bhai Bridge,Ahmedabad,—,TR01M1K1RFDGTMXPFBMRN9DQJWRK,car,CONFIRMED,0.493,1096,529,1126,559,,
2026-09-03T07:12:04.962992+00:00,cam01,Chiman bhai Bridge,Ahmedabad,—,TR01M1K1RFQAHB5DC0C8BV722610,vehicle,CONFIRMED,0.490,936,660,1020,792,,
2026-09-03T07:12:04.962992+00:00,cam01,Chiman bhai Bridge,Ahmedabad,—,TR01M1K1RFQAAYX2817ATBAJY3TC,car,CONFIRMED,0.831,928,661,1022,756,,
2026-09-03T07:12:04.962992+00:00,cam01,Chiman bhai Bridge,Ahmedabad,—,TR01M1K1RGKD6KXQY1F6W060M18P,bus,CONFIRMED,0.425,739,519,845,574,,
2026-09-03T07:12:04.962992+00:00,cam01,Chiman bhai Bridge,Ahmedabad,—,TR01M1K1RGKD3DW1EDGAH2X7X4MB,car,TENTATIVE,0.522,1776,682,1818,747,,
2026-09-03T07:12:04.962992+00:00,cam01,Chiman bhai Bridge,Ahmedabad,—,TR01M1K1RH25BD9TZ3E0GM47T3BB,car,CONFIRMED,0.425,1202,567,1246,604,,
2026-09-03T07:12:04.962992+00:00,cam01,Chiman bhai Bridge,Ahmedabad,—,TR01M1K1RH25JV2WTT3JH871MWQM,truck,CONFIRMED,0.471,1366,549,1419,618,,
2026-09-03T07:12:04.962992+00:00,cam01,Chiman bhai Bridge,Ahmedabad,—,TR01M1K1RH25YADSN2FYQMHFQ950,car,CONFIRMED,0.507,1222,571,1308,614,,
2026-09-03T07:12:04.962992+00:00,cam01,Chiman bhai Bridge,Ahmedabad,—,TR01M1K1RHCG8AG9TPXZTZS61GN4,car,CONFIRMED,0.412,1304,579,1343,617,,
2026-09-03T07:12:04.962992+00:00,cam01,Chiman bhai Bridge,Ahmedabad,—,TR01M1K1RHCG50EPZXCY3BAN8EPD,truck,CONFIRMED,0.710,1119,522,1187,569,,
2026-09-03T07:12:04.962992+00:00,cam01,Chiman bhai Bridge,Ahmedabad,—,TR01M1K1RHPHJD85FETGR7XG1C7A,bus,CONFIRMED,0.838,1,765,291,1070,,
2026-09-03T07:12:04.962992+00:00,cam01,Chiman bhai Bridge,Ahmedabad,—,TR01M1K1RHPHAKJQAQR328PVK9VZ,vehicle,CONFIRMED,0.490,0,768,276,1080,,
2026-09-03T07:12:04.962992+00:00,cam01,Chiman bhai Bridge,Ahmedabad,—,TR01M1K1RHVQ2S93838XXN406VJS,car,CONFIRMED,0.671,935,528,962,550,,
2026-09-03T07:12:05.402992+00:00,cam01,Chiman bhai Bridge,Ahmedabad,—,TR01M1K1QZVZJGCP6TCHJYEW36GT,truck,CONFIRMED,0.621,410,619,501,678,,
2026-09-03T07:12:05.402992+00:00,cam01,Chiman bhai Bridge,Ahmedabad,—,TR01M1K1QZVZJ541V3HXR47R0Q03,car,CONFIRMED,0.414,410,619,501,678,,
2026-09-03T07:12:05.402992+00:00,cam01,Chiman bhai Bridge,Ahmedabad,—,TR01M1K1R0BCMN36Q37RKESJFGY1,car,CONFIRMED,0.419,0,627,39,663,,
2026-09-03T07:12:05.402992+00:00,cam01,Chiman bhai Bridge,Ahmedabad,—,TR01M1K1R42XG2YYCZSCR51GM64E,car,CONFIRMED,0.442,921,519,949,536,,
2026-09-03T07:12:05.402992+00:00,cam01,Chiman bhai Bridge,Ahmedabad,—,TR01M1K1R7Q7DQGQXFV770ZKPA3Q,car,CONFIRMED,0.778,991,526,1021,550,,
2026-09-03T07:12:05.402992+00:00,cam01,Chiman bhai Bridge,Ahmedabad,—,TR01M1K1RASMWYJV38M7AMFZTZBM,truck,CONFIRMED,0.476,948,577,998,624,,
2026-09-03T07:12:05.402992+00:00,cam01,Chiman bhai Bridge,Ahmedabad,—,TR01M1K1RBP7KBA9HK3BEJZSH47K,car,CONFIRMED,0.491,995,512,1022,534,,
2026-09-03T07:12:05.402992+00:00,cam01,Chiman bhai Bridge,Ahmedabad,—,TR01M1K1RC471PG6AB9Z56VQHX3X,car,CONFIRMED,0.834,949,577,999,624,,
2026-09-03T07:12:05.402992+00:00,cam01,Chiman bhai Bridge,Ahmedabad,—,TR01M1K1RC470D71QGB8GHPEAFBM,car,CONFIRMED,0.597,932,523,963,549,,
2026-09-03T07:12:05.402992+00:00,cam01,Chiman bhai Bridge,Ahmedabad,—,TR01M1K1RCJDSBT6Q6D16BF702QY,car,CONFIRMED,0.405,994,517,1021,535,,
2026-09-03T07:12:05.402992+00:00,cam01,Chiman bhai Bridge,Ahmedabad,—,TR01M1K1RF3KBEHZHPQ25JEK90V5,car,CONFIRMED,0.408,1368,581,1421,619,,
2026-09-03T07:12:05.402992+00:00,cam01,Chiman bhai Bridge,Ahmedabad,—,TR01M1K1RF8PZGQKTZ2XV66CH5JT,car,CONFIRMED,0.873,1088,654,1156,721,,
2026-09-03T07:12:05.402992+00:00,cam01,Chiman bhai Bridge,Ahmedabad,—,TR01M1K1RFDGTMXPFBMRN9DQJWRK,car,CONFIRMED,0.493,1096,529,1126,559,,
2026-09-03T07:12:05.402992+00:00,cam01,Chiman bhai Bridge,Ahmedabad,—,TR01M1K1RFQAHB5DC0C8BV722610,vehicle,CONFIRMED,0.490,948,660,1032,792,,
2026-09-03T07:12:05.402992+00:00,cam01,Chiman bhai Bridge,Ahmedabad,—,TR01M1K1RFQAAYX2817ATBAJY3TC,car,CONFIRMED,0.856,964,642,1041,719,,
2026-09-03T07:12:05.402992+00:00,cam01,Chiman bhai Bridge,Ahmedabad,—,TR01M1K1RGKD6KXQY1F6W060M18P,truck,CONFIRMED,0.418,741,520,840,575,,
2026-09-03T07:12:05.402992+00:00,cam01,Chiman bhai Bridge,Ahmedabad,—,TR01M1K1RH25BD9TZ3E0GM47T3BB,car,CONFIRMED,0.425,1202,567,1246,604,,
2026-09-03T07:12:05.402992+00:00,cam01,Chiman bhai Bridge,Ahmedabad,—,TR01M1K1RH25JV2WTT3JH871MWQM,truck,CONFIRMED,0.472,1367,549,1417,617,,
2026-09-03T07:12:05.402992+00:00,cam01,Chiman bhai Bridge,Ahmedabad,—,TR01M1K1RH25YADSN2FYQMHFQ950,car,CONFIRMED,0.507,1222,571,1308,614,,
2026-09-03T07:12:05.402992+00:00,cam01,Chiman bhai Bridge,Ahmedabad,—,TR01M1K1RHCG8AG9TPXZTZS61GN4,car,CONFIRMED,0.420,1344,590,1382,636,,
2026-09-03T07:12:05.402992+00:00,cam01,Chiman bhai Bridge,Ahmedabad,—,TR01M1K1RHCG50EPZXCY3BAN8EPD,truck,CONFIRMED,0.532,1123,516,1194,577,,
2026-09-03T07:12:05.402992+00:00,cam01,Chiman bhai Bridge,Ahmedabad,—,TR01M1K1RHPHJD85FETGR7XG1C7A,bus,CONFIRMED,0.421,0,742,414,1072,,
2026-09-03T07:12:05.402992+00:00,cam01,Chiman bhai Bridge,Ahmedabad,—,TR01M1K1RHPHAKJQAQR328PVK9VZ,truck,CONFIRMED,0.401,0,742,414,1072,,
2026-09-03T07:12:05.402992+00:00,cam01,Chiman bhai Bridge,Ahmedabad,—,TR01M1K1RHVQ2S93838XXN406VJS,car,CONFIRMED,0.657,933,521,963,545,,
2026-09-03T07:12:05.402992+00:00,cam01,Chiman bhai Bridge,Ahmedabad,—,TR01M1K1RJ936TG27HA2F2EHC820,car,TENTATIVE,0.676,1070,516,1104,539,,
2026-09-03T07:12:05.402992+00:00,cam01,Chiman bhai Bridge,Ahmedabad,—,TR01M1K1RJ936289RHVYFZ9NESWG,truck,TENTATIVE,0.619,1061,920,1277,1074,,
2026-09-03T07:12:05.402992+00:00,cam01,Chiman bhai Bridge,Ahmedabad,—,TR01M1K1RJ93TRMYM93T9JMAGRQ0,car,TENTATIVE,0.609,1061,920,1277,1074,,
2026-09-03T07:12:05.402992+00:00,cam01,Chiman bhai Bridge,Ahmedabad,—,TR01M1K1RJ93HMYXHYJ5G61TZRRB,car,TENTATIVE,0.538,760,910,847,995,,
2026-09-03T07:12:05.402992+00:00,cam01,Chiman bhai Bridge,Ahmedabad,—,TR01M1K1RJ93CMQMK3163Z5PNC9M,truck,TENTATIVE,0.501,526,607,630,688,,
2026-09-03T07:12:05.562992+00:00,cam01,Chiman bhai Bridge,Ahmedabad,—,TR01M1K1QZVZJGCP6TCHJYEW36GT,truck,CONFIRMED,0.623,410,619,502,678,,
2026-09-03T07:12:05.562992+00:00,cam01,Chiman bhai Bridge,Ahmedabad,—,TR01M1K1QZVZJ541V3HXR47R0Q03,car,CONFIRMED,0.409,410,619,502,678,,
2026-09-03T07:12:05.562992+00:00,cam01,Chiman bhai Bridge,Ahmedabad,—,TR01M1K1R0BCMN36Q37RKESJFGY1,car,CONFIRMED,0.450,0,627,39,663,,
2026-09-03T07:12:05.562992+00:00,cam01,Chiman bhai Bridge,Ahmedabad,—,TR01M1K1R7Q7DQGQXFV770ZKPA3Q,car,CONFIRMED,0.740,990,525,1020,549,,
2026-09-03T07:12:05.562992+00:00,cam01,Chiman bhai Bridge,Ahmedabad,—,TR01M1K1RASMWYJV38M7AMFZTZBM,car,CONFIRMED,0.475,949,576,1000,622,,
2026-09-03T07:12:05.562992+00:00,cam01,Chiman bhai Bridge,Ahmedabad,—,TR01M1K1RC471PG6AB9Z56VQHX3X,car,CONFIRMED,0.748,949,576,1000,622,,
2026-09-03T07:12:05.562992+00:00,cam01,Chiman bhai Bridge,Ahmedabad,—,TR01M1K1RC470D71QGB8GHPEAFBM,car,CONFIRMED,0.597,932,523,963,549,,
2026-09-03T07:12:05.562992+00:00,cam01,Chiman bhai Bridge,Ahmedabad,—,TR01M1K1RCJDSBT6Q6D16BF702QY,car,CONFIRMED,0.405,994,517,1021,535,,
2026-09-03T07:12:05.562992+00:00,cam01,Chiman bhai Bridge,Ahmedabad,—,TR01M1K1RF3KBEHZHPQ25JEK90V5,car,CONFIRMED,0.408,1368,581,1421,619,,
2026-09-03T07:12:05.562992+00:00,cam01,Chiman bhai Bridge,Ahmedabad,—,TR01M1K1RF8PZGQKTZ2XV66CH5JT,car,CONFIRMED,0.872,1088,650,1155,715,,
2026-09-03T07:12:05.562992+00:00,cam01,Chiman bhai Bridge,Ahmedabad,—,TR01M1K1RFDGTMXPFBMRN9DQJWRK,car,CONFIRMED,0.493,1096,529,1126,559,,
2026-09-03T07:12:05.562992+00:00,cam01,Chiman bhai Bridge,Ahmedabad,—,TR01M1K1RFQAHB5DC0C8BV722610,vehicle,CONFIRMED,0.490,1092,660,1152,756,,
2026-09-03T07:12:05.562992+00:00,cam01,Chiman bhai Bridge,Ahmedabad,—,TR01M1K1RFQAAYX2817ATBAJY3TC,car,CONFIRMED,0.845,969,635,1041,710,,
2026-09-03T07:12:05.562992+00:00,cam01,Chiman bhai Bridge,Ahmedabad,—,TR01M1K1RGKD6KXQY1F6W060M18P,car,CONFIRMED,0.538,764,543,811,575,,
2026-09-03T07:12:05.562992+00:00,cam01,Chiman bhai Bridge,Ahmedabad,—,TR01M1K1RH25BD9TZ3E0GM47T3BB,car,CONFIRMED,0.425,1202,567,1246,604,,
2026-09-03T07:12:05.562992+00:00,cam01,Chiman bhai Bridge,Ahmedabad,—,TR01M1K1RH25JV2WTT3JH871MWQM,car,CONFIRMED,0.430,1366,580,1413,616,,
2026-09-03T07:12:05.562992+00:00,cam01,Chiman bhai Bridge,Ahmedabad,—,TR01M1K1RH25YADSN2FYQMHFQ950,car,CONFIRMED,0.507,1222,571,1308,614,,
2026-09-03T07:12:05.562992+00:00,cam01,Chiman bhai Bridge,Ahmedabad,—,TR01M1K1RHCG8AG9TPXZTZS61GN4,car,CONFIRMED,0.420,1344,590,1382,636,,
2026-09-03T07:12:05.562992+00:00,cam01,Chiman bhai Bridge,Ahmedabad,—,TR01M1K1RHCG50EPZXCY3BAN8EPD,truck,CONFIRMED,0.608,1118,520,1191,577,,
2026-09-03T07:12:05.562992+00:00,cam01,Chiman bhai Bridge,Ahmedabad,—,TR01M1K1RHPHJD85FETGR7XG1C7A,vehicle,CONFIRMED,0.490,0,720,480,1080,,
2026-09-03T07:12:05.562992+00:00,cam01,Chiman bhai Bridge,Ahmedabad,—,TR01M1K1RHPHAKJQAQR328PVK9VZ,truck,CONFIRMED,0.401,0,742,414,1072,,
2026-09-03T07:12:05.562992+00:00,cam01,Chiman bhai Bridge,Ahmedabad,—,TR01M1K1RHVQ2S93838XXN406VJS,car,CONFIRMED,0.658,934,521,963,545,,
2026-09-03T07:12:05.562992+00:00,cam01,Chiman bhai Bridge,Ahmedabad,—,TR01M1K1RJ936TG27HA2F2EHC820,car,CONFIRMED,0.671,1069,516,1105,540,,
2026-09-03T07:12:05.562992+00:00,cam01,Chiman bhai Bridge,Ahmedabad,—,TR01M1K1RJ936289RHVYFZ9NESWG,car,CONFIRMED,0.781,1103,892,1284,1027,,
2026-09-03T07:12:05.562992+00:00,cam01,Chiman bhai Bridge,Ahmedabad,—,TR01M1K1RJ93TRMYM93T9JMAGRQ0,truck,CONFIRMED,0.555,1102,891,1285,1026,,
2026-09-03T07:12:05.562992+00:00,cam01,Chiman bhai Bridge,Ahmedabad,—,TR01M1K1RJ93HMYXHYJ5G61TZRRB,vehicle,CONFIRMED,0.466,792,912,888,1020,,
2026-09-03T07:12:05.562992+00:00,cam01,Chiman bhai Bridge,Ahmedabad,—,TR01M1K1RJ93CMQMK3163Z5PNC9M,truck,CONFIRMED,0.483,526,607,630,688,,
2026-09-03T07:12:05.562992+00:00,cam01,Chiman bhai Bridge,Ahmedabad,—,TR01M1K1RJEC9N9QKPWP3BT864HA,car,TENTATIVE,0.652,1260,586,1310,627,,
2026-09-03T07:12:05.562992+00:00,cam01,Chiman bhai Bridge,Ahmedabad,—,TR01M1K1RJECT991M02HPWVKVARN,car,TENTATIVE,0.566,1217,539,1259,572,,
2026-09-03T07:12:05.562992+00:00,cam01,Chiman bhai Bridge,Ahmedabad,—,TR01M1K1RJECTFZ17YV5KR839YNX,car,TENTATIVE,0.556,1227,581,1308,629,,
2026-09-03T07:12:05.682992+00:00,cam01,Chiman bhai Bridge,Ahmedabad,—,TR01M1K1QZVZJGCP6TCHJYEW36GT,truck,CONFIRMED,0.638,410,619,502,679,,
2026-09-03T07:12:05.682992+00:00,cam01,Chiman bhai Bridge,Ahmedabad,—,TR01M1K1QZVZJ541V3HXR47R0Q03,car,CONFIRMED,0.449,410,619,502,679,,
2026-09-03T07:12:05.682992+00:00,cam01,Chiman bhai Bridge,Ahmedabad,—,TR01M1K1R0BCMN36Q37RKESJFGY1,car,CONFIRMED,0.421,0,628,39,663,,
2026-09-03T07:12:05.682992+00:00,cam01,Chiman bhai Bridge,Ahmedabad,—,TR01M1K1R7Q7DQGQXFV770ZKPA3Q,car,CONFIRMED,0.618,989,522,1019,548,,
2026-09-03T07:12:05.682992+00:00,cam01,Chiman bhai Bridge,Ahmedabad,—,TR01M1K1RASMWYJV38M7AMFZTZBM,car,CONFIRMED,0.782,951,573,1000,618,,
2026-09-03T07:12:05.682992+00:00,cam01,Chiman bhai Bridge,Ahmedabad,—,TR01M1K1RC471PG6AB9Z56VQHX3X,truck,CONFIRMED,0.413,951,573,1000,618,,
2026-09-03T07:12:05.682992+00:00,cam01,Chiman bhai Bridge,Ahmedabad,—,TR01M1K1RC470D71QGB8GHPEAFBM,car,CONFIRMED,0.597,932,523,963,549,,
2026-09-03T07:12:05.682992+00:00,cam01,Chiman bhai Bridge,Ahmedabad,—,TR01M1K1RCJDSBT6Q6D16BF702QY,car,CONFIRMED,0.405,994,517,1021,535,,
2026-09-03T07:12:05.682992+00:00,cam01,Chiman bhai Bridge,Ahmedabad,—,TR01M1K1RF3KBEHZHPQ25JEK90V5,car,CONFIRMED,0.408,1368,581,1421,619,,
2026-09-03T07:12:05.682992+00:00,cam01,Chiman bhai Bridge,Ahmedabad,—,TR01M1K1RF8PZGQKTZ2XV66CH5JT,car,CONFIRMED,0.848,1088,644,1152,706,,
2026-09-03T07:12:05.682992+00:00,cam01,Chiman bhai Bridge,Ahmedabad,—,TR01M1K1RFDGTMXPFBMRN9DQJWRK,car,CONFIRMED,0.493,1096,529,1126,559,,
2026-09-03T07:12:05.682992+00:00,cam01,Chiman bhai Bridge,Ahmedabad,—,TR01M1K1RFQAHB5DC0C8BV722610,vehicle,CONFIRMED,0.490,1092,660,1164,744,,
2026-09-03T07:12:05.682992+00:00,cam01,Chiman bhai Bridge,Ahmedabad,—,TR01M1K1RFQAAYX2817ATBAJY3TC,car,CONFIRMED,0.823,975,628,1045,704,,
2026-09-03T07:12:05.682992+00:00,cam01,Chiman bhai Bridge,Ahmedabad,—,TR01M1K1RGKD6KXQY1F6W060M18P,car,CONFIRMED,0.541,765,541,811,575,,
2026-09-03T07:12:05.682992+00:00,cam01,Chiman bhai Bridge,Ahmedabad,—,TR01M1K1RH25BD9TZ3E0GM47T3BB,car,CONFIRMED,0.425,1202,567,1246,604,,
2026-09-03T07:12:05.682992+00:00,cam01,Chiman bhai Bridge,Ahmedabad,—,TR01M1K1RH25JV2WTT3JH871MWQM,car,CONFIRMED,0.473,1369,583,1413,618,,
2026-09-03T07:12:05.682992+00:00,cam01,Chiman bhai Bridge,Ahmedabad,—,TR01M1K1RH25YADSN2FYQMHFQ950,car,CONFIRMED,0.507,1222,571,1308,614,,
2026-09-03T07:12:05.682992+00:00,cam01,Chiman bhai Bridge,Ahmedabad,—,TR01M1K1RHCG8AG9TPXZTZS61GN4,car,CONFIRMED,0.420,1344,590,1382,636,,
2026-09-03T07:12:05.682992+00:00,cam01,Chiman bhai Bridge,Ahmedabad,—,TR01M1K1RHCG50EPZXCY3BAN8EPD,truck,CONFIRMED,0.608,1118,520,1191,577,,
2026-09-03T07:12:05.682992+00:00,cam01,Chiman bhai Bridge,Ahmedabad,—,TR01M1K1RHPHJD85FETGR7XG1C7A,truck,CONFIRMED,0.500,0,732,491,1063,,
2026-09-03T07:12:05.682992+00:00,cam01,Chiman bhai Bridge,Ahmedabad,—,TR01M1K1RHPHAKJQAQR328PVK9VZ,vehicle,CONFIRMED,0.490,0,720,504,1080,,
2026-09-03T07:12:05.682992+00:00,cam01,Chiman bhai Bridge,Ahmedabad,—,TR01M1K1RHVQ2S93838XXN406VJS,car,CONFIRMED,0.553,935,521,962,542,,
2026-09-03T07:12:05.682992+00:00,cam01,Chiman bhai Bridge,Ahmedabad,—,TR01M1K1RJ936TG27HA2F2EHC820,car,CONFIRMED,0.653,1070,518,1109,541,,
2026-09-03T07:12:05.682992+00:00,cam01,Chiman bhai Bridge,Ahmedabad,—,TR01M1K1RJ936289RHVYFZ9NESWG,truck,CONFIRMED,0.670,1109,871,1294,1042,,
2026-09-03T07:12:05.682992+00:00,cam01,Chiman bhai Bridge,Ahmedabad,—,TR01M1K1RJ93TRMYM93T9JMAGRQ0,car,CONFIRMED,0.642,1109,871,1294,1042,,
2026-09-03T07:12:05.682992+00:00,cam01,Chiman bhai Bridge,Ahmedabad,—,TR01M1K1RJ93HMYXHYJ5G61TZRRB,vehicle,CONFIRMED,0.490,840,876,912,996,,
2026-09-03T07:12:05.682992+00:00,cam01,Chiman bhai Bridge,Ahmedabad,—,TR01M1K1RJ93CMQMK3163Z5PNC9M,truck,CONFIRMED,0.515,526,607,629,688,,
2026-09-03T07:12:05.682992+00:00,cam01,Chiman bhai Bridge,Ahmedabad,—,TR01M1K1RJEC9N9QKPWP3BT864HA,car,CONFIRMED,0.631,1269,588,1323,626,,
2026-09-03T07:12:05.682992+00:00,cam01,Chiman bhai Bridge,Ahmedabad,—,TR01M1K1RJECT991M02HPWVKVARN,car,CONFIRMED,0.456,1221,540,1259,573,,
2026-09-03T07:12:05.682992+00:00,cam01,Chiman bhai Bridge,Ahmedabad,—,TR01M1K1RJECTFZ17YV5KR839YNX,car,TENTATIVE,0.556,1227,581,1308,629,,
2026-09-03T07:12:05.682992+00:00,cam01,Chiman bhai Bridge,Ahmedabad,—,TR01M1K1RJKQG6VPHQY6N86S67BC,car,TENTATIVE,0.595,991,526,1019,548,,
2026-09-03T07:12:05.882992+00:00,cam01,Chiman bhai Bridge,Ahmedabad,—,TR01M1K1QZVZJGCP6TCHJYEW36GT,car,CONFIRMED,0.443,410,619,502,679,,
2026-09-03T07:12:05.882992+00:00,cam01,Chiman bhai Bridge,Ahmedabad,—,TR01M1K1QZVZJ541V3HXR47R0Q03,truck,CONFIRMED,0.653,410,619,502,679,,
2026-09-03T07:12:05.882992+00:00,cam01,Chiman bhai Bridge,Ahmedabad,—,TR01M1K1R0BCMN36Q37RKESJFGY1,car,CONFIRMED,0.403,0,628,39,663,,
2026-09-03T07:12:05.882992+00:00,cam01,Chiman bhai Bridge,Ahmedabad,—,TR01M1K1R7Q7DQGQXFV770ZKPA3Q,car,CONFIRMED,0.479,988,522,1017,547,,
2026-09-03T07:12:05.882992+00:00,cam01,Chiman bhai Bridge,Ahmedabad,—,TR01M1K1RASMWYJV38M7AMFZTZBM,car,CONFIRMED,0.782,951,573,1000,618,,
2026-09-03T07:12:05.882992+00:00,cam01,Chiman bhai Bridge,Ahmedabad,—,TR01M1K1RC471PG6AB9Z56VQHX3X,car,CONFIRMED,0.828,953,570,1001,614,,
2026-09-03T07:12:05.882992+00:00,cam01,Chiman bhai Bridge,Ahmedabad,—,TR01M1K1RC470D71QGB8GHPEAFBM,car,CONFIRMED,0.597,932,523,963,549,,
2026-09-03T07:12:05.882992+00:00,cam01,Chiman bhai Bridge,Ahmedabad,—,TR01M1K1RF3KBEHZHPQ25JEK90V5,car,CONFIRMED,0.408,1368,581,1421,619,,
2026-09-03T07:12:05.882992+00:00,cam01,Chiman bhai Bridge,Ahmedabad,—,TR01M1K1RF8PZGQKTZ2XV66CH5JT,car,CONFIRMED,0.875,1086,638,1149,697,,
2026-09-03T07:12:05.882992+00:00,cam01,Chiman bhai Bridge,Ahmedabad,—,TR01M1K1RFQAHB5DC0C8BV722610,vehicle,CONFIRMED,0.490,1092,660,1152,720,,
2026-09-03T07:12:05.882992+00:00,cam01,Chiman bhai Bridge,Ahmedabad,—,TR01M1K1RFQAAYX2817ATBAJY3TC,car,CONFIRMED,0.882,981,623,1043,688,,
2026-09-03T07:12:05.882992+00:00,cam01,Chiman bhai Bridge,Ahmedabad,—,TR01M1K1RGKD6KXQY1F6W060M18P,car,CONFIRMED,0.523,766,539,811,575,,
2026-09-03T07:12:05.882992+00:00,cam01,Chiman bhai Bridge,Ahmedabad,—,TR01M1K1RH25BD9TZ3E0GM47T3BB,car,CONFIRMED,0.425,1202,567,1246,604,,
2026-09-03T07:12:05.882992+00:00,cam01,Chiman bhai Bridge,Ahmedabad,—,TR01M1K1RH25JV2WTT3JH871MWQM,car,CONFIRMED,0.441,1369,582,1413,617,,
2026-09-03T07:12:05.882992+00:00,cam01,Chiman bhai Bridge,Ahmedabad,—,TR01M1K1RH25YADSN2FYQMHFQ950,car,CONFIRMED,0.507,1222,571,1308,614,,
2026-09-03T07:12:05.882992+00:00,cam01,Chiman bhai Bridge,Ahmedabad,—,TR01M1K1RHCG8AG9TPXZTZS61GN4,car,CONFIRMED,0.420,1344,590,1382,636,,
2026-09-03T07:12:05.882992+00:00,cam01,Chiman bhai Bridge,Ahmedabad,—,TR01M1K1RHCG50EPZXCY3BAN8EPD,truck,CONFIRMED,0.608,1118,520,1191,577,,
2026-09-03T07:12:05.882992+00:00,cam01,Chiman bhai Bridge,Ahmedabad,—,TR01M1K1RHPHJD85FETGR7XG1C7A,bus,CONFIRMED,0.422,1,728,525,1061,,
2026-09-03T07:12:05.882992+00:00,cam01,Chiman bhai Bridge,Ahmedabad,—,TR01M1K1RHPHAKJQAQR328PVK9VZ,vehicle,CONFIRMED,0.490,0,696,540,1080,,
2026-09-03T07:12:05.882992+00:00,cam01,Chiman bhai Bridge,Ahmedabad,—,TR01M1K1RHVQ2S93838XXN406VJS,car,CONFIRMED,0.527,936,520,962,540,,
2026-09-03T07:12:05.882992+00:00,cam01,Chiman bhai Bridge,Ahmedabad,—,TR01M1K1RJ936TG27HA2F2EHC820,car,CONFIRMED,0.592,1072,519,1111,541,,
2026-09-03T07:12:05.882992+00:00,cam01,Chiman bhai Bridge,Ahmedabad,—,TR01M1K1RJ936289RHVYFZ9NESWG,car,CONFIRMED,0.814,1136,843,1300,995,,
2026-09-03T07:12:05.882992+00:00,cam01,Chiman bhai Bridge,Ahmedabad,—,TR01M1K1RJ93TRMYM93T9JMAGRQ0,truck,CONFIRMED,0.587,1136,842,1300,995,,
2026-09-03T07:12:05.882992+00:00,cam01,Chiman bhai Bridge,Ahmedabad,—,TR01M1K1RJ93HMYXHYJ5G61TZRRB,vehicle,CONFIRMED,0.490,840,876,912,996,,
2026-09-03T07:12:05.882992+00:00,cam01,Chiman bhai Bridge,Ahmedabad,—,TR01M1K1RJ93CMQMK3163Z5PNC9M,truck,CONFIRMED,0.529,526,607,630,688,,
2026-09-03T07:12:05.882992+00:00,cam01,Chiman bhai Bridge,Ahmedabad,—,TR01M1K1RJEC9N9QKPWP3BT864HA,car,CONFIRMED,0.726,1276,591,1347,641,,
2026-09-03T07:12:05.882992+00:00,cam01,Chiman bhai Bridge,Ahmedabad,—,TR01M1K1RJECT991M02HPWVKVARN,car,CONFIRMED,0.456,1221,540,1259,573,,
2026-09-03T07:12:05.882992+00:00,cam01,Chiman bhai Bridge,Ahmedabad,—,TR01M1K1RJECTFZ17YV5KR839YNX,car,TENTATIVE,0.556,1227,581,1308,629,,
2026-09-03T07:12:05.882992+00:00,cam01,Chiman bhai Bridge,Ahmedabad,—,TR01M1K1RJKQG6VPHQY6N86S67BC,car,CONFIRMED,0.642,990,525,1017,548,,
2026-09-03T07:12:06.085992+00:00,cam01,Chiman bhai Bridge,Ahmedabad,—,TR01M1K1QZVZJGCP6TCHJYEW36GT,truck,CONFIRMED,0.691,411,618,503,680,,
2026-09-03T07:12:06.085992+00:00,cam01,Chiman bhai Bridge,Ahmedabad,—,TR01M1K1QZVZJ541V3HXR47R0Q03,truck,CONFIRMED,0.653,410,619,502,679,,
2026-09-03T07:12:06.085992+00:00,cam01,Chiman bhai Bridge,Ahmedabad,—,TR01M1K1R0BCMN36Q37RKESJFGY1,car,CONFIRMED,0.406,0,630,38,664,,
2026-09-03T07:12:06.085992+00:00,cam01,Chiman bhai Bridge,Ahmedabad,—,TR01M1K1R7Q7DQGQXFV770ZKPA3Q,car,CONFIRMED,0.570,987,511,1014,542,,
2026-09-03T07:12:06.085992+00:00,cam01,Chiman bhai Bridge,Ahmedabad,—,TR01M1K1RASMWYJV38M7AMFZTZBM,car,CONFIRMED,0.782,951,573,1000,618,,
2026-09-03T07:12:06.085992+00:00,cam01,Chiman bhai Bridge,Ahmedabad,—,TR01M1K1RC471PG6AB9Z56VQHX3X,car,CONFIRMED,0.837,956,566,1001,610,,
2026-09-03T07:12:06.085992+00:00,cam01,Chiman bhai Bridge,Ahmedabad,—,TR01M1K1RC470D71QGB8GHPEAFBM,car,CONFIRMED,0.597,932,523,963,549,,
2026-09-03T07:12:06.085992+00:00,cam01,Chiman bhai Bridge,Ahmedabad,—,TR01M1K1RF3KBEHZHPQ25JEK90V5,car,CONFIRMED,0.408,1368,581,1421,619,,
2026-09-03T07:12:06.085992+00:00,cam01,Chiman bhai Bridge,Ahmedabad,—,TR01M1K1RF8PZGQKTZ2XV66CH5JT,car,CONFIRMED,0.863,1083,631,1146,693,,
2026-09-03T07:12:06.085992+00:00,cam01,Chiman bhai Bridge,Ahmedabad,—,TR01M1K1RFQAHB5DC0C8BV722610,vehicle,CONFIRMED,0.490,1092,648,1152,708,,
2026-09-03T07:12:06.085992+00:00,cam01,Chiman bhai Bridge,Ahmedabad,—,TR01M1K1RFQAAYX2817ATBAJY3TC,car,CONFIRMED,0.842,986,615,1044,684,,
2026-09-03T07:12:06.085992+00:00,cam01,Chiman bhai Bridge,Ahmedabad,—,TR01M1K1RGKD6KXQY1F6W060M18P,car,CONFIRMED,0.497,767,539,810,575,,
2026-09-03T07:12:06.085992+00:00,cam01,Chiman bhai Bridge,Ahmedabad,—,TR01M1K1RH25BD9TZ3E0GM47T3BB,car,CONFIRMED,0.499,1219,569,1277,618,,
2026-09-03T07:12:06.085992+00:00,cam01,Chiman bhai Bridge,Ahmedabad,—,TR01M1K1RH25JV2WTT3JH871MWQM,truck,CONFIRMED,0.570,1367,548,1418,616,,
2026-09-03T07:12:06.085992+00:00,cam01,Chiman bhai Bridge,Ahmedabad,—,TR01M1K1RHCG8AG9TPXZTZS61GN4,car,CONFIRMED,0.580,1411,607,1463,658,,
2026-09-03T07:12:06.085992+00:00,cam01,Chiman bhai Bridge,Ahmedabad,—,TR01M1K1RHCG50EPZXCY3BAN8EPD,truck,CONFIRMED,0.608,1118,520,1191,577,,
2026-09-03T07:12:06.085992+00:00,cam01,Chiman bhai Bridge,Ahmedabad,—,TR01M1K1RHPHJD85FETGR7XG1C7A,bus,CONFIRMED,0.826,0,710,577,1059,,
2026-09-03T07:12:06.085992+00:00,cam01,Chiman bhai Bridge,Ahmedabad,—,TR01M1K1RHPHAKJQAQR328PVK9VZ,vehicle,CONFIRMED,0.490,0,684,576,1080,,
2026-09-03T07:12:06.085992+00:00,cam01,Chiman bhai Bridge,Ahmedabad,—,TR01M1K1RHVQ2S93838XXN406VJS,car,CONFIRMED,0.471,934,515,962,540,,
2026-09-03T07:12:06.085992+00:00,cam01,Chiman bhai Bridge,Ahmedabad,—,TR01M1K1RJ936TG27HA2F2EHC820,car,CONFIRMED,0.617,1080,519,1117,544,,
2026-09-03T07:12:06.085992+00:00,cam01,Chiman bhai Bridge,Ahmedabad,—,TR01M1K1RJ936289RHVYFZ9NESWG,car,CONFIRMED,0.884,1154,817,1307,958,,
2026-09-03T07:12:06.085992+00:00,cam01,Chiman bhai Bridge,Ahmedabad,—,TR01M1K1RJ93TRMYM93T9JMAGRQ0,truck,CONFIRMED,0.417,1153,816,1308,959,,
2026-09-03T07:12:06.085992+00:00,cam01,Chiman bhai Bridge,Ahmedabad,—,TR01M1K1RJ93HMYXHYJ5G61TZRRB,vehicle,CONFIRMED,0.490,840,876,912,996,,
2026-09-03T07:12:06.085992+00:00,cam01,Chiman bhai Bridge,Ahmedabad,—,TR01M1K1RJ93CMQMK3163Z5PNC9M,truck,CONFIRMED,0.529,526,607,630,688,,
2026-09-03T07:12:06.085992+00:00,cam01,Chiman bhai Bridge,Ahmedabad,—,TR01M1K1RJEC9N9QKPWP3BT864HA,car,CONFIRMED,0.663,1301,597,1374,651,,
2026-09-03T07:12:06.085992+00:00,cam01,Chiman bhai Bridge,Ahmedabad,—,TR01M1K1RJECT991M02HPWVKVARN,car,CONFIRMED,0.487,1238,540,1269,570,,
2026-09-03T07:12:06.085992+00:00,cam01,Chiman bhai Bridge,Ahmedabad,—,TR01M1K1RJECTFZ17YV5KR839YNX,car,TENTATIVE,0.556,1227,581,1308,629,,
2026-09-03T07:12:06.085992+00:00,cam01,Chiman bhai Bridge,Ahmedabad,—,TR01M1K1RJKQG6VPHQY6N86S67BC,truck,CONFIRMED,0.421,987,511,1014,542,,
2026-09-03T07:12:06.085992+00:00,cam01,Chiman bhai Bridge,Ahmedabad,—,TR01M1K1RJYZ4628M86Q077BA1SJ,car,TENTATIVE,0.698,1323,612,1375,652,,
2026-09-03T07:12:06.285992+00:00,cam01,Chiman bhai Bridge,Ahmedabad,—,TR01M1K1QZVZJGCP6TCHJYEW36GT,truck,CONFIRMED,0.694,411,618,504,680,,
2026-09-03T07:12:06.285992+00:00,cam01,Chiman bhai Bridge,Ahmedabad,—,TR01M1K1QZVZJ541V3HXR47R0Q03,truck,CONFIRMED,0.653,410,619,502,679,,
2026-09-03T07:12:06.285992+00:00,cam01,Chiman bhai Bridge,Ahmedabad,—,TR01M1K1R0BCMN36Q37RKESJFGY1,car,CONFIRMED,0.544,0,631,38,664,,
2026-09-03T07:12:06.285992+00:00,cam01,Chiman bhai Bridge,Ahmedabad,—,TR01M1K1R7Q7DQGQXFV770ZKPA3Q,car,CONFIRMED,0.555,985,512,1012,541,,
2026-09-03T07:12:06.285992+00:00,cam01,Chiman bhai Bridge,Ahmedabad,—,TR01M1K1RASMWYJV38M7AMFZTZBM,car,CONFIRMED,0.782,951,573,1000,618,,
2026-09-03T07:12:06.285992+00:00,cam01,Chiman bhai Bridge,Ahmedabad,—,TR01M1K1RC471PG6AB9Z56VQHX3X,car,CONFIRMED,0.853,958,565,1002,607,,
2026-09-03T07:12:06.285992+00:00,cam01,Chiman bhai Bridge,Ahmedabad,—,TR01M1K1RC470D71QGB8GHPEAFBM,car,CONFIRMED,0.597,932,523,963,549,,
2026-09-03T07:12:06.285992+00:00,cam01,Chiman bhai Bridge,Ahmedabad,—,TR01M1K1RF3KBEHZHPQ25JEK90V5,car,CONFIRMED,0.408,1368,581,1421,619,,
2026-09-03T07:12:06.285992+00:00,cam01,Chiman bhai Bridge,Ahmedabad,—,TR01M1K1RF8PZGQKTZ2XV66CH5JT,car,CONFIRMED,0.873,1083,625,1142,685,,
2026-09-03T07:12:06.285992+00:00,cam01,Chiman bhai Bridge,Ahmedabad,—,TR01M1K1RFQAHB5DC0C8BV722610,vehicle,CONFIRMED,0.490,1092,636,1140,708,,
2026-09-03T07:12:06.285992+00:00,cam01,Chiman bhai Bridge,Ahmedabad,—,TR01M1K1RFQAAYX2817ATBAJY3TC,car,CONFIRMED,0.870,988,610,1044,671,,
2026-09-03T07:12:06.285992+00:00,cam01,Chiman bhai Bridge,Ahmedabad,—,TR01M1K1RGKD6KXQY1F6W060M18P,car,CONFIRMED,0.479,767,542,809,575,,
2026-09-03T07:12:06.285992+00:00,cam01,Chiman bhai Bridge,Ahmedabad,—,TR01M1K1RH25BD9TZ3E0GM47T3BB,car,CONFIRMED,0.499,1219,569,1277,618,,
2026-09-03T07:12:06.285992+00:00,cam01,Chiman bhai Bridge,Ahmedabad,—,TR01M1K1RH25JV2WTT3JH871MWQM,truck,CONFIRMED,0.560,1368,548,1415,615,,
2026-09-03T07:12:06.285992+00:00,cam01,Chiman bhai Bridge,Ahmedabad,—,TR01M1K1RHCG8AG9TPXZTZS61GN4,car,CONFIRMED,0.421,1437,613,1488,665,,
2026-09-03T07:12:06.285992+00:00,cam01,Chiman bhai Bridge,Ahmedabad,—,TR01M1K1RHCG50EPZXCY3BAN8EPD,truck,CONFIRMED,0.608,1118,520,1191,577,,
2026-09-03T07:12:06.285992+00:00,cam01,Chiman bhai Bridge,Ahmedabad,—,TR01M1K1RHPHJD85FETGR7XG1C7A,bus,CONFIRMED,0.900,0,706,606,1069,,
2026-09-03T07:12:06.285992+00:00,cam01,Chiman bhai Bridge,Ahmedabad,—,TR01M1K1RHPHAKJQAQR328PVK9VZ,vehicle,CONFIRMED,0.484,0,648,708,1080,,
2026-09-03T07:12:06.285992+00:00,cam01,Chiman bhai Bridge,Ahmedabad,—,TR01M1K1RHVQ2S93838XXN406VJS,car,CONFIRMED,0.464,936,514,962,539,,
2026-09-03T07:12:06.285992+00:00,cam01,Chiman bhai Bridge,Ahmedabad,—,TR01M1K1RJ936TG27HA2F2EHC820,car,CONFIRMED,0.625,1085,521,1119,547,,
2026-09-03T07:12:06.285992+00:00,cam01,Chiman bhai Bridge,Ahmedabad,—,TR01M1K1RJ936289RHVYFZ9NESWG,truck,CONFIRMED,0.513,1167,797,1306,927,,
2026-09-03T07:12:06.285992+00:00,cam01,Chiman bhai Bridge,Ahmedabad,—,TR01M1K1RJ93TRMYM93T9JMAGRQ0,car,CONFIRMED,0.854,1168,798,1305,927,,
2026-09-03T07:12:06.285992+00:00,cam01,Chiman bhai Bridge,Ahmedabad,—,TR01M1K1RJ93HMYXHYJ5G61TZRRB,vehicle,CONFIRMED,0.490,840,876,912,996,,
2026-09-03T07:12:06.285992+00:00,cam01,Chiman bhai Bridge,Ahmedabad,—,TR01M1K1RJ93CMQMK3163Z5PNC9M,truck,CONFIRMED,0.529,526,607,630,688,,
2026-09-03T07:12:06.285992+00:00,cam01,Chiman bhai Bridge,Ahmedabad,—,TR01M1K1RJEC9N9QKPWP3BT864HA,car,CONFIRMED,0.588,1328,606,1396,662,,
2026-09-03T07:12:06.285992+00:00,cam01,Chiman bhai Bridge,Ahmedabad,—,TR01M1K1RJECT991M02HPWVKVARN,car,CONFIRMED,0.487,1238,540,1269,570,,
2026-09-03T07:12:06.285992+00:00,cam01,Chiman bhai Bridge,Ahmedabad,—,TR01M1K1RJECTFZ17YV5KR839YNX,car,TENTATIVE,0.556,1227,581,1308,629,,
2026-09-03T07:12:06.285992+00:00,cam01,Chiman bhai Bridge,Ahmedabad,—,TR01M1K1RJKQG6VPHQY6N86S67BC,truck,CONFIRMED,0.434,984,508,1012,541,,
2026-09-03T07:12:06.285992+00:00,cam01,Chiman bhai Bridge,Ahmedabad,—,TR01M1K1RJYZ4628M86Q077BA1SJ,truck,CONFIRMED,0.571,1328,606,1396,662,,
2026-09-03T07:12:06.285992+00:00,cam01,Chiman bhai Bridge,Ahmedabad,—,TR01M1K1RK4G3FZC1E2RJA7C6JV5,car,TENTATIVE,0.615,1193,555,1232,598,,
2026-09-03T07:12:06.485992+00:00,cam01,Chiman bhai Bridge,Ahmedabad,—,TR01M1K1QZVZJGCP6TCHJYEW36GT,truck,CONFIRMED,0.686,411,619,504,680,,
2026-09-03T07:12:06.485992+00:00,cam01,Chiman bhai Bridge,Ahmedabad,—,TR01M1K1QZVZJ541V3HXR47R0Q03,truck,CONFIRMED,0.653,410,619,502,679,,
2026-09-03T07:12:06.485992+00:00,cam01,Chiman bhai Bridge,Ahmedabad,—,TR01M1K1R0BCMN36Q37RKESJFGY1,car,CONFIRMED,0.530,0,630,38,664,,
2026-09-03T07:12:06.485992+00:00,cam01,Chiman bhai Bridge,Ahmedabad,—,TR01M1K1R7Q7DQGQXFV770ZKPA3Q,car,CONFIRMED,0.492,985,510,1011,540,,
2026-09-03T07:12:06.485992+00:00,cam01,Chiman bhai Bridge,Ahmedabad,—,TR01M1K1RASMWYJV38M7AMFZTZBM,car,CONFIRMED,0.782,951,573,1000,618,,
2026-09-03T07:12:06.485992+00:00,cam01,Chiman bhai Bridge,Ahmedabad,—,TR01M1K1RC471PG6AB9Z56VQHX3X,car,CONFIRMED,0.820,960,562,1003,603,,
2026-09-03T07:12:06.485992+00:00,cam01,Chiman bhai Bridge,Ahmedabad,—,TR01M1K1RF8PZGQKTZ2XV66CH5JT,car,CONFIRMED,0.873,1081,620,1137,675,,
2026-09-03T07:12:06.485992+00:00,cam01,Chiman bhai Bridge,Ahmedabad,—,TR01M1K1RFQAHB5DC0C8BV722610,vehicle,CONFIRMED,0.490,1080,624,1140,696,,
2026-09-03T07:12:06.485992+00:00,cam01,Chiman bhai Bridge,Ahmedabad,—,TR01M1K1RFQAAYX2817ATBAJY3TC,car,CONFIRMED,0.849,990,605,1044,662,,
2026-09-03T07:12:06.485992+00:00,cam01,Chiman bhai Bridge,Ahmedabad,—,TR01M1K1RGKD6KXQY1F6W060M18P,car,CONFIRMED,0.532,768,545,809,574,,
2026-09-03T07:12:06.485992+00:00,cam01,Chiman bhai Bridge,Ahmedabad,—,TR01M1K1RH25BD9TZ3E0GM47T3BB,car,CONFIRMED,0.499,1219,569,1277,618,,
2026-09-03T07:12:06.485992+00:00,cam01,Chiman bhai Bridge,Ahmedabad,—,TR01M1K1RH25JV2WTT3JH871MWQM,truck,CONFIRMED,0.575,1365,548,1416,614,,
2026-09-03T07:12:06.485992+00:00,cam01,Chiman bhai Bridge,Ahmedabad,—,TR01M1K1RHCG8AG9TPXZTZS61GN4,vehicle,CONFIRMED,0.490,1452,624,1524,684,,
2026-09-03T07:12:06.485992+00:00,cam01,Chiman bhai Bridge,Ahmedabad,—,TR01M1K1RHCG50EPZXCY3BAN8EPD,truck,CONFIRMED,0.608,1118,520,1191,577,,
2026-09-03T07:12:06.485992+00:00,cam01,Chiman bhai Bridge,Ahmedabad,—,TR01M1K1RHPHJD85FETGR7XG1C7A,bus,CONFIRMED,0.870,0,699,648,1071,,
2026-09-03T07:12:06.485992+00:00,cam01,Chiman bhai Bridge,Ahmedabad,—,TR01M1K1RHPHAKJQAQR328PVK9VZ,vehicle,CONFIRMED,0.490,0,672,648,1080,,
2026-09-03T07:12:06.485992+00:00,cam01,Chiman bhai Bridge,Ahmedabad,—,TR01M1K1RHVQ2S93838XXN406VJS,car,CONFIRMED,0.400,920,508,957,532,,
2026-09-03T07:12:06.485992+00:00,cam01,Chiman bhai Bridge,Ahmedabad,—,TR01M1K1RJ936TG27HA2F2EHC820,car,CONFIRMED,0.547,1087,522,1121,548,,
2026-09-03T07:12:06.485992+00:00,cam01,Chiman bhai Bridge,Ahmedabad,—,TR01M1K1RJ936289RHVYFZ9NESWG,car,CONFIRMED,0.827,1176,779,1299,896,,
2026-09-03T07:12:06.485992+00:00,cam01,Chiman bhai Bridge,Ahmedabad,—,TR01M1K1RJ93TRMYM93T9JMAGRQ0,truck,CONFIRMED,0.542,1176,778,1298,896,,
2026-09-03T07:12:06.485992+00:00,cam01,Chiman bhai Bridge,Ahmedabad,—,TR01M1K1RJ93HMYXHYJ5G61TZRRB,vehicle,CONFIRMED,0.490,840,876,912,996,,
2026-09-03T07:12:06.485992+00:00,cam01,Chiman bhai Bridge,Ahmedabad,—,TR01M1K1RJ93CMQMK3163Z5PNC9M,truck,CONFIRMED,0.529,526,607,630,688,,
2026-09-03T07:12:06.485992+00:00,cam01,Chiman bhai Bridge,Ahmedabad,—,TR01M1K1RJEC9N9QKPWP3BT864HA,car,CONFIRMED,0.731,1345,612,1428,667,,
2026-09-03T07:12:06.485992+00:00,cam01,Chiman bhai Bridge,Ahmedabad,—,TR01M1K1RJECT991M02HPWVKVARN,car,CONFIRMED,0.409,1255,553,1285,575,,
2026-09-03T07:12:06.485992+00:00,cam01,Chiman bhai Bridge,Ahmedabad,—,TR01M1K1RJECTFZ17YV5KR839YNX,car,TENTATIVE,0.556,1227,581,1308,629,,
2026-09-03T07:12:06.485992+00:00,cam01,Chiman bhai Bridge,Ahmedabad,—,TR01M1K1RJKQG6VPHQY6N86S67BC,truck,CONFIRMED,0.437,985,510,1011,540,,
2026-09-03T07:12:06.485992+00:00,cam01,Chiman bhai Bridge,Ahmedabad,—,TR01M1K1RJYZ4628M86Q077BA1SJ,truck,CONFIRMED,0.506,1345,612,1428,667,,
2026-09-03T07:12:06.485992+00:00,cam01,Chiman bhai Bridge,Ahmedabad,—,TR01M1K1RK4G3FZC1E2RJA7C6JV5,car,CONFIRMED,0.609,1195,558,1234,606,,
2026-09-03T07:12:06.605992+00:00,cam01,Chiman bhai Bridge,Ahmedabad,—,TR01M1K1QZVZJGCP6TCHJYEW36GT,truck,CONFIRMED,0.681,411,619,504,680,,
2026-09-03T07:12:06.605992+00:00,cam01,Chiman bhai Bridge,Ahmedabad,—,TR01M1K1QZVZJ541V3HXR47R0Q03,truck,CONFIRMED,0.653,410,619,502,679,,
2026-09-03T07:12:06.605992+00:00,cam01,Chiman bhai Bridge,Ahmedabad,—,TR01M1K1R0BCMN36Q37RKESJFGY1,car,CONFIRMED,0.508,0,630,38,664,,
2026-09-03T07:12:06.605992+00:00,cam01,Chiman bhai Bridge,Ahmedabad,—,TR01M1K1R7Q7DQGQXFV770ZKPA3Q,car,CONFIRMED,0.476,984,510,1010,540,,
2026-09-03T07:12:06.605992+00:00,cam01,Chiman bhai Bridge,Ahmedabad,—,TR01M1K1RASMWYJV38M7AMFZTZBM,car,CONFIRMED,0.782,951,573,1000,618,,
2026-09-03T07:12:06.605992+00:00,cam01,Chiman bhai Bridge,Ahmedabad,—,TR01M1K1RC471PG6AB9Z56VQHX3X,car,CONFIRMED,0.820,961,560,1004,600,,
2026-09-03T07:12:06.605992+00:00,cam01,Chiman bhai Bridge,Ahmedabad,—,TR01M1K1RF8PZGQKTZ2XV66CH5JT,car,CONFIRMED,0.863,1080,617,1135,672,,
2026-09-03T07:12:06.605992+00:00,cam01,Chiman bhai Bridge,Ahmedabad,—,TR01M1K1RFQAHB5DC0C8BV722610,vehicle,CONFIRMED,0.490,1092,624,1140,696,,
2026-09-03T07:12:06.605992+00:00,cam01,Chiman bhai Bridge,Ahmedabad,—,TR01M1K1RFQAAYX2817ATBAJY3TC,car,CONFIRMED,0.855,991,602,1044,659,,
2026-09-03T07:12:06.605992+00:00,cam01,Chiman bhai Bridge,Ahmedabad,—,TR01M1K1RGKD6KXQY1F6W060M18P,car,CONFIRMED,0.532,768,544,809,574,,
2026-09-03T07:12:06.605992+00:00,cam01,Chiman bhai Bridge,Ahmedabad,—,TR01M1K1RH25BD9TZ3E0GM47T3BB,car,CONFIRMED,0.499,1219,569,1277,618,,
2026-09-03T07:12:06.605992+00:00,cam01,Chiman bhai Bridge,Ahmedabad,—,TR01M1K1RH25JV2WTT3JH871MWQM,truck,CONFIRMED,0.722,1346,547,1415,613,,
2026-09-03T07:12:06.605992+00:00,cam01,Chiman bhai Bridge,Ahmedabad,—,TR01M1K1RHCG8AG9TPXZTZS61GN4,car,CONFIRMED,0.514,1466,620,1535,679,,
2026-09-03T07:12:06.605992+00:00,cam01,Chiman bhai Bridge,Ahmedabad,—,TR01M1K1RHCG50EPZXCY3BAN8EPD,truck,CONFIRMED,0.608,1118,520,1191,577,,
2026-09-03T07:12:06.605992+00:00,cam01,Chiman bhai Bridge,Ahmedabad,—,TR01M1K1RHPHJD85FETGR7XG1C7A,bus,CONFIRMED,0.852,0,699,659,1073,,
2026-09-03T07:12:06.605992+00:00,cam01,Chiman bhai Bridge,Ahmedabad,—,TR01M1K1RHPHAKJQAQR328PVK9VZ,vehicle,CONFIRMED,0.490,0,672,660,1080,,
2026-09-03T07:12:06.605992+00:00,cam01,Chiman bhai Bridge,Ahmedabad,—,TR01M1K1RHVQ2S93838XXN406VJS,car,CONFIRMED,0.400,920,508,957,532,,
2026-09-03T07:12:06.605992+00:00,cam01,Chiman bhai Bridge,Ahmedabad,—,TR01M1K1RJ936TG27HA2F2EHC820,car,CONFIRMED,0.555,1086,522,1122,549,,
2026-09-03T07:12:06.605992+00:00,cam01,Chiman bhai Bridge,Ahmedabad,—,TR01M1K1RJ936289RHVYFZ9NESWG,truck,CONFIRMED,0.537,1179,766,1298,881,,
2026-09-03T07:12:06.605992+00:00,cam01,Chiman bhai Bridge,Ahmedabad,—,TR01M1K1RJ93TRMYM93T9JMAGRQ0,car,CONFIRMED,0.812,1180,767,1298,878,,
2026-09-03T07:12:06.605992+00:00,cam01,Chiman bhai Bridge,Ahmedabad,—,TR01M1K1RJ93HMYXHYJ5G61TZRRB,vehicle,CONFIRMED,0.490,840,876,912,996,,
2026-09-03T07:12:06.605992+00:00,cam01,Chiman bhai Bridge,Ahmedabad,—,TR01M1K1RJ93CMQMK3163Z5PNC9M,truck,CONFIRMED,0.529,526,607,630,688,,
2026-09-03T07:12:06.605992+00:00,cam01,Chiman bhai Bridge,Ahmedabad,—,TR01M1K1RJEC9N9QKPWP3BT864HA,car,CONFIRMED,0.854,1360,614,1448,670,,
2026-09-03T07:12:06.605992+00:00,cam01,Chiman bhai Bridge,Ahmedabad,—,TR01M1K1RJECT991M02HPWVKVARN,car,CONFIRMED,0.409,1255,553,1285,575,,
2026-09-03T07:12:06.605992+00:00,cam01,Chiman bhai Bridge,Ahmedabad,—,TR01M1K1RJECTFZ17YV5KR839YNX,car,TENTATIVE,0.556,1227,581,1308,629,,
2026-09-03T07:12:06.605992+00:00,cam01,Chiman bhai Bridge,Ahmedabad,—,TR01M1K1RJKQG6VPHQY6N86S67BC,car,CONFIRMED,0.620,985,512,1010,539,,
2026-09-03T07:12:06.605992+00:00,cam01,Chiman bhai Bridge,Ahmedabad,—,TR01M1K1RJYZ4628M86Q077BA1SJ,truck,CONFIRMED,0.462,1359,614,1449,670,,
2026-09-03T07:12:06.605992+00:00,cam01,Chiman bhai Bridge,Ahmedabad,—,TR01M1K1RK4G3FZC1E2RJA7C6JV5,car,CONFIRMED,0.609,1195,558,1234,606,,
2026-09-03T07:12:06.805992+00:00,cam01,Chiman bhai Bridge,Ahmedabad,—,TR01M1K1QZVZJGCP6TCHJYEW36GT,truck,CONFIRMED,0.678,411,619,505,681,,
2026-09-03T07:12:06.805992+00:00,cam01,Chiman bhai Bridge,Ahmedabad,—,TR01M1K1QZVZJ541V3HXR47R0Q03,car,CONFIRMED,0.429,411,619,505,681,,
2026-09-03T07:12:06.805992+00:00,cam01,Chiman bhai Bridge,Ahmedabad,—,TR01M1K1R0BCMN36Q37RKESJFGY1,car,CONFIRMED,0.494,0,630,38,664,,
2026-09-03T07:12:06.805992+00:00,cam01,Chiman bhai Bridge,Ahmedabad,—,TR01M1K1R7Q7DQGQXFV770ZKPA3Q,car,CONFIRMED,0.604,983,510,1009,538,,
2026-09-03T07:12:06.805992+00:00,cam01,Chiman bhai Bridge,Ahmedabad,—,TR01M1K1RASMWYJV38M7AMFZTZBM,car,CONFIRMED,0.782,951,573,1000,618,,
2026-09-03T07:12:06.805992+00:00,cam01,Chiman bhai Bridge,Ahmedabad,—,TR01M1K1RC471PG6AB9Z56VQHX3X,car,CONFIRMED,0.800,962,558,1005,597,,
2026-09-03T07:12:06.805992+00:00,cam01,Chiman bhai Bridge,Ahmedabad,—,TR01M1K1RF8PZGQKTZ2XV66CH5JT,car,CONFIRMED,0.823,1077,612,1132,664,,
2026-09-03T07:12:06.805992+00:00,cam01,Chiman bhai Bridge,Ahmedabad,—,TR01M1K1RFQAHB5DC0C8BV722610,vehicle,CONFIRMED,0.490,1080,636,1140,684,,
2026-09-03T07:12:06.805992+00:00,cam01,Chiman bhai Bridge,Ahmedabad,—,TR01M1K1RFQAAYX2817ATBAJY3TC,car,CONFIRMED,0.846,992,598,1045,654,,
2026-09-03T07:12:06.805992+00:00,cam01,Chiman bhai Bridge,Ahmedabad,—,TR01M1K1RGKD6KXQY1F6W060M18P,car,CONFIRMED,0.546,768,545,809,574,,
2026-09-03T07:12:06.805992+00:00,cam01,Chiman bhai Bridge,Ahmedabad,—,TR01M1K1RH25BD9TZ3E0GM47T3BB,car,CONFIRMED,0.499,1219,569,1277,618,,
2026-09-03T07:12:06.805992+00:00,cam01,Chiman bhai Bridge,Ahmedabad,—,TR01M1K1RH25JV2WTT3JH871MWQM,truck,CONFIRMED,0.738,1357,548,1416,615,,
2026-09-03T07:12:06.805992+00:00,cam01,Chiman bhai Bridge,Ahmedabad,—,TR01M1K1RHCG8AG9TPXZTZS61GN4,car,CONFIRMED,0.485,1506,629,1571,689,,
2026-09-03T07:12:06.805992+00:00,cam01,Chiman bhai Bridge,Ahmedabad,—,TR01M1K1RHCG50EPZXCY3BAN8EPD,truck,CONFIRMED,0.608,1118,520,1191,577,,
2026-09-03T07:12:06.805992+00:00,cam01,Chiman bhai Bridge,Ahmedabad,—,TR01M1K1RHPHJD85FETGR7XG1C7A,bus,CONFIRMED,0.908,0,688,690,1072,,
2026-09-03T07:12:06.805992+00:00,cam01,Chiman bhai Bridge,Ahmedabad,—,TR01M1K1RHPHAKJQAQR328PVK9VZ,vehicle,CONFIRMED,0.490,0,648,708,1080,,
2026-09-03T07:12:06.805992+00:00,cam01,Chiman bhai Bridge,Ahmedabad,—,TR01M1K1RHVQ2S93838XXN406VJS,car,CONFIRMED,0.400,920,508,957,532,,
2026-09-03T07:12:06.805992+00:00,cam01,Chiman bhai Bridge,Ahmedabad,—,TR01M1K1RJ936TG27HA2F2EHC820,car,CONFIRMED,0.632,1088,522,1124,548,,
2026-09-03T07:12:06.805992+00:00,cam01,Chiman bhai Bridge,Ahmedabad,—,TR01M1K1RJ936289RHVYFZ9NESWG,car,CONFIRMED,0.834,1181,751,1294,856,,
2026-09-03T07:12:06.805992+00:00,cam01,Chiman bhai Bridge,Ahmedabad,—,TR01M1K1RJ93TRMYM93T9JMAGRQ0,vehicle,CONFIRMED,0.490,1188,756,1296,888,,
2026-09-03T07:12:06.805992+00:00,cam01,Chiman bhai Bridge,Ahmedabad,—,TR01M1K1RJ93HMYXHYJ5G61TZRRB,vehicle,CONFIRMED,0.490,840,876,912,996,,
2026-09-03T07:12:06.805992+00:00,cam01,Chiman bhai Bridge,Ahmedabad,—,TR01M1K1RJ93CMQMK3163Z5PNC9M,truck,CONFIRMED,0.529,526,607,630,688,,
2026-09-03T07:12:06.805992+00:00,cam01,Chiman bhai Bridge,Ahmedabad,—,TR01M1K1RJEC9N9QKPWP3BT864HA,car,CONFIRMED,0.838,1390,623,1484,676,,
2026-09-03T07:12:06.805992+00:00,cam01,Chiman bhai Bridge,Ahmedabad,—,TR01M1K1RJECT991M02HPWVKVARN,car,CONFIRMED,0.409,1255,553,1285,575,,
2026-09-03T07:12:06.805992+00:00,cam01,Chiman bhai Bridge,Ahmedabad,—,TR01M1K1RJECTFZ17YV5KR839YNX,car,TENTATIVE,0.556,1227,581,1308,629,,
2026-09-03T07:12:06.805992+00:00,cam01,Chiman bhai Bridge,Ahmedabad,—,TR01M1K1RJKQG6VPHQY6N86S67BC,truck,CONFIRMED,0.470,983,510,1009,538,,
2026-09-03T07:12:06.805992+00:00,cam01,Chiman bhai Bridge,Ahmedabad,—,TR01M1K1RJYZ4628M86Q077BA1SJ,vehicle,CONFIRMED,0.388,1404,612,1572,696,,
2026-09-03T07:12:06.805992+00:00,cam01,Chiman bhai Bridge,Ahmedabad,—,TR01M1K1RK4G3FZC1E2RJA7C6JV5,car,CONFIRMED,0.687,1202,556,1243,584,,
2026-09-03T07:12:06.805992+00:00,cam01,Chiman bhai Bridge,Ahmedabad,—,TR01M1K1RKKY0VQ72TP17KRRDY4M,car,TENTATIVE,0.614,663,667,739,719,,
2026-09-03T07:12:06.965992+00:00,cam01,Chiman bhai Bridge,Ahmedabad,—,TR01M1K1QZVZJGCP6TCHJYEW36GT,truck,CONFIRMED,0.677,411,618,505,681,,
2026-09-03T07:12:06.965992+00:00,cam01,Chiman bhai Bridge,Ahmedabad,—,TR01M1K1QZVZJ541V3HXR47R0Q03,car,CONFIRMED,0.448,411,618,505,681,,
2026-09-03T07:12:06.965992+00:00,cam01,Chiman bhai Bridge,Ahmedabad,—,TR01M1K1R0BCMN36Q37RKESJFGY1,car,CONFIRMED,0.536,0,630,38,664,,
2026-09-03T07:12:06.965992+00:00,cam01,Chiman bhai Bridge,Ahmedabad,—,TR01M1K1R7Q7DQGQXFV770ZKPA3Q,car,CONFIRMED,0.622,983,510,1009,537,,
2026-09-03T07:12:06.965992+00:00,cam01,Chiman bhai Bridge,Ahmedabad,—,TR01M1K1RASMWYJV38M7AMFZTZBM,car,CONFIRMED,0.782,951,573,1000,618,,
2026-09-03T07:12:06.965992+00:00,cam01,Chiman bhai Bridge,Ahmedabad,—,TR01M1K1RC471PG6AB9Z56VQHX3X,car,CONFIRMED,0.790,962,556,1007,596,,
2026-09-03T07:12:06.965992+00:00,cam01,Chiman bhai Bridge,Ahmedabad,—,TR01M1K1RF8PZGQKTZ2XV66CH5JT,car,CONFIRMED,0.819,1076,609,1128,660,,
2026-09-03T07:12:06.965992+00:00,cam01,Chiman bhai Bridge,Ahmedabad,—,TR01M1K1RFQAHB5DC0C8BV722610,vehicle,CONFIRMED,0.490,1080,636,1140,684,,
2026-09-03T07:12:06.965992+00:00,cam01,Chiman bhai Bridge,Ahmedabad,—,TR01M1K1RFQAAYX2817ATBAJY3TC,car,CONFIRMED,0.855,993,594,1044,645,,
2026-09-03T07:12:06.965992+00:00,cam01,Chiman bhai Bridge,Ahmedabad,—,TR01M1K1RGKD6KXQY1F6W060M18P,car,CONFIRMED,0.550,768,545,810,574,,
2026-09-03T07:12:06.965992+00:00,cam01,Chiman bhai Bridge,Ahmedabad,—,TR01M1K1RH25BD9TZ3E0GM47T3BB,car,CONFIRMED,0.499,1219,569,1277,618,,
2026-09-03T07:12:06.965992+00:00,cam01,Chiman bhai Bridge,Ahmedabad,—,TR01M1K1RH25JV2WTT3JH871MWQM,truck,CONFIRMED,0.641,1361,548,1415,615,,
2026-09-03T07:12:06.965992+00:00,cam01,Chiman bhai Bridge,Ahmedabad,—,TR01M1K1RHCG8AG9TPXZTZS61GN4,car,CONFIRMED,0.641,1531,633,1592,688,,
2026-09-03T07:12:06.965992+00:00,cam01,Chiman bhai Bridge,Ahmedabad,—,TR01M1K1RHCG50EPZXCY3BAN8EPD,truck,CONFIRMED,0.608,1118,520,1191,577,,
2026-09-03T07:12:06.965992+00:00,cam01,Chiman bhai Bridge,Ahmedabad,—,TR01M1K1RHPHJD85FETGR7XG1C7A,bus,CONFIRMED,0.922,1,683,704,1073,,
2026-09-03T07:12:06.965992+00:00,cam01,Chiman bhai Bridge,Ahmedabad,—,TR01M1K1RHPHAKJQAQR328PVK9VZ,vehicle,CONFIRMED,0.490,0,648,708,1080,,
2026-09-03T07:12:06.965992+00:00,cam01,Chiman bhai Bridge,Ahmedabad,—,TR01M1K1RHVQ2S93838XXN406VJS,car,CONFIRMED,0.400,920,508,957,532,,
2026-09-03T07:12:06.965992+00:00,cam01,Chiman bhai Bridge,Ahmedabad,—,TR01M1K1RJ936TG27HA2F2EHC820,car,CONFIRMED,0.555,1091,522,1125,549,,
2026-09-03T07:12:06.965992+00:00,cam01,Chiman bhai Bridge,Ahmedabad,—,TR01M1K1RJ936289RHVYFZ9NESWG,car,CONFIRMED,0.863,1180,743,1291,847,,
2026-09-03T07:12:06.965992+00:00,cam01,Chiman bhai Bridge,Ahmedabad,—,TR01M1K1RJ93TRMYM93T9JMAGRQ0,vehicle,CONFIRMED,0.490,1188,756,1296,876,,
2026-09-03T07:12:06.965992+00:00,cam01,Chiman bhai Bridge,Ahmedabad,—,TR01M1K1RJ93HMYXHYJ5G61TZRRB,vehicle,CONFIRMED,0.490,840,876,912,996,,
2026-09-03T07:12:06.965992+00:00,cam01,Chiman bhai Bridge,Ahmedabad,—,TR01M1K1RJ93CMQMK3163Z5PNC9M,truck,CONFIRMED,0.529,526,607,630,688,,
2026-09-03T07:12:06.965992+00:00,cam01,Chiman bhai Bridge,Ahmedabad,—,TR01M1K1RJEC9N9QKPWP3BT864HA,car,CONFIRMED,0.896,1413,628,1509,696,,
2026-09-03T07:12:06.965992+00:00,cam01,Chiman bhai Bridge,Ahmedabad,—,TR01M1K1RJECT991M02HPWVKVARN,car,CONFIRMED,0.409,1255,553,1285,575,,
2026-09-03T07:12:06.965992+00:00,cam01,Chiman bhai Bridge,Ahmedabad,—,TR01M1K1RJECTFZ17YV5KR839YNX,car,CONFIRMED,0.633,1220,581,1280,625,,
2026-09-03T07:12:06.965992+00:00,cam01,Chiman bhai Bridge,Ahmedabad,—,TR01M1K1RJKQG6VPHQY6N86S67BC,car,CONFIRMED,0.415,984,515,1009,537,,
2026-09-03T07:12:06.965992+00:00,cam01,Chiman bhai Bridge,Ahmedabad,—,TR01M1K1RJYZ4628M86Q077BA1SJ,vehicle,CONFIRMED,0.490,1440,624,1524,684,,
2026-09-03T07:12:06.965992+00:00,cam01,Chiman bhai Bridge,Ahmedabad,—,TR01M1K1RK4G3FZC1E2RJA7C6JV5,car,CONFIRMED,0.645,1203,557,1247,586,,
2026-09-03T07:12:06.965992+00:00,cam01,Chiman bhai Bridge,Ahmedabad,—,TR01M1K1RKKY0VQ72TP17KRRDY4M,car,CONFIRMED,0.505,674,668,739,718,,
2026-09-03T07:12:09.830941+00:00,cam02,Janpath,Ahmedabad,—,TR01M1K1RQ6A67CE3QGSTXEFZ6SG,truck,TENTATIVE,0.921,1414,652,1919,938,,
2026-09-03T07:12:09.830941+00:00,cam02,Janpath,Ahmedabad,—,TR01M1K1RQ6A44J6DHQMA5C13TSV,truck,TENTATIVE,0.885,1141,762,1709,1075,,
2026-09-03T07:12:09.830941+00:00,cam02,Janpath,Ahmedabad,—,TR01M1K1RQ6A9PDG0RBFKRHYT1T6,car,TENTATIVE,0.806,1638,247,1702,294,,
2026-09-03T07:12:09.830941+00:00,cam02,Janpath,Ahmedabad,—,TR01M1K1RQ6AB3CRST0732W88JQC,car,TENTATIVE,0.778,1683,272,1735,335,,
2026-09-03T07:12:09.830941+00:00,cam02,Janpath,Ahmedabad,—,TR01M1K1RQ6AE53FZRZZV4AEEVWZ,car,TENTATIVE,0.757,0,326,55,400,,
2026-09-03T07:12:09.830941+00:00,cam02,Janpath,Ahmedabad,—,TR01M1K1RQ6AFSDR74D9NJVX476J,car,TENTATIVE,0.625,1805,268,1862,341,,
2026-09-03T07:12:09.830941+00:00,cam02,Janpath,Ahmedabad,—,TR01M1K1RQ6A3D27WW6PK2Z4DN6K,truck,TENTATIVE,0.560,1805,268,1862,341,,
2026-09-03T07:12:09.830941+00:00,cam02,Janpath,Ahmedabad,—,TR01M1K1RQ6AGNXH7Q9G7SMYRXDH,car,TENTATIVE,0.547,1139,763,1708,1075,,
2026-09-03T07:12:10.290941+00:00,cam02,Janpath,Ahmedabad,—,TR01M1K1RQ6A67CE3QGSTXEFZ6SG,truck,CONFIRMED,0.864,1500,634,1920,1077,,
2026-09-03T07:12:10.290941+00:00,cam02,Janpath,Ahmedabad,—,TR01M1K1RQ6A44J6DHQMA5C13TSV,truck,TENTATIVE,0.885,1141,762,1709,1075,,
2026-09-03T07:12:10.290941+00:00,cam02,Janpath,Ahmedabad,—,TR01M1K1RQ6A9PDG0RBFKRHYT1T6,car,TENTATIVE,0.806,1638,247,1702,294,,
2026-09-03T07:12:10.290941+00:00,cam02,Janpath,Ahmedabad,—,TR01M1K1RQ6AB3CRST0732W88JQC,truck,CONFIRMED,0.694,1660,280,1719,353,,
2026-09-03T07:12:10.290941+00:00,cam02,Janpath,Ahmedabad,—,TR01M1K1RQ6AE53FZRZZV4AEEVWZ,car,CONFIRMED,0.715,0,328,53,399,,
2026-09-03T07:12:10.290941+00:00,cam02,Janpath,Ahmedabad,—,TR01M1K1RQ6AFSDR74D9NJVX476J,truck,CONFIRMED,0.610,1793,279,1854,356,,
2026-09-03T07:12:10.290941+00:00,cam02,Janpath,Ahmedabad,—,TR01M1K1RQ6A3D27WW6PK2Z4DN6K,car,CONFIRMED,0.512,1793,279,1854,356,,
2026-09-03T07:12:10.290941+00:00,cam02,Janpath,Ahmedabad,—,TR01M1K1RQ6AGNXH7Q9G7SMYRXDH,car,TENTATIVE,0.547,1139,763,1708,1075,,
2026-09-03T07:12:10.290941+00:00,cam02,Janpath,Ahmedabad,—,TR01M1K1RQAHCK3EF20SNMGF8FBC,car,TENTATIVE,0.717,1608,257,1672,311,,
2026-09-03T07:12:10.530941+00:00,cam02,Janpath,Ahmedabad,—,TR01M1K1RQ6A67CE3QGSTXEFZ6SG,truck,CONFIRMED,0.563,1689,674,1920,1077,,
2026-09-03T07:12:10.530941+00:00,cam02,Janpath,Ahmedabad,—,TR01M1K1RQ6A44J6DHQMA5C13TSV,truck,TENTATIVE,0.885,1141,762,1709,1075,,
2026-09-03T07:12:10.530941+00:00,cam02,Janpath,Ahmedabad,—,TR01M1K1RQ6A9PDG0RBFKRHYT1T6,car,TENTATIVE,0.806,1638,247,1702,294,,
2026-09-03T07:12:10.530941+00:00,cam02,Janpath,Ahmedabad,—,TR01M1K1RQ6AB3CRST0732W88JQC,truck,CONFIRMED,0.665,1649,287,1708,359,,
2026-09-03T07:12:10.530941+00:00,cam02,Janpath,Ahmedabad,—,TR01M1K1RQ6AE53FZRZZV4AEEVWZ,car,CONFIRMED,0.718,0,328,54,399,,
2026-09-03T07:12:10.530941+00:00,cam02,Janpath,Ahmedabad,—,TR01M1K1RQ6AFSDR74D9NJVX476J,car,CONFIRMED,0.558,1786,284,1851,363,,
2026-09-03T07:12:10.530941+00:00,cam02,Janpath,Ahmedabad,—,TR01M1K1RQ6A3D27WW6PK2Z4DN6K,truck,CONFIRMED,0.508,1786,284,1851,363,,
2026-09-03T07:12:10.530941+00:00,cam02,Janpath,Ahmedabad,—,TR01M1K1RQ6AGNXH7Q9G7SMYRXDH,car,TENTATIVE,0.547,1139,763,1708,1075,,
2026-09-03T07:12:10.530941+00:00,cam02,Janpath,Ahmedabad,—,TR01M1K1RQAHCK3EF20SNMGF8FBC,car,CONFIRMED,0.622,1595,261,1665,318,,
2026-09-03T07:12:10.530941+00:00,cam02,Janpath,Ahmedabad,—,TR01M1K1RQFC6KJF8BNWPBA37H1C,truck,TENTATIVE,0.645,1691,804,1919,1077,,
2026-09-03T07:12:10.530941+00:00,cam02,Janpath,Ahmedabad,—,TR01M1K1RQFCQV0ZFJVTCY9P207M,truck,TENTATIVE,0.606,1595,261,1665,318,,
2026-09-03T07:12:10.530941+00:00,cam02,Janpath,Ahmedabad,—,TR01M1K1RQFCSPQCPVK681TRPS9X,truck,TENTATIVE,0.601,1730,674,1919,821,,
2026-09-03T07:12:10.530941+00:00,cam02,Janpath,Ahmedabad,—,TR01M1K1RQFC6TKA0HG01GWF09EN,bus,TENTATIVE,0.594,1727,380,1919,670,,
2026-09-03T07:12:10.530941+00:00,cam02,Janpath,Ahmedabad,—,TR01M1K1RQFC9XAAPMVRYZHJ996B,car,TENTATIVE,0.516,1649,287,1708,359,,
2026-09-03T07:12:10.790941+00:00,cam02,Janpath,Ahmedabad,—,TR01M1K1RQ6A67CE3QGSTXEFZ6SG,car,CONFIRMED,0.551,1766,810,1920,1078,,
2026-09-03T07:12:10.790941+00:00,cam02,Janpath,Ahmedabad,—,TR01M1K1RQ6A44J6DHQMA5C13TSV,truck,TENTATIVE,0.885,1141,762,1709,1075,,
2026-09-03T07:12:10.790941+00:00,cam02,Janpath,Ahmedabad,—,TR01M1K1RQ6A9PDG0RBFKRHYT1T6,car,TENTATIVE,0.806,1638,247,1702,294,,
2026-09-03T07:12:10.790941+00:00,cam02,Janpath,Ahmedabad,—,TR01M1K1RQ6AB3CRST0732W88JQC,car,CONFIRMED,0.714,1633,297,1693,371,,
2026-09-03T07:12:10.790941+00:00,cam02,Janpath,Ahmedabad,—,TR01M1K1RQ6AE53FZRZZV4AEEVWZ,car,CONFIRMED,0.719,0,328,53,399,,
2026-09-03T07:12:10.790941+00:00,cam02,Janpath,Ahmedabad,—,TR01M1K1RQ6AFSDR74D9NJVX476J,car,CONFIRMED,0.596,1778,290,1841,371,,
2026-09-03T07:12:10.790941+00:00,cam02,Janpath,Ahmedabad,—,TR01M1K1RQ6A3D27WW6PK2Z4DN6K,truck,CONFIRMED,0.575,1778,290,1841,371,,
2026-09-03T07:12:10.790941+00:00,cam02,Janpath,Ahmedabad,—,TR01M1K1RQ6AGNXH7Q9G7SMYRXDH,car,TENTATIVE,0.547,1139,763,1708,1075,,
2026-09-03T07:12:10.790941+00:00,cam02,Janpath,Ahmedabad,—,TR01M1K1RQAHCK3EF20SNMGF8FBC,truck,CONFIRMED,0.445,1574,270,1649,327,,
2026-09-03T07:12:10.790941+00:00,cam02,Janpath,Ahmedabad,—,TR01M1K1RQFC6KJF8BNWPBA37H1C,truck,CONFIRMED,0.430,1769,677,1921,833,,
2026-09-03T07:12:10.790941+00:00,cam02,Janpath,Ahmedabad,—,TR01M1K1RQFCQV0ZFJVTCY9P207M,car,CONFIRMED,0.800,1574,271,1648,327,,
2026-09-03T07:12:10.790941+00:00,cam02,Janpath,Ahmedabad,—,TR01M1K1RQFCSPQCPVK681TRPS9X,car,CONFIRMED,0.558,1873,688,1920,844,,
2026-09-03T07:12:10.790941+00:00,cam02,Janpath,Ahmedabad,—,TR01M1K1RQFC6TKA0HG01GWF09EN,bus,CONFIRMED,0.595,1727,381,1919,668,,
2026-09-03T07:12:10.790941+00:00,cam02,Janpath,Ahmedabad,—,TR01M1K1RQFC9XAAPMVRYZHJ996B,truck,CONFIRMED,0.439,1633,297,1693,371,,
2026-09-03T07:12:10.790941+00:00,cam02,Janpath,Ahmedabad,—,TR01M1K1RQM2SH43NRF0KK525VKV,bus,CONFIRMED,0.822,1730,524,1916,671,,
2026-09-03T07:12:10.790941+00:00,cam02,Janpath,Ahmedabad,—,TR01M1K1RQQN51B3MYERA1F16GJ5,truck,TENTATIVE,0.515,1766,810,1920,1078,,
2026-09-03T07:12:10.790941+00:00,cam02,Janpath,Ahmedabad,—,TR01M1K1RQVBQY3BQSEFXMBH1X77,car,TENTATIVE,0.518,1850,260,1884,288,,
2026-09-03T07:12:11.230941+00:00,cam02,Janpath,Ahmedabad,—,TR01M1K1RQ6A67CE3QGSTXEFZ6SG,car,CONFIRMED,0.551,1766,810,1920,1078,,
2026-09-03T07:12:11.230941+00:00,cam02,Janpath,Ahmedabad,—,TR01M1K1RQ6A44J6DHQMA5C13TSV,truck,TENTATIVE,0.885,1141,762,1709,1075,,
2026-09-03T07:12:11.230941+00:00,cam02,Janpath,Ahmedabad,—,TR01M1K1RQ6A9PDG0RBFKRHYT1T6,car,TENTATIVE,0.806,1638,247,1702,294,,
2026-09-03T07:12:11.230941+00:00,cam02,Janpath,Ahmedabad,—,TR01M1K1RQ6AB3CRST0732W88JQC,truck,CONFIRMED,0.666,1606,310,1672,393,,
2026-09-03T07:12:11.230941+00:00,cam02,Janpath,Ahmedabad,—,TR01M1K1RQ6AE53FZRZZV4AEEVWZ,car,CONFIRMED,0.793,0,325,55,400,,
2026-09-03T07:12:11.230941+00:00,cam02,Janpath,Ahmedabad,—,TR01M1K1RQ6AFSDR74D9NJVX476J,truck,CONFIRMED,0.663,1764,299,1832,384,,
2026-09-03T07:12:11.230941+00:00,cam02,Janpath,Ahmedabad,—,TR01M1K1RQ6A3D27WW6PK2Z4DN6K,car,CONFIRMED,0.555,1764,299,1832,384,,
2026-09-03T07:12:11.230941+00:00,cam02,Janpath,Ahmedabad,—,TR01M1K1RQ6AGNXH7Q9G7SMYRXDH,car,TENTATIVE,0.547,1139,763,1708,1075,,
2026-09-03T07:12:11.230941+00:00,cam02,Janpath,Ahmedabad,—,TR01M1K1RQAHCK3EF20SNMGF8FBC,car,CONFIRMED,0.794,1541,282,1619,344,,
2026-09-03T07:12:11.230941+00:00,cam02,Janpath,Ahmedabad,—,TR01M1K1RQFC6KJF8BNWPBA37H1C,truck,CONFIRMED,0.430,1769,677,1921,833,,
2026-09-03T07:12:11.230941+00:00,cam02,Janpath,Ahmedabad,—,TR01M1K1RQFCQV0ZFJVTCY9P207M,car,CONFIRMED,0.800,1574,271,1648,327,,
2026-09-03T07:12:11.230941+00:00,cam02,Janpath,Ahmedabad,—,TR01M1K1RQFCSPQCPVK681TRPS9X,car,CONFIRMED,0.558,1873,688,1920,844,,
2026-09-03T07:12:11.230941+00:00,cam02,Janpath,Ahmedabad,—,TR01M1K1RQFC6TKA0HG01GWF09EN,bus,CONFIRMED,0.595,1727,381,1919,668,,
2026-09-03T07:12:11.230941+00:00,cam02,Janpath,Ahmedabad,—,TR01M1K1RQFC9XAAPMVRYZHJ996B,car,CONFIRMED,0.613,1606,310,1672,393,,
2026-09-03T07:12:11.230941+00:00,cam02,Janpath,Ahmedabad,—,TR01M1K1RQM2SH43NRF0KK525VKV,bus,CONFIRMED,0.822,1730,524,1916,671,,
2026-09-03T07:12:11.230941+00:00,cam02,Janpath,Ahmedabad,—,TR01M1K1RQQN51B3MYERA1F16GJ5,truck,TENTATIVE,0.515,1766,810,1920,1078,,
2026-09-03T07:12:11.230941+00:00,cam02,Janpath,Ahmedabad,—,TR01M1K1RQVBQY3BQSEFXMBH1X77,car,CONFIRMED,0.475,1839,249,1885,300,,
2026-09-03T07:12:11.230941+00:00,cam02,Janpath,Ahmedabad,—,TR01M1K1RR04D99VN24MCJ00RM35,car,TENTATIVE,0.722,0,410,247,550,,
2026-09-03T07:12:11.230941+00:00,cam02,Janpath,Ahmedabad,—,TR01M1K1RR04G186JS5XWVGGY209,car,TENTATIVE,0.524,0,410,247,549,,
2026-09-03T07:12:11.530941+00:00,cam02,Janpath,Ahmedabad,—,TR01M1K1RQ6A67CE3QGSTXEFZ6SG,car,CONFIRMED,0.551,1766,810,1920,1078,,
2026-09-03T07:12:11.530941+00:00,cam02,Janpath,Ahmedabad,—,TR01M1K1RQ6A44J6DHQMA5C13TSV,vehicle,CONFIRMED,0.420,1140,660,1920,1080,,
2026-09-03T07:12:11.530941+00:00,cam02,Janpath,Ahmedabad,—,TR01M1K1RQ6AB3CRST0732W88JQC,car,CONFIRMED,0.701,1584,321,1656,408,,
2026-09-03T07:12:11.530941+00:00,cam02,Janpath,Ahmedabad,—,TR01M1K1RQ6AE53FZRZZV4AEEVWZ,car,CONFIRMED,0.793,0,326,55,400,,
2026-09-03T07:12:11.530941+00:00,cam02,Janpath,Ahmedabad,—,TR01M1K1RQ6AFSDR74D9NJVX476J,car,CONFIRMED,0.644,1752,307,1824,395,,
2026-09-03T07:12:11.530941+00:00,cam02,Janpath,Ahmedabad,—,TR01M1K1RQ6A3D27WW6PK2Z4DN6K,truck,CONFIRMED,0.512,1752,307,1824,395,,
2026-09-03T07:12:11.530941+00:00,cam02,Janpath,Ahmedabad,—,TR01M1K1RQAHCK3EF20SNMGF8FBC,car,CONFIRMED,0.836,1512,293,1596,359,,
2026-09-03T07:12:11.530941+00:00,cam02,Janpath,Ahmedabad,—,TR01M1K1RQFC6KJF8BNWPBA37H1C,truck,CONFIRMED,0.430,1769,677,1921,833,,
2026-09-03T07:12:11.530941+00:00,cam02,Janpath,Ahmedabad,—,TR01M1K1RQFCQV0ZFJVTCY9P207M,car,CONFIRMED,0.800,1574,271,1648,327,,
2026-09-03T07:12:11.530941+00:00,cam02,Janpath,Ahmedabad,—,TR01M1K1RQFCSPQCPVK681TRPS9X,car,CONFIRMED,0.558,1873,688,1920,844,,
2026-09-03T07:12:11.530941+00:00,cam02,Janpath,Ahmedabad,—,TR01M1K1RQFC6TKA0HG01GWF09EN,bus,CONFIRMED,0.595,1727,381,1919,668,,
2026-09-03T07:12:11.530941+00:00,cam02,Janpath,Ahmedabad,—,TR01M1K1RQFC9XAAPMVRYZHJ996B,truck,CONFIRMED,0.539,1584,321,1656,408,,
2026-09-03T07:12:11.530941+00:00,cam02,Janpath,Ahmedabad,—,TR01M1K1RQM2SH43NRF0KK525VKV,bus,CONFIRMED,0.475,1731,522,1917,672,,
2026-09-03T07:12:11.530941+00:00,cam02,Janpath,Ahmedabad,—,TR01M1K1RQQN51B3MYERA1F16GJ5,truck,TENTATIVE,0.515,1766,810,1920,1078,,
2026-09-03T07:12:11.530941+00:00,cam02,Janpath,Ahmedabad,—,TR01M1K1RQVBQY3BQSEFXMBH1X77,car,CONFIRMED,0.669,1834,258,1877,309,,
2026-09-03T07:12:11.530941+00:00,cam02,Janpath,Ahmedabad,—,TR01M1K1RR04D99VN24MCJ00RM35,car,TENTATIVE,0.722,0,410,247,550,,
2026-09-03T07:12:11.530941+00:00,cam02,Janpath,Ahmedabad,—,TR01M1K1RR04G186JS5XWVGGY209,car,TENTATIVE,0.524,0,410,247,549,,
2026-09-03T07:12:11.530941+00:00,cam02,Janpath,Ahmedabad,—,TR01M1K1RR4ZH1EG66DXE1NFGDNH,truck,TENTATIVE,0.853,189,386,415,507,,
2026-09-03T07:12:11.530941+00:00,cam02,Janpath,Ahmedabad,—,TR01M1K1RR4Z008RK5JQDZNW4D9T,car,TENTATIVE,0.591,189,386,414,507,,
2026-09-03T07:12:11.690941+00:00,cam02,Janpath,Ahmedabad,—,TR01M1K1RQ6A67CE3QGSTXEFZ6SG,car,CONFIRMED,0.551,1766,810,1920,1078,,
2026-09-03T07:12:11.690941+00:00,cam02,Janpath,Ahmedabad,—,TR01M1K1RQ6A44J6DHQMA5C13TSV,vehicle,CONFIRMED,0.381,1164,660,1920,1080,,
2026-09-03T07:12:11.690941+00:00,cam02,Janpath,Ahmedabad,—,TR01M1K1RQ6AB3CRST0732W88JQC,car,CONFIRMED,0.746,1570,331,1644,416,,
2026-09-03T07:12:11.690941+00:00,cam02,Janpath,Ahmedabad,—,TR01M1K1RQ6AE53FZRZZV4AEEVWZ,car,CONFIRMED,0.793,0,326,55,400,,
2026-09-03T07:12:11.690941+00:00,cam02,Janpath,Ahmedabad,—,TR01M1K1RQ6AFSDR74D9NJVX476J,car,CONFIRMED,0.599,1744,312,1817,403,,
2026-09-03T07:12:11.690941+00:00,cam02,Janpath,Ahmedabad,—,TR01M1K1RQ6A3D27WW6PK2Z4DN6K,truck,CONFIRMED,0.561,1744,312,1817,403,,
2026-09-03T07:12:11.690941+00:00,cam02,Janpath,Ahmedabad,—,TR01M1K1RQAHCK3EF20SNMGF8FBC,vehicle,CONFIRMED,0.310,1476,300,1644,432,,
2026-09-03T07:12:11.690941+00:00,cam02,Janpath,Ahmedabad,—,TR01M1K1RQFC6KJF8BNWPBA37H1C,truck,CONFIRMED,0.430,1769,677,1921,833,,
2026-09-03T07:12:11.690941+00:00,cam02,Janpath,Ahmedabad,—,TR01M1K1RQFCQV0ZFJVTCY9P207M,car,CONFIRMED,0.839,1493,299,1585,368,,
2026-09-03T07:12:11.690941+00:00,cam02,Janpath,Ahmedabad,—,TR01M1K1RQFCSPQCPVK681TRPS9X,car,CONFIRMED,0.558,1873,688,1920,844,,
2026-09-03T07:12:11.690941+00:00,cam02,Janpath,Ahmedabad,—,TR01M1K1RQFC6TKA0HG01GWF09EN,truck,CONFIRMED,0.405,1731,522,1917,672,,
2026-09-03T07:12:11.690941+00:00,cam02,Janpath,Ahmedabad,—,TR01M1K1RQFC9XAAPMVRYZHJ996B,truck,CONFIRMED,0.426,1570,330,1645,417,,
2026-09-03T07:12:11.690941+00:00,cam02,Janpath,Ahmedabad,—,TR01M1K1RQM2SH43NRF0KK525VKV,bus,CONFIRMED,0.505,1731,522,1917,672,,
2026-09-03T07:12:11.690941+00:00,cam02,Janpath,Ahmedabad,—,TR01M1K1RQQN51B3MYERA1F16GJ5,truck,TENTATIVE,0.515,1766,810,1920,1078,,
2026-09-03T07:12:11.690941+00:00,cam02,Janpath,Ahmedabad,—,TR01M1K1RQVBQY3BQSEFXMBH1X77,car,CONFIRMED,0.662,1828,257,1876,312,,
2026-09-03T07:12:11.690941+00:00,cam02,Janpath,Ahmedabad,—,TR01M1K1RR04D99VN24MCJ00RM35,car,TENTATIVE,0.722,0,410,247,550,,
2026-09-03T07:12:11.690941+00:00,cam02,Janpath,Ahmedabad,—,TR01M1K1RR04G186JS5XWVGGY209,car,TENTATIVE,0.524,0,410,247,549,,
2026-09-03T07:12:11.690941+00:00,cam02,Janpath,Ahmedabad,—,TR01M1K1RR4ZH1EG66DXE1NFGDNH,truck,CONFIRMED,0.527,291,369,501,486,,
2026-09-03T07:12:11.690941+00:00,cam02,Janpath,Ahmedabad,—,TR01M1K1RR4Z008RK5JQDZNW4D9T,car,CONFIRMED,0.805,292,370,500,486,,
2026-09-03T07:12:11.690941+00:00,cam02,Janpath,Ahmedabad,—,TR01M1K1RRHJ51ES06XR6196SJMY,car,TENTATIVE,0.555,1591,431,1701,510,,
2026-09-03T07:12:12.090941+00:00,cam02,Janpath,Ahmedabad,—,TR01M1K1RQ6A67CE3QGSTXEFZ6SG,car,CONFIRMED,0.551,1766,810,1920,1078,,
2026-09-03T07:12:12.090941+00:00,cam02,Janpath,Ahmedabad,—,TR01M1K1RQ6A44J6DHQMA5C13TSV,vehicle,CONFIRMED,0.370,1164,660,1920,1080,,
2026-09-03T07:12:12.090941+00:00,cam02,Janpath,Ahmedabad,—,TR01M1K1RQ6AB3CRST0732W88JQC,car,CONFIRMED,0.784,1534,349,1613,447,,
2026-09-03T07:12:12.090941+00:00,cam02,Janpath,Ahmedabad,—,TR01M1K1RQ6AE53FZRZZV4AEEVWZ,car,CONFIRMED,0.808,0,325,54,400,,
2026-09-03T07:12:12.090941+00:00,cam02,Janpath,Ahmedabad,—,TR01M1K1RQ6AFSDR74D9NJVX476J,car,CONFIRMED,0.691,1725,325,1808,419,,
2026-09-03T07:12:12.090941+00:00,cam02,Janpath,Ahmedabad,—,TR01M1K1RQ6A3D27WW6PK2Z4DN6K,vehicle,CONFIRMED,0.402,1704,336,1800,432,,
2026-09-03T07:12:12.090941+00:00,cam02,Janpath,Ahmedabad,—,TR01M1K1RQAHCK3EF20SNMGF8FBC,vehicle,CONFIRMED,0.310,1476,300,1644,432,,
2026-09-03T07:12:12.090941+00:00,cam02,Janpath,Ahmedabad,—,TR01M1K1RQFC6KJF8BNWPBA37H1C,truck,CONFIRMED,0.430,1769,677,1921,833,,
2026-09-03T07:12:12.090941+00:00,cam02,Janpath,Ahmedabad,—,TR01M1K1RQFCQV0ZFJVTCY9P207M,car,CONFIRMED,0.837,1449,313,1548,390,,
2026-09-03T07:12:12.090941+00:00,cam02,Janpath,Ahmedabad,—,TR01M1K1RQFCSPQCPVK681TRPS9X,car,CONFIRMED,0.558,1873,688,1920,844,,
2026-09-03T07:12:12.090941+00:00,cam02,Janpath,Ahmedabad,—,TR01M1K1RQFC6TKA0HG01GWF09EN,truck,CONFIRMED,0.414,1730,523,1917,672,,
2026-09-03T07:12:12.090941+00:00,cam02,Janpath,Ahmedabad,—,TR01M1K1RQFC9XAAPMVRYZHJ996B,truck,CONFIRMED,0.477,1534,350,1613,447,,
2026-09-03T07:12:12.090941+00:00,cam02,Janpath,Ahmedabad,—,TR01M1K1RQM2SH43NRF0KK525VKV,bus,CONFIRMED,0.516,1730,523,1917,672,,
2026-09-03T07:12:12.090941+00:00,cam02,Janpath,Ahmedabad,—,TR01M1K1RQQN51B3MYERA1F16GJ5,truck,TENTATIVE,0.515,1766,810,1920,1078,,
2026-09-03T07:12:12.090941+00:00,cam02,Janpath,Ahmedabad,—,TR01M1K1RQVBQY3BQSEFXMBH1X77,car,CONFIRMED,0.571,1821,263,1869,322,,
2026-09-03T07:12:12.090941+00:00,cam02,Janpath,Ahmedabad,—,TR01M1K1RR04D99VN24MCJ00RM35,car,TENTATIVE,0.722,0,410,247,550,,
2026-09-03T07:12:12.090941+00:00,cam02,Janpath,Ahmedabad,—,TR01M1K1RR04G186JS5XWVGGY209,car,TENTATIVE,0.524,0,410,247,549,,
2026-09-03T07:12:12.090941+00:00,cam02,Janpath,Ahmedabad,—,TR01M1K1RR4ZH1EG66DXE1NFGDNH,vehicle,CONFIRMED,0.341,528,336,624,408,,
2026-09-03T07:12:12.090941+00:00,cam02,Janpath,Ahmedabad,—,TR01M1K1RR4Z008RK5JQDZNW4D9T,car,CONFIRMED,0.805,292,370,500,486,,
2026-09-03T07:12:12.090941+00:00,cam02,Janpath,Ahmedabad,—,TR01M1K1RRHJ51ES06XR6196SJMY,car,TENTATIVE,0.555,1591,431,1701,510,,
2026-09-03T07:12:12.453941+00:00,cam02,Janpath,Ahmedabad,—,TR01M1K1RQ6A44J6DHQMA5C13TSV,vehicle,CONFIRMED,0.291,1164,336,1920,1080,,
2026-09-03T07:12:12.453941+00:00,cam02,Janpath,Ahmedabad,—,TR01M1K1RQ6AB3CRST0732W88JQC,car,CONFIRMED,0.631,1495,366,1581,478,,
2026-09-03T07:12:12.453941+00:00,cam02,Janpath,Ahmedabad,—,TR01M1K1RQ6AE53FZRZZV4AEEVWZ,car,CONFIRMED,0.729,0,329,56,400,,
2026-09-03T07:12:12.453941+00:00,cam02,Janpath,Ahmedabad,—,TR01M1K1RQ6AFSDR74D9NJVX476J,car,CONFIRMED,0.634,1704,337,1793,439,,
2026-09-03T07:12:12.453941+00:00,cam02,Janpath,Ahmedabad,—,TR01M1K1RQ6A3D27WW6PK2Z4DN6K,truck,CONFIRMED,0.572,1704,337,1793,439,,
2026-09-03T07:12:12.453941+00:00,cam02,Janpath,Ahmedabad,—,TR01M1K1RQAHCK3EF20SNMGF8FBC,vehicle,CONFIRMED,0.310,1476,300,1644,432,,
2026-09-03T07:12:12.453941+00:00,cam02,Janpath,Ahmedabad,—,TR01M1K1RQFCQV0ZFJVTCY9P207M,car,CONFIRMED,0.878,1401,331,1515,412,,
2026-09-03T07:12:12.453941+00:00,cam02,Janpath,Ahmedabad,—,TR01M1K1RQFC6TKA0HG01GWF09EN,bus,CONFIRMED,0.440,1729,521,1916,674,,
2026-09-03T07:12:12.453941+00:00,cam02,Janpath,Ahmedabad,—,TR01M1K1RQFC9XAAPMVRYZHJ996B,truck,CONFIRMED,0.622,1495,366,1581,478,,
2026-09-03T07:12:12.453941+00:00,cam02,Janpath,Ahmedabad,—,TR01M1K1RQM2SH43NRF0KK525VKV,truck,CONFIRMED,0.514,1729,521,1916,674,,
2026-09-03T07:12:12.453941+00:00,cam02,Janpath,Ahmedabad,—,TR01M1K1RQVBQY3BQSEFXMBH1X77,car,CONFIRMED,0.697,1812,271,1864,332,,
2026-09-03T07:12:12.453941+00:00,cam02,Janpath,Ahmedabad,—,TR01M1K1RR04D99VN24MCJ00RM35,car,TENTATIVE,0.722,0,410,247,550,,
2026-09-03T07:12:12.453941+00:00,cam02,Janpath,Ahmedabad,—,TR01M1K1RR04G186JS5XWVGGY209,car,TENTATIVE,0.524,0,410,247,549,,
2026-09-03T07:12:12.453941+00:00,cam02,Janpath,Ahmedabad,—,TR01M1K1RR4ZH1EG66DXE1NFGDNH,vehicle,CONFIRMED,0.341,528,336,624,408,,
2026-09-03T07:12:12.453941+00:00,cam02,Janpath,Ahmedabad,—,TR01M1K1RR4Z008RK5JQDZNW4D9T,car,CONFIRMED,0.805,292,370,500,486,,
2026-09-03T07:12:12.453941+00:00,cam02,Janpath,Ahmedabad,—,TR01M1K1RRHJ51ES06XR6196SJMY,car,TENTATIVE,0.555,1591,431,1701,510,,
2026-09-03T07:12:12.453941+00:00,cam02,Janpath,Ahmedabad,—,TR01M1K1RRV5P1GYNPDNBSSCWB09,car,TENTATIVE,0.563,1763,173,1816,227,,
2026-09-03T07:12:12.553941+00:00,cam02,Janpath,Ahmedabad,—,TR01M1K1RQ6A44J6DHQMA5C13TSV,vehicle,CONFIRMED,0.269,1164,288,1920,1080,,
2026-09-03T07:12:12.553941+00:00,cam02,Janpath,Ahmedabad,—,TR01M1K1RQ6AB3CRST0732W88JQC,car,CONFIRMED,0.799,1480,374,1571,485,,
2026-09-03T07:12:12.553941+00:00,cam02,Janpath,Ahmedabad,—,TR01M1K1RQ6AE53FZRZZV4AEEVWZ,car,CONFIRMED,0.733,0,329,56,400,,
2026-09-03T07:12:12.553941+00:00,cam02,Janpath,Ahmedabad,—,TR01M1K1RQ6AFSDR74D9NJVX476J,car,CONFIRMED,0.637,1696,341,1780,444,,
2026-09-03T07:12:12.553941+00:00,cam02,Janpath,Ahmedabad,—,TR01M1K1RQ6A3D27WW6PK2Z4DN6K,truck,CONFIRMED,0.545,1696,341,1780,444,,
2026-09-03T07:12:12.553941+00:00,cam02,Janpath,Ahmedabad,—,TR01M1K1RQAHCK3EF20SNMGF8FBC,vehicle,CONFIRMED,0.310,1476,300,1644,432,,
2026-09-03T07:12:12.553941+00:00,cam02,Janpath,Ahmedabad,—,TR01M1K1RQFCQV0ZFJVTCY9P207M,car,CONFIRMED,0.872,1389,336,1502,419,,
2026-09-03T07:12:12.553941+00:00,cam02,Janpath,Ahmedabad,—,TR01M1K1RQFC6TKA0HG01GWF09EN,bus,CONFIRMED,0.445,1728,521,1915,674,,
2026-09-03T07:12:12.553941+00:00,cam02,Janpath,Ahmedabad,—,TR01M1K1RQFC9XAAPMVRYZHJ996B,truck,CONFIRMED,0.506,1480,373,1571,486,,
2026-09-03T07:12:12.553941+00:00,cam02,Janpath,Ahmedabad,—,TR01M1K1RQM2SH43NRF0KK525VKV,truck,CONFIRMED,0.479,1728,521,1915,674,,
2026-09-03T07:12:12.553941+00:00,cam02,Janpath,Ahmedabad,—,TR01M1K1RQVBQY3BQSEFXMBH1X77,car,CONFIRMED,0.727,1808,274,1860,336,,
2026-09-03T07:12:12.553941+00:00,cam02,Janpath,Ahmedabad,—,TR01M1K1RR04D99VN24MCJ00RM35,car,TENTATIVE,0.722,0,410,247,550,,
2026-09-03T07:12:12.553941+00:00,cam02,Janpath,Ahmedabad,—,TR01M1K1RR04G186JS5XWVGGY209,car,TENTATIVE,0.524,0,410,247,549,,
2026-09-03T07:12:12.553941+00:00,cam02,Janpath,Ahmedabad,—,TR01M1K1RR4ZH1EG66DXE1NFGDNH,vehicle,CONFIRMED,0.341,528,336,624,408,,
2026-09-03T07:12:12.553941+00:00,cam02,Janpath,Ahmedabad,—,TR01M1K1RR4Z008RK5JQDZNW4D9T,car,CONFIRMED,0.805,292,370,500,486,,
2026-09-03T07:12:12.553941+00:00,cam02,Janpath,Ahmedabad,—,TR01M1K1RRHJ51ES06XR6196SJMY,car,TENTATIVE,0.555,1591,431,1701,510,,
2026-09-03T07:12:12.553941+00:00,cam02,Janpath,Ahmedabad,—,TR01M1K1RRV5P1GYNPDNBSSCWB09,car,CONFIRMED,0.486,1761,170,1826,229,,
2026-09-03T07:12:12.653941+00:00,cam02,Janpath,Ahmedabad,—,TR01M1K1RQ6A44J6DHQMA5C13TSV,vehicle,CONFIRMED,0.261,1164,348,1920,1080,,
2026-09-03T07:12:12.653941+00:00,cam02,Janpath,Ahmedabad,—,TR01M1K1RQ6AB3CRST0732W88JQC,car,CONFIRMED,0.617,1469,378,1560,495,,
2026-09-03T07:12:12.653941+00:00,cam02,Janpath,Ahmedabad,—,TR01M1K1RQ6AE53FZRZZV4AEEVWZ,car,CONFIRMED,0.728,0,329,56,400,,
2026-09-03T07:12:12.653941+00:00,cam02,Janpath,Ahmedabad,—,TR01M1K1RQ6AFSDR74D9NJVX476J,truck,CONFIRMED,0.782,1690,340,1776,452,,
2026-09-03T07:12:12.653941+00:00,cam02,Janpath,Ahmedabad,—,TR01M1K1RQ6A3D27WW6PK2Z4DN6K,car,CONFIRMED,0.449,1690,340,1776,452,,
2026-09-03T07:12:12.653941+00:00,cam02,Janpath,Ahmedabad,—,TR01M1K1RQAHCK3EF20SNMGF8FBC,vehicle,CONFIRMED,0.310,1476,300,1644,432,,
2026-09-03T07:12:12.653941+00:00,cam02,Janpath,Ahmedabad,—,TR01M1K1RQFCQV0ZFJVTCY9P207M,car,CONFIRMED,0.899,1374,340,1492,426,,
2026-09-03T07:12:12.653941+00:00,cam02,Janpath,Ahmedabad,—,TR01M1K1RQFC6TKA0HG01GWF09EN,bus,CONFIRMED,0.510,1728,523,1915,673,,
2026-09-03T07:12:12.653941+00:00,cam02,Janpath,Ahmedabad,—,TR01M1K1RQFC9XAAPMVRYZHJ996B,truck,CONFIRMED,0.589,1469,378,1560,495,,
2026-09-03T07:12:12.653941+00:00,cam02,Janpath,Ahmedabad,—,TR01M1K1RQM2SH43NRF0KK525VKV,truck,CONFIRMED,0.504,1728,523,1915,673,,
2026-09-03T07:12:12.653941+00:00,cam02,Janpath,Ahmedabad,—,TR01M1K1RQVBQY3BQSEFXMBH1X77,car,CONFIRMED,0.710,1805,276,1858,338,,
2026-09-03T07:12:12.653941+00:00,cam02,Janpath,Ahmedabad,—,TR01M1K1RR04D99VN24MCJ00RM35,car,TENTATIVE,0.722,0,410,247,550,,
2026-09-03T07:12:12.653941+00:00,cam02,Janpath,Ahmedabad,—,TR01M1K1RR04G186JS5XWVGGY209,car,TENTATIVE,0.524,0,410,247,549,,
2026-09-03T07:12:12.653941+00:00,cam02,Janpath,Ahmedabad,—,TR01M1K1RR4ZH1EG66DXE1NFGDNH,vehicle,CONFIRMED,0.341,528,336,624,408,,
2026-09-03T07:12:12.653941+00:00,cam02,Janpath,Ahmedabad,—,TR01M1K1RR4Z008RK5JQDZNW4D9T,car,CONFIRMED,0.805,292,370,500,486,,
2026-09-03T07:12:12.653941+00:00,cam02,Janpath,Ahmedabad,—,TR01M1K1RRHJ51ES06XR6196SJMY,car,TENTATIVE,0.555,1591,431,1701,510,,
2026-09-03T07:12:12.653941+00:00,cam02,Janpath,Ahmedabad,—,TR01M1K1RRV5P1GYNPDNBSSCWB09,car,CONFIRMED,0.480,1758,172,1817,229,,
2026-09-03T07:12:12.833941+00:00,cam02,Janpath,Ahmedabad,—,TR01M1K1RQ6A44J6DHQMA5C13TSV,vehicle,CONFIRMED,0.258,1164,372,1920,1080,,
2026-09-03T07:12:12.833941+00:00,cam02,Janpath,Ahmedabad,—,TR01M1K1RQ6AB3CRST0732W88JQC,truck,CONFIRMED,0.539,1446,390,1541,510,,
2026-09-03T07:12:12.833941+00:00,cam02,Janpath,Ahmedabad,—,TR01M1K1RQ6AE53FZRZZV4AEEVWZ,car,CONFIRMED,0.737,0,329,56,400,,
2026-09-03T07:12:12.833941+00:00,cam02,Janpath,Ahmedabad,—,TR01M1K1RQ6AFSDR74D9NJVX476J,truck,CONFIRMED,0.605,1678,349,1772,457,,
2026-09-03T07:12:12.833941+00:00,cam02,Janpath,Ahmedabad,—,TR01M1K1RQ6A3D27WW6PK2Z4DN6K,car,CONFIRMED,0.709,1678,349,1772,457,,
2026-09-03T07:12:12.833941+00:00,cam02,Janpath,Ahmedabad,—,TR01M1K1RQAHCK3EF20SNMGF8FBC,bicycle,CONFIRMED,0.400,1535,565,1606,676,,
2026-09-03T07:12:12.833941+00:00,cam02,Janpath,Ahmedabad,—,TR01M1K1RQFCQV0ZFJVTCY9P207M,car,CONFIRMED,0.869,1348,350,1473,439,,
2026-09-03T07:12:12.833941+00:00,cam02,Janpath,Ahmedabad,—,TR01M1K1RQFC6TKA0HG01GWF09EN,truck,CONFIRMED,0.538,1728,524,1916,673,,
2026-09-03T07:12:12.833941+00:00,cam02,Janpath,Ahmedabad,—,TR01M1K1RQFC9XAAPMVRYZHJ996B,car,CONFIRMED,0.761,1445,390,1541,510,,
2026-09-03T07:12:12.833941+00:00,cam02,Janpath,Ahmedabad,—,TR01M1K1RQM2SH43NRF0KK525VKV,bus,CONFIRMED,0.594,1728,524,1916,673,,
2026-09-03T07:12:12.833941+00:00,cam02,Janpath,Ahmedabad,—,TR01M1K1RQVBQY3BQSEFXMBH1X77,car,CONFIRMED,0.636,1799,278,1855,342,,
2026-09-03T07:12:12.833941+00:00,cam02,Janpath,Ahmedabad,—,TR01M1K1RR4ZH1EG66DXE1NFGDNH,vehicle,CONFIRMED,0.341,528,336,624,408,,
2026-09-03T07:12:12.833941+00:00,cam02,Janpath,Ahmedabad,—,TR01M1K1RR4Z008RK5JQDZNW4D9T,car,CONFIRMED,0.805,292,370,500,486,,
2026-09-03T07:12:12.833941+00:00,cam02,Janpath,Ahmedabad,—,TR01M1K1RRHJ51ES06XR6196SJMY,car,TENTATIVE,0.555,1591,431,1701,510,,
2026-09-03T07:12:12.833941+00:00,cam02,Janpath,Ahmedabad,—,TR01M1K1RRV5P1GYNPDNBSSCWB09,car,CONFIRMED,0.420,1756,167,1840,231,,
2026-09-03T07:12:12.833941+00:00,cam02,Janpath,Ahmedabad,—,TR01M1K1RSR379P6CWNMKH31EPPX,car,TENTATIVE,0.666,753,304,880,353,,
2026-09-03T07:12:13.153941+00:00,cam02,Janpath,Ahmedabad,—,TR01M1K1RQ6A44J6DHQMA5C13TSV,vehicle,CONFIRMED,0.266,1164,360,1920,1080,,
2026-09-03T07:12:13.153941+00:00,cam02,Janpath,Ahmedabad,—,TR01M1K1RQ6AB3CRST0732W88JQC,car,CONFIRMED,0.534,1389,417,1498,549,,
2026-09-03T07:12:13.153941+00:00,cam02,Janpath,Ahmedabad,—,TR01M1K1RQ6AE53FZRZZV4AEEVWZ,car,CONFIRMED,0.825,0,328,56,399,,
2026-09-03T07:12:13.153941+00:00,cam02,Janpath,Ahmedabad,—,TR01M1K1RQ6AFSDR74D9NJVX476J,truck,CONFIRMED,0.654,1647,364,1743,479,,
2026-09-03T07:12:13.153941+00:00,cam02,Janpath,Ahmedabad,—,TR01M1K1RQ6A3D27WW6PK2Z4DN6K,truck,CONFIRMED,0.426,1647,364,1743,478,,
2026-09-03T07:12:13.153941+00:00,cam02,Janpath,Ahmedabad,—,TR01M1K1RQAHCK3EF20SNMGF8FBC,bicycle,CONFIRMED,0.400,1535,565,1606,676,,
2026-09-03T07:12:13.153941+00:00,cam02,Janpath,Ahmedabad,—,TR01M1K1RQFCQV0ZFJVTCY9P207M,truck,CONFIRMED,0.528,1289,370,1429,471,,
2026-09-03T07:12:13.153941+00:00,cam02,Janpath,Ahmedabad,—,TR01M1K1RQFC6TKA0HG01GWF09EN,truck,CONFIRMED,0.538,1728,524,1916,673,,
2026-09-03T07:12:13.153941+00:00,cam02,Janpath,Ahmedabad,—,TR01M1K1RQFC9XAAPMVRYZHJ996B,truck,CONFIRMED,0.576,1389,417,1498,549,,
2026-09-03T07:12:13.153941+00:00,cam02,Janpath,Ahmedabad,—,TR01M1K1RQM2SH43NRF0KK525VKV,bus,CONFIRMED,0.594,1728,524,1916,673,,
2026-09-03T07:12:13.153941+00:00,cam02,Janpath,Ahmedabad,—,TR01M1K1RQVBQY3BQSEFXMBH1X77,truck,CONFIRMED,0.587,1786,288,1845,355,,
2026-09-03T07:12:13.153941+00:00,cam02,Janpath,Ahmedabad,—,TR01M1K1RR4ZH1EG66DXE1NFGDNH,vehicle,CONFIRMED,0.341,528,336,624,408,,
2026-09-03T07:12:13.153941+00:00,cam02,Janpath,Ahmedabad,—,TR01M1K1RR4Z008RK5JQDZNW4D9T,car,CONFIRMED,0.805,292,370,500,486,,
2026-09-03T07:12:13.153941+00:00,cam02,Janpath,Ahmedabad,—,TR01M1K1RRHJ51ES06XR6196SJMY,car,TENTATIVE,0.555,1591,431,1701,510,,
2026-09-03T07:12:13.153941+00:00,cam02,Janpath,Ahmedabad,—,TR01M1K1RRV5P1GYNPDNBSSCWB09,car,CONFIRMED,0.420,1756,167,1840,231,,
2026-09-03T07:12:13.153941+00:00,cam02,Janpath,Ahmedabad,—,TR01M1K1RSR379P6CWNMKH31EPPX,car,TENTATIVE,0.666,753,304,880,353,,
2026-09-03T07:12:13.153941+00:00,cam02,Janpath,Ahmedabad,—,TR01M1K1RSWH16ZAAFW436MYF9WR,car,TENTATIVE,0.821,1290,370,1428,472,,
2026-09-03T07:12:13.153941+00:00,cam02,Janpath,Ahmedabad,—,TR01M1K1RSWHJX38WD1JV2DWZX6S,car,TENTATIVE,0.795,1747,207,1790,234,,
2026-09-03T07:12:13.153941+00:00,cam02,Janpath,Ahmedabad,—,TR01M1K1RSWHEP3Q3EGWTJGJ395K,car,TENTATIVE,0.775,848,292,953,330,,
2026-09-03T07:12:13.153941+00:00,cam02,Janpath,Ahmedabad,—,TR01M1K1RSWH0QBJCWV3P66S7NQF,car,TENTATIVE,0.549,1786,288,1845,355,,
2026-09-03T07:12:13.493941+00:00,cam02,Janpath,Ahmedabad,—,TR01M1K1RQ6A44J6DHQMA5C13TSV,vehicle,CONFIRMED,0.275,1176,396,1920,1080,,
2026-09-03T07:12:13.493941+00:00,cam02,Janpath,Ahmedabad,—,TR01M1K1RQ6AB3CRST0732W88JQC,truck,CONFIRMED,0.818,1323,444,1445,589,,
2026-09-03T07:12:13.493941+00:00,cam02,Janpath,Ahmedabad,—,TR01M1K1RQ6AE53FZRZZV4AEEVWZ,car,CONFIRMED,0.803,0,328,57,399,,
2026-09-03T07:12:13.493941+00:00,cam02,Janpath,Ahmedabad,—,TR01M1K1RQ6AFSDR74D9NJVX476J,truck,CONFIRMED,0.812,1611,378,1723,498,,
2026-09-03T07:12:13.493941+00:00,cam02,Janpath,Ahmedabad,—,TR01M1K1RQ6A3D27WW6PK2Z4DN6K,truck,CONFIRMED,0.426,1647,364,1743,478,,
2026-09-03T07:12:13.493941+00:00,cam02,Janpath,Ahmedabad,—,TR01M1K1RQAHCK3EF20SNMGF8FBC,bicycle,CONFIRMED,0.400,1535,565,1606,676,,
2026-09-03T07:12:13.493941+00:00,cam02,Janpath,Ahmedabad,—,TR01M1K1RQFCQV0ZFJVTCY9P207M,car,CONFIRMED,0.703,1219,401,1374,504,,
2026-09-03T07:12:13.493941+00:00,cam02,Janpath,Ahmedabad,—,TR01M1K1RQFC6TKA0HG01GWF09EN,truck,CONFIRMED,0.538,1728,524,1916,673,,
2026-09-03T07:12:13.493941+00:00,cam02,Janpath,Ahmedabad,—,TR01M1K1RQFC9XAAPMVRYZHJ996B,car,CONFIRMED,0.413,1322,445,1443,588,,
2026-09-03T07:12:13.493941+00:00,cam02,Janpath,Ahmedabad,—,TR01M1K1RQM2SH43NRF0KK525VKV,truck,CONFIRMED,0.685,1729,526,1915,676,,
2026-09-03T07:12:13.493941+00:00,cam02,Janpath,Ahmedabad,—,TR01M1K1RQVBQY3BQSEFXMBH1X77,truck,CONFIRMED,0.687,1774,297,1833,368,,
2026-09-03T07:12:13.493941+00:00,cam02,Janpath,Ahmedabad,—,TR01M1K1RR4ZH1EG66DXE1NFGDNH,vehicle,CONFIRMED,0.341,528,336,624,408,,
2026-09-03T07:12:13.493941+00:00,cam02,Janpath,Ahmedabad,—,TR01M1K1RRV5P1GYNPDNBSSCWB09,car,CONFIRMED,0.420,1756,167,1840,231,,
2026-09-03T07:12:13.493941+00:00,cam02,Janpath,Ahmedabad,—,TR01M1K1RSR379P6CWNMKH31EPPX,car,TENTATIVE,0.666,753,304,880,353,,
2026-09-03T07:12:13.493941+00:00,cam02,Janpath,Ahmedabad,—,TR01M1K1RSWH16ZAAFW436MYF9WR,car,TENTATIVE,0.821,1290,370,1428,472,,
2026-09-03T07:12:13.493941+00:00,cam02,Janpath,Ahmedabad,—,TR01M1K1RSWHJX38WD1JV2DWZX6S,car,CONFIRMED,0.698,1742,205,1785,237,,
2026-09-03T07:12:13.493941+00:00,cam02,Janpath,Ahmedabad,—,TR01M1K1RSWHEP3Q3EGWTJGJ395K,car,TENTATIVE,0.775,848,292,953,330,,
2026-09-03T07:12:13.493941+00:00,cam02,Janpath,Ahmedabad,—,TR01M1K1RSWH0QBJCWV3P66S7NQF,car,CONFIRMED,0.463,1774,297,1833,368,,
2026-09-03T07:12:13.493941+00:00,cam02,Janpath,Ahmedabad,—,TR01M1K1RT1569HKESZ087DJSJ14,car,TENTATIVE,0.702,931,280,1027,314,,
2026-09-03T07:12:13.493941+00:00,cam02,Janpath,Ahmedabad,—,TR01M1K1RT15S6M8B5VT690HNFKN,truck,TENTATIVE,0.536,1219,401,1374,504,,
2026-09-03T07:12:13.593941+00:00,cam02,Janpath,Ahmedabad,—,TR01M1K1RQ6A44J6DHQMA5C13TSV,vehicle,CONFIRMED,0.259,1176,396,1920,1080,,
2026-09-03T07:12:13.593941+00:00,cam02,Janpath,Ahmedabad,—,TR01M1K1RQ6AB3CRST0732W88JQC,car,CONFIRMED,0.454,1300,456,1426,607,,
2026-09-03T07:12:13.593941+00:00,cam02,Janpath,Ahmedabad,—,TR01M1K1RQ6AE53FZRZZV4AEEVWZ,car,CONFIRMED,0.807,0,328,57,399,,
2026-09-03T07:12:13.593941+00:00,cam02,Janpath,Ahmedabad,—,TR01M1K1RQ6AFSDR74D9NJVX476J,truck,CONFIRMED,0.824,1600,383,1707,503,,
2026-09-03T07:12:13.593941+00:00,cam02,Janpath,Ahmedabad,—,TR01M1K1RQ6A3D27WW6PK2Z4DN6K,truck,CONFIRMED,0.842,1604,382,1713,500,,
2026-09-03T07:12:13.593941+00:00,cam02,Janpath,Ahmedabad,—,TR01M1K1RQAHCK3EF20SNMGF8FBC,bicycle,CONFIRMED,0.400,1535,565,1606,676,,
2026-09-03T07:12:13.593941+00:00,cam02,Janpath,Ahmedabad,—,TR01M1K1RQFCQV0ZFJVTCY9P207M,truck,CONFIRMED,0.531,1199,405,1358,513,,
2026-09-03T07:12:13.593941+00:00,cam02,Janpath,Ahmedabad,—,TR01M1K1RQFC6TKA0HG01GWF09EN,truck,CONFIRMED,0.538,1728,524,1916,673,,
2026-09-03T07:12:13.593941+00:00,cam02,Janpath,Ahmedabad,—,TR01M1K1RQFC9XAAPMVRYZHJ996B,truck,CONFIRMED,0.834,1300,454,1428,607,,
2026-09-03T07:12:13.593941+00:00,cam02,Janpath,Ahmedabad,—,TR01M1K1RQM2SH43NRF0KK525VKV,truck,CONFIRMED,0.653,1728,526,1915,676,,
2026-09-03T07:12:13.593941+00:00,cam02,Janpath,Ahmedabad,—,TR01M1K1RQVBQY3BQSEFXMBH1X77,vehicle,CONFIRMED,0.412,1776,300,1836,384,,
2026-09-03T07:12:13.593941+00:00,cam02,Janpath,Ahmedabad,—,TR01M1K1RRV5P1GYNPDNBSSCWB09,car,CONFIRMED,0.420,1756,167,1840,231,,
2026-09-03T07:12:13.593941+00:00,cam02,Janpath,Ahmedabad,—,TR01M1K1RSR379P6CWNMKH31EPPX,car,TENTATIVE,0.666,753,304,880,353,,
2026-09-03T07:12:13.593941+00:00,cam02,Janpath,Ahmedabad,—,TR01M1K1RSWH16ZAAFW436MYF9WR,car,TENTATIVE,0.821,1290,370,1428,472,,
2026-09-03T07:12:13.593941+00:00,cam02,Janpath,Ahmedabad,—,TR01M1K1RSWHJX38WD1JV2DWZX6S,car,CONFIRMED,0.697,1739,205,1785,239,,
2026-09-03T07:12:13.593941+00:00,cam02,Janpath,Ahmedabad,—,TR01M1K1RSWHEP3Q3EGWTJGJ395K,car,TENTATIVE,0.775,848,292,953,330,,
2026-09-03T07:12:13.593941+00:00,cam02,Janpath,Ahmedabad,—,TR01M1K1RSWH0QBJCWV3P66S7NQF,truck,CONFIRMED,0.733,1768,299,1829,371,,
2026-09-03T07:12:13.593941+00:00,cam02,Janpath,Ahmedabad,—,TR01M1K1RT1569HKESZ087DJSJ14,car,CONFIRMED,0.567,947,278,1028,310,,
2026-09-03T07:12:13.593941+00:00,cam02,Janpath,Ahmedabad,—,TR01M1K1RT15S6M8B5VT690HNFKN,car,CONFIRMED,0.723,1199,405,1358,513,,
2026-09-03T07:12:13.693941+00:00,cam02,Janpath,Ahmedabad,—,TR01M1K1RQ6A44J6DHQMA5C13TSV,vehicle,CONFIRMED,0.253,1176,408,1920,1080,,
2026-09-03T07:12:13.693941+00:00,cam02,Janpath,Ahmedabad,—,TR01M1K1RQ6AB3CRST0732W88JQC,truck,CONFIRMED,0.878,1277,465,1408,612,,
2026-09-03T07:12:13.693941+00:00,cam02,Janpath,Ahmedabad,—,TR01M1K1RQ6AE53FZRZZV4AEEVWZ,car,CONFIRMED,0.794,0,328,57,399,,
2026-09-03T07:12:13.693941+00:00,cam02,Janpath,Ahmedabad,—,TR01M1K1RQ6AFSDR74D9NJVX476J,truck,CONFIRMED,0.838,1589,388,1698,507,,
2026-09-03T07:12:13.693941+00:00,cam02,Janpath,Ahmedabad,—,TR01M1K1RQ6A3D27WW6PK2Z4DN6K,truck,CONFIRMED,0.842,1604,382,1713,500,,
2026-09-03T07:12:13.693941+00:00,cam02,Janpath,Ahmedabad,—,TR01M1K1RQAHCK3EF20SNMGF8FBC,bicycle,CONFIRMED,0.400,1535,565,1606,676,,
2026-09-03T07:12:13.693941+00:00,cam02,Janpath,Ahmedabad,—,TR01M1K1RQFCQV0ZFJVTCY9P207M,car,CONFIRMED,0.558,1173,416,1339,524,,
2026-09-03T07:12:13.693941+00:00,cam02,Janpath,Ahmedabad,—,TR01M1K1RQFC6TKA0HG01GWF09EN,truck,CONFIRMED,0.650,1729,526,1915,676,,
2026-09-03T07:12:13.693941+00:00,cam02,Janpath,Ahmedabad,—,TR01M1K1RQFC9XAAPMVRYZHJ996B,car,CONFIRMED,0.413,1285,461,1414,615,,
2026-09-03T07:12:13.693941+00:00,cam02,Janpath,Ahmedabad,—,TR01M1K1RQM2SH43NRF0KK525VKV,bus,CONFIRMED,0.401,1729,526,1915,676,,
2026-09-03T07:12:13.693941+00:00,cam02,Janpath,Ahmedabad,—,TR01M1K1RQVBQY3BQSEFXMBH1X77,vehicle,CONFIRMED,0.412,1776,300,1836,384,,
2026-09-03T07:12:13.693941+00:00,cam02,Janpath,Ahmedabad,—,TR01M1K1RRV5P1GYNPDNBSSCWB09,car,CONFIRMED,0.420,1756,167,1840,231,,
2026-09-03T07:12:13.693941+00:00,cam02,Janpath,Ahmedabad,—,TR01M1K1RSR379P6CWNMKH31EPPX,car,TENTATIVE,0.666,753,304,880,353,,
2026-09-03T07:12:13.693941+00:00,cam02,Janpath,Ahmedabad,—,TR01M1K1RSWH16ZAAFW436MYF9WR,car,TENTATIVE,0.821,1290,370,1428,472,,
2026-09-03T07:12:13.693941+00:00,cam02,Janpath,Ahmedabad,—,TR01M1K1RSWHJX38WD1JV2DWZX6S,car,CONFIRMED,0.739,1737,206,1781,240,,
2026-09-03T07:12:13.693941+00:00,cam02,Janpath,Ahmedabad,—,TR01M1K1RSWHEP3Q3EGWTJGJ395K,car,TENTATIVE,0.775,848,292,953,330,,
2026-09-03T07:12:13.693941+00:00,cam02,Janpath,Ahmedabad,—,TR01M1K1RSWH0QBJCWV3P66S7NQF,truck,CONFIRMED,0.703,1762,303,1826,375,,
2026-09-03T07:12:13.693941+00:00,cam02,Janpath,Ahmedabad,—,TR01M1K1RT1569HKESZ087DJSJ14,car,CONFIRMED,0.735,976,276,1034,307,,
2026-09-03T07:12:13.693941+00:00,cam02,Janpath,Ahmedabad,—,TR01M1K1RT15S6M8B5VT690HNFKN,truck,CONFIRMED,0.836,1173,415,1339,525,,
2026-09-03T07:12:13.993941+00:00,cam02,Janpath,Ahmedabad,—,TR01M1K1RQ6A44J6DHQMA5C13TSV,vehicle,CONFIRMED,0.247,1104,432,1920,1080,,
2026-09-03T07:12:13.993941+00:00,cam02,Janpath,Ahmedabad,—,TR01M1K1RQ6AB3CRST0732W88JQC,truck,CONFIRMED,0.840,1196,504,1343,687,,
2026-09-03T07:12:13.993941+00:00,cam02,Janpath,Ahmedabad,—,TR01M1K1RQ6AE53FZRZZV4AEEVWZ,car,CONFIRMED,0.821,0,328,57,399,,
2026-09-03T07:12:13.993941+00:00,cam02,Janpath,Ahmedabad,—,TR01M1K1RQ6AFSDR74D9NJVX476J,car,CONFIRMED,0.583,1553,402,1666,523,,
2026-09-03T07:12:13.993941+00:00,cam02,Janpath,Ahmedabad,—,TR01M1K1RQ6A3D27WW6PK2Z4DN6K,truck,CONFIRMED,0.596,1553,402,1666,523,,
2026-09-03T07:12:13.993941+00:00,cam02,Janpath,Ahmedabad,—,TR01M1K1RQAHCK3EF20SNMGF8FBC,bicycle,CONFIRMED,0.400,1535,565,1606,676,,
2026-09-03T07:12:13.993941+00:00,cam02,Janpath,Ahmedabad,—,TR01M1K1RQFCQV0ZFJVTCY9P207M,car,CONFIRMED,0.511,1092,440,1277,559,,
2026-09-03T07:12:13.993941+00:00,cam02,Janpath,Ahmedabad,—,TR01M1K1RQFC6TKA0HG01GWF09EN,truck,CONFIRMED,0.633,1729,526,1915,676,,
2026-09-03T07:12:13.993941+00:00,cam02,Janpath,Ahmedabad,—,TR01M1K1RQFC9XAAPMVRYZHJ996B,car,CONFIRMED,0.492,1195,505,1343,687,,
2026-09-03T07:12:13.993941+00:00,cam02,Janpath,Ahmedabad,—,TR01M1K1RQM2SH43NRF0KK525VKV,bus,CONFIRMED,0.719,1728,526,1916,675,,
2026-09-03T07:12:13.993941+00:00,cam02,Janpath,Ahmedabad,—,TR01M1K1RQVBQY3BQSEFXMBH1X77,vehicle,CONFIRMED,0.412,1776,300,1836,384,,
2026-09-03T07:12:13.993941+00:00,cam02,Janpath,Ahmedabad,—,TR01M1K1RRV5P1GYNPDNBSSCWB09,car,CONFIRMED,0.420,1756,167,1840,231,,
2026-09-03T07:12:13.993941+00:00,cam02,Janpath,Ahmedabad,—,TR01M1K1RSR379P6CWNMKH31EPPX,car,TENTATIVE,0.666,753,304,880,353,,
2026-09-03T07:12:13.993941+00:00,cam02,Janpath,Ahmedabad,—,TR01M1K1RSWH16ZAAFW436MYF9WR,car,TENTATIVE,0.821,1290,370,1428,472,,
2026-09-03T07:12:13.993941+00:00,cam02,Janpath,Ahmedabad,—,TR01M1K1RSWHJX38WD1JV2DWZX6S,car,CONFIRMED,0.738,1731,206,1775,244,,
2026-09-03T07:12:13.993941+00:00,cam02,Janpath,Ahmedabad,—,TR01M1K1RSWHEP3Q3EGWTJGJ395K,car,TENTATIVE,0.775,848,292,953,330,,
2026-09-03T07:12:13.993941+00:00,cam02,Janpath,Ahmedabad,—,TR01M1K1RSWH0QBJCWV3P66S7NQF,truck,CONFIRMED,0.745,1747,312,1813,390,,
2026-09-03T07:12:13.993941+00:00,cam02,Janpath,Ahmedabad,—,TR01M1K1RT1569HKESZ087DJSJ14,car,CONFIRMED,0.735,976,276,1034,307,,
2026-09-03T07:12:13.993941+00:00,cam02,Janpath,Ahmedabad,—,TR01M1K1RT15S6M8B5VT690HNFKN,truck,CONFIRMED,0.770,1093,440,1278,560,,
2026-09-03T07:12:14.253941+00:00,cam02,Janpath,Ahmedabad,—,TR01M1K1RQ6A44J6DHQMA5C13TSV,vehicle,CONFIRMED,0.244,1020,420,1920,1080,,
2026-09-03T07:12:14.253941+00:00,cam02,Janpath,Ahmedabad,—,TR01M1K1RQ6AB3CRST0732W88JQC,truck,CONFIRMED,0.554,1110,545,1280,753,,
2026-09-03T07:12:14.253941+00:00,cam02,Janpath,Ahmedabad,—,TR01M1K1RQ6AE53FZRZZV4AEEVWZ,car,CONFIRMED,0.628,0,327,56,400,,
2026-09-03T07:12:14.253941+00:00,cam02,Janpath,Ahmedabad,—,TR01M1K1RQ6AFSDR74D9NJVX476J,car,CONFIRMED,0.401,1519,416,1637,540,,
2026-09-03T07:12:14.253941+00:00,cam02,Janpath,Ahmedabad,—,TR01M1K1RQ6A3D27WW6PK2Z4DN6K,truck,CONFIRMED,0.752,1519,416,1638,541,,
2026-09-03T07:12:14.253941+00:00,cam02,Janpath,Ahmedabad,—,TR01M1K1RQAHCK3EF20SNMGF8FBC,bicycle,CONFIRMED,0.400,1535,565,1606,676,,
2026-09-03T07:12:14.253941+00:00,cam02,Janpath,Ahmedabad,—,TR01M1K1RQFCQV0ZFJVTCY9P207M,truck,CONFIRMED,0.496,1010,466,1217,602,,
2026-09-03T07:12:14.253941+00:00,cam02,Janpath,Ahmedabad,—,TR01M1K1RQFC6TKA0HG01GWF09EN,truck,CONFIRMED,0.510,1731,524,1918,675,,
2026-09-03T07:12:14.253941+00:00,cam02,Janpath,Ahmedabad,—,TR01M1K1RQFC9XAAPMVRYZHJ996B,car,CONFIRMED,0.601,1110,545,1280,753,,
2026-09-03T07:12:14.253941+00:00,cam02,Janpath,Ahmedabad,—,TR01M1K1RQM2SH43NRF0KK525VKV,bus,CONFIRMED,0.537,1731,524,1918,675,,
2026-09-03T07:12:14.253941+00:00,cam02,Janpath,Ahmedabad,—,TR01M1K1RQVBQY3BQSEFXMBH1X77,vehicle,CONFIRMED,0.412,1776,300,1836,384,,
2026-09-03T07:12:14.253941+00:00,cam02,Janpath,Ahmedabad,—,TR01M1K1RRV5P1GYNPDNBSSCWB09,car,CONFIRMED,0.420,1756,167,1840,231,,
2026-09-03T07:12:14.253941+00:00,cam02,Janpath,Ahmedabad,—,TR01M1K1RSR379P6CWNMKH31EPPX,car,TENTATIVE,0.666,753,304,880,353,,
2026-09-03T07:12:14.253941+00:00,cam02,Janpath,Ahmedabad,—,TR01M1K1RSWH16ZAAFW436MYF9WR,car,TENTATIVE,0.821,1290,370,1428,472,,
2026-09-03T07:12:14.253941+00:00,cam02,Janpath,Ahmedabad,—,TR01M1K1RSWHJX38WD1JV2DWZX6S,car,CONFIRMED,0.763,1723,211,1768,248,,
2026-09-03T07:12:14.253941+00:00,cam02,Janpath,Ahmedabad,—,TR01M1K1RSWHEP3Q3EGWTJGJ395K,car,TENTATIVE,0.775,848,292,953,330,,
2026-09-03T07:12:14.253941+00:00,cam02,Janpath,Ahmedabad,—,TR01M1K1RSWH0QBJCWV3P66S7NQF,truck,CONFIRMED,0.636,1733,320,1802,402,,
2026-09-03T07:12:14.253941+00:00,cam02,Janpath,Ahmedabad,—,TR01M1K1RT1569HKESZ087DJSJ14,car,CONFIRMED,0.735,976,276,1034,307,,
2026-09-03T07:12:14.253941+00:00,cam02,Janpath,Ahmedabad,—,TR01M1K1RT15S6M8B5VT690HNFKN,car,CONFIRMED,0.884,1011,466,1216,602,,
2026-09-03T07:12:14.253941+00:00,cam02,Janpath,Ahmedabad,—,TR01M1K1RV5P8APTZBTY3QSMQDRR,car,TENTATIVE,0.581,1733,320,1802,402,,
2026-09-03T07:12:14.353941+00:00,cam02,Janpath,Ahmedabad,—,TR01M1K1RQ6A44J6DHQMA5C13TSV,vehicle,CONFIRMED,0.240,984,432,1920,1080,,
2026-09-03T07:12:14.353941+00:00,cam02,Janpath,Ahmedabad,—,TR01M1K1RQ6AB3CRST0732W88JQC,truck,CONFIRMED,0.554,1110,545,1280,753,,
2026-09-03T07:12:14.353941+00:00,cam02,Janpath,Ahmedabad,—,TR01M1K1RQ6AE53FZRZZV4AEEVWZ,car,CONFIRMED,0.628,0,327,56,400,,
2026-09-03T07:12:14.353941+00:00,cam02,Janpath,Ahmedabad,—,TR01M1K1RQ6AFSDR74D9NJVX476J,car,CONFIRMED,0.477,1506,423,1632,559,,
2026-09-03T07:12:14.353941+00:00,cam02,Janpath,Ahmedabad,—,TR01M1K1RQ6A3D27WW6PK2Z4DN6K,truck,CONFIRMED,0.567,1506,423,1632,559,,
2026-09-03T07:12:14.353941+00:00,cam02,Janpath,Ahmedabad,—,TR01M1K1RQFCQV0ZFJVTCY9P207M,truck,CONFIRMED,0.485,974,477,1189,623,,
2026-09-03T07:12:14.353941+00:00,cam02,Janpath,Ahmedabad,—,TR01M1K1RQFC6TKA0HG01GWF09EN,bus,CONFIRMED,0.476,1729,523,1918,675,,
2026-09-03T07:12:14.353941+00:00,cam02,Janpath,Ahmedabad,—,TR01M1K1RQFC9XAAPMVRYZHJ996B,car,CONFIRMED,0.672,1071,564,1248,783,,
2026-09-03T07:12:14.353941+00:00,cam02,Janpath,Ahmedabad,—,TR01M1K1RQM2SH43NRF0KK525VKV,truck,CONFIRMED,0.459,1729,523,1918,675,,
2026-09-03T07:12:14.353941+00:00,cam02,Janpath,Ahmedabad,—,TR01M1K1RQVBQY3BQSEFXMBH1X77,vehicle,CONFIRMED,0.412,1776,300,1836,384,,
2026-09-03T07:12:14.353941+00:00,cam02,Janpath,Ahmedabad,—,TR01M1K1RSWH16ZAAFW436MYF9WR,car,TENTATIVE,0.821,1290,370,1428,472,,
2026-09-03T07:12:14.353941+00:00,cam02,Janpath,Ahmedabad,—,TR01M1K1RSWHJX38WD1JV2DWZX6S,car,CONFIRMED,0.713,1720,212,1766,250,,
2026-09-03T07:12:14.353941+00:00,cam02,Janpath,Ahmedabad,—,TR01M1K1RSWHEP3Q3EGWTJGJ395K,car,TENTATIVE,0.775,848,292,953,330,,
2026-09-03T07:12:14.353941+00:00,cam02,Janpath,Ahmedabad,—,TR01M1K1RSWH0QBJCWV3P66S7NQF,truck,CONFIRMED,0.664,1726,323,1795,407,,
2026-09-03T07:12:14.353941+00:00,cam02,Janpath,Ahmedabad,—,TR01M1K1RT1569HKESZ087DJSJ14,car,CONFIRMED,0.735,976,276,1034,307,,
2026-09-03T07:12:14.353941+00:00,cam02,Janpath,Ahmedabad,—,TR01M1K1RT15S6M8B5VT690HNFKN,car,CONFIRMED,0.879,976,477,1189,622,,
2026-09-03T07:12:14.353941+00:00,cam02,Janpath,Ahmedabad,—,TR01M1K1RV5P8APTZBTY3QSMQDRR,car,CONFIRMED,0.558,1726,323,1795,407,,
2026-09-03T07:12:14.533941+00:00,cam02,Janpath,Ahmedabad,—,TR01M1K1RQ6A44J6DHQMA5C13TSV,vehicle,CONFIRMED,0.241,912,468,1920,1080,,
2026-09-03T07:12:14.533941+00:00,cam02,Janpath,Ahmedabad,—,TR01M1K1RQ6AB3CRST0732W88JQC,truck,CONFIRMED,0.513,1003,598,1196,835,,
2026-09-03T07:12:14.533941+00:00,cam02,Janpath,Ahmedabad,—,TR01M1K1RQ6AE53FZRZZV4AEEVWZ,car,CONFIRMED,0.628,0,327,56,400,,
2026-09-03T07:12:14.533941+00:00,cam02,Janpath,Ahmedabad,—,TR01M1K1RQ6AFSDR74D9NJVX476J,car,CONFIRMED,0.571,1486,428,1612,561,,
2026-09-03T07:12:14.533941+00:00,cam02,Janpath,Ahmedabad,—,TR01M1K1RQ6A3D27WW6PK2Z4DN6K,truck,CONFIRMED,0.668,1486,428,1612,561,,
2026-09-03T07:12:14.533941+00:00,cam02,Janpath,Ahmedabad,—,TR01M1K1RQFCQV0ZFJVTCY9P207M,car,CONFIRMED,0.900,910,500,1141,652,,
2026-09-03T07:12:14.533941+00:00,cam02,Janpath,Ahmedabad,—,TR01M1K1RQFC6TKA0HG01GWF09EN,bus,CONFIRMED,0.476,1729,523,1918,675,,
2026-09-03T07:12:14.533941+00:00,cam02,Janpath,Ahmedabad,—,TR01M1K1RQFC9XAAPMVRYZHJ996B,car,CONFIRMED,0.690,1003,598,1196,835,,
2026-09-03T07:12:14.533941+00:00,cam02,Janpath,Ahmedabad,—,TR01M1K1RQM2SH43NRF0KK525VKV,bus,CONFIRMED,0.442,1736,523,1918,674,,
2026-09-03T07:12:14.533941+00:00,cam02,Janpath,Ahmedabad,—,TR01M1K1RQVBQY3BQSEFXMBH1X77,vehicle,CONFIRMED,0.412,1776,300,1836,384,,
2026-09-03T07:12:14.533941+00:00,cam02,Janpath,Ahmedabad,—,TR01M1K1RSWH16ZAAFW436MYF9WR,car,TENTATIVE,0.821,1290,370,1428,472,,
2026-09-03T07:12:14.533941+00:00,cam02,Janpath,Ahmedabad,—,TR01M1K1RSWHJX38WD1JV2DWZX6S,car,CONFIRMED,0.772,1716,214,1763,252,,
2026-09-03T07:12:14.533941+00:00,cam02,Janpath,Ahmedabad,—,TR01M1K1RSWHEP3Q3EGWTJGJ395K,car,TENTATIVE,0.775,848,292,953,330,,
2026-09-03T07:12:14.533941+00:00,cam02,Janpath,Ahmedabad,—,TR01M1K1RSWH0QBJCWV3P66S7NQF,truck,CONFIRMED,0.644,1715,327,1789,416,,
2026-09-03T07:12:14.533941+00:00,cam02,Janpath,Ahmedabad,—,TR01M1K1RT1569HKESZ087DJSJ14,car,CONFIRMED,0.735,976,276,1034,307,,
2026-09-03T07:12:14.533941+00:00,cam02,Janpath,Ahmedabad,—,TR01M1K1RT15S6M8B5VT690HNFKN,truck,CONFIRMED,0.433,909,499,1141,653,,
2026-09-03T07:12:14.533941+00:00,cam02,Janpath,Ahmedabad,—,TR01M1K1RV5P8APTZBTY3QSMQDRR,car,CONFIRMED,0.549,1715,327,1789,416,,
2026-09-03T07:12:14.633941+00:00,cam02,Janpath,Ahmedabad,—,TR01M1K1RQ6A44J6DHQMA5C13TSV,vehicle,CONFIRMED,0.258,1476,360,1920,888,,
2026-09-03T07:12:14.633941+00:00,cam02,Janpath,Ahmedabad,—,TR01M1K1RQ6AB3CRST0732W88JQC,car,CONFIRMED,0.730,952,622,1161,876,,
2026-09-03T07:12:14.633941+00:00,cam02,Janpath,Ahmedabad,—,TR01M1K1RQ6AE53FZRZZV4AEEVWZ,car,CONFIRMED,0.628,0,327,56,400,,
2026-09-03T07:12:14.633941+00:00,cam02,Janpath,Ahmedabad,—,TR01M1K1RQ6AFSDR74D9NJVX476J,truck,CONFIRMED,0.772,1472,436,1601,589,,
2026-09-03T07:12:14.633941+00:00,cam02,Janpath,Ahmedabad,—,TR01M1K1RQ6A3D27WW6PK2Z4DN6K,car,CONFIRMED,0.496,1472,436,1600,580,,
2026-09-03T07:12:14.633941+00:00,cam02,Janpath,Ahmedabad,—,TR01M1K1RQFCQV0ZFJVTCY9P207M,car,CONFIRMED,0.911,861,513,1111,671,,
2026-09-03T07:12:14.633941+00:00,cam02,Janpath,Ahmedabad,—,TR01M1K1RQFC6TKA0HG01GWF09EN,bus,CONFIRMED,0.491,1734,524,1918,672,,
2026-09-03T07:12:14.633941+00:00,cam02,Janpath,Ahmedabad,—,TR01M1K1RQFC9XAAPMVRYZHJ996B,truck,CONFIRMED,0.423,952,622,1161,876,,
2026-09-03T07:12:14.633941+00:00,cam02,Janpath,Ahmedabad,—,TR01M1K1RQM2SH43NRF0KK525VKV,truck,CONFIRMED,0.411,1734,524,1918,672,,
2026-09-03T07:12:14.633941+00:00,cam02,Janpath,Ahmedabad,—,TR01M1K1RQVBQY3BQSEFXMBH1X77,vehicle,CONFIRMED,0.412,1776,300,1836,384,,
2026-09-03T07:12:14.633941+00:00,cam02,Janpath,Ahmedabad,—,TR01M1K1RSWH16ZAAFW436MYF9WR,car,TENTATIVE,0.821,1290,370,1428,472,,
2026-09-03T07:12:14.633941+00:00,cam02,Janpath,Ahmedabad,—,TR01M1K1RSWHJX38WD1JV2DWZX6S,car,CONFIRMED,0.770,1713,215,1761,255,,
2026-09-03T07:12:14.633941+00:00,cam02,Janpath,Ahmedabad,—,TR01M1K1RSWHEP3Q3EGWTJGJ395K,car,TENTATIVE,0.775,848,292,953,330,,
2026-09-03T07:12:14.633941+00:00,cam02,Janpath,Ahmedabad,—,TR01M1K1RSWH0QBJCWV3P66S7NQF,car,CONFIRMED,0.667,1708,334,1780,421,,
2026-09-03T07:12:14.633941+00:00,cam02,Janpath,Ahmedabad,—,TR01M1K1RT1569HKESZ087DJSJ14,car,CONFIRMED,0.735,976,276,1034,307,,
2026-09-03T07:12:14.633941+00:00,cam02,Janpath,Ahmedabad,—,TR01M1K1RT15S6M8B5VT690HNFKN,vehicle,CONFIRMED,0.343,876,516,1164,912,,
2026-09-03T07:12:14.633941+00:00,cam02,Janpath,Ahmedabad,—,TR01M1K1RV5P8APTZBTY3QSMQDRR,truck,CONFIRMED,0.615,1708,334,1780,421,,
2026-09-03T07:12:14.633941+00:00,cam02,Janpath,Ahmedabad,—,TR01M1K1RVMW3MAM38JDES4QVBE8,truck,CONFIRMED,0.462,1572,554,1791,824,,
2026-09-03T07:12:14.633941+00:00,cam02,Janpath,Ahmedabad,—,TR01M1K1RVMWCVVJFHCCVDKGW95V,car,CONFIRMED,0.421,1572,554,1791,824,,
2026-09-03T07:12:14.793941+00:00,cam02,Janpath,Ahmedabad,—,TR01M1K1RQ6A44J6DHQMA5C13TSV,vehicle,CONFIRMED,0.313,1512,636,1920,888,,
2026-09-03T07:12:14.793941+00:00,cam02,Janpath,Ahmedabad,—,TR01M1K1RQ6AB3CRST0732W88JQC,truck,CONFIRMED,0.521,851,669,1086,953,,
2026-09-03T07:12:14.793941+00:00,cam02,Janpath,Ahmedabad,—,TR01M1K1RQ6AE53FZRZZV4AEEVWZ,car,CONFIRMED,0.628,0,327,56,400,,
2026-09-03T07:12:14.793941+00:00,cam02,Janpath,Ahmedabad,—,TR01M1K1RQ6AFSDR74D9NJVX476J,truck,CONFIRMED,0.736,1447,446,1579,593,,
2026-09-03T07:12:14.793941+00:00,cam02,Janpath,Ahmedabad,—,TR01M1K1RQ6A3D27WW6PK2Z4DN6K,vehicle,CONFIRMED,0.408,1452,456,1584,636,,
2026-09-03T07:12:14.793941+00:00,cam02,Janpath,Ahmedabad,—,TR01M1K1RQFCQV0ZFJVTCY9P207M,car,CONFIRMED,0.924,772,543,1047,719,,
2026-09-03T07:12:14.793941+00:00,cam02,Janpath,Ahmedabad,—,TR01M1K1RQFC6TKA0HG01GWF09EN,truck,CONFIRMED,0.407,1732,524,1917,671,,
2026-09-03T07:12:14.793941+00:00,cam02,Janpath,Ahmedabad,—,TR01M1K1RQFC9XAAPMVRYZHJ996B,car,CONFIRMED,0.775,851,670,1087,954,,
2026-09-03T07:12:14.793941+00:00,cam02,Janpath,Ahmedabad,—,TR01M1K1RQM2SH43NRF0KK525VKV,bus,CONFIRMED,0.495,1731,524,1918,672,,
2026-09-03T07:12:14.793941+00:00,cam02,Janpath,Ahmedabad,—,TR01M1K1RQVBQY3BQSEFXMBH1X77,vehicle,CONFIRMED,0.412,1776,300,1836,384,,
2026-09-03T07:12:14.793941+00:00,cam02,Janpath,Ahmedabad,—,TR01M1K1RSWHJX38WD1JV2DWZX6S,car,CONFIRMED,0.777,1707,219,1756,257,,
2026-09-03T07:12:14.793941+00:00,cam02,Janpath,Ahmedabad,—,TR01M1K1RSWH0QBJCWV3P66S7NQF,truck,CONFIRMED,0.566,1694,342,1770,433,,
2026-09-03T07:12:14.793941+00:00,cam02,Janpath,Ahmedabad,—,TR01M1K1RT1569HKESZ087DJSJ14,car,CONFIRMED,0.735,976,276,1034,307,,
2026-09-03T07:12:14.793941+00:00,cam02,Janpath,Ahmedabad,—,TR01M1K1RT15S6M8B5VT690HNFKN,vehicle,CONFIRMED,0.367,780,552,1080,984,,
2026-09-03T07:12:14.793941+00:00,cam02,Janpath,Ahmedabad,—,TR01M1K1RV5P8APTZBTY3QSMQDRR,car,CONFIRMED,0.533,1694,342,1770,433,,
2026-09-03T07:12:14.793941+00:00,cam02,Janpath,Ahmedabad,—,TR01M1K1RVMW3MAM38JDES4QVBE8,vehicle,CONFIRMED,0.333,1512,648,1920,888,,
2026-09-03T07:12:14.793941+00:00,cam02,Janpath,Ahmedabad,—,TR01M1K1RVMWCVVJFHCCVDKGW95V,car,CONFIRMED,0.421,1572,554,1791,824,,
2026-09-03T07:12:14.953941+00:00,cam02,Janpath,Ahmedabad,—,TR01M1K1RQ6A44J6DHQMA5C13TSV,vehicle,CONFIRMED,0.313,1512,636,1920,888,,
2026-09-03T07:12:14.953941+00:00,cam02,Janpath,Ahmedabad,—,TR01M1K1RQ6AB3CRST0732W88JQC,car,CONFIRMED,0.857,744,722,1008,1002,,
2026-09-03T07:12:14.953941+00:00,cam02,Janpath,Ahmedabad,—,TR01M1K1RQ6AE53FZRZZV4AEEVWZ,car,CONFIRMED,0.628,0,327,56,400,,
2026-09-03T07:12:14.953941+00:00,cam02,Janpath,Ahmedabad,—,TR01M1K1RQ6AFSDR74D9NJVX476J,truck,CONFIRMED,0.833,1424,454,1562,612,,
2026-09-03T07:12:14.953941+00:00,cam02,Janpath,Ahmedabad,—,TR01M1K1RQ6A3D27WW6PK2Z4DN6K,car,CONFIRMED,0.463,1424,455,1561,611,,
2026-09-03T07:12:14.953941+00:00,cam02,Janpath,Ahmedabad,—,TR01M1K1RQFCQV0ZFJVTCY9P207M,car,CONFIRMED,0.922,679,575,982,773,,
2026-09-03T07:12:14.953941+00:00,cam02,Janpath,Ahmedabad,—,TR01M1K1RQFC6TKA0HG01GWF09EN,truck,CONFIRMED,0.407,1732,524,1917,671,,
2026-09-03T07:12:14.953941+00:00,cam02,Janpath,Ahmedabad,—,TR01M1K1RQFC9XAAPMVRYZHJ996B,truck,CONFIRMED,0.605,744,721,1009,1003,,
2026-09-03T07:12:14.953941+00:00,cam02,Janpath,Ahmedabad,—,TR01M1K1RQM2SH43NRF0KK525VKV,bus,CONFIRMED,0.495,1731,524,1918,672,,
2026-09-03T07:12:14.953941+00:00,cam02,Janpath,Ahmedabad,—,TR01M1K1RQVBQY3BQSEFXMBH1X77,vehicle,CONFIRMED,0.412,1776,300,1836,384,,
2026-09-03T07:12:14.953941+00:00,cam02,Janpath,Ahmedabad,—,TR01M1K1RSWHJX38WD1JV2DWZX6S,car,CONFIRMED,0.811,1701,220,1752,260,,
2026-09-03T07:12:14.953941+00:00,cam02,Janpath,Ahmedabad,—,TR01M1K1RSWH0QBJCWV3P66S7NQF,truck,CONFIRMED,0.566,1694,342,1770,433,,
2026-09-03T07:12:14.953941+00:00,cam02,Janpath,Ahmedabad,—,TR01M1K1RT1569HKESZ087DJSJ14,car,CONFIRMED,0.735,976,276,1034,307,,
2026-09-03T07:12:14.953941+00:00,cam02,Janpath,Ahmedabad,—,TR01M1K1RT15S6M8B5VT690HNFKN,vehicle,CONFIRMED,0.377,684,588,1008,1044,,
2026-09-03T07:12:14.953941+00:00,cam02,Janpath,Ahmedabad,—,TR01M1K1RV5P8APTZBTY3QSMQDRR,truck,CONFIRMED,0.768,1681,346,1758,444,,
2026-09-03T07:12:14.953941+00:00,cam02,Janpath,Ahmedabad,—,TR01M1K1RVMW3MAM38JDES4QVBE8,vehicle,CONFIRMED,0.333,1512,648,1920,888,,
2026-09-03T07:12:14.953941+00:00,cam02,Janpath,Ahmedabad,—,TR01M1K1RVMWCVVJFHCCVDKGW95V,car,CONFIRMED,0.421,1572,554,1791,824,,
2026-09-03T07:12:15.153941+00:00,cam02,Janpath,Ahmedabad,—,TR01M1K1RQ6A44J6DHQMA5C13TSV,vehicle,CONFIRMED,0.313,1512,636,1920,888,,
2026-09-03T07:12:15.153941+00:00,cam02,Janpath,Ahmedabad,—,TR01M1K1RQ6AB3CRST0732W88JQC,truck,CONFIRMED,0.490,570,788,890,1076,,
2026-09-03T07:12:15.153941+00:00,cam02,Janpath,Ahmedabad,—,TR01M1K1RQ6AE53FZRZZV4AEEVWZ,car,CONFIRMED,0.547,0,326,55,399,,
2026-09-03T07:12:15.153941+00:00,cam02,Janpath,Ahmedabad,—,TR01M1K1RQ6AFSDR74D9NJVX476J,car,CONFIRMED,0.507,1392,461,1534,649,,
2026-09-03T07:12:15.153941+00:00,cam02,Janpath,Ahmedabad,—,TR01M1K1RQ6A3D27WW6PK2Z4DN6K,truck,CONFIRMED,0.795,1392,460,1535,649,,
2026-09-03T07:12:15.153941+00:00,cam02,Janpath,Ahmedabad,—,TR01M1K1RQFCQV0ZFJVTCY9P207M,car,CONFIRMED,0.912,535,618,887,835,,
2026-09-03T07:12:15.153941+00:00,cam02,Janpath,Ahmedabad,—,TR01M1K1RQFC6TKA0HG01GWF09EN,truck,CONFIRMED,0.407,1732,524,1917,671,,
2026-09-03T07:12:15.153941+00:00,cam02,Janpath,Ahmedabad,—,TR01M1K1RQFC9XAAPMVRYZHJ996B,car,CONFIRMED,0.724,570,788,889,1077,,
2026-09-03T07:12:15.153941+00:00,cam02,Janpath,Ahmedabad,—,TR01M1K1RQM2SH43NRF0KK525VKV,vehicle,CONFIRMED,0.416,1668,588,1872,648,,
2026-09-03T07:12:15.153941+00:00,cam02,Janpath,Ahmedabad,—,TR01M1K1RSWHJX38WD1JV2DWZX6S,car,CONFIRMED,0.900,1694,222,1748,264,,
2026-09-03T07:12:15.153941+00:00,cam02,Janpath,Ahmedabad,—,TR01M1K1RSWH0QBJCWV3P66S7NQF,car,CONFIRMED,0.416,1663,355,1746,456,,
2026-09-03T07:12:15.153941+00:00,cam02,Janpath,Ahmedabad,—,TR01M1K1RT1569HKESZ087DJSJ14,car,CONFIRMED,0.735,976,276,1034,307,,
2026-09-03T07:12:15.153941+00:00,cam02,Janpath,Ahmedabad,—,TR01M1K1RT15S6M8B5VT690HNFKN,vehicle,CONFIRMED,0.404,540,624,888,1080,,
2026-09-03T07:12:15.153941+00:00,cam02,Janpath,Ahmedabad,—,TR01M1K1RV5P8APTZBTY3QSMQDRR,truck,CONFIRMED,0.688,1663,355,1746,456,,
2026-09-03T07:12:15.153941+00:00,cam02,Janpath,Ahmedabad,—,TR01M1K1RVMW3MAM38JDES4QVBE8,vehicle,CONFIRMED,0.333,1512,648,1920,888,,
2026-09-03T07:12:15.153941+00:00,cam02,Janpath,Ahmedabad,—,TR01M1K1RVMWCVVJFHCCVDKGW95V,vehicle,CONFIRMED,0.413,1584,672,1920,888,,
2026-09-03T07:12:15.453941+00:00,cam02,Janpath,Ahmedabad,—,TR01M1K1RQ6A44J6DHQMA5C13TSV,vehicle,CONFIRMED,0.313,1512,636,1920,888,,
2026-09-03T07:12:15.453941+00:00,cam02,Janpath,Ahmedabad,—,TR01M1K1RQ6AB3CRST0732W88JQC,truck,CONFIRMED,0.490,570,788,890,1076,,
2026-09-03T07:12:15.453941+00:00,cam02,Janpath,Ahmedabad,—,TR01M1K1RQ6AE53FZRZZV4AEEVWZ,car,CONFIRMED,0.606,0,327,54,402,,
2026-09-03T07:12:15.453941+00:00,cam02,Janpath,Ahmedabad,—,TR01M1K1RQ6AFSDR74D9NJVX476J,car,CONFIRMED,0.526,1342,494,1494,689,,
2026-09-03T07:12:15.453941+00:00,cam02,Janpath,Ahmedabad,—,TR01M1K1RQ6A3D27WW6PK2Z4DN6K,truck,CONFIRMED,0.835,1342,493,1495,690,,
2026-09-03T07:12:15.453941+00:00,cam02,Janpath,Ahmedabad,—,TR01M1K1RQFCQV0ZFJVTCY9P207M,car,CONFIRMED,0.895,243,704,699,986,,
2026-09-03T07:12:15.453941+00:00,cam02,Janpath,Ahmedabad,—,TR01M1K1RQFC6TKA0HG01GWF09EN,truck,CONFIRMED,0.416,1700,523,1919,854,,
2026-09-03T07:12:15.453941+00:00,cam02,Janpath,Ahmedabad,—,TR01M1K1RQFC9XAAPMVRYZHJ996B,car,CONFIRMED,0.724,570,788,889,1077,,
2026-09-03T07:12:15.453941+00:00,cam02,Janpath,Ahmedabad,—,TR01M1K1RQM2SH43NRF0KK525VKV,vehicle,CONFIRMED,0.416,1668,588,1872,648,,
2026-09-03T07:12:15.453941+00:00,cam02,Janpath,Ahmedabad,—,TR01M1K1RSWHJX38WD1JV2DWZX6S,car,CONFIRMED,0.820,1684,226,1740,269,,
2026-09-03T07:12:15.453941+00:00,cam02,Janpath,Ahmedabad,—,TR01M1K1RSWH0QBJCWV3P66S7NQF,truck,CONFIRMED,0.825,1637,374,1722,479,,
2026-09-03T07:12:15.453941+00:00,cam02,Janpath,Ahmedabad,—,TR01M1K1RT15S6M8B5VT690HNFKN,vehicle,CONFIRMED,0.383,252,720,696,1080,,
2026-09-03T07:12:15.453941+00:00,cam02,Janpath,Ahmedabad,—,TR01M1K1RV5P8APTZBTY3QSMQDRR,vehicle,CONFIRMED,0.455,1644,384,1740,492,,
2026-09-03T07:12:15.453941+00:00,cam02,Janpath,Ahmedabad,—,TR01M1K1RVMW3MAM38JDES4QVBE8,vehicle,CONFIRMED,0.333,1512,648,1920,888,,
2026-09-03T07:12:15.453941+00:00,cam02,Janpath,Ahmedabad,—,TR01M1K1RVMWCVVJFHCCVDKGW95V,truck,CONFIRMED,0.598,1697,605,1920,864,,
2026-09-03T07:12:15.453941+00:00,cam02,Janpath,Ahmedabad,—,TR01M1K1RWQW8FCYVME59AA7EJ4T,car,TENTATIVE,0.630,258,972,607,1079,,
2026-09-03T07:12:15.453941+00:00,cam02,Janpath,Ahmedabad,—,TR01M1K1RWQWP5YNEDHMS2ENF414,truck,TENTATIVE,0.531,99,373,214,482,,
2026-09-03T07:12:15.553941+00:00,cam02,Janpath,Ahmedabad,—,TR01M1K1RQ6A44J6DHQMA5C13TSV,vehicle,CONFIRMED,0.313,1512,636,1920,888,,
2026-09-03T07:12:15.553941+00:00,cam02,Janpath,Ahmedabad,—,TR01M1K1RQ6AB3CRST0732W88JQC,truck,CONFIRMED,0.490,570,788,890,1076,,
2026-09-03T07:12:15.553941+00:00,cam02,Janpath,Ahmedabad,—,TR01M1K1RQ6AE53FZRZZV4AEEVWZ,car,CONFIRMED,0.488,0,327,53,402,,
2026-09-03T07:12:15.553941+00:00,cam02,Janpath,Ahmedabad,—,TR01M1K1RQ6AFSDR74D9NJVX476J,car,CONFIRMED,0.441,1325,501,1481,701,,
2026-09-03T07:12:15.553941+00:00,cam02,Janpath,Ahmedabad,—,TR01M1K1RQ6A3D27WW6PK2Z4DN6K,truck,CONFIRMED,0.757,1325,501,1481,701,,
2026-09-03T07:12:15.553941+00:00,cam02,Janpath,Ahmedabad,—,TR01M1K1RQFCQV0ZFJVTCY9P207M,car,CONFIRMED,0.817,118,741,619,1027,,
2026-09-03T07:12:15.553941+00:00,cam02,Janpath,Ahmedabad,—,TR01M1K1RQFC6TKA0HG01GWF09EN,truck,CONFIRMED,0.499,1721,516,1919,866,,
2026-09-03T07:12:15.553941+00:00,cam02,Janpath,Ahmedabad,—,TR01M1K1RQFC9XAAPMVRYZHJ996B,car,CONFIRMED,0.724,570,788,889,1077,,
2026-09-03T07:12:15.553941+00:00,cam02,Janpath,Ahmedabad,—,TR01M1K1RQM2SH43NRF0KK525VKV,vehicle,CONFIRMED,0.490,1776,612,1920,672,,
2026-09-03T07:12:15.553941+00:00,cam02,Janpath,Ahmedabad,—,TR01M1K1RSWHJX38WD1JV2DWZX6S,car,CONFIRMED,0.739,1679,229,1736,271,,
2026-09-03T07:12:15.553941+00:00,cam02,Janpath,Ahmedabad,—,TR01M1K1RSWH0QBJCWV3P66S7NQF,truck,CONFIRMED,0.730,1626,381,1713,490,,
2026-09-03T07:12:15.553941+00:00,cam02,Janpath,Ahmedabad,—,TR01M1K1RT15S6M8B5VT690HNFKN,vehicle,CONFIRMED,0.367,120,756,624,1080,,
2026-09-03T07:12:15.553941+00:00,cam02,Janpath,Ahmedabad,—,TR01M1K1RV5P8APTZBTY3QSMQDRR,car,CONFIRMED,0.470,1626,381,1713,490,,
2026-09-03T07:12:15.553941+00:00,cam02,Janpath,Ahmedabad,—,TR01M1K1RVMW3MAM38JDES4QVBE8,vehicle,CONFIRMED,0.333,1512,648,1920,888,,
2026-09-03T07:12:15.553941+00:00,cam02,Janpath,Ahmedabad,—,TR01M1K1RVMWCVVJFHCCVDKGW95V,vehicle,CONFIRMED,0.355,1584,708,1920,888,,
2026-09-03T07:12:15.553941+00:00,cam02,Janpath,Ahmedabad,—,TR01M1K1RWQW8FCYVME59AA7EJ4T,car,TENTATIVE,0.630,258,972,607,1079,,
2026-09-03T07:12:15.553941+00:00,cam02,Janpath,Ahmedabad,—,TR01M1K1RWQWP5YNEDHMS2ENF414,truck,CONFIRMED,0.789,158,351,308,474,,
2026-09-03T07:12:15.553941+00:00,cam02,Janpath,Ahmedabad,—,TR01M1K1RWXJW7RYCSGN6SYH9320,car,CONFIRMED,0.474,156,204,247,258,,
2026-09-03T07:12:15.653941+00:00,cam02,Janpath,Ahmedabad,—,TR01M1K1RQ6A44J6DHQMA5C13TSV,vehicle,CONFIRMED,0.313,1512,636,1920,888,,
2026-09-03T07:12:15.653941+00:00,cam02,Janpath,Ahmedabad,—,TR01M1K1RQ6AB3CRST0732W88JQC,truck,CONFIRMED,0.490,570,788,890,1076,,
2026-09-03T07:12:15.653941+00:00,cam02,Janpath,Ahmedabad,—,TR01M1K1RQ6AE53FZRZZV4AEEVWZ,car,CONFIRMED,0.486,0,327,53,402,,
2026-09-03T07:12:15.653941+00:00,cam02,Janpath,Ahmedabad,—,TR01M1K1RQ6AFSDR74D9NJVX476J,car,CONFIRMED,0.581,1306,512,1467,716,,
2026-09-03T07:12:15.653941+00:00,cam02,Janpath,Ahmedabad,—,TR01M1K1RQ6A3D27WW6PK2Z4DN6K,truck,CONFIRMED,0.808,1306,511,1467,716,,
2026-09-03T07:12:15.653941+00:00,cam02,Janpath,Ahmedabad,—,TR01M1K1RQFCQV0ZFJVTCY9P207M,vehicle,CONFIRMED,0.397,132,792,528,1080,,
2026-09-03T07:12:15.653941+00:00,cam02,Janpath,Ahmedabad,—,TR01M1K1RQFC6TKA0HG01GWF09EN,truck,CONFIRMED,0.451,1729,519,1919,863,,
2026-09-03T07:12:15.653941+00:00,cam02,Janpath,Ahmedabad,—,TR01M1K1RQFC9XAAPMVRYZHJ996B,car,CONFIRMED,0.724,570,788,889,1077,,
2026-09-03T07:12:15.653941+00:00,cam02,Janpath,Ahmedabad,—,TR01M1K1RQM2SH43NRF0KK525VKV,vehicle,CONFIRMED,0.401,1716,732,1920,888,,
2026-09-03T07:12:15.653941+00:00,cam02,Janpath,Ahmedabad,—,TR01M1K1RSWHJX38WD1JV2DWZX6S,car,CONFIRMED,0.755,1674,229,1731,274,,
2026-09-03T07:12:15.653941+00:00,cam02,Janpath,Ahmedabad,—,TR01M1K1RSWH0QBJCWV3P66S7NQF,truck,CONFIRMED,0.773,1615,384,1705,498,,
2026-09-03T07:12:15.653941+00:00,cam02,Janpath,Ahmedabad,—,TR01M1K1RT15S6M8B5VT690HNFKN,car,CONFIRMED,0.902,0,783,531,1074,,
2026-09-03T07:12:15.653941+00:00,cam02,Janpath,Ahmedabad,—,TR01M1K1RV5P8APTZBTY3QSMQDRR,car,CONFIRMED,0.452,1615,384,1705,498,,
2026-09-03T07:12:15.653941+00:00,cam02,Janpath,Ahmedabad,—,TR01M1K1RVMW3MAM38JDES4QVBE8,vehicle,CONFIRMED,0.333,1512,648,1920,888,,
2026-09-03T07:12:15.653941+00:00,cam02,Janpath,Ahmedabad,—,TR01M1K1RVMWCVVJFHCCVDKGW95V,truck,CONFIRMED,0.530,1736,620,1920,865,,
2026-09-03T07:12:15.653941+00:00,cam02,Janpath,Ahmedabad,—,TR01M1K1RWQW8FCYVME59AA7EJ4T,car,TENTATIVE,0.630,258,972,607,1079,,
2026-09-03T07:12:15.653941+00:00,cam02,Janpath,Ahmedabad,—,TR01M1K1RWQWP5YNEDHMS2ENF414,truck,CONFIRMED,0.857,212,346,349,460,,
2026-09-03T07:12:15.653941+00:00,cam02,Janpath,Ahmedabad,—,TR01M1K1RWXJW7RYCSGN6SYH9320,car,CONFIRMED,0.463,157,204,247,258,,
2026-09-03T07:12:15.653941+00:00,cam02,Janpath,Ahmedabad,—,TR01M1K1RXERWMGV4Q20QDD653N9,car,TENTATIVE,0.524,1885,240,1909,268,,
2026-09-03T07:12:15.953941+00:00,cam02,Janpath,Ahmedabad,—,TR01M1K1RQ6A44J6DHQMA5C13TSV,vehicle,CONFIRMED,0.313,1512,636,1920,888,,
2026-09-03T07:12:15.953941+00:00,cam02,Janpath,Ahmedabad,—,TR01M1K1RQ6AB3CRST0732W88JQC,truck,CONFIRMED,0.490,570,788,890,1076,,
2026-09-03T07:12:15.953941+00:00,cam02,Janpath,Ahmedabad,—,TR01M1K1RQ6AE53FZRZZV4AEEVWZ,car,CONFIRMED,0.650,0,327,54,402,,
2026-09-03T07:12:15.953941+00:00,cam02,Janpath,Ahmedabad,—,TR01M1K1RQ6AFSDR74D9NJVX476J,bus,CONFIRMED,0.425,1248,538,1424,765,,
2026-09-03T07:12:15.953941+00:00,cam02,Janpath,Ahmedabad,—,TR01M1K1RQ6A3D27WW6PK2Z4DN6K,truck,CONFIRMED,0.696,1248,538,1424,765,,
2026-09-03T07:12:15.953941+00:00,cam02,Janpath,Ahmedabad,—,TR01M1K1RQFCQV0ZFJVTCY9P207M,vehicle,CONFIRMED,0.397,132,792,528,1080,,
2026-09-03T07:12:15.953941+00:00,cam02,Janpath,Ahmedabad,—,TR01M1K1RQFC6TKA0HG01GWF09EN,truck,CONFIRMED,0.568,1812,641,1919,877,,
2026-09-03T07:12:15.953941+00:00,cam02,Janpath,Ahmedabad,—,TR01M1K1RQFC9XAAPMVRYZHJ996B,car,CONFIRMED,0.724,570,788,889,1077,,
2026-09-03T07:12:15.953941+00:00,cam02,Janpath,Ahmedabad,—,TR01M1K1RQM2SH43NRF0KK525VKV,vehicle,CONFIRMED,0.401,1716,732,1920,888,,
2026-09-03T07:12:15.953941+00:00,cam02,Janpath,Ahmedabad,—,TR01M1K1RSWHJX38WD1JV2DWZX6S,car,CONFIRMED,0.864,1662,235,1720,280,,
2026-09-03T07:12:15.953941+00:00,cam02,Janpath,Ahmedabad,—,TR01M1K1RSWH0QBJCWV3P66S7NQF,truck,CONFIRMED,0.825,1580,401,1678,524,,
2026-09-03T07:12:15.953941+00:00,cam02,Janpath,Ahmedabad,—,TR01M1K1RT15S6M8B5VT690HNFKN,car,CONFIRMED,0.902,0,783,531,1074,,
2026-09-03T07:12:15.953941+00:00,cam02,Janpath,Ahmedabad,—,TR01M1K1RV5P8APTZBTY3QSMQDRR,car,CONFIRMED,0.452,1615,384,1705,498,,
2026-09-03T07:12:15.953941+00:00,cam02,Janpath,Ahmedabad,—,TR01M1K1RVMW3MAM38JDES4QVBE8,vehicle,CONFIRMED,0.333,1512,648,1920,888,,
2026-09-03T07:12:15.953941+00:00,cam02,Janpath,Ahmedabad,—,TR01M1K1RVMWCVVJFHCCVDKGW95V,truck,CONFIRMED,0.530,1736,620,1920,865,,
2026-09-03T07:12:15.953941+00:00,cam02,Janpath,Ahmedabad,—,TR01M1K1RWQW8FCYVME59AA7EJ4T,car,TENTATIVE,0.630,258,972,607,1079,,
2026-09-03T07:12:15.953941+00:00,cam02,Janpath,Ahmedabad,—,TR01M1K1RWQWP5YNEDHMS2ENF414,truck,CONFIRMED,0.857,212,346,349,460,,
2026-09-03T07:12:15.953941+00:00,cam02,Janpath,Ahmedabad,—,TR01M1K1RWXJW7RYCSGN6SYH9320,car,CONFIRMED,0.475,156,204,247,258,,
2026-09-03T07:12:15.953941+00:00,cam02,Janpath,Ahmedabad,—,TR01M1K1RXERWMGV4Q20QDD653N9,car,CONFIRMED,0.506,1880,241,1910,274,,
2026-09-03T07:12:15.953941+00:00,cam02,Janpath,Ahmedabad,—,TR01M1K1RXKZJABP800MW4Z06Q5P,truck,TENTATIVE,0.688,347,335,460,433,,
2026-09-03T07:12:15.953941+00:00,cam02,Janpath,Ahmedabad,—,TR01M1K1RXKZ4N00VK842PGC5W8J,bus,TENTATIVE,0.606,1728,522,1917,669,,
2026-09-03T07:12:15.953941+00:00,cam02,Janpath,Ahmedabad,—,TR01M1K1RXKZD760KGTV87YTJ1Z8,truck,TENTATIVE,0.576,1728,522,1917,669,,
2026-09-03T07:12:16.293941+00:00,cam02,Janpath,Ahmedabad,—,TR01M1K1RQ6AB3CRST0732W88JQC,truck,CONFIRMED,0.490,570,788,890,1076,,
2026-09-03T07:12:16.293941+00:00,cam02,Janpath,Ahmedabad,—,TR01M1K1RQ6AE53FZRZZV4AEEVWZ,car,CONFIRMED,0.832,0,328,57,399,,
2026-09-03T07:12:16.293941+00:00,cam02,Janpath,Ahmedabad,—,TR01M1K1RQ6AFSDR74D9NJVX476J,truck,CONFIRMED,0.899,1171,577,1362,830,,
2026-09-03T07:12:16.293941+00:00,cam02,Janpath,Ahmedabad,—,TR01M1K1RQ6A3D27WW6PK2Z4DN6K,car,CONFIRMED,0.439,1172,578,1361,830,,
2026-09-03T07:12:16.293941+00:00,cam02,Janpath,Ahmedabad,—,TR01M1K1RQFCQV0ZFJVTCY9P207M,vehicle,CONFIRMED,0.397,132,792,528,1080,,
2026-09-03T07:12:16.293941+00:00,cam02,Janpath,Ahmedabad,—,TR01M1K1RQFC6TKA0HG01GWF09EN,truck,CONFIRMED,0.568,1812,641,1919,877,,
2026-09-03T07:12:16.293941+00:00,cam02,Janpath,Ahmedabad,—,TR01M1K1RQFC9XAAPMVRYZHJ996B,car,CONFIRMED,0.724,570,788,889,1077,,
2026-09-03T07:12:16.293941+00:00,cam02,Janpath,Ahmedabad,—,TR01M1K1RQM2SH43NRF0KK525VKV,vehicle,CONFIRMED,0.401,1716,732,1920,888,,
2026-09-03T07:12:16.293941+00:00,cam02,Janpath,Ahmedabad,—,TR01M1K1RSWHJX38WD1JV2DWZX6S,car,CONFIRMED,0.803,1647,240,1709,287,,
2026-09-03T07:12:16.293941+00:00,cam02,Janpath,Ahmedabad,—,TR01M1K1RSWH0QBJCWV3P66S7NQF,truck,CONFIRMED,0.829,1531,430,1641,559,,
2026-09-03T07:12:16.293941+00:00,cam02,Janpath,Ahmedabad,—,TR01M1K1RT15S6M8B5VT690HNFKN,car,CONFIRMED,0.902,0,783,531,1074,,
2026-09-03T07:12:16.293941+00:00,cam02,Janpath,Ahmedabad,—,TR01M1K1RV5P8APTZBTY3QSMQDRR,car,CONFIRMED,0.452,1615,384,1705,498,,
2026-09-03T07:12:16.293941+00:00,cam02,Janpath,Ahmedabad,—,TR01M1K1RVMW3MAM38JDES4QVBE8,vehicle,CONFIRMED,0.333,1512,648,1920,888,,
2026-09-03T07:12:16.293941+00:00,cam02,Janpath,Ahmedabad,—,TR01M1K1RVMWCVVJFHCCVDKGW95V,truck,CONFIRMED,0.530,1736,620,1920,865,,
2026-09-03T07:12:16.293941+00:00,cam02,Janpath,Ahmedabad,—,TR01M1K1RWQW8FCYVME59AA7EJ4T,car,TENTATIVE,0.630,258,972,607,1079,,
2026-09-03T07:12:16.293941+00:00,cam02,Janpath,Ahmedabad,—,TR01M1K1RWQWP5YNEDHMS2ENF414,truck,CONFIRMED,0.857,212,346,349,460,,
2026-09-03T07:12:16.293941+00:00,cam02,Janpath,Ahmedabad,—,TR01M1K1RWXJW7RYCSGN6SYH9320,car,CONFIRMED,0.517,155,202,271,258,,
2026-09-03T07:12:16.293941+00:00,cam02,Janpath,Ahmedabad,—,TR01M1K1RXERWMGV4Q20QDD653N9,car,CONFIRMED,0.506,1880,241,1910,274,,
2026-09-03T07:12:16.293941+00:00,cam02,Janpath,Ahmedabad,—,TR01M1K1RXKZJABP800MW4Z06Q5P,vehicle,CONFIRMED,0.490,324,312,420,408,,
2026-09-03T07:12:16.293941+00:00,cam02,Janpath,Ahmedabad,—,TR01M1K1RXKZ4N00VK842PGC5W8J,truck,CONFIRMED,0.610,1729,523,1917,674,,
2026-09-03T07:12:16.293941+00:00,cam02,Janpath,Ahmedabad,—,TR01M1K1RXKZD760KGTV87YTJ1Z8,bus,CONFIRMED,0.517,1729,523,1917,674,,
2026-09-03T07:12:16.537941+00:00,cam02,Janpath,Ahmedabad,—,TR01M1K1RQ6AB3CRST0732W88JQC,truck,CONFIRMED,0.490,570,788,890,1076,,
2026-09-03T07:12:16.537941+00:00,cam02,Janpath,Ahmedabad,—,TR01M1K1RQ6AE53FZRZZV4AEEVWZ,car,CONFIRMED,0.813,0,328,57,399,,
2026-09-03T07:12:16.537941+00:00,cam02,Janpath,Ahmedabad,—,TR01M1K1RQ6AFSDR74D9NJVX476J,truck,CONFIRMED,0.864,1114,610,1326,880,,
2026-09-03T07:12:16.537941+00:00,cam02,Janpath,Ahmedabad,—,TR01M1K1RQ6A3D27WW6PK2Z4DN6K,vehicle,CONFIRMED,0.393,1128,624,1380,972,,
2026-09-03T07:12:16.537941+00:00,cam02,Janpath,Ahmedabad,—,TR01M1K1RQFCQV0ZFJVTCY9P207M,vehicle,CONFIRMED,0.397,132,792,528,1080,,
2026-09-03T07:12:16.537941+00:00,cam02,Janpath,Ahmedabad,—,TR01M1K1RQFC6TKA0HG01GWF09EN,truck,CONFIRMED,0.568,1812,641,1919,877,,
2026-09-03T07:12:16.537941+00:00,cam02,Janpath,Ahmedabad,—,TR01M1K1RQFC9XAAPMVRYZHJ996B,car,CONFIRMED,0.724,570,788,889,1077,,
2026-09-03T07:12:16.537941+00:00,cam02,Janpath,Ahmedabad,—,TR01M1K1RQM2SH43NRF0KK525VKV,vehicle,CONFIRMED,0.401,1716,732,1920,888,,
2026-09-03T07:12:16.537941+00:00,cam02,Janpath,Ahmedabad,—,TR01M1K1RSWHJX38WD1JV2DWZX6S,car,CONFIRMED,0.855,1636,244,1700,294,,
2026-09-03T07:12:16.537941+00:00,cam02,Janpath,Ahmedabad,—,TR01M1K1RSWH0QBJCWV3P66S7NQF,truck,CONFIRMED,0.877,1496,447,1610,586,,
2026-09-03T07:12:16.537941+00:00,cam02,Janpath,Ahmedabad,—,TR01M1K1RT15S6M8B5VT690HNFKN,car,CONFIRMED,0.902,0,783,531,1074,,
2026-09-03T07:12:16.537941+00:00,cam02,Janpath,Ahmedabad,—,TR01M1K1RV5P8APTZBTY3QSMQDRR,car,CONFIRMED,0.452,1615,384,1705,498,,
2026-09-03T07:12:16.537941+00:00,cam02,Janpath,Ahmedabad,—,TR01M1K1RVMWCVVJFHCCVDKGW95V,truck,CONFIRMED,0.530,1736,620,1920,865,,
2026-09-03T07:12:16.537941+00:00,cam02,Janpath,Ahmedabad,—,TR01M1K1RWQW8FCYVME59AA7EJ4T,car,TENTATIVE,0.630,258,972,607,1079,,
2026-09-03T07:12:16.537941+00:00,cam02,Janpath,Ahmedabad,—,TR01M1K1RWQWP5YNEDHMS2ENF414,truck,CONFIRMED,0.857,212,346,349,460,,
2026-09-03T07:12:16.537941+00:00,cam02,Janpath,Ahmedabad,—,TR01M1K1RWXJW7RYCSGN6SYH9320,car,CONFIRMED,0.473,155,202,271,258,,
2026-09-03T07:12:16.537941+00:00,cam02,Janpath,Ahmedabad,—,TR01M1K1RXERWMGV4Q20QDD653N9,car,CONFIRMED,0.506,1880,241,1910,274,,
2026-09-03T07:12:16.537941+00:00,cam02,Janpath,Ahmedabad,—,TR01M1K1RXKZJABP800MW4Z06Q5P,vehicle,CONFIRMED,0.490,324,312,420,408,,
2026-09-03T07:12:16.537941+00:00,cam02,Janpath,Ahmedabad,—,TR01M1K1RXKZ4N00VK842PGC5W8J,truck,CONFIRMED,0.603,1729,523,1917,674,,
2026-09-03T07:12:16.537941+00:00,cam02,Janpath,Ahmedabad,—,TR01M1K1RXKZD760KGTV87YTJ1Z8,bus,CONFIRMED,0.540,1729,523,1917,674,,
2026-09-03T07:12:16.637941+00:00,cam02,Janpath,Ahmedabad,—,TR01M1K1RQ6AB3CRST0732W88JQC,truck,CONFIRMED,0.490,570,788,890,1076,,
2026-09-03T07:12:16.637941+00:00,cam02,Janpath,Ahmedabad,—,TR01M1K1RQ6AE53FZRZZV4AEEVWZ,car,CONFIRMED,0.805,0,328,57,399,,
2026-09-03T07:12:16.637941+00:00,cam02,Janpath,Ahmedabad,—,TR01M1K1RQ6AFSDR74D9NJVX476J,truck,CONFIRMED,0.882,1087,625,1300,868,,
2026-09-03T07:12:16.637941+00:00,cam02,Janpath,Ahmedabad,—,TR01M1K1RQ6A3D27WW6PK2Z4DN6K,vehicle,CONFIRMED,0.417,1092,636,1308,996,,
2026-09-03T07:12:16.637941+00:00,cam02,Janpath,Ahmedabad,—,TR01M1K1RQFCQV0ZFJVTCY9P207M,vehicle,CONFIRMED,0.397,132,792,528,1080,,
2026-09-03T07:12:16.637941+00:00,cam02,Janpath,Ahmedabad,—,TR01M1K1RQFC6TKA0HG01GWF09EN,truck,CONFIRMED,0.568,1812,641,1919,877,,
2026-09-03T07:12:16.637941+00:00,cam02,Janpath,Ahmedabad,—,TR01M1K1RQFC9XAAPMVRYZHJ996B,car,CONFIRMED,0.724,570,788,889,1077,,
2026-09-03T07:12:16.637941+00:00,cam02,Janpath,Ahmedabad,—,TR01M1K1RQM2SH43NRF0KK525VKV,vehicle,CONFIRMED,0.401,1716,732,1920,888,,
2026-09-03T07:12:16.637941+00:00,cam02,Janpath,Ahmedabad,—,TR01M1K1RSWHJX38WD1JV2DWZX6S,car,CONFIRMED,0.852,1630,246,1695,296,,
2026-09-03T07:12:16.637941+00:00,cam02,Janpath,Ahmedabad,—,TR01M1K1RSWH0QBJCWV3P66S7NQF,truck,CONFIRMED,0.894,1478,455,1596,596,,
2026-09-03T07:12:16.637941+00:00,cam02,Janpath,Ahmedabad,—,TR01M1K1RT15S6M8B5VT690HNFKN,car,CONFIRMED,0.902,0,783,531,1074,,
2026-09-03T07:12:16.637941+00:00,cam02,Janpath,Ahmedabad,—,TR01M1K1RV5P8APTZBTY3QSMQDRR,car,CONFIRMED,0.452,1615,384,1705,498,,
2026-09-03T07:12:16.637941+00:00,cam02,Janpath,Ahmedabad,—,TR01M1K1RVMWCVVJFHCCVDKGW95V,truck,CONFIRMED,0.530,1736,620,1920,865,,
2026-09-03T07:12:16.637941+00:00,cam02,Janpath,Ahmedabad,—,TR01M1K1RWQW8FCYVME59AA7EJ4T,car,TENTATIVE,0.630,258,972,607,1079,,
2026-09-03T07:12:16.637941+00:00,cam02,Janpath,Ahmedabad,—,TR01M1K1RWQWP5YNEDHMS2ENF414,truck,CONFIRMED,0.857,212,346,349,460,,
2026-09-03T07:12:16.637941+00:00,cam02,Janpath,Ahmedabad,—,TR01M1K1RWXJW7RYCSGN6SYH9320,car,CONFIRMED,0.418,156,202,270,258,,
2026-09-03T07:12:16.637941+00:00,cam02,Janpath,Ahmedabad,—,TR01M1K1RXERWMGV4Q20QDD653N9,car,CONFIRMED,0.494,1869,252,1898,295,,
2026-09-03T07:12:16.637941+00:00,cam02,Janpath,Ahmedabad,—,TR01M1K1RXKZJABP800MW4Z06Q5P,vehicle,CONFIRMED,0.490,324,312,420,408,,
2026-09-03T07:12:16.637941+00:00,cam02,Janpath,Ahmedabad,—,TR01M1K1RXKZ4N00VK842PGC5W8J,truck,CONFIRMED,0.629,1729,523,1917,674,,
2026-09-03T07:12:16.637941+00:00,cam02,Janpath,Ahmedabad,—,TR01M1K1RXKZD760KGTV87YTJ1Z8,bus,CONFIRMED,0.551,1729,523,1917,674,,
2026-09-03T07:12:16.637941+00:00,cam02,Janpath,Ahmedabad,—,TR01M1K1RYB0NPG87FQCD025EPDW,truck,TENTATIVE,0.510,1630,245,1695,296,,
2026-09-03T07:12:16.797941+00:00,cam02,Janpath,Ahmedabad,—,TR01M1K1RQ6AE53FZRZZV4AEEVWZ,car,CONFIRMED,0.800,0,328,57,399,,
2026-09-03T07:12:16.797941+00:00,cam02,Janpath,Ahmedabad,—,TR01M1K1RQ6AFSDR74D9NJVX476J,truck,CONFIRMED,0.885,1028,653,1259,957,,
2026-09-03T07:12:16.797941+00:00,cam02,Janpath,Ahmedabad,—,TR01M1K1RQ6A3D27WW6PK2Z4DN6K,vehicle,CONFIRMED,0.400,1044,660,1296,1020,,
2026-09-03T07:12:16.797941+00:00,cam02,Janpath,Ahmedabad,—,TR01M1K1RQFCQV0ZFJVTCY9P207M,vehicle,CONFIRMED,0.397,132,792,528,1080,,
2026-09-03T07:12:16.797941+00:00,cam02,Janpath,Ahmedabad,—,TR01M1K1RQFC6TKA0HG01GWF09EN,truck,CONFIRMED,0.568,1812,641,1919,877,,
2026-09-03T07:12:16.797941+00:00,cam02,Janpath,Ahmedabad,—,TR01M1K1RQM2SH43NRF0KK525VKV,vehicle,CONFIRMED,0.401,1716,732,1920,888,,
2026-09-03T07:12:16.797941+00:00,cam02,Janpath,Ahmedabad,—,TR01M1K1RSWHJX38WD1JV2DWZX6S,car,CONFIRMED,0.751,1619,249,1687,301,,
2026-09-03T07:12:16.797941+00:00,cam02,Janpath,Ahmedabad,—,TR01M1K1RSWH0QBJCWV3P66S7NQF,truck,CONFIRMED,0.836,1441,472,1570,625,,
2026-09-03T07:12:16.797941+00:00,cam02,Janpath,Ahmedabad,—,TR01M1K1RT15S6M8B5VT690HNFKN,car,CONFIRMED,0.902,0,783,531,1074,,
2026-09-03T07:12:16.797941+00:00,cam02,Janpath,Ahmedabad,—,TR01M1K1RV5P8APTZBTY3QSMQDRR,car,CONFIRMED,0.452,1615,384,1705,498,,
2026-09-03T07:12:16.797941+00:00,cam02,Janpath,Ahmedabad,—,TR01M1K1RVMWCVVJFHCCVDKGW95V,truck,CONFIRMED,0.530,1736,620,1920,865,,
2026-09-03T07:12:16.797941+00:00,cam02,Janpath,Ahmedabad,—,TR01M1K1RWQW8FCYVME59AA7EJ4T,car,TENTATIVE,0.630,258,972,607,1079,,
2026-09-03T07:12:16.797941+00:00,cam02,Janpath,Ahmedabad,—,TR01M1K1RWQWP5YNEDHMS2ENF414,truck,CONFIRMED,0.857,212,346,349,460,,
2026-09-03T07:12:16.797941+00:00,cam02,Janpath,Ahmedabad,—,TR01M1K1RWXJW7RYCSGN6SYH9320,car,CONFIRMED,0.504,155,202,271,258,,
2026-09-03T07:12:16.797941+00:00,cam02,Janpath,Ahmedabad,—,TR01M1K1RXERWMGV4Q20QDD653N9,car,CONFIRMED,0.660,1868,252,1898,297,,
2026-09-03T07:12:16.797941+00:00,cam02,Janpath,Ahmedabad,—,TR01M1K1RXKZJABP800MW4Z06Q5P,vehicle,CONFIRMED,0.490,324,312,420,408,,
2026-09-03T07:12:16.797941+00:00,cam02,Janpath,Ahmedabad,—,TR01M1K1RXKZ4N00VK842PGC5W8J,truck,CONFIRMED,0.622,1729,523,1917,674,,
2026-09-03T07:12:16.797941+00:00,cam02,Janpath,Ahmedabad,—,TR01M1K1RXKZD760KGTV87YTJ1Z8,bus,CONFIRMED,0.471,1729,523,1917,674,,
2026-09-03T07:12:16.797941+00:00,cam02,Janpath,Ahmedabad,—,TR01M1K1RYB0NPG87FQCD025EPDW,truck,CONFIRMED,0.530,1619,249,1687,301,,
2026-09-03T07:12:17.037941+00:00,cam02,Janpath,Ahmedabad,—,TR01M1K1RQ6AE53FZRZZV4AEEVWZ,car,CONFIRMED,0.792,0,328,56,399,,
2026-09-03T07:12:17.037941+00:00,cam02,Janpath,Ahmedabad,—,TR01M1K1RQ6AFSDR74D9NJVX476J,truck,CONFIRMED,0.869,952,694,1203,989,,
2026-09-03T07:12:17.037941+00:00,cam02,Janpath,Ahmedabad,—,TR01M1K1RQ6A3D27WW6PK2Z4DN6K,vehicle,CONFIRMED,0.370,960,708,1284,1056,,
2026-09-03T07:12:17.037941+00:00,cam02,Janpath,Ahmedabad,—,TR01M1K1RQFCQV0ZFJVTCY9P207M,vehicle,CONFIRMED,0.397,132,792,528,1080,,
2026-09-03T07:12:17.037941+00:00,cam02,Janpath,Ahmedabad,—,TR01M1K1RQFC6TKA0HG01GWF09EN,truck,CONFIRMED,0.568,1812,641,1919,877,,
2026-09-03T07:12:17.037941+00:00,cam02,Janpath,Ahmedabad,—,TR01M1K1RQM2SH43NRF0KK525VKV,vehicle,CONFIRMED,0.401,1716,732,1920,888,,
2026-09-03T07:12:17.037941+00:00,cam02,Janpath,Ahmedabad,—,TR01M1K1RSWHJX38WD1JV2DWZX6S,car,CONFIRMED,0.811,1605,255,1675,309,,
2026-09-03T07:12:17.037941+00:00,cam02,Janpath,Ahmedabad,—,TR01M1K1RSWH0QBJCWV3P66S7NQF,truck,CONFIRMED,0.874,1388,495,1528,664,,
2026-09-03T07:12:17.037941+00:00,cam02,Janpath,Ahmedabad,—,TR01M1K1RT15S6M8B5VT690HNFKN,car,CONFIRMED,0.902,0,783,531,1074,,
2026-09-03T07:12:17.037941+00:00,cam02,Janpath,Ahmedabad,—,TR01M1K1RV5P8APTZBTY3QSMQDRR,car,CONFIRMED,0.452,1615,384,1705,498,,
2026-09-03T07:12:17.037941+00:00,cam02,Janpath,Ahmedabad,—,TR01M1K1RVMWCVVJFHCCVDKGW95V,truck,CONFIRMED,0.530,1736,620,1920,865,,
2026-09-03T07:12:17.037941+00:00,cam02,Janpath,Ahmedabad,—,TR01M1K1RWQWP5YNEDHMS2ENF414,truck,CONFIRMED,0.857,212,346,349,460,,
2026-09-03T07:12:17.037941+00:00,cam02,Janpath,Ahmedabad,—,TR01M1K1RWXJW7RYCSGN6SYH9320,car,CONFIRMED,0.489,155,202,270,258,,
2026-09-03T07:12:17.037941+00:00,cam02,Janpath,Ahmedabad,—,TR01M1K1RXERWMGV4Q20QDD653N9,car,CONFIRMED,0.660,1868,252,1898,297,,
2026-09-03T07:12:17.037941+00:00,cam02,Janpath,Ahmedabad,—,TR01M1K1RXKZJABP800MW4Z06Q5P,vehicle,CONFIRMED,0.490,324,312,420,408,,
2026-09-03T07:12:17.037941+00:00,cam02,Janpath,Ahmedabad,—,TR01M1K1RXKZ4N00VK842PGC5W8J,truck,CONFIRMED,0.733,1729,523,1918,674,,
2026-09-03T07:12:17.037941+00:00,cam02,Janpath,Ahmedabad,—,TR01M1K1RXKZD760KGTV87YTJ1Z8,bus,CONFIRMED,0.467,1729,523,1918,674,,
2026-09-03T07:12:17.037941+00:00,cam02,Janpath,Ahmedabad,—,TR01M1K1RYB0NPG87FQCD025EPDW,truck,CONFIRMED,0.629,1605,254,1675,309,,
2026-09-03T07:12:17.297941+00:00,cam02,Janpath,Ahmedabad,—,TR01M1K1RQ6AE53FZRZZV4AEEVWZ,car,CONFIRMED,0.822,0,326,54,399,,
2026-09-03T07:12:17.297941+00:00,cam02,Janpath,Ahmedabad,—,TR01M1K1RQ6AFSDR74D9NJVX476J,truck,CONFIRMED,0.921,830,757,1119,1075,,
2026-09-03T07:12:17.297941+00:00,cam02,Janpath,Ahmedabad,—,TR01M1K1RQ6A3D27WW6PK2Z4DN6K,vehicle,CONFIRMED,0.455,840,768,1116,1080,,
2026-09-03T07:12:17.297941+00:00,cam02,Janpath,Ahmedabad,—,TR01M1K1RQFC6TKA0HG01GWF09EN,truck,CONFIRMED,0.568,1812,641,1919,877,,
2026-09-03T07:12:17.297941+00:00,cam02,Janpath,Ahmedabad,—,TR01M1K1RSWHJX38WD1JV2DWZX6S,truck,CONFIRMED,0.493,1587,260,1661,316,,
2026-09-03T07:12:17.297941+00:00,cam02,Janpath,Ahmedabad,—,TR01M1K1RSWH0QBJCWV3P66S7NQF,truck,CONFIRMED,0.866,1310,534,1470,719,,
2026-09-03T07:12:17.297941+00:00,cam02,Janpath,Ahmedabad,—,TR01M1K1RWXJW7RYCSGN6SYH9320,car,CONFIRMED,0.495,154,204,247,259,,
2026-09-03T07:12:17.297941+00:00,cam02,Janpath,Ahmedabad,—,TR01M1K1RXERWMGV4Q20QDD653N9,car,CONFIRMED,0.660,1868,252,1898,297,,
2026-09-03T07:12:17.297941+00:00,cam02,Janpath,Ahmedabad,—,TR01M1K1RXKZJABP800MW4Z06Q5P,vehicle,CONFIRMED,0.490,324,312,420,408,,
2026-09-03T07:12:17.297941+00:00,cam02,Janpath,Ahmedabad,—,TR01M1K1RXKZ4N00VK842PGC5W8J,truck,CONFIRMED,0.624,1729,522,1918,674,,
2026-09-03T07:12:17.297941+00:00,cam02,Janpath,Ahmedabad,—,TR01M1K1RXKZD760KGTV87YTJ1Z8,bus,CONFIRMED,0.570,1729,522,1918,674,,
2026-09-03T07:12:17.297941+00:00,cam02,Janpath,Ahmedabad,—,TR01M1K1RYB0NPG87FQCD025EPDW,car,CONFIRMED,0.805,1587,260,1661,316,,
2026-09-03T07:12:17.297941+00:00,cam02,Janpath,Ahmedabad,—,TR01M1K1RZ1S6FQ87BZ3M4K2JDXG,car,TENTATIVE,0.584,795,275,871,335,,
2026-09-03T07:12:17.297941+00:00,cam02,Janpath,Ahmedabad,—,TR01M1K1RZ1SAC275V98TE77TEGK,car,TENTATIVE,0.526,1310,534,1468,719,,
2026-09-03T07:12:17.537941+00:00,cam02,Janpath,Ahmedabad,—,TR01M1K1RQ6AE53FZRZZV4AEEVWZ,car,CONFIRMED,0.806,0,327,54,399,,
2026-09-03T07:12:17.537941+00:00,cam02,Janpath,Ahmedabad,—,TR01M1K1RQ6AFSDR74D9NJVX476J,vehicle,CONFIRMED,0.445,732,828,1044,1080,,
2026-09-03T07:12:17.537941+00:00,cam02,Janpath,Ahmedabad,—,TR01M1K1RQ6A3D27WW6PK2Z4DN6K,truck,CONFIRMED,0.875,714,816,1041,1077,,
2026-09-03T07:12:17.537941+00:00,cam02,Janpath,Ahmedabad,—,TR01M1K1RSWHJX38WD1JV2DWZX6S,truck,CONFIRMED,0.513,1570,266,1648,323,,
2026-09-03T07:12:17.537941+00:00,cam02,Janpath,Ahmedabad,—,TR01M1K1RSWH0QBJCWV3P66S7NQF,car,CONFIRMED,0.522,1234,564,1408,773,,
2026-09-03T07:12:17.537941+00:00,cam02,Janpath,Ahmedabad,—,TR01M1K1RWXJW7RYCSGN6SYH9320,car,CONFIRMED,0.524,154,204,247,259,,
2026-09-03T07:12:17.537941+00:00,cam02,Janpath,Ahmedabad,—,TR01M1K1RXERWMGV4Q20QDD653N9,car,CONFIRMED,0.660,1868,252,1898,297,,
2026-09-03T07:12:17.537941+00:00,cam02,Janpath,Ahmedabad,—,TR01M1K1RXKZJABP800MW4Z06Q5P,vehicle,CONFIRMED,0.490,324,312,420,408,,
2026-09-03T07:12:17.537941+00:00,cam02,Janpath,Ahmedabad,—,TR01M1K1RXKZ4N00VK842PGC5W8J,truck,CONFIRMED,0.613,1729,522,1918,674,,
2026-09-03T07:12:17.537941+00:00,cam02,Janpath,Ahmedabad,—,TR01M1K1RXKZD760KGTV87YTJ1Z8,bus,CONFIRMED,0.609,1729,522,1918,674,,
2026-09-03T07:12:17.537941+00:00,cam02,Janpath,Ahmedabad,—,TR01M1K1RYB0NPG87FQCD025EPDW,car,CONFIRMED,0.808,1571,266,1648,323,,
2026-09-03T07:12:17.537941+00:00,cam02,Janpath,Ahmedabad,—,TR01M1K1RZ1S6FQ87BZ3M4K2JDXG,car,TENTATIVE,0.584,795,275,871,335,,
2026-09-03T07:12:17.537941+00:00,cam02,Janpath,Ahmedabad,—,TR01M1K1RZ1SAC275V98TE77TEGK,truck,CONFIRMED,0.843,1234,563,1408,773,,
2026-09-03T07:12:17.637941+00:00,cam02,Janpath,Ahmedabad,—,TR01M1K1RQ6AE53FZRZZV4AEEVWZ,car,CONFIRMED,0.822,0,327,54,399,,
2026-09-03T07:12:17.637941+00:00,cam02,Janpath,Ahmedabad,—,TR01M1K1RQ6AFSDR74D9NJVX476J,vehicle,CONFIRMED,0.420,672,864,1008,1080,,
2026-09-03T07:12:17.637941+00:00,cam02,Janpath,Ahmedabad,—,TR01M1K1RQ6A3D27WW6PK2Z4DN6K,truck,CONFIRMED,0.895,660,848,1002,1078,,
2026-09-03T07:12:17.637941+00:00,cam02,Janpath,Ahmedabad,—,TR01M1K1RSWHJX38WD1JV2DWZX6S,truck,CONFIRMED,0.539,1564,269,1642,328,,
2026-09-03T07:12:17.637941+00:00,cam02,Janpath,Ahmedabad,—,TR01M1K1RSWH0QBJCWV3P66S7NQF,truck,CONFIRMED,0.920,1194,583,1382,800,,
2026-09-03T07:12:17.637941+00:00,cam02,Janpath,Ahmedabad,—,TR01M1K1RWXJW7RYCSGN6SYH9320,car,CONFIRMED,0.594,154,204,246,260,,
2026-09-03T07:12:17.637941+00:00,cam02,Janpath,Ahmedabad,—,TR01M1K1RXERWMGV4Q20QDD653N9,car,CONFIRMED,0.660,1868,252,1898,297,,
2026-09-03T07:12:17.637941+00:00,cam02,Janpath,Ahmedabad,—,TR01M1K1RXKZJABP800MW4Z06Q5P,vehicle,CONFIRMED,0.490,324,312,420,408,,
2026-09-03T07:12:17.637941+00:00,cam02,Janpath,Ahmedabad,—,TR01M1K1RXKZ4N00VK842PGC5W8J,truck,CONFIRMED,0.651,1729,523,1918,674,,
2026-09-03T07:12:17.637941+00:00,cam02,Janpath,Ahmedabad,—,TR01M1K1RXKZD760KGTV87YTJ1Z8,bus,CONFIRMED,0.578,1729,523,1918,674,,
2026-09-03T07:12:17.637941+00:00,cam02,Janpath,Ahmedabad,—,TR01M1K1RYB0NPG87FQCD025EPDW,car,CONFIRMED,0.790,1564,269,1642,327,,
2026-09-03T07:12:17.637941+00:00,cam02,Janpath,Ahmedabad,—,TR01M1K1RZ1S6FQ87BZ3M4K2JDXG,car,TENTATIVE,0.584,795,275,871,335,,
2026-09-03T07:12:17.637941+00:00,cam02,Janpath,Ahmedabad,—,TR01M1K1RZ1SAC275V98TE77TEGK,vehicle,CONFIRMED,0.456,1200,588,1380,840,,
2026-09-03T07:12:17.637941+00:00,cam02,Janpath,Ahmedabad,—,TR01M1K1RZH18VEXXTZTPK05WPEZ,car,TENTATIVE,0.655,867,269,935,319,,
2026-09-03T07:12:17.737941+00:00,cam02,Janpath,Ahmedabad,—,TR01M1K1RQ6AE53FZRZZV4AEEVWZ,car,CONFIRMED,0.811,0,327,54,399,,
2026-09-03T07:12:17.737941+00:00,cam02,Janpath,Ahmedabad,—,TR01M1K1RQ6AFSDR74D9NJVX476J,truck,CONFIRMED,0.743,614,881,959,1078,,
2026-09-03T07:12:17.737941+00:00,cam02,Janpath,Ahmedabad,—,TR01M1K1RQ6A3D27WW6PK2Z4DN6K,bus,CONFIRMED,0.575,614,881,959,1078,,
2026-09-03T07:12:17.737941+00:00,cam02,Janpath,Ahmedabad,—,TR01M1K1RSWHJX38WD1JV2DWZX6S,car,CONFIRMED,0.679,1559,272,1634,330,,
2026-09-03T07:12:17.737941+00:00,cam02,Janpath,Ahmedabad,—,TR01M1K1RSWH0QBJCWV3P66S7NQF,truck,CONFIRMED,0.896,1154,603,1349,828,,
2026-09-03T07:12:17.737941+00:00,cam02,Janpath,Ahmedabad,—,TR01M1K1RWXJW7RYCSGN6SYH9320,car,CONFIRMED,0.561,154,204,246,260,,
2026-09-03T07:12:17.737941+00:00,cam02,Janpath,Ahmedabad,—,TR01M1K1RXERWMGV4Q20QDD653N9,car,CONFIRMED,0.660,1868,252,1898,297,,
2026-09-03T07:12:17.737941+00:00,cam02,Janpath,Ahmedabad,—,TR01M1K1RXKZJABP800MW4Z06Q5P,truck,CONFIRMED,0.423,154,197,356,263,,
2026-09-03T07:12:17.737941+00:00,cam02,Janpath,Ahmedabad,—,TR01M1K1RXKZ4N00VK842PGC5W8J,truck,CONFIRMED,0.649,1729,523,1918,674,,
2026-09-03T07:12:17.737941+00:00,cam02,Janpath,Ahmedabad,—,TR01M1K1RXKZD760KGTV87YTJ1Z8,bus,CONFIRMED,0.644,1729,523,1918,674,,
2026-09-03T07:12:17.737941+00:00,cam02,Janpath,Ahmedabad,—,TR01M1K1RYB0NPG87FQCD025EPDW,truck,CONFIRMED,0.589,1558,271,1635,330,,
2026-09-03T07:12:17.737941+00:00,cam02,Janpath,Ahmedabad,—,TR01M1K1RZ1S6FQ87BZ3M4K2JDXG,car,TENTATIVE,0.584,795,275,871,335,,
2026-09-03T07:12:17.737941+00:00,cam02,Janpath,Ahmedabad,—,TR01M1K1RZ1SAC275V98TE77TEGK,vehicle,CONFIRMED,0.411,1164,612,1356,888,,
2026-09-03T07:12:17.737941+00:00,cam02,Janpath,Ahmedabad,—,TR01M1K1RZH18VEXXTZTPK05WPEZ,car,CONFIRMED,0.595,887,267,955,314,,
2026-09-03T07:12:17.857941+00:00,cam02,Janpath,Ahmedabad,—,TR01M1K1RQ6AE53FZRZZV4AEEVWZ,car,CONFIRMED,0.816,0,326,54,399,,
2026-09-03T07:12:17.857941+00:00,cam02,Janpath,Ahmedabad,—,TR01M1K1RQ6AFSDR74D9NJVX476J,vehicle,CONFIRMED,0.437,540,948,900,1080,,
2026-09-03T07:12:17.857941+00:00,cam02,Janpath,Ahmedabad,—,TR01M1K1RQ6A3D27WW6PK2Z4DN6K,truck,CONFIRMED,0.493,524,934,889,1079,,
2026-09-03T07:12:17.857941+00:00,cam02,Janpath,Ahmedabad,—,TR01M1K1RSWHJX38WD1JV2DWZX6S,truck,CONFIRMED,0.589,1545,275,1626,336,,
2026-09-03T07:12:17.857941+00:00,cam02,Janpath,Ahmedabad,—,TR01M1K1RSWH0QBJCWV3P66S7NQF,truck,CONFIRMED,0.905,1092,631,1298,874,,
2026-09-03T07:12:17.857941+00:00,cam02,Janpath,Ahmedabad,—,TR01M1K1RWXJW7RYCSGN6SYH9320,car,CONFIRMED,0.594,154,204,245,260,,
2026-09-03T07:12:17.857941+00:00,cam02,Janpath,Ahmedabad,—,TR01M1K1RXERWMGV4Q20QDD653N9,car,CONFIRMED,0.660,1868,252,1898,297,,
2026-09-03T07:12:17.857941+00:00,cam02,Janpath,Ahmedabad,—,TR01M1K1RXKZJABP800MW4Z06Q5P,truck,CONFIRMED,0.433,154,197,355,263,,
2026-09-03T07:12:17.857941+00:00,cam02,Janpath,Ahmedabad,—,TR01M1K1RXKZ4N00VK842PGC5W8J,bus,CONFIRMED,0.647,1729,523,1918,674,,
2026-09-03T07:12:17.857941+00:00,cam02,Janpath,Ahmedabad,—,TR01M1K1RXKZD760KGTV87YTJ1Z8,truck,CONFIRMED,0.628,1729,523,1918,674,,
2026-09-03T07:12:17.857941+00:00,cam02,Janpath,Ahmedabad,—,TR01M1K1RYB0NPG87FQCD025EPDW,car,CONFIRMED,0.781,1545,276,1626,336,,
2026-09-03T07:12:17.857941+00:00,cam02,Janpath,Ahmedabad,—,TR01M1K1RZ1S6FQ87BZ3M4K2JDXG,car,TENTATIVE,0.584,795,275,871,335,,
2026-09-03T07:12:17.857941+00:00,cam02,Janpath,Ahmedabad,—,TR01M1K1RZ1SAC275V98TE77TEGK,vehicle,CONFIRMED,0.414,1104,636,1296,936,,
2026-09-03T07:12:17.857941+00:00,cam02,Janpath,Ahmedabad,—,TR01M1K1RZH18VEXXTZTPK05WPEZ,truck,CONFIRMED,0.472,917,261,984,309,,
2026-09-03T07:12:18.137941+00:00,cam02,Janpath,Ahmedabad,—,TR01M1K1RQ6AE53FZRZZV4AEEVWZ,car,CONFIRMED,0.795,1,326,56,400,,
2026-09-03T07:12:18.137941+00:00,cam02,Janpath,Ahmedabad,—,TR01M1K1RQ6AFSDR74D9NJVX476J,vehicle,CONFIRMED,0.437,540,948,900,1080,,
2026-09-03T07:12:18.137941+00:00,cam02,Janpath,Ahmedabad,—,TR01M1K1RQ6A3D27WW6PK2Z4DN6K,truck,CONFIRMED,0.493,524,934,889,1079,,
2026-09-03T07:12:18.137941+00:00,cam02,Janpath,Ahmedabad,—,TR01M1K1RSWHJX38WD1JV2DWZX6S,car,CONFIRMED,0.874,1527,282,1611,347,,
2026-09-03T07:12:18.137941+00:00,cam02,Janpath,Ahmedabad,—,TR01M1K1RSWH0QBJCWV3P66S7NQF,car,CONFIRMED,0.533,943,697,1190,978,,
2026-09-03T07:12:18.137941+00:00,cam02,Janpath,Ahmedabad,—,TR01M1K1RWXJW7RYCSGN6SYH9320,car,CONFIRMED,0.594,154,204,245,260,,
2026-09-03T07:12:18.137941+00:00,cam02,Janpath,Ahmedabad,—,TR01M1K1RXERWMGV4Q20QDD653N9,car,CONFIRMED,0.660,1868,252,1898,297,,
2026-09-03T07:12:18.137941+00:00,cam02,Janpath,Ahmedabad,—,TR01M1K1RXKZJABP800MW4Z06Q5P,truck,CONFIRMED,0.536,157,198,355,263,,
2026-09-03T07:12:18.137941+00:00,cam02,Janpath,Ahmedabad,—,TR01M1K1RXKZ4N00VK842PGC5W8J,truck,CONFIRMED,0.456,1729,526,1918,674,,
2026-09-03T07:12:18.137941+00:00,cam02,Janpath,Ahmedabad,—,TR01M1K1RXKZD760KGTV87YTJ1Z8,bus,CONFIRMED,0.403,1729,526,1918,674,,
2026-09-03T07:12:18.137941+00:00,cam02,Janpath,Ahmedabad,—,TR01M1K1RYB0NPG87FQCD025EPDW,truck,CONFIRMED,0.417,1527,281,1612,347,,
2026-09-03T07:12:18.137941+00:00,cam02,Janpath,Ahmedabad,—,TR01M1K1RZ1S6FQ87BZ3M4K2JDXG,car,TENTATIVE,0.584,795,275,871,335,,
2026-09-03T07:12:18.137941+00:00,cam02,Janpath,Ahmedabad,—,TR01M1K1RZ1SAC275V98TE77TEGK,truck,CONFIRMED,0.687,942,696,1191,978,,
2026-09-03T07:12:18.137941+00:00,cam02,Janpath,Ahmedabad,—,TR01M1K1RZH18VEXXTZTPK05WPEZ,car,CONFIRMED,0.591,967,251,1021,286,,
2026-09-03T07:12:18.137941+00:00,cam02,Janpath,Ahmedabad,—,TR01M1K1S0QENX87WCTN4YJMNFYN,car,TENTATIVE,0.693,1807,231,1850,252,,
2026-09-03T07:12:18.137941+00:00,cam02,Janpath,Ahmedabad,—,TR01M1K1S0QEKH1RQ21APMN7GE0G,car,TENTATIVE,0.514,942,696,1191,978,,
2026-09-03T07:12:18.537941+00:00,cam02,Janpath,Ahmedabad,—,TR01M1K1RQ6AE53FZRZZV4AEEVWZ,car,CONFIRMED,0.820,1,326,56,400,,
2026-09-03T07:12:18.537941+00:00,cam02,Janpath,Ahmedabad,—,TR01M1K1RQ6AFSDR74D9NJVX476J,vehicle,CONFIRMED,0.437,540,948,900,1080,,
2026-09-03T07:12:18.537941+00:00,cam02,Janpath,Ahmedabad,—,TR01M1K1RQ6A3D27WW6PK2Z4DN6K,truck,CONFIRMED,0.493,524,934,889,1079,,
2026-09-03T07:12:18.537941+00:00,cam02,Janpath,Ahmedabad,—,TR01M1K1RSWHJX38WD1JV2DWZX6S,car,CONFIRMED,0.910,1490,296,1582,366,,
2026-09-03T07:12:18.537941+00:00,cam02,Janpath,Ahmedabad,—,TR01M1K1RSWH0QBJCWV3P66S7NQF,car,CONFIRMED,0.800,620,830,952,1078,,
2026-09-03T07:12:18.537941+00:00,cam02,Janpath,Ahmedabad,—,TR01M1K1RWXJW7RYCSGN6SYH9320,car,CONFIRMED,0.594,154,204,245,260,,
2026-09-03T07:12:18.537941+00:00,cam02,Janpath,Ahmedabad,—,TR01M1K1RXKZJABP800MW4Z06Q5P,truck,CONFIRMED,0.540,157,197,355,262,,
2026-09-03T07:12:18.537941+00:00,cam02,Janpath,Ahmedabad,—,TR01M1K1RXKZ4N00VK842PGC5W8J,truck,CONFIRMED,0.456,1729,526,1918,674,,
2026-09-03T07:12:18.537941+00:00,cam02,Janpath,Ahmedabad,—,TR01M1K1RXKZD760KGTV87YTJ1Z8,bus,CONFIRMED,0.403,1729,526,1918,674,,
2026-09-03T07:12:18.537941+00:00,cam02,Janpath,Ahmedabad,—,TR01M1K1RYB0NPG87FQCD025EPDW,truck,CONFIRMED,0.429,1490,295,1582,366,,
2026-09-03T07:12:18.537941+00:00,cam02,Janpath,Ahmedabad,—,TR01M1K1RZ1S6FQ87BZ3M4K2JDXG,car,TENTATIVE,0.584,795,275,871,335,,
2026-09-03T07:12:18.537941+00:00,cam02,Janpath,Ahmedabad,—,TR01M1K1RZ1SAC275V98TE77TEGK,truck,CONFIRMED,0.530,620,830,952,1078,,
2026-09-03T07:12:18.537941+00:00,cam02,Janpath,Ahmedabad,—,TR01M1K1RZH18VEXXTZTPK05WPEZ,car,CONFIRMED,0.591,967,251,1021,286,,
2026-09-03T07:12:18.537941+00:00,cam02,Janpath,Ahmedabad,—,TR01M1K1S0QENX87WCTN4YJMNFYN,car,CONFIRMED,0.528,1799,222,1849,258,,
2026-09-03T07:12:18.537941+00:00,cam02,Janpath,Ahmedabad,—,TR01M1K1S0QEKH1RQ21APMN7GE0G,car,TENTATIVE,0.514,942,696,1191,978,,
2026-09-03T07:12:18.637941+00:00,cam02,Janpath,Ahmedabad,—,TR01M1K1RQ6AE53FZRZZV4AEEVWZ,car,CONFIRMED,0.827,1,326,56,400,,
2026-09-03T07:12:18.637941+00:00,cam02,Janpath,Ahmedabad,—,TR01M1K1RQ6AFSDR74D9NJVX476J,vehicle,CONFIRMED,0.437,540,948,900,1080,,
2026-09-03T07:12:18.637941+00:00,cam02,Janpath,Ahmedabad,—,TR01M1K1RQ6A3D27WW6PK2Z4DN6K,truck,CONFIRMED,0.493,524,934,889,1079,,
2026-09-03T07:12:18.637941+00:00,cam02,Janpath,Ahmedabad,—,TR01M1K1RSWHJX38WD1JV2DWZX6S,car,CONFIRMED,0.823,1482,299,1575,372,,
2026-09-03T07:12:18.637941+00:00,cam02,Janpath,Ahmedabad,—,TR01M1K1RSWH0QBJCWV3P66S7NQF,truck,CONFIRMED,0.515,520,873,872,1078,,
2026-09-03T07:12:18.637941+00:00,cam02,Janpath,Ahmedabad,—,TR01M1K1RWXJW7RYCSGN6SYH9320,car,CONFIRMED,0.594,154,204,245,260,,
2026-09-03T07:12:18.637941+00:00,cam02,Janpath,Ahmedabad,—,TR01M1K1RXKZJABP800MW4Z06Q5P,truck,CONFIRMED,0.567,157,197,355,263,,
2026-09-03T07:12:18.637941+00:00,cam02,Janpath,Ahmedabad,—,TR01M1K1RXKZ4N00VK842PGC5W8J,truck,CONFIRMED,0.456,1729,526,1918,674,,
2026-09-03T07:12:18.637941+00:00,cam02,Janpath,Ahmedabad,—,TR01M1K1RXKZD760KGTV87YTJ1Z8,bus,CONFIRMED,0.403,1729,526,1918,674,,
2026-09-03T07:12:18.637941+00:00,cam02,Janpath,Ahmedabad,—,TR01M1K1RYB0NPG87FQCD025EPDW,truck,CONFIRMED,0.508,1481,298,1575,372,,
2026-09-03T07:12:18.637941+00:00,cam02,Janpath,Ahmedabad,—,TR01M1K1RZ1S6FQ87BZ3M4K2JDXG,car,TENTATIVE,0.584,795,275,871,335,,
2026-09-03T07:12:18.637941+00:00,cam02,Janpath,Ahmedabad,—,TR01M1K1RZ1SAC275V98TE77TEGK,vehicle,CONFIRMED,0.447,528,888,864,1080,,
2026-09-03T07:12:18.637941+00:00,cam02,Janpath,Ahmedabad,—,TR01M1K1RZH18VEXXTZTPK05WPEZ,car,CONFIRMED,0.591,967,251,1021,286,,
2026-09-03T07:12:18.637941+00:00,cam02,Janpath,Ahmedabad,—,TR01M1K1S0QENX87WCTN4YJMNFYN,car,CONFIRMED,0.582,1797,224,1847,260,,
2026-09-03T07:12:18.637941+00:00,cam02,Janpath,Ahmedabad,—,TR01M1K1S0QEKH1RQ21APMN7GE0G,car,TENTATIVE,0.514,942,696,1191,978,,
2026-09-03T07:12:18.637941+00:00,cam02,Janpath,Ahmedabad,—,TR01M1K1S11V8X30WPX8KWH8A3QF,car,CONFIRMED,0.561,1761,191,1813,224,,
2026-09-03T07:12:18.637941+00:00,cam02,Janpath,Ahmedabad,—,TR01M1K1S11V4S2R7W2Z1CH6HWWF,car,TENTATIVE,0.522,1798,211,1849,259,,
2026-09-03T07:12:19.057941+00:00,cam02,Janpath,Ahmedabad,—,TR01M1K1RQ6AE53FZRZZV4AEEVWZ,car,CONFIRMED,0.823,1,326,56,400,,
2026-09-03T07:12:19.057941+00:00,cam02,Janpath,Ahmedabad,—,TR01M1K1RQ6AFSDR74D9NJVX476J,vehicle,CONFIRMED,0.437,540,948,900,1080,,
2026-09-03T07:12:19.057941+00:00,cam02,Janpath,Ahmedabad,—,TR01M1K1RQ6A3D27WW6PK2Z4DN6K,truck,CONFIRMED,0.493,524,934,889,1079,,
2026-09-03T07:12:19.057941+00:00,cam02,Janpath,Ahmedabad,—,TR01M1K1RSWHJX38WD1JV2DWZX6S,vehicle,CONFIRMED,0.436,1440,312,1536,408,,
2026-09-03T07:12:19.057941+00:00,cam02,Janpath,Ahmedabad,—,TR01M1K1RSWH0QBJCWV3P66S7NQF,car,CONFIRMED,0.512,429,914,791,1078,,
2026-09-03T07:12:19.057941+00:00,cam02,Janpath,Ahmedabad,—,TR01M1K1RWXJW7RYCSGN6SYH9320,car,CONFIRMED,0.594,154,204,245,260,,
2026-09-03T07:12:19.057941+00:00,cam02,Janpath,Ahmedabad,—,TR01M1K1RXKZJABP800MW4Z06Q5P,truck,CONFIRMED,0.554,157,197,355,263,,
2026-09-03T07:12:19.057941+00:00,cam02,Janpath,Ahmedabad,—,TR01M1K1RXKZ4N00VK842PGC5W8J,bus,CONFIRMED,0.600,1729,525,1917,674,,
2026-09-03T07:12:19.057941+00:00,cam02,Janpath,Ahmedabad,—,TR01M1K1RXKZD760KGTV87YTJ1Z8,truck,CONFIRMED,0.405,1729,525,1917,674,,
2026-09-03T07:12:19.057941+00:00,cam02,Janpath,Ahmedabad,—,TR01M1K1RYB0NPG87FQCD025EPDW,car,CONFIRMED,0.871,1433,316,1539,396,,
2026-09-03T07:12:19.057941+00:00,cam02,Janpath,Ahmedabad,—,TR01M1K1RZ1SAC275V98TE77TEGK,truck,CONFIRMED,0.417,429,914,791,1078,,
2026-09-03T07:12:19.057941+00:00,cam02,Janpath,Ahmedabad,—,TR01M1K1RZH18VEXXTZTPK05WPEZ,car,CONFIRMED,0.591,967,251,1021,286,,
2026-09-03T07:12:19.057941+00:00,cam02,Janpath,Ahmedabad,—,TR01M1K1S0QENX87WCTN4YJMNFYN,car,CONFIRMED,0.631,1795,234,1844,262,,
2026-09-03T07:12:19.057941+00:00,cam02,Janpath,Ahmedabad,—,TR01M1K1S0QEKH1RQ21APMN7GE0G,car,TENTATIVE,0.514,942,696,1191,978,,
2026-09-03T07:12:19.057941+00:00,cam02,Janpath,Ahmedabad,—,TR01M1K1S11V8X30WPX8KWH8A3QF,car,CONFIRMED,0.635,1754,189,1807,225,,
2026-09-03T07:12:19.057941+00:00,cam02,Janpath,Ahmedabad,—,TR01M1K1S11V4S2R7W2Z1CH6HWWF,car,CONFIRMED,0.780,1787,225,1837,267,,
2026-09-03T07:12:19.357941+00:00,cam02,Janpath,Ahmedabad,—,TR01M1K1RQ6AE53FZRZZV4AEEVWZ,car,CONFIRMED,0.828,0,327,55,400,,
2026-09-03T07:12:19.357941+00:00,cam02,Janpath,Ahmedabad,—,TR01M1K1RQ6AFSDR74D9NJVX476J,vehicle,CONFIRMED,0.437,540,948,900,1080,,
2026-09-03T07:12:19.357941+00:00,cam02,Janpath,Ahmedabad,—,TR01M1K1RQ6A3D27WW6PK2Z4DN6K,truck,CONFIRMED,0.493,524,934,889,1079,,
2026-09-03T07:12:19.357941+00:00,cam02,Janpath,Ahmedabad,—,TR01M1K1RSWHJX38WD1JV2DWZX6S,vehicle,CONFIRMED,0.473,1404,324,1512,432,,
2026-09-03T07:12:19.357941+00:00,cam02,Janpath,Ahmedabad,—,TR01M1K1RSWH0QBJCWV3P66S7NQF,car,CONFIRMED,0.512,429,914,791,1078,,
2026-09-03T07:12:19.357941+00:00,cam02,Janpath,Ahmedabad,—,TR01M1K1RWXJW7RYCSGN6SYH9320,car,CONFIRMED,0.594,154,204,245,260,,
2026-09-03T07:12:19.357941+00:00,cam02,Janpath,Ahmedabad,—,TR01M1K1RXKZJABP800MW4Z06Q5P,truck,CONFIRMED,0.554,157,197,355,263,,
2026-09-03T07:12:19.357941+00:00,cam02,Janpath,Ahmedabad,—,TR01M1K1RXKZ4N00VK842PGC5W8J,bus,CONFIRMED,0.600,1729,525,1917,674,,
2026-09-03T07:12:19.357941+00:00,cam02,Janpath,Ahmedabad,—,TR01M1K1RXKZD760KGTV87YTJ1Z8,truck,CONFIRMED,0.405,1729,525,1917,674,,
2026-09-03T07:12:19.357941+00:00,cam02,Janpath,Ahmedabad,—,TR01M1K1RYB0NPG87FQCD025EPDW,car,CONFIRMED,0.882,1396,329,1507,415,,
2026-09-03T07:12:19.357941+00:00,cam02,Janpath,Ahmedabad,—,TR01M1K1RZ1SAC275V98TE77TEGK,truck,CONFIRMED,0.417,429,914,791,1078,,
2026-09-03T07:12:19.357941+00:00,cam02,Janpath,Ahmedabad,—,TR01M1K1RZH18VEXXTZTPK05WPEZ,car,CONFIRMED,0.591,967,251,1021,286,,
2026-09-03T07:12:19.357941+00:00,cam02,Janpath,Ahmedabad,—,TR01M1K1S0QENX87WCTN4YJMNFYN,car,CONFIRMED,0.631,1795,234,1844,262,,
2026-09-03T07:12:19.357941+00:00,cam02,Janpath,Ahmedabad,—,TR01M1K1S0QEKH1RQ21APMN7GE0G,vehicle,CONFIRMED,0.377,1020,744,1224,912,,
2026-09-03T07:12:19.357941+00:00,cam02,Janpath,Ahmedabad,—,TR01M1K1S11V8X30WPX8KWH8A3QF,car,CONFIRMED,0.814,1748,199,1787,229,,
2026-09-03T07:12:19.357941+00:00,cam02,Janpath,Ahmedabad,—,TR01M1K1S11V4S2R7W2Z1CH6HWWF,car,CONFIRMED,0.831,1779,230,1831,271,,
2026-09-03T07:12:19.537941+00:00,cam02,Janpath,Ahmedabad,—,TR01M1K1RQ6AE53FZRZZV4AEEVWZ,car,CONFIRMED,0.828,0,327,55,400,,
2026-09-03T07:12:19.537941+00:00,cam02,Janpath,Ahmedabad,—,TR01M1K1RSWHJX38WD1JV2DWZX6S,vehicle,CONFIRMED,0.451,1380,336,1500,444,,
2026-09-03T07:12:19.537941+00:00,cam02,Janpath,Ahmedabad,—,TR01M1K1RSWH0QBJCWV3P66S7NQF,car,CONFIRMED,0.512,429,914,791,1078,,
2026-09-03T07:12:19.537941+00:00,cam02,Janpath,Ahmedabad,—,TR01M1K1RXKZJABP800MW4Z06Q5P,truck,CONFIRMED,0.554,157,197,355,263,,
2026-09-03T07:12:19.537941+00:00,cam02,Janpath,Ahmedabad,—,TR01M1K1RXKZ4N00VK842PGC5W8J,truck,CONFIRMED,0.410,1728,523,1915,673,,
2026-09-03T07:12:19.537941+00:00,cam02,Janpath,Ahmedabad,—,TR01M1K1RXKZD760KGTV87YTJ1Z8,truck,CONFIRMED,0.405,1729,525,1917,674,,
2026-09-03T07:12:19.537941+00:00,cam02,Janpath,Ahmedabad,—,TR01M1K1RYB0NPG87FQCD025EPDW,car,CONFIRMED,0.901,1376,338,1493,426,,
2026-09-03T07:12:19.537941+00:00,cam02,Janpath,Ahmedabad,—,TR01M1K1RZ1SAC275V98TE77TEGK,truck,CONFIRMED,0.417,429,914,791,1078,,
2026-09-03T07:12:19.537941+00:00,cam02,Janpath,Ahmedabad,—,TR01M1K1RZH18VEXXTZTPK05WPEZ,car,CONFIRMED,0.591,967,251,1021,286,,
2026-09-03T07:12:19.537941+00:00,cam02,Janpath,Ahmedabad,—,TR01M1K1S0QENX87WCTN4YJMNFYN,car,CONFIRMED,0.631,1795,234,1844,262,,
2026-09-03T07:12:19.537941+00:00,cam02,Janpath,Ahmedabad,—,TR01M1K1S0QEKH1RQ21APMN7GE0G,vehicle,CONFIRMED,0.377,1020,744,1224,912,,
2026-09-03T07:12:19.537941+00:00,cam02,Janpath,Ahmedabad,—,TR01M1K1S11V8X30WPX8KWH8A3QF,car,CONFIRMED,0.827,1745,198,1786,230,,
2026-09-03T07:12:19.537941+00:00,cam02,Janpath,Ahmedabad,—,TR01M1K1S11V4S2R7W2Z1CH6HWWF,car,CONFIRMED,0.833,1777,231,1829,273,,
2026-09-03T07:12:19.637941+00:00,cam02,Janpath,Ahmedabad,—,TR01M1K1RQ6AE53FZRZZV4AEEVWZ,car,CONFIRMED,0.821,0,327,55,400,,
2026-09-03T07:12:19.637941+00:00,cam02,Janpath,Ahmedabad,—,TR01M1K1RSWHJX38WD1JV2DWZX6S,truck,CONFIRMED,0.498,1361,341,1483,432,,
2026-09-03T07:12:19.637941+00:00,cam02,Janpath,Ahmedabad,—,TR01M1K1RSWH0QBJCWV3P66S7NQF,car,CONFIRMED,0.512,429,914,791,1078,,
2026-09-03T07:12:19.637941+00:00,cam02,Janpath,Ahmedabad,—,TR01M1K1RXKZJABP800MW4Z06Q5P,truck,CONFIRMED,0.554,157,197,355,263,,
2026-09-03T07:12:19.637941+00:00,cam02,Janpath,Ahmedabad,—,TR01M1K1RXKZ4N00VK842PGC5W8J,truck,CONFIRMED,0.478,1728,523,1916,674,,
2026-09-03T07:12:19.637941+00:00,cam02,Janpath,Ahmedabad,—,TR01M1K1RXKZD760KGTV87YTJ1Z8,truck,CONFIRMED,0.405,1729,525,1917,674,,
2026-09-03T07:12:19.637941+00:00,cam02,Janpath,Ahmedabad,—,TR01M1K1RYB0NPG87FQCD025EPDW,car,CONFIRMED,0.829,1361,341,1483,432,,
2026-09-03T07:12:19.637941+00:00,cam02,Janpath,Ahmedabad,—,TR01M1K1RZ1SAC275V98TE77TEGK,truck,CONFIRMED,0.417,429,914,791,1078,,
2026-09-03T07:12:19.637941+00:00,cam02,Janpath,Ahmedabad,—,TR01M1K1RZH18VEXXTZTPK05WPEZ,car,CONFIRMED,0.591,967,251,1021,286,,
2026-09-03T07:12:19.637941+00:00,cam02,Janpath,Ahmedabad,—,TR01M1K1S0QENX87WCTN4YJMNFYN,car,CONFIRMED,0.631,1795,234,1844,262,,
2026-09-03T07:12:19.637941+00:00,cam02,Janpath,Ahmedabad,—,TR01M1K1S0QEKH1RQ21APMN7GE0G,vehicle,CONFIRMED,0.377,1020,744,1224,912,,
2026-09-03T07:12:19.637941+00:00,cam02,Janpath,Ahmedabad,—,TR01M1K1S11V8X30WPX8KWH8A3QF,car,CONFIRMED,0.818,1743,198,1784,231,,
2026-09-03T07:12:19.637941+00:00,cam02,Janpath,Ahmedabad,—,TR01M1K1S11V4S2R7W2Z1CH6HWWF,car,CONFIRMED,0.845,1773,231,1827,276,,
2026-09-03T07:12:20.243941+00:00,cam02,Janpath,Ahmedabad,—,TR01M1K1RQ6AE53FZRZZV4AEEVWZ,car,CONFIRMED,0.840,0,328,57,400,,
2026-09-03T07:12:20.243941+00:00,cam02,Janpath,Ahmedabad,—,TR01M1K1RSWHJX38WD1JV2DWZX6S,car,CONFIRMED,0.526,1277,374,1417,480,,
2026-09-03T07:12:20.243941+00:00,cam02,Janpath,Ahmedabad,—,TR01M1K1RXKZJABP800MW4Z06Q5P,truck,CONFIRMED,0.412,154,198,354,264,,
2026-09-03T07:12:20.243941+00:00,cam02,Janpath,Ahmedabad,—,TR01M1K1RXKZ4N00VK842PGC5W8J,truck,CONFIRMED,0.549,1728,523,1916,673,,
2026-09-03T07:12:20.243941+00:00,cam02,Janpath,Ahmedabad,—,TR01M1K1RXKZD760KGTV87YTJ1Z8,truck,CONFIRMED,0.458,1728,524,1916,675,,
2026-09-03T07:12:20.243941+00:00,cam02,Janpath,Ahmedabad,—,TR01M1K1RYB0NPG87FQCD025EPDW,truck,CONFIRMED,0.816,1277,374,1418,481,,
2026-09-03T07:12:20.243941+00:00,cam02,Janpath,Ahmedabad,—,TR01M1K1S0QEKH1RQ21APMN7GE0G,vehicle,CONFIRMED,0.377,1020,744,1224,912,,
2026-09-03T07:12:20.243941+00:00,cam02,Janpath,Ahmedabad,—,TR01M1K1S11V8X30WPX8KWH8A3QF,car,CONFIRMED,0.759,1729,194,1774,238,,
2026-09-03T07:12:20.243941+00:00,cam02,Janpath,Ahmedabad,—,TR01M1K1S11V4S2R7W2Z1CH6HWWF,car,CONFIRMED,0.851,1757,243,1816,289,,
2026-09-03T07:12:20.243941+00:00,cam02,Janpath,Ahmedabad,—,TR01M1K1S2ZVKX5WT22934V5WB98,car,TENTATIVE,0.775,1872,839,1919,947,,
2026-09-03T07:12:20.243941+00:00,cam02,Janpath,Ahmedabad,—,TR01M1K1S2ZV9PZVGRBD93R51NKY,car,TENTATIVE,0.721,1771,216,1819,244,,
2026-09-03T07:12:20.243941+00:00,cam02,Janpath,Ahmedabad,—,TR01M1K1S2ZV2D7C53HAF0W32K2E,car,TENTATIVE,0.623,1729,197,1774,238,,
2026-09-03T07:12:20.463941+00:00,cam02,Janpath,Ahmedabad,—,TR01M1K1RQ6AE53FZRZZV4AEEVWZ,car,CONFIRMED,0.819,0,328,57,400,,
2026-09-03T07:12:20.463941+00:00,cam02,Janpath,Ahmedabad,—,TR01M1K1RSWHJX38WD1JV2DWZX6S,truck,CONFIRMED,0.838,1242,388,1388,500,,
2026-09-03T07:12:20.463941+00:00,cam02,Janpath,Ahmedabad,—,TR01M1K1RXKZJABP800MW4Z06Q5P,car,CONFIRMED,0.429,155,203,273,259,,
2026-09-03T07:12:20.463941+00:00,cam02,Janpath,Ahmedabad,—,TR01M1K1RXKZ4N00VK842PGC5W8J,truck,CONFIRMED,0.549,1728,523,1916,673,,
2026-09-03T07:12:20.463941+00:00,cam02,Janpath,Ahmedabad,—,TR01M1K1RXKZD760KGTV87YTJ1Z8,truck,CONFIRMED,0.423,1727,523,1916,675,,
2026-09-03T07:12:20.463941+00:00,cam02,Janpath,Ahmedabad,—,TR01M1K1RYB0NPG87FQCD025EPDW,car,CONFIRMED,0.535,1242,389,1387,499,,
2026-09-03T07:12:20.463941+00:00,cam02,Janpath,Ahmedabad,—,TR01M1K1S0QEKH1RQ21APMN7GE0G,vehicle,CONFIRMED,0.377,1020,744,1224,912,,
2026-09-03T07:12:20.463941+00:00,cam02,Janpath,Ahmedabad,—,TR01M1K1S11V8X30WPX8KWH8A3QF,car,CONFIRMED,0.788,1723,197,1769,241,,
2026-09-03T07:12:20.463941+00:00,cam02,Janpath,Ahmedabad,—,TR01M1K1S11V4S2R7W2Z1CH6HWWF,car,CONFIRMED,0.870,1750,247,1812,295,,
2026-09-03T07:12:20.463941+00:00,cam02,Janpath,Ahmedabad,—,TR01M1K1S2ZVKX5WT22934V5WB98,car,TENTATIVE,0.775,1872,839,1919,947,,
2026-09-03T07:12:20.463941+00:00,cam02,Janpath,Ahmedabad,—,TR01M1K1S2ZV9PZVGRBD93R51NKY,car,CONFIRMED,0.758,1775,220,1819,248,,
2026-09-03T07:12:20.463941+00:00,cam02,Janpath,Ahmedabad,—,TR01M1K1S2ZV2D7C53HAF0W32K2E,truck,CONFIRMED,0.474,1723,196,1770,241,,
2026-09-03T07:12:20.463941+00:00,cam02,Janpath,Ahmedabad,—,TR01M1K1S35QJ02AQFFGXT27BKNJ,car,TENTATIVE,0.786,0,629,163,850,,
2026-09-03T07:12:20.463941+00:00,cam02,Janpath,Ahmedabad,—,TR01M1K1S35QWT5AQE98BDTX9QGQ,truck,TENTATIVE,0.538,0,631,165,850,,
2026-09-03T07:12:20.563941+00:00,cam02,Janpath,Ahmedabad,—,TR01M1K1RQ6AE53FZRZZV4AEEVWZ,car,CONFIRMED,0.826,0,328,57,400,,
2026-09-03T07:12:20.563941+00:00,cam02,Janpath,Ahmedabad,—,TR01M1K1RSWHJX38WD1JV2DWZX6S,car,CONFIRMED,0.586,1226,395,1379,507,,
2026-09-03T07:12:20.563941+00:00,cam02,Janpath,Ahmedabad,—,TR01M1K1RXKZJABP800MW4Z06Q5P,car,CONFIRMED,0.434,155,203,273,259,,
2026-09-03T07:12:20.563941+00:00,cam02,Janpath,Ahmedabad,—,TR01M1K1RXKZ4N00VK842PGC5W8J,truck,CONFIRMED,0.549,1728,523,1916,673,,
2026-09-03T07:12:20.563941+00:00,cam02,Janpath,Ahmedabad,—,TR01M1K1RXKZD760KGTV87YTJ1Z8,truck,CONFIRMED,0.438,1727,523,1916,675,,
2026-09-03T07:12:20.563941+00:00,cam02,Janpath,Ahmedabad,—,TR01M1K1RYB0NPG87FQCD025EPDW,truck,CONFIRMED,0.833,1226,395,1380,508,,
2026-09-03T07:12:20.563941+00:00,cam02,Janpath,Ahmedabad,—,TR01M1K1S0QEKH1RQ21APMN7GE0G,vehicle,CONFIRMED,0.377,1020,744,1224,912,,
2026-09-03T07:12:20.563941+00:00,cam02,Janpath,Ahmedabad,—,TR01M1K1S11V8X30WPX8KWH8A3QF,car,CONFIRMED,0.817,1720,200,1767,243,,
2026-09-03T07:12:20.563941+00:00,cam02,Janpath,Ahmedabad,—,TR01M1K1S11V4S2R7W2Z1CH6HWWF,car,CONFIRMED,0.852,1747,249,1809,297,,
2026-09-03T07:12:20.563941+00:00,cam02,Janpath,Ahmedabad,—,TR01M1K1S2ZVKX5WT22934V5WB98,car,TENTATIVE,0.775,1872,839,1919,947,,
2026-09-03T07:12:20.563941+00:00,cam02,Janpath,Ahmedabad,—,TR01M1K1S2ZV9PZVGRBD93R51NKY,car,CONFIRMED,0.762,1775,221,1816,250,,
2026-09-03T07:12:20.563941+00:00,cam02,Janpath,Ahmedabad,—,TR01M1K1S2ZV2D7C53HAF0W32K2E,truck,CONFIRMED,0.425,1720,199,1768,243,,
2026-09-03T07:12:20.563941+00:00,cam02,Janpath,Ahmedabad,—,TR01M1K1S35QJ02AQFFGXT27BKNJ,truck,CONFIRMED,0.672,1,613,233,851,,
2026-09-03T07:12:20.563941+00:00,cam02,Janpath,Ahmedabad,—,TR01M1K1S35QWT5AQE98BDTX9QGQ,car,CONFIRMED,0.590,1,613,233,851,,
2026-09-03T07:12:20.563941+00:00,cam02,Janpath,Ahmedabad,—,TR01M1K1S3FW16K3PRYER55XAYNK,car,TENTATIVE,0.530,0,613,234,850,,
2026-09-03T07:12:20.663941+00:00,cam02,Janpath,Ahmedabad,—,TR01M1K1RQ6AE53FZRZZV4AEEVWZ,car,CONFIRMED,0.828,0,328,57,400,,
2026-09-03T07:12:20.663941+00:00,cam02,Janpath,Ahmedabad,—,TR01M1K1RSWHJX38WD1JV2DWZX6S,truck,CONFIRMED,0.887,1210,399,1368,516,,
2026-09-03T07:12:20.663941+00:00,cam02,Janpath,Ahmedabad,—,TR01M1K1RXKZJABP800MW4Z06Q5P,car,CONFIRMED,0.448,155,203,273,259,,
2026-09-03T07:12:20.663941+00:00,cam02,Janpath,Ahmedabad,—,TR01M1K1RXKZ4N00VK842PGC5W8J,truck,CONFIRMED,0.549,1728,523,1916,673,,
2026-09-03T07:12:20.663941+00:00,cam02,Janpath,Ahmedabad,—,TR01M1K1RXKZD760KGTV87YTJ1Z8,truck,CONFIRMED,0.451,1727,523,1916,675,,
2026-09-03T07:12:20.663941+00:00,cam02,Janpath,Ahmedabad,—,TR01M1K1RYB0NPG87FQCD025EPDW,car,CONFIRMED,0.437,1211,400,1367,515,,
2026-09-03T07:12:20.663941+00:00,cam02,Janpath,Ahmedabad,—,TR01M1K1S0QEKH1RQ21APMN7GE0G,vehicle,CONFIRMED,0.377,1020,744,1224,912,,
2026-09-03T07:12:20.663941+00:00,cam02,Janpath,Ahmedabad,—,TR01M1K1S11V8X30WPX8KWH8A3QF,truck,CONFIRMED,0.432,1718,199,1767,244,,
2026-09-03T07:12:20.663941+00:00,cam02,Janpath,Ahmedabad,—,TR01M1K1S11V4S2R7W2Z1CH6HWWF,car,CONFIRMED,0.854,1743,251,1806,299,,
2026-09-03T07:12:20.663941+00:00,cam02,Janpath,Ahmedabad,—,TR01M1K1S2ZVKX5WT22934V5WB98,car,TENTATIVE,0.775,1872,839,1919,947,,
2026-09-03T07:12:20.663941+00:00,cam02,Janpath,Ahmedabad,—,TR01M1K1S2ZV9PZVGRBD93R51NKY,car,CONFIRMED,0.763,1771,223,1815,252,,
2026-09-03T07:12:20.663941+00:00,cam02,Janpath,Ahmedabad,—,TR01M1K1S2ZV2D7C53HAF0W32K2E,car,CONFIRMED,0.808,1718,201,1766,244,,
2026-09-03T07:12:20.663941+00:00,cam02,Janpath,Ahmedabad,—,TR01M1K1S35QJ02AQFFGXT27BKNJ,car,CONFIRMED,0.869,0,611,301,849,,
2026-09-03T07:12:20.663941+00:00,cam02,Janpath,Ahmedabad,—,TR01M1K1S35QWT5AQE98BDTX9QGQ,truck,CONFIRMED,0.623,0,610,302,850,,
2026-09-03T07:12:20.663941+00:00,cam02,Janpath,Ahmedabad,—,TR01M1K1S3FW16K3PRYER55XAYNK,vehicle,CONFIRMED,0.439,0,624,300,888,,
2026-09-03T07:12:20.663941+00:00,cam02,Janpath,Ahmedabad,—,TR01M1K1S3Y9577W8X99PEYZZ4FQ,car,TENTATIVE,0.503,1827,241,1851,261,,
2026-09-03T07:12:20.943941+00:00,cam02,Janpath,Ahmedabad,—,TR01M1K1RQ6AE53FZRZZV4AEEVWZ,car,CONFIRMED,0.833,0,328,57,400,,
2026-09-03T07:12:20.943941+00:00,cam02,Janpath,Ahmedabad,—,TR01M1K1RSWHJX38WD1JV2DWZX6S,vehicle,CONFIRMED,0.414,1176,420,1332,552,,
2026-09-03T07:12:20.943941+00:00,cam02,Janpath,Ahmedabad,—,TR01M1K1RXKZJABP800MW4Z06Q5P,car,CONFIRMED,0.422,154,203,273,259,,
2026-09-03T07:12:20.943941+00:00,cam02,Janpath,Ahmedabad,—,TR01M1K1RXKZ4N00VK842PGC5W8J,truck,CONFIRMED,0.549,1728,523,1916,673,,
2026-09-03T07:12:20.943941+00:00,cam02,Janpath,Ahmedabad,—,TR01M1K1RXKZD760KGTV87YTJ1Z8,truck,CONFIRMED,0.455,1727,523,1916,675,,
2026-09-03T07:12:20.943941+00:00,cam02,Janpath,Ahmedabad,—,TR01M1K1RYB0NPG87FQCD025EPDW,truck,CONFIRMED,0.906,1169,414,1337,537,,
2026-09-03T07:12:20.943941+00:00,cam02,Janpath,Ahmedabad,—,TR01M1K1S11V8X30WPX8KWH8A3QF,car,CONFIRMED,0.787,1710,201,1758,247,,
2026-09-03T07:12:20.943941+00:00,cam02,Janpath,Ahmedabad,—,TR01M1K1S11V4S2R7W2Z1CH6HWWF,car,CONFIRMED,0.866,1735,256,1799,307,,
2026-09-03T07:12:20.943941+00:00,cam02,Janpath,Ahmedabad,—,TR01M1K1S2ZVKX5WT22934V5WB98,car,TENTATIVE,0.775,1872,839,1919,947,,
2026-09-03T07:12:20.943941+00:00,cam02,Janpath,Ahmedabad,—,TR01M1K1S2ZV9PZVGRBD93R51NKY,car,CONFIRMED,0.785,1768,223,1812,255,,
2026-09-03T07:12:20.943941+00:00,cam02,Janpath,Ahmedabad,—,TR01M1K1S2ZV2D7C53HAF0W32K2E,truck,CONFIRMED,0.475,1710,201,1758,247,,
2026-09-03T07:12:20.943941+00:00,cam02,Janpath,Ahmedabad,—,TR01M1K1S35QJ02AQFFGXT27BKNJ,car,CONFIRMED,0.738,1,609,472,860,,
2026-09-03T07:12:20.943941+00:00,cam02,Janpath,Ahmedabad,—,TR01M1K1S35QWT5AQE98BDTX9QGQ,truck,CONFIRMED,0.606,1,608,472,859,,
2026-09-03T07:12:20.943941+00:00,cam02,Janpath,Ahmedabad,—,TR01M1K1S3FW16K3PRYER55XAYNK,truck,CONFIRMED,0.508,1,609,472,860,,
2026-09-03T07:12:20.943941+00:00,cam02,Janpath,Ahmedabad,—,TR01M1K1S3Y9577W8X99PEYZZ4FQ,car,CONFIRMED,0.442,1827,245,1849,261,,
2026-09-03T07:12:20.943941+00:00,cam02,Janpath,Ahmedabad,—,TR01M1K1S48GP457M0XC2148RX9V,truck,TENTATIVE,0.517,1813,205,1896,267,,
2026-09-03T07:12:21.363941+00:00,cam02,Janpath,Ahmedabad,—,TR01M1K1RQ6AE53FZRZZV4AEEVWZ,car,CONFIRMED,0.799,0,327,55,400,,
2026-09-03T07:12:21.363941+00:00,cam02,Janpath,Ahmedabad,—,TR01M1K1RSWHJX38WD1JV2DWZX6S,vehicle,CONFIRMED,0.420,1092,444,1272,600,,
2026-09-03T07:12:21.363941+00:00,cam02,Janpath,Ahmedabad,—,TR01M1K1RXKZJABP800MW4Z06Q5P,truck,CONFIRMED,0.409,158,197,355,261,,
2026-09-03T07:12:21.363941+00:00,cam02,Janpath,Ahmedabad,—,TR01M1K1RXKZD760KGTV87YTJ1Z8,truck,CONFIRMED,0.544,1728,523,1917,675,,
2026-09-03T07:12:21.363941+00:00,cam02,Janpath,Ahmedabad,—,TR01M1K1RYB0NPG87FQCD025EPDW,truck,CONFIRMED,0.876,1085,440,1277,574,,
2026-09-03T07:12:21.363941+00:00,cam02,Janpath,Ahmedabad,—,TR01M1K1S11V8X30WPX8KWH8A3QF,car,CONFIRMED,0.832,1697,206,1746,254,,
2026-09-03T07:12:21.363941+00:00,cam02,Janpath,Ahmedabad,—,TR01M1K1S11V4S2R7W2Z1CH6HWWF,car,CONFIRMED,0.897,1719,264,1788,319,,
2026-09-03T07:12:21.363941+00:00,cam02,Janpath,Ahmedabad,—,TR01M1K1S2ZVKX5WT22934V5WB98,car,TENTATIVE,0.775,1872,839,1919,947,,
2026-09-03T07:12:21.363941+00:00,cam02,Janpath,Ahmedabad,—,TR01M1K1S2ZV9PZVGRBD93R51NKY,car,CONFIRMED,0.786,1762,220,1811,261,,
2026-09-03T07:12:21.363941+00:00,cam02,Janpath,Ahmedabad,—,TR01M1K1S2ZV2D7C53HAF0W32K2E,truck,CONFIRMED,0.475,1710,201,1758,247,,
2026-09-03T07:12:21.363941+00:00,cam02,Janpath,Ahmedabad,—,TR01M1K1S35QJ02AQFFGXT27BKNJ,car,CONFIRMED,0.553,299,613,759,869,,
2026-09-03T07:12:21.363941+00:00,cam02,Janpath,Ahmedabad,—,TR01M1K1S35QWT5AQE98BDTX9QGQ,truck,CONFIRMED,0.910,298,613,760,870,,
2026-09-03T07:12:21.363941+00:00,cam02,Janpath,Ahmedabad,—,TR01M1K1S3FW16K3PRYER55XAYNK,vehicle,CONFIRMED,0.471,300,624,768,948,,
2026-09-03T07:12:21.363941+00:00,cam02,Janpath,Ahmedabad,—,TR01M1K1S3Y9577W8X99PEYZZ4FQ,car,CONFIRMED,0.442,1827,245,1849,261,,
2026-09-03T07:12:21.363941+00:00,cam02,Janpath,Ahmedabad,—,TR01M1K1S48GP457M0XC2148RX9V,truck,TENTATIVE,0.517,1813,205,1896,267,,
2026-09-03T07:12:21.363941+00:00,cam02,Janpath,Ahmedabad,—,TR01M1K1S4E2SMJF2QCXQR06YN6P,car,TENTATIVE,0.800,1807,239,1862,273,,
2026-09-03T07:12:21.543941+00:00,cam02,Janpath,Ahmedabad,—,TR01M1K1RQ6AE53FZRZZV4AEEVWZ,car,CONFIRMED,0.797,0,327,55,400,,
2026-09-03T07:12:21.543941+00:00,cam02,Janpath,Ahmedabad,—,TR01M1K1RSWHJX38WD1JV2DWZX6S,vehicle,CONFIRMED,0.438,1056,456,1248,612,,
2026-09-03T07:12:21.543941+00:00,cam02,Janpath,Ahmedabad,—,TR01M1K1RXKZJABP800MW4Z06Q5P,truck,CONFIRMED,0.409,157,197,355,261,,
2026-09-03T07:12:21.543941+00:00,cam02,Janpath,Ahmedabad,—,TR01M1K1RXKZD760KGTV87YTJ1Z8,truck,CONFIRMED,0.590,1728,523,1918,675,,
2026-09-03T07:12:21.543941+00:00,cam02,Janpath,Ahmedabad,—,TR01M1K1RYB0NPG87FQCD025EPDW,truck,CONFIRMED,0.901,1058,450,1254,594,,
2026-09-03T07:12:21.543941+00:00,cam02,Janpath,Ahmedabad,—,TR01M1K1S11V8X30WPX8KWH8A3QF,car,CONFIRMED,0.830,1693,208,1742,257,,
2026-09-03T07:12:21.543941+00:00,cam02,Janpath,Ahmedabad,—,TR01M1K1S11V4S2R7W2Z1CH6HWWF,car,CONFIRMED,0.873,1714,265,1783,324,,
2026-09-03T07:12:21.543941+00:00,cam02,Janpath,Ahmedabad,—,TR01M1K1S2ZVKX5WT22934V5WB98,car,TENTATIVE,0.775,1872,839,1919,947,,
2026-09-03T07:12:21.543941+00:00,cam02,Janpath,Ahmedabad,—,TR01M1K1S2ZV9PZVGRBD93R51NKY,car,CONFIRMED,0.838,1758,222,1809,263,,
2026-09-03T07:12:21.543941+00:00,cam02,Janpath,Ahmedabad,—,TR01M1K1S2ZV2D7C53HAF0W32K2E,truck,CONFIRMED,0.420,1693,207,1742,257,,
2026-09-03T07:12:21.543941+00:00,cam02,Janpath,Ahmedabad,—,TR01M1K1S35QJ02AQFFGXT27BKNJ,car,CONFIRMED,0.465,412,619,868,876,,
2026-09-03T07:12:21.543941+00:00,cam02,Janpath,Ahmedabad,—,TR01M1K1S35QWT5AQE98BDTX9QGQ,truck,CONFIRMED,0.933,409,618,869,877,,
2026-09-03T07:12:21.543941+00:00,cam02,Janpath,Ahmedabad,—,TR01M1K1S3FW16K3PRYER55XAYNK,vehicle,CONFIRMED,0.474,420,624,864,960,,
2026-09-03T07:12:21.543941+00:00,cam02,Janpath,Ahmedabad,—,TR01M1K1S3Y9577W8X99PEYZZ4FQ,car,CONFIRMED,0.442,1827,245,1849,261,,
2026-09-03T07:12:21.543941+00:00,cam02,Janpath,Ahmedabad,—,TR01M1K1S48GP457M0XC2148RX9V,truck,TENTATIVE,0.517,1813,205,1896,267,,
2026-09-03T07:12:21.543941+00:00,cam02,Janpath,Ahmedabad,—,TR01M1K1S4E2SMJF2QCXQR06YN6P,car,CONFIRMED,0.826,1802,241,1857,276,,
2026-09-03T07:12:21.643941+00:00,cam02,Janpath,Ahmedabad,—,TR01M1K1RQ6AE53FZRZZV4AEEVWZ,car,CONFIRMED,0.796,0,327,55,400,,
2026-09-03T07:12:21.643941+00:00,cam02,Janpath,Ahmedabad,—,TR01M1K1RSWHJX38WD1JV2DWZX6S,vehicle,CONFIRMED,0.432,1044,468,1224,636,,
2026-09-03T07:12:21.643941+00:00,cam02,Janpath,Ahmedabad,—,TR01M1K1RXKZJABP800MW4Z06Q5P,truck,CONFIRMED,0.417,157,197,356,261,,
2026-09-03T07:12:21.643941+00:00,cam02,Janpath,Ahmedabad,—,TR01M1K1RXKZD760KGTV87YTJ1Z8,truck,CONFIRMED,0.580,1728,523,1917,675,,
2026-09-03T07:12:21.643941+00:00,cam02,Janpath,Ahmedabad,—,TR01M1K1RYB0NPG87FQCD025EPDW,truck,CONFIRMED,0.902,1037,456,1239,605,,
2026-09-03T07:12:21.643941+00:00,cam02,Janpath,Ahmedabad,—,TR01M1K1S11V8X30WPX8KWH8A3QF,car,CONFIRMED,0.775,1688,208,1740,259,,
2026-09-03T07:12:21.643941+00:00,cam02,Janpath,Ahmedabad,—,TR01M1K1S11V4S2R7W2Z1CH6HWWF,car,CONFIRMED,0.873,1710,267,1779,326,,
2026-09-03T07:12:21.643941+00:00,cam02,Janpath,Ahmedabad,—,TR01M1K1S2ZVKX5WT22934V5WB98,car,TENTATIVE,0.775,1872,839,1919,947,,
2026-09-03T07:12:21.643941+00:00,cam02,Janpath,Ahmedabad,—,TR01M1K1S2ZV9PZVGRBD93R51NKY,car,CONFIRMED,0.849,1756,221,1810,265,,
2026-09-03T07:12:21.643941+00:00,cam02,Janpath,Ahmedabad,—,TR01M1K1S2ZV2D7C53HAF0W32K2E,truck,CONFIRMED,0.410,1690,208,1740,258,,
2026-09-03T07:12:21.643941+00:00,cam02,Janpath,Ahmedabad,—,TR01M1K1S35QJ02AQFFGXT27BKNJ,truck,CONFIRMED,0.928,480,621,940,883,,
2026-09-03T07:12:21.643941+00:00,cam02,Janpath,Ahmedabad,—,TR01M1K1S35QWT5AQE98BDTX9QGQ,car,CONFIRMED,0.506,483,622,939,883,,
2026-09-03T07:12:21.643941+00:00,cam02,Janpath,Ahmedabad,—,TR01M1K1S3FW16K3PRYER55XAYNK,vehicle,CONFIRMED,0.454,492,636,948,972,,
2026-09-03T07:12:21.643941+00:00,cam02,Janpath,Ahmedabad,—,TR01M1K1S3Y9577W8X99PEYZZ4FQ,car,CONFIRMED,0.442,1827,245,1849,261,,
2026-09-03T07:12:21.643941+00:00,cam02,Janpath,Ahmedabad,—,TR01M1K1S48GP457M0XC2148RX9V,truck,TENTATIVE,0.517,1813,205,1896,267,,
2026-09-03T07:12:21.643941+00:00,cam02,Janpath,Ahmedabad,—,TR01M1K1S4E2SMJF2QCXQR06YN6P,car,CONFIRMED,0.827,1797,241,1857,278,,
2026-09-03T07:12:21.843941+00:00,cam02,Janpath,Ahmedabad,—,TR01M1K1RQ6AE53FZRZZV4AEEVWZ,car,CONFIRMED,0.719,1,327,55,401,,
2026-09-03T07:12:21.843941+00:00,cam02,Janpath,Ahmedabad,—,TR01M1K1RSWHJX38WD1JV2DWZX6S,car,CONFIRMED,0.602,989,473,1205,630,,
2026-09-03T07:12:21.843941+00:00,cam02,Janpath,Ahmedabad,—,TR01M1K1RXKZJABP800MW4Z06Q5P,truck,CONFIRMED,0.401,157,197,355,261,,
2026-09-03T07:12:21.843941+00:00,cam02,Janpath,Ahmedabad,—,TR01M1K1RXKZD760KGTV87YTJ1Z8,truck,CONFIRMED,0.587,1728,523,1918,675,,
2026-09-03T07:12:21.843941+00:00,cam02,Janpath,Ahmedabad,—,TR01M1K1RYB0NPG87FQCD025EPDW,truck,CONFIRMED,0.851,989,473,1205,631,,
2026-09-03T07:12:21.843941+00:00,cam02,Janpath,Ahmedabad,—,TR01M1K1S11V8X30WPX8KWH8A3QF,car,CONFIRMED,0.830,1683,210,1735,262,,
2026-09-03T07:12:21.843941+00:00,cam02,Janpath,Ahmedabad,—,TR01M1K1S11V4S2R7W2Z1CH6HWWF,car,CONFIRMED,0.899,1701,272,1775,333,,
2026-09-03T07:12:21.843941+00:00,cam02,Janpath,Ahmedabad,—,TR01M1K1S2ZV9PZVGRBD93R51NKY,car,CONFIRMED,0.819,1752,222,1808,268,,
2026-09-03T07:12:21.843941+00:00,cam02,Janpath,Ahmedabad,—,TR01M1K1S2ZV2D7C53HAF0W32K2E,vehicle,CONFIRMED,0.451,1692,204,1740,276,,
2026-09-03T07:12:21.843941+00:00,cam02,Janpath,Ahmedabad,—,TR01M1K1S35QJ02AQFFGXT27BKNJ,car,CONFIRMED,0.437,627,630,1085,895,,
2026-09-03T07:12:21.843941+00:00,cam02,Janpath,Ahmedabad,—,TR01M1K1S35QWT5AQE98BDTX9QGQ,truck,CONFIRMED,0.925,626,630,1085,896,,
2026-09-03T07:12:21.843941+00:00,cam02,Janpath,Ahmedabad,—,TR01M1K1S3FW16K3PRYER55XAYNK,vehicle,CONFIRMED,0.320,636,480,1200,972,,
2026-09-03T07:12:21.843941+00:00,cam02,Janpath,Ahmedabad,—,TR01M1K1S3Y9577W8X99PEYZZ4FQ,car,CONFIRMED,0.442,1827,245,1849,261,,
2026-09-03T07:12:21.843941+00:00,cam02,Janpath,Ahmedabad,—,TR01M1K1S48GP457M0XC2148RX9V,truck,TENTATIVE,0.517,1813,205,1896,267,,
2026-09-03T07:12:21.843941+00:00,cam02,Janpath,Ahmedabad,—,TR01M1K1S4E2SMJF2QCXQR06YN6P,car,CONFIRMED,0.783,1792,236,1859,283,,
2026-09-03T07:12:22.103941+00:00,cam02,Janpath,Ahmedabad,—,TR01M1K1RQ6AE53FZRZZV4AEEVWZ,car,CONFIRMED,0.719,1,327,55,401,,
2026-09-03T07:12:22.103941+00:00,cam02,Janpath,Ahmedabad,—,TR01M1K1RSWHJX38WD1JV2DWZX6S,car,CONFIRMED,0.808,916,500,1151,661,,
2026-09-03T07:12:22.103941+00:00,cam02,Janpath,Ahmedabad,—,TR01M1K1RXKZJABP800MW4Z06Q5P,truck,CONFIRMED,0.416,157,197,356,262,,
2026-09-03T07:12:22.103941+00:00,cam02,Janpath,Ahmedabad,—,TR01M1K1RXKZD760KGTV87YTJ1Z8,truck,CONFIRMED,0.578,1728,523,1918,675,,
2026-09-03T07:12:22.103941+00:00,cam02,Janpath,Ahmedabad,—,TR01M1K1RYB0NPG87FQCD025EPDW,truck,CONFIRMED,0.407,916,500,1151,661,,
2026-09-03T07:12:22.103941+00:00,cam02,Janpath,Ahmedabad,—,TR01M1K1S11V8X30WPX8KWH8A3QF,car,CONFIRMED,0.823,1673,215,1727,269,,
2026-09-03T07:12:22.103941+00:00,cam02,Janpath,Ahmedabad,—,TR01M1K1S11V4S2R7W2Z1CH6HWWF,car,CONFIRMED,0.885,1688,280,1765,342,,
2026-09-03T07:12:22.103941+00:00,cam02,Janpath,Ahmedabad,—,TR01M1K1S2ZV9PZVGRBD93R51NKY,vehicle,CONFIRMED,0.373,1752,240,1848,300,,
2026-09-03T07:12:22.103941+00:00,cam02,Janpath,Ahmedabad,—,TR01M1K1S2ZV2D7C53HAF0W32K2E,vehicle,CONFIRMED,0.451,1692,204,1740,276,,
2026-09-03T07:12:22.103941+00:00,cam02,Janpath,Ahmedabad,—,TR01M1K1S35QJ02AQFFGXT27BKNJ,car,CONFIRMED,0.600,841,646,1301,922,,
2026-09-03T07:12:22.103941+00:00,cam02,Janpath,Ahmedabad,—,TR01M1K1S35QWT5AQE98BDTX9QGQ,truck,CONFIRMED,0.816,839,646,1302,923,,
2026-09-03T07:12:22.103941+00:00,cam02,Janpath,Ahmedabad,—,TR01M1K1S3FW16K3PRYER55XAYNK,vehicle,CONFIRMED,0.400,852,504,1308,996,,
2026-09-03T07:12:22.103941+00:00,cam02,Janpath,Ahmedabad,—,TR01M1K1S3Y9577W8X99PEYZZ4FQ,car,CONFIRMED,0.442,1827,245,1849,261,,
2026-09-03T07:12:22.103941+00:00,cam02,Janpath,Ahmedabad,—,TR01M1K1S48GP457M0XC2148RX9V,truck,TENTATIVE,0.517,1813,205,1896,267,,
2026-09-03T07:12:22.103941+00:00,cam02,Janpath,Ahmedabad,—,TR01M1K1S4E2SMJF2QCXQR06YN6P,car,CONFIRMED,0.818,1781,237,1848,288,,
2026-09-03T07:12:22.103941+00:00,cam02,Janpath,Ahmedabad,—,TR01M1K1S5PBMXV1GE072VHBHZPN,car,CONFIRMED,0.793,1746,230,1796,271,,
2026-09-03T07:12:22.103941+00:00,cam02,Janpath,Ahmedabad,—,TR01M1K1S5TREBT937Z05NM22GSR,truck,TENTATIVE,0.710,19,374,180,485,,
2026-09-03T07:12:22.343941+00:00,cam02,Janpath,Ahmedabad,—,TR01M1K1RQ6AE53FZRZZV4AEEVWZ,car,CONFIRMED,0.539,0,329,55,400,,
2026-09-03T07:12:22.343941+00:00,cam02,Janpath,Ahmedabad,—,TR01M1K1RSWHJX38WD1JV2DWZX6S,car,CONFIRMED,0.845,848,525,1104,706,,
2026-09-03T07:12:22.343941+00:00,cam02,Janpath,Ahmedabad,—,TR01M1K1RXKZJABP800MW4Z06Q5P,truck,CONFIRMED,0.416,157,197,356,262,,
2026-09-03T07:12:22.343941+00:00,cam02,Janpath,Ahmedabad,—,TR01M1K1RXKZD760KGTV87YTJ1Z8,bus,CONFIRMED,0.584,1729,523,1917,675,,
2026-09-03T07:12:22.343941+00:00,cam02,Janpath,Ahmedabad,—,TR01M1K1RYB0NPG87FQCD025EPDW,truck,CONFIRMED,0.528,846,524,1104,706,,
2026-09-03T07:12:22.343941+00:00,cam02,Janpath,Ahmedabad,—,TR01M1K1S11V8X30WPX8KWH8A3QF,car,CONFIRMED,0.846,1665,218,1719,271,,
2026-09-03T07:12:22.343941+00:00,cam02,Janpath,Ahmedabad,—,TR01M1K1S11V4S2R7W2Z1CH6HWWF,car,CONFIRMED,0.923,1677,287,1761,350,,
2026-09-03T07:12:22.343941+00:00,cam02,Janpath,Ahmedabad,—,TR01M1K1S2ZV9PZVGRBD93R51NKY,vehicle,CONFIRMED,0.490,1752,264,1848,300,,
2026-09-03T07:12:22.343941+00:00,cam02,Janpath,Ahmedabad,—,TR01M1K1S2ZV2D7C53HAF0W32K2E,vehicle,CONFIRMED,0.289,1632,240,1728,324,,
2026-09-03T07:12:22.343941+00:00,cam02,Janpath,Ahmedabad,—,TR01M1K1S35QJ02AQFFGXT27BKNJ,truck,CONFIRMED,0.929,1013,658,1483,944,,
2026-09-03T07:12:22.343941+00:00,cam02,Janpath,Ahmedabad,—,TR01M1K1S35QWT5AQE98BDTX9QGQ,car,CONFIRMED,0.526,1014,659,1482,944,,
2026-09-03T07:12:22.343941+00:00,cam02,Janpath,Ahmedabad,—,TR01M1K1S3FW16K3PRYER55XAYNK,vehicle,CONFIRMED,0.327,852,492,1524,1008,,
2026-09-03T07:12:22.343941+00:00,cam02,Janpath,Ahmedabad,—,TR01M1K1S48GP457M0XC2148RX9V,truck,TENTATIVE,0.517,1813,205,1896,267,,
2026-09-03T07:12:22.343941+00:00,cam02,Janpath,Ahmedabad,—,TR01M1K1S4E2SMJF2QCXQR06YN6P,car,CONFIRMED,0.884,1772,237,1842,294,,
2026-09-03T07:12:22.343941+00:00,cam02,Janpath,Ahmedabad,—,TR01M1K1S5PBMXV1GE072VHBHZPN,car,CONFIRMED,0.732,1740,229,1795,274,,
2026-09-03T07:12:22.343941+00:00,cam02,Janpath,Ahmedabad,—,TR01M1K1S5TREBT937Z05NM22GSR,vehicle,CONFIRMED,0.348,0,360,276,576,,
2026-09-03T07:12:22.343941+00:00,cam02,Janpath,Ahmedabad,—,TR01M1K1S60B4K1PW4BZ9ZQPMSM2,truck,TENTATIVE,0.876,131,353,278,465,,
2026-09-03T07:12:22.343941+00:00,cam02,Janpath,Ahmedabad,—,TR01M1K1S60BV236BA0VHXRJ9YAX,car,TENTATIVE,0.763,1,441,144,562,,
2026-09-03T07:12:22.343941+00:00,cam02,Janpath,Ahmedabad,—,TR01M1K1S60B6C8G5EZJ97V1RFVQ,truck,TENTATIVE,0.551,1729,523,1917,675,,
2026-09-03T07:12:22.543941+00:00,cam02,Janpath,Ahmedabad,—,TR01M1K1RQ6AE53FZRZZV4AEEVWZ,car,CONFIRMED,0.499,0,329,55,400,,
2026-09-03T07:12:22.543941+00:00,cam02,Janpath,Ahmedabad,—,TR01M1K1RSWHJX38WD1JV2DWZX6S,truck,CONFIRMED,0.596,776,550,1053,748,,
2026-09-03T07:12:22.543941+00:00,cam02,Janpath,Ahmedabad,—,TR01M1K1RXKZJABP800MW4Z06Q5P,truck,CONFIRMED,0.416,157,197,356,262,,
2026-09-03T07:12:22.543941+00:00,cam02,Janpath,Ahmedabad,—,TR01M1K1RXKZD760KGTV87YTJ1Z8,bus,CONFIRMED,0.652,1729,524,1918,675,,
2026-09-03T07:12:22.543941+00:00,cam02,Janpath,Ahmedabad,—,TR01M1K1RYB0NPG87FQCD025EPDW,car,CONFIRMED,0.872,778,551,1053,748,,
2026-09-03T07:12:22.543941+00:00,cam02,Janpath,Ahmedabad,—,TR01M1K1S11V8X30WPX8KWH8A3QF,car,CONFIRMED,0.833,1658,222,1715,275,,
2026-09-03T07:12:22.543941+00:00,cam02,Janpath,Ahmedabad,—,TR01M1K1S11V4S2R7W2Z1CH6HWWF,car,CONFIRMED,0.904,1669,292,1752,357,,
2026-09-03T07:12:22.543941+00:00,cam02,Janpath,Ahmedabad,—,TR01M1K1S2ZV9PZVGRBD93R51NKY,vehicle,CONFIRMED,0.490,1752,264,1848,300,,
2026-09-03T07:12:22.543941+00:00,cam02,Janpath,Ahmedabad,—,TR01M1K1S2ZV2D7C53HAF0W32K2E,vehicle,CONFIRMED,0.289,1632,240,1728,324,,
2026-09-03T07:12:22.543941+00:00,cam02,Janpath,Ahmedabad,—,TR01M1K1S35QJ02AQFFGXT27BKNJ,car,CONFIRMED,0.529,1188,673,1664,967,,
2026-09-03T07:12:22.543941+00:00,cam02,Janpath,Ahmedabad,—,TR01M1K1S35QWT5AQE98BDTX9QGQ,truck,CONFIRMED,0.929,1187,672,1664,967,,
2026-09-03T07:12:22.543941+00:00,cam02,Janpath,Ahmedabad,—,TR01M1K1S3FW16K3PRYER55XAYNK,vehicle,CONFIRMED,0.490,1200,684,1680,1032,,
2026-09-03T07:12:22.543941+00:00,cam02,Janpath,Ahmedabad,—,TR01M1K1S4E2SMJF2QCXQR06YN6P,car,CONFIRMED,0.860,1764,239,1843,299,,
2026-09-03T07:12:22.543941+00:00,cam02,Janpath,Ahmedabad,—,TR01M1K1S5PBMXV1GE072VHBHZPN,car,CONFIRMED,0.742,1737,233,1793,278,,
2026-09-03T07:12:22.543941+00:00,cam02,Janpath,Ahmedabad,—,TR01M1K1S5TREBT937Z05NM22GSR,car,CONFIRMED,0.835,46,412,300,533,,
2026-09-03T07:12:22.543941+00:00,cam02,Janpath,Ahmedabad,—,TR01M1K1S60B4K1PW4BZ9ZQPMSM2,vehicle,CONFIRMED,0.371,60,348,360,552,,
2026-09-03T07:12:22.543941+00:00,cam02,Janpath,Ahmedabad,—,TR01M1K1S60BV236BA0VHXRJ9YAX,car,TENTATIVE,0.763,1,441,144,562,,
2026-09-03T07:12:22.543941+00:00,cam02,Janpath,Ahmedabad,—,TR01M1K1S60B6C8G5EZJ97V1RFVQ,truck,CONFIRMED,0.483,1729,524,1918,675,,
2026-09-03T07:12:22.543941+00:00,cam02,Janpath,Ahmedabad,—,TR01M1K1S663110KN3K76Z6EX7R8,truck,TENTATIVE,0.675,219,350,348,447,,
2026-09-03T07:12:22.643941+00:00,cam02,Janpath,Ahmedabad,—,TR01M1K1RQ6AE53FZRZZV4AEEVWZ,car,CONFIRMED,0.489,0,329,54,400,,
2026-09-03T07:12:22.643941+00:00,cam02,Janpath,Ahmedabad,—,TR01M1K1RSWHJX38WD1JV2DWZX6S,car,CONFIRMED,0.880,736,569,1025,768,,
2026-09-03T07:12:22.643941+00:00,cam02,Janpath,Ahmedabad,—,TR01M1K1RXKZJABP800MW4Z06Q5P,truck,CONFIRMED,0.416,157,197,356,262,,
2026-09-03T07:12:22.643941+00:00,cam02,Janpath,Ahmedabad,—,TR01M1K1RXKZD760KGTV87YTJ1Z8,bus,CONFIRMED,0.587,1729,524,1917,675,,
2026-09-03T07:12:22.643941+00:00,cam02,Janpath,Ahmedabad,—,TR01M1K1RYB0NPG87FQCD025EPDW,truck,CONFIRMED,0.612,735,568,1026,768,,
2026-09-03T07:12:22.643941+00:00,cam02,Janpath,Ahmedabad,—,TR01M1K1S11V8X30WPX8KWH8A3QF,car,CONFIRMED,0.834,1653,222,1711,278,,
2026-09-03T07:12:22.643941+00:00,cam02,Janpath,Ahmedabad,—,TR01M1K1S11V4S2R7W2Z1CH6HWWF,car,CONFIRMED,0.901,1664,294,1748,362,,
2026-09-03T07:12:22.643941+00:00,cam02,Janpath,Ahmedabad,—,TR01M1K1S2ZV9PZVGRBD93R51NKY,vehicle,CONFIRMED,0.490,1752,264,1848,300,,
2026-09-03T07:12:22.643941+00:00,cam02,Janpath,Ahmedabad,—,TR01M1K1S2ZV2D7C53HAF0W32K2E,vehicle,CONFIRMED,0.289,1632,240,1728,324,,
2026-09-03T07:12:22.643941+00:00,cam02,Janpath,Ahmedabad,—,TR01M1K1S35QJ02AQFFGXT27BKNJ,car,CONFIRMED,0.555,1274,681,1754,979,,
2026-09-03T07:12:22.643941+00:00,cam02,Janpath,Ahmedabad,—,TR01M1K1S35QWT5AQE98BDTX9QGQ,truck,CONFIRMED,0.911,1271,681,1754,979,,
2026-09-03T07:12:22.643941+00:00,cam02,Janpath,Ahmedabad,—,TR01M1K1S3FW16K3PRYER55XAYNK,vehicle,CONFIRMED,0.490,1284,684,1752,1032,,
2026-09-03T07:12:22.643941+00:00,cam02,Janpath,Ahmedabad,—,TR01M1K1S4E2SMJF2QCXQR06YN6P,car,CONFIRMED,0.845,1760,240,1842,301,,
2026-09-03T07:12:22.643941+00:00,cam02,Janpath,Ahmedabad,—,TR01M1K1S5PBMXV1GE072VHBHZPN,car,CONFIRMED,0.725,1735,235,1787,280,,
2026-09-03T07:12:22.643941+00:00,cam02,Janpath,Ahmedabad,—,TR01M1K1S5TREBT937Z05NM22GSR,car,CONFIRMED,0.669,137,398,370,516,,
2026-09-03T07:12:22.643941+00:00,cam02,Janpath,Ahmedabad,—,TR01M1K1S60B4K1PW4BZ9ZQPMSM2,truck,CONFIRMED,0.776,136,398,370,517,,
2026-09-03T07:12:22.643941+00:00,cam02,Janpath,Ahmedabad,—,TR01M1K1S60BV236BA0VHXRJ9YAX,car,TENTATIVE,0.763,1,441,144,562,,
2026-09-03T07:12:22.643941+00:00,cam02,Janpath,Ahmedabad,—,TR01M1K1S60B6C8G5EZJ97V1RFVQ,truck,CONFIRMED,0.493,1729,524,1917,675,,
2026-09-03T07:12:22.643941+00:00,cam02,Janpath,Ahmedabad,—,TR01M1K1S663110KN3K76Z6EX7R8,truck,CONFIRMED,0.580,264,336,385,432,,
2026-09-03T07:12:22.643941+00:00,cam02,Janpath,Ahmedabad,—,TR01M1K1S6MZ8PPJ7TNRZR62PHBH,car,TENTATIVE,0.591,136,398,370,517,,
2026-09-03T07:12:22.763941+00:00,cam02,Janpath,Ahmedabad,—,TR01M1K1RQ6AE53FZRZZV4AEEVWZ,car,CONFIRMED,0.660,0,329,55,400,,
2026-09-03T07:12:22.763941+00:00,cam02,Janpath,Ahmedabad,—,TR01M1K1RSWHJX38WD1JV2DWZX6S,truck,CONFIRMED,0.521,675,587,984,800,,
2026-09-03T07:12:22.763941+00:00,cam02,Janpath,Ahmedabad,—,TR01M1K1RXKZJABP800MW4Z06Q5P,truck,CONFIRMED,0.416,157,197,356,262,,
2026-09-03T07:12:22.763941+00:00,cam02,Janpath,Ahmedabad,—,TR01M1K1RXKZD760KGTV87YTJ1Z8,bus,CONFIRMED,0.637,1728,524,1917,675,,
2026-09-03T07:12:22.763941+00:00,cam02,Janpath,Ahmedabad,—,TR01M1K1RYB0NPG87FQCD025EPDW,car,CONFIRMED,0.908,676,587,983,800,,
2026-09-03T07:12:22.763941+00:00,cam02,Janpath,Ahmedabad,—,TR01M1K1S11V8X30WPX8KWH8A3QF,car,CONFIRMED,0.833,1649,224,1707,281,,
2026-09-03T07:12:22.763941+00:00,cam02,Janpath,Ahmedabad,—,TR01M1K1S11V4S2R7W2Z1CH6HWWF,car,CONFIRMED,0.906,1658,297,1741,366,,
2026-09-03T07:12:22.763941+00:00,cam02,Janpath,Ahmedabad,—,TR01M1K1S2ZV9PZVGRBD93R51NKY,vehicle,CONFIRMED,0.490,1752,264,1848,300,,
2026-09-03T07:12:22.763941+00:00,cam02,Janpath,Ahmedabad,—,TR01M1K1S2ZV2D7C53HAF0W32K2E,vehicle,CONFIRMED,0.289,1632,240,1728,324,,
2026-09-03T07:12:22.763941+00:00,cam02,Janpath,Ahmedabad,—,TR01M1K1S35QJ02AQFFGXT27BKNJ,truck,CONFIRMED,0.903,1398,692,1892,995,,
2026-09-03T07:12:22.763941+00:00,cam02,Janpath,Ahmedabad,—,TR01M1K1S35QWT5AQE98BDTX9QGQ,car,CONFIRMED,0.568,1400,693,1890,995,,
2026-09-03T07:12:22.763941+00:00,cam02,Janpath,Ahmedabad,—,TR01M1K1S3FW16K3PRYER55XAYNK,vehicle,CONFIRMED,0.490,1392,708,1896,1032,,
2026-09-03T07:12:22.763941+00:00,cam02,Janpath,Ahmedabad,—,TR01M1K1S4E2SMJF2QCXQR06YN6P,car,CONFIRMED,0.860,1754,243,1830,305,,
2026-09-03T07:12:22.763941+00:00,cam02,Janpath,Ahmedabad,—,TR01M1K1S5PBMXV1GE072VHBHZPN,car,CONFIRMED,0.721,1730,239,1777,283,,
2026-09-03T07:12:22.763941+00:00,cam02,Janpath,Ahmedabad,—,TR01M1K1S5TREBT937Z05NM22GSR,car,CONFIRMED,0.849,243,383,454,494,,
2026-09-03T07:12:22.763941+00:00,cam02,Janpath,Ahmedabad,—,TR01M1K1S60B4K1PW4BZ9ZQPMSM2,truck,CONFIRMED,0.516,242,382,456,494,,
2026-09-03T07:12:22.763941+00:00,cam02,Janpath,Ahmedabad,—,TR01M1K1S60BV236BA0VHXRJ9YAX,car,TENTATIVE,0.763,1,441,144,562,,
2026-09-03T07:12:22.763941+00:00,cam02,Janpath,Ahmedabad,—,TR01M1K1S60B6C8G5EZJ97V1RFVQ,truck,CONFIRMED,0.461,1728,524,1917,675,,
2026-09-03T07:12:22.763941+00:00,cam02,Janpath,Ahmedabad,—,TR01M1K1S663110KN3K76Z6EX7R8,truck,CONFIRMED,0.580,264,336,385,432,,
2026-09-03T07:12:22.763941+00:00,cam02,Janpath,Ahmedabad,—,TR01M1K1S6MZ8PPJ7TNRZR62PHBH,vehicle,CONFIRMED,0.424,252,348,456,516,,
2026-09-03T07:12:22.963941+00:00,cam02,Janpath,Ahmedabad,—,TR01M1K1RQ6AE53FZRZZV4AEEVWZ,car,CONFIRMED,0.562,0,329,55,403,,
2026-09-03T07:12:22.963941+00:00,cam02,Janpath,Ahmedabad,—,TR01M1K1RSWHJX38WD1JV2DWZX6S,car,CONFIRMED,0.924,579,617,914,850,,
2026-09-03T07:12:22.963941+00:00,cam02,Janpath,Ahmedabad,—,TR01M1K1RXKZJABP800MW4Z06Q5P,truck,CONFIRMED,0.416,157,197,356,262,,
2026-09-03T07:12:22.963941+00:00,cam02,Janpath,Ahmedabad,—,TR01M1K1RXKZD760KGTV87YTJ1Z8,truck,CONFIRMED,0.429,1729,523,1917,675,,
2026-09-03T07:12:22.963941+00:00,cam02,Janpath,Ahmedabad,—,TR01M1K1RYB0NPG87FQCD025EPDW,truck,CONFIRMED,0.415,577,615,914,851,,
2026-09-03T07:12:22.963941+00:00,cam02,Janpath,Ahmedabad,—,TR01M1K1S11V8X30WPX8KWH8A3QF,car,CONFIRMED,0.796,1642,228,1701,287,,
2026-09-03T07:12:22.963941+00:00,cam02,Janpath,Ahmedabad,—,TR01M1K1S11V4S2R7W2Z1CH6HWWF,car,CONFIRMED,0.898,1646,303,1736,375,,
2026-09-03T07:12:22.963941+00:00,cam02,Janpath,Ahmedabad,—,TR01M1K1S2ZV9PZVGRBD93R51NKY,vehicle,CONFIRMED,0.490,1752,264,1848,300,,
2026-09-03T07:12:22.963941+00:00,cam02,Janpath,Ahmedabad,—,TR01M1K1S2ZV2D7C53HAF0W32K2E,vehicle,CONFIRMED,0.289,1632,240,1728,324,,
2026-09-03T07:12:22.963941+00:00,cam02,Janpath,Ahmedabad,—,TR01M1K1S35QJ02AQFFGXT27BKNJ,car,CONFIRMED,0.452,1587,713,1919,993,,
2026-09-03T07:12:22.963941+00:00,cam02,Janpath,Ahmedabad,—,TR01M1K1S35QWT5AQE98BDTX9QGQ,truck,CONFIRMED,0.844,1586,713,1919,993,,
2026-09-03T07:12:22.963941+00:00,cam02,Janpath,Ahmedabad,—,TR01M1K1S3FW16K3PRYER55XAYNK,vehicle,CONFIRMED,0.490,1596,720,1920,1032,,
2026-09-03T07:12:22.963941+00:00,cam02,Janpath,Ahmedabad,—,TR01M1K1S4E2SMJF2QCXQR06YN6P,car,CONFIRMED,0.870,1745,249,1820,311,,
2026-09-03T07:12:22.963941+00:00,cam02,Janpath,Ahmedabad,—,TR01M1K1S5PBMXV1GE072VHBHZPN,car,CONFIRMED,0.662,1726,241,1776,286,,
2026-09-03T07:12:22.963941+00:00,cam02,Janpath,Ahmedabad,—,TR01M1K1S5TREBT937Z05NM22GSR,truck,CONFIRMED,0.527,377,324,520,462,,
2026-09-03T07:12:22.963941+00:00,cam02,Janpath,Ahmedabad,—,TR01M1K1S60B4K1PW4BZ9ZQPMSM2,car,CONFIRMED,0.710,378,363,511,463,,
2026-09-03T07:12:22.963941+00:00,cam02,Janpath,Ahmedabad,—,TR01M1K1S60BV236BA0VHXRJ9YAX,car,TENTATIVE,0.763,1,441,144,562,,
2026-09-03T07:12:22.963941+00:00,cam02,Janpath,Ahmedabad,—,TR01M1K1S60B6C8G5EZJ97V1RFVQ,bus,CONFIRMED,0.420,1729,523,1917,675,,
2026-09-03T07:12:22.963941+00:00,cam02,Janpath,Ahmedabad,—,TR01M1K1S663110KN3K76Z6EX7R8,truck,CONFIRMED,0.580,264,336,385,432,,
2026-09-03T07:12:22.963941+00:00,cam02,Janpath,Ahmedabad,—,TR01M1K1S6MZ8PPJ7TNRZR62PHBH,vehicle,CONFIRMED,0.413,384,336,516,480,,
2026-09-03T07:12:23.203941+00:00,cam02,Janpath,Ahmedabad,—,TR01M1K1RQ6AE53FZRZZV4AEEVWZ,car,CONFIRMED,0.562,0,329,55,403,,
2026-09-03T07:12:23.203941+00:00,cam02,Janpath,Ahmedabad,—,TR01M1K1RSWHJX38WD1JV2DWZX6S,truck,CONFIRMED,0.586,432,659,818,931,,
2026-09-03T07:12:23.203941+00:00,cam02,Janpath,Ahmedabad,—,TR01M1K1RXKZJABP800MW4Z06Q5P,truck,CONFIRMED,0.496,156,198,357,260,,
2026-09-03T07:12:23.203941+00:00,cam02,Janpath,Ahmedabad,—,TR01M1K1RXKZD760KGTV87YTJ1Z8,truck,CONFIRMED,0.617,1729,526,1917,672,,
2026-09-03T07:12:23.203941+00:00,cam02,Janpath,Ahmedabad,—,TR01M1K1RYB0NPG87FQCD025EPDW,car,CONFIRMED,0.879,435,660,818,931,,
2026-09-03T07:12:23.203941+00:00,cam02,Janpath,Ahmedabad,—,TR01M1K1S11V8X30WPX8KWH8A3QF,car,CONFIRMED,0.839,1630,231,1696,292,,
2026-09-03T07:12:23.203941+00:00,cam02,Janpath,Ahmedabad,—,TR01M1K1S11V4S2R7W2Z1CH6HWWF,car,CONFIRMED,0.887,1633,309,1722,382,,
2026-09-03T07:12:23.203941+00:00,cam02,Janpath,Ahmedabad,—,TR01M1K1S2ZV9PZVGRBD93R51NKY,vehicle,CONFIRMED,0.490,1752,264,1848,300,,
2026-09-03T07:12:23.203941+00:00,cam02,Janpath,Ahmedabad,—,TR01M1K1S2ZV2D7C53HAF0W32K2E,vehicle,CONFIRMED,0.289,1632,240,1728,324,,
2026-09-03T07:12:23.203941+00:00,cam02,Janpath,Ahmedabad,—,TR01M1K1S35QJ02AQFFGXT27BKNJ,truck,CONFIRMED,0.699,1821,732,1920,1008,,
2026-09-03T07:12:23.203941+00:00,cam02,Janpath,Ahmedabad,—,TR01M1K1S35QWT5AQE98BDTX9QGQ,car,CONFIRMED,0.478,1821,732,1921,1008,,
2026-09-03T07:12:23.203941+00:00,cam02,Janpath,Ahmedabad,—,TR01M1K1S3FW16K3PRYER55XAYNK,car,CONFIRMED,0.475,1821,732,1920,1008,,
2026-09-03T07:12:23.203941+00:00,cam02,Janpath,Ahmedabad,—,TR01M1K1S4E2SMJF2QCXQR06YN6P,car,CONFIRMED,0.834,1731,253,1811,317,,
2026-09-03T07:12:23.203941+00:00,cam02,Janpath,Ahmedabad,—,TR01M1K1S5PBMXV1GE072VHBHZPN,car,CONFIRMED,0.441,1720,244,1777,291,,
2026-09-03T07:12:23.203941+00:00,cam02,Janpath,Ahmedabad,—,TR01M1K1S5TREBT937Z05NM22GSR,car,CONFIRMED,0.472,528,341,656,391,,
2026-09-03T07:12:23.203941+00:00,cam02,Janpath,Ahmedabad,—,TR01M1K1S60B4K1PW4BZ9ZQPMSM2,car,CONFIRMED,0.668,517,342,657,412,,
2026-09-03T07:12:23.203941+00:00,cam02,Janpath,Ahmedabad,—,TR01M1K1S60BV236BA0VHXRJ9YAX,car,CONFIRMED,0.740,0,450,103,543,,
2026-09-03T07:12:23.203941+00:00,cam02,Janpath,Ahmedabad,—,TR01M1K1S60B6C8G5EZJ97V1RFVQ,bus,CONFIRMED,0.538,1729,526,1917,672,,
2026-09-03T07:12:23.203941+00:00,cam02,Janpath,Ahmedabad,—,TR01M1K1S663110KN3K76Z6EX7R8,truck,CONFIRMED,0.580,264,336,385,432,,
2026-09-03T07:12:23.203941+00:00,cam02,Janpath,Ahmedabad,—,TR01M1K1S6MZ8PPJ7TNRZR62PHBH,vehicle,CONFIRMED,0.322,468,324,624,456,,
2026-09-03T07:12:23.203941+00:00,cam02,Janpath,Ahmedabad,—,TR01M1K1S76AX3YH0DY6VK5CYDZQ,truck,TENTATIVE,0.827,0,345,177,460,,
2026-09-03T07:12:23.203941+00:00,cam02,Janpath,Ahmedabad,—,TR01M1K1S76A2FWREEQRQZZP7V3C,car,TENTATIVE,0.696,462,360,516,407,,
2026-09-03T07:12:23.403941+00:00,cam02,Janpath,Ahmedabad,—,TR01M1K1RQ6AE53FZRZZV4AEEVWZ,car,CONFIRMED,0.562,0,329,55,403,,
2026-09-03T07:12:23.403941+00:00,cam02,Janpath,Ahmedabad,—,TR01M1K1RSWHJX38WD1JV2DWZX6S,car,CONFIRMED,0.920,283,705,721,1008,,
2026-09-03T07:12:23.403941+00:00,cam02,Janpath,Ahmedabad,—,TR01M1K1RXKZJABP800MW4Z06Q5P,truck,CONFIRMED,0.498,156,198,356,261,,
2026-09-03T07:12:23.403941+00:00,cam02,Janpath,Ahmedabad,—,TR01M1K1RXKZD760KGTV87YTJ1Z8,bus,CONFIRMED,0.476,1728,526,1917,672,,
2026-09-03T07:12:23.403941+00:00,cam02,Janpath,Ahmedabad,—,TR01M1K1RYB0NPG87FQCD025EPDW,truck,CONFIRMED,0.424,281,702,721,1008,,
2026-09-03T07:12:23.403941+00:00,cam02,Janpath,Ahmedabad,—,TR01M1K1S11V8X30WPX8KWH8A3QF,car,CONFIRMED,0.842,1621,234,1688,299,,
2026-09-03T07:12:23.403941+00:00,cam02,Janpath,Ahmedabad,—,TR01M1K1S11V4S2R7W2Z1CH6HWWF,car,CONFIRMED,0.899,1616,318,1710,392,,
2026-09-03T07:12:23.403941+00:00,cam02,Janpath,Ahmedabad,—,TR01M1K1S2ZV9PZVGRBD93R51NKY,vehicle,CONFIRMED,0.490,1752,264,1848,300,,
2026-09-03T07:12:23.403941+00:00,cam02,Janpath,Ahmedabad,—,TR01M1K1S2ZV2D7C53HAF0W32K2E,vehicle,CONFIRMED,0.289,1632,240,1728,324,,
2026-09-03T07:12:23.403941+00:00,cam02,Janpath,Ahmedabad,—,TR01M1K1S35QJ02AQFFGXT27BKNJ,truck,CONFIRMED,0.699,1821,732,1920,1008,,
2026-09-03T07:12:23.403941+00:00,cam02,Janpath,Ahmedabad,—,TR01M1K1S35QWT5AQE98BDTX9QGQ,car,CONFIRMED,0.478,1821,732,1921,1008,,
2026-09-03T07:12:23.403941+00:00,cam02,Janpath,Ahmedabad,—,TR01M1K1S3FW16K3PRYER55XAYNK,car,CONFIRMED,0.475,1821,732,1920,1008,,
2026-09-03T07:12:23.403941+00:00,cam02,Janpath,Ahmedabad,—,TR01M1K1S4E2SMJF2QCXQR06YN6P,car,CONFIRMED,0.850,1722,259,1803,324,,
2026-09-03T07:12:23.403941+00:00,cam02,Janpath,Ahmedabad,—,TR01M1K1S5PBMXV1GE072VHBHZPN,car,CONFIRMED,0.449,1716,247,1783,293,,
2026-09-03T07:12:23.403941+00:00,cam02,Janpath,Ahmedabad,—,TR01M1K1S5TREBT937Z05NM22GSR,car,CONFIRMED,0.472,528,341,656,391,,
2026-09-03T07:12:23.403941+00:00,cam02,Janpath,Ahmedabad,—,TR01M1K1S60B4K1PW4BZ9ZQPMSM2,car,CONFIRMED,0.668,517,342,657,412,,
2026-09-03T07:12:23.403941+00:00,cam02,Janpath,Ahmedabad,—,TR01M1K1S60BV236BA0VHXRJ9YAX,car,CONFIRMED,0.740,0,450,103,543,,
2026-09-03T07:12:23.403941+00:00,cam02,Janpath,Ahmedabad,—,TR01M1K1S60B6C8G5EZJ97V1RFVQ,truck,CONFIRMED,0.615,1728,526,1917,672,,
2026-09-03T07:12:23.403941+00:00,cam02,Janpath,Ahmedabad,—,TR01M1K1S663110KN3K76Z6EX7R8,truck,CONFIRMED,0.580,264,336,385,432,,
2026-09-03T07:12:23.403941+00:00,cam02,Janpath,Ahmedabad,—,TR01M1K1S6MZ8PPJ7TNRZR62PHBH,vehicle,CONFIRMED,0.327,504,300,720,432,,
2026-09-03T07:12:23.403941+00:00,cam02,Janpath,Ahmedabad,—,TR01M1K1S76AX3YH0DY6VK5CYDZQ,truck,CONFIRMED,0.764,8,334,267,432,,
2026-09-03T07:12:23.403941+00:00,cam02,Janpath,Ahmedabad,—,TR01M1K1S76A2FWREEQRQZZP7V3C,car,TENTATIVE,0.696,462,360,516,407,,
2026-09-03T07:12:23.403941+00:00,cam02,Janpath,Ahmedabad,—,TR01M1K1S7C90KQC21RF37XWSD98,truck,TENTATIVE,0.811,0,404,267,535,,
2026-09-03T07:12:23.403941+00:00,cam02,Janpath,Ahmedabad,—,TR01M1K1S7C9P868A9PTANG567RR,car,TENTATIVE,0.599,0,405,267,534,,
2026-09-03T07:12:23.543941+00:00,cam02,Janpath,Ahmedabad,—,TR01M1K1RQ6AE53FZRZZV4AEEVWZ,car,CONFIRMED,0.559,0,327,53,401,,
2026-09-03T07:12:23.543941+00:00,cam02,Janpath,Ahmedabad,—,TR01M1K1RSWHJX38WD1JV2DWZX6S,truck,CONFIRMED,0.575,175,739,654,1061,,
2026-09-03T07:12:23.543941+00:00,cam02,Janpath,Ahmedabad,—,TR01M1K1RXKZJABP800MW4Z06Q5P,truck,CONFIRMED,0.468,157,198,356,261,,
2026-09-03T07:12:23.543941+00:00,cam02,Janpath,Ahmedabad,—,TR01M1K1RXKZD760KGTV87YTJ1Z8,bus,CONFIRMED,0.476,1728,526,1917,672,,
2026-09-03T07:12:23.543941+00:00,cam02,Janpath,Ahmedabad,—,TR01M1K1RYB0NPG87FQCD025EPDW,car,CONFIRMED,0.885,176,741,654,1060,,
2026-09-03T07:12:23.543941+00:00,cam02,Janpath,Ahmedabad,—,TR01M1K1S11V8X30WPX8KWH8A3QF,car,CONFIRMED,0.841,1616,238,1682,302,,
2026-09-03T07:12:23.543941+00:00,cam02,Janpath,Ahmedabad,—,TR01M1K1S11V4S2R7W2Z1CH6HWWF,car,CONFIRMED,0.907,1609,320,1706,398,,
2026-09-03T07:12:23.543941+00:00,cam02,Janpath,Ahmedabad,—,TR01M1K1S2ZV9PZVGRBD93R51NKY,vehicle,CONFIRMED,0.490,1752,264,1848,300,,
2026-09-03T07:12:23.543941+00:00,cam02,Janpath,Ahmedabad,—,TR01M1K1S2ZV2D7C53HAF0W32K2E,vehicle,CONFIRMED,0.289,1632,240,1728,324,,
2026-09-03T07:12:23.543941+00:00,cam02,Janpath,Ahmedabad,—,TR01M1K1S35QJ02AQFFGXT27BKNJ,truck,CONFIRMED,0.699,1821,732,1920,1008,,
2026-09-03T07:12:23.543941+00:00,cam02,Janpath,Ahmedabad,—,TR01M1K1S35QWT5AQE98BDTX9QGQ,car,CONFIRMED,0.478,1821,732,1921,1008,,
2026-09-03T07:12:23.543941+00:00,cam02,Janpath,Ahmedabad,—,TR01M1K1S3FW16K3PRYER55XAYNK,car,CONFIRMED,0.475,1821,732,1920,1008,,
2026-09-03T07:12:23.543941+00:00,cam02,Janpath,Ahmedabad,—,TR01M1K1S4E2SMJF2QCXQR06YN6P,car,CONFIRMED,0.836,1713,261,1799,328,,
2026-09-03T07:12:23.543941+00:00,cam02,Janpath,Ahmedabad,—,TR01M1K1S5PBMXV1GE072VHBHZPN,car,CONFIRMED,0.501,1712,247,1775,293,,
2026-09-03T07:12:23.543941+00:00,cam02,Janpath,Ahmedabad,—,TR01M1K1S5TREBT937Z05NM22GSR,car,CONFIRMED,0.472,528,341,656,391,,
2026-09-03T07:12:23.543941+00:00,cam02,Janpath,Ahmedabad,—,TR01M1K1S60B4K1PW4BZ9ZQPMSM2,car,CONFIRMED,0.668,517,342,657,412,,
2026-09-03T07:12:23.543941+00:00,cam02,Janpath,Ahmedabad,—,TR01M1K1S60BV236BA0VHXRJ9YAX,car,CONFIRMED,0.740,0,450,103,543,,
2026-09-03T07:12:23.543941+00:00,cam02,Janpath,Ahmedabad,—,TR01M1K1S60B6C8G5EZJ97V1RFVQ,truck,CONFIRMED,0.585,1728,526,1917,672,,
2026-09-03T07:12:23.543941+00:00,cam02,Janpath,Ahmedabad,—,TR01M1K1S663110KN3K76Z6EX7R8,truck,CONFIRMED,0.580,264,336,385,432,,
2026-09-03T07:12:23.543941+00:00,cam02,Janpath,Ahmedabad,—,TR01M1K1S6MZ8PPJ7TNRZR62PHBH,vehicle,CONFIRMED,0.368,564,288,660,408,,
2026-09-03T07:12:23.543941+00:00,cam02,Janpath,Ahmedabad,—,TR01M1K1S76AX3YH0DY6VK5CYDZQ,car,CONFIRMED,0.731,116,331,315,416,,
2026-09-03T07:12:23.543941+00:00,cam02,Janpath,Ahmedabad,—,TR01M1K1S76A2FWREEQRQZZP7V3C,car,TENTATIVE,0.696,462,360,516,407,,
2026-09-03T07:12:23.543941+00:00,cam02,Janpath,Ahmedabad,—,TR01M1K1S7C90KQC21RF37XWSD98,truck,CONFIRMED,0.806,78,392,352,516,,
2026-09-03T07:12:23.543941+00:00,cam02,Janpath,Ahmedabad,—,TR01M1K1S7C9P868A9PTANG567RR,car,CONFIRMED,0.478,78,392,352,516,,
2026-09-03T07:12:23.543941+00:00,cam02,Janpath,Ahmedabad,—,TR01M1K1S7HVAGEW86Z6CM50KRFS,truck,TENTATIVE,0.535,116,331,315,416,,
2026-09-03T07:12:23.543941+00:00,cam02,Janpath,Ahmedabad,—,TR01M1K1S7HVJEHQYRZA1FHCB1G3,truck,TENTATIVE,0.516,558,302,642,381,,
2026-09-03T07:12:23.643941+00:00,cam02,Janpath,Ahmedabad,—,TR01M1K1RQ6AE53FZRZZV4AEEVWZ,car,CONFIRMED,0.671,0,327,53,400,,
2026-09-03T07:12:23.643941+00:00,cam02,Janpath,Ahmedabad,—,TR01M1K1RSWHJX38WD1JV2DWZX6S,vehicle,CONFIRMED,0.372,84,792,588,1080,,
2026-09-03T07:12:23.643941+00:00,cam02,Janpath,Ahmedabad,—,TR01M1K1RXKZJABP800MW4Z06Q5P,truck,CONFIRMED,0.453,157,198,357,260,,
2026-09-03T07:12:23.643941+00:00,cam02,Janpath,Ahmedabad,—,TR01M1K1RXKZD760KGTV87YTJ1Z8,bus,CONFIRMED,0.476,1728,526,1917,672,,
2026-09-03T07:12:23.643941+00:00,cam02,Janpath,Ahmedabad,—,TR01M1K1RYB0NPG87FQCD025EPDW,truck,CONFIRMED,0.608,63,768,588,1075,,
2026-09-03T07:12:23.643941+00:00,cam02,Janpath,Ahmedabad,—,TR01M1K1S11V8X30WPX8KWH8A3QF,car,CONFIRMED,0.868,1609,239,1678,305,,
2026-09-03T07:12:23.643941+00:00,cam02,Janpath,Ahmedabad,—,TR01M1K1S11V4S2R7W2Z1CH6HWWF,car,CONFIRMED,0.916,1600,324,1703,403,,
2026-09-03T07:12:23.643941+00:00,cam02,Janpath,Ahmedabad,—,TR01M1K1S2ZV9PZVGRBD93R51NKY,vehicle,CONFIRMED,0.490,1752,264,1848,300,,
2026-09-03T07:12:23.643941+00:00,cam02,Janpath,Ahmedabad,—,TR01M1K1S2ZV2D7C53HAF0W32K2E,vehicle,CONFIRMED,0.289,1632,240,1728,324,,
2026-09-03T07:12:23.643941+00:00,cam02,Janpath,Ahmedabad,—,TR01M1K1S35QJ02AQFFGXT27BKNJ,truck,CONFIRMED,0.699,1821,732,1920,1008,,
2026-09-03T07:12:23.643941+00:00,cam02,Janpath,Ahmedabad,—,TR01M1K1S35QWT5AQE98BDTX9QGQ,car,CONFIRMED,0.478,1821,732,1921,1008,,
2026-09-03T07:12:23.643941+00:00,cam02,Janpath,Ahmedabad,—,TR01M1K1S3FW16K3PRYER55XAYNK,car,CONFIRMED,0.475,1821,732,1920,1008,,
2026-09-03T07:12:23.643941+00:00,cam02,Janpath,Ahmedabad,—,TR01M1K1S4E2SMJF2QCXQR06YN6P,car,CONFIRMED,0.861,1709,264,1793,333,,
2026-09-03T07:12:23.643941+00:00,cam02,Janpath,Ahmedabad,—,TR01M1K1S5PBMXV1GE072VHBHZPN,car,CONFIRMED,0.501,1712,247,1775,293,,
2026-09-03T07:12:23.643941+00:00,cam02,Janpath,Ahmedabad,—,TR01M1K1S5TREBT937Z05NM22GSR,car,CONFIRMED,0.472,528,341,656,391,,
2026-09-03T07:12:23.643941+00:00,cam02,Janpath,Ahmedabad,—,TR01M1K1S60B4K1PW4BZ9ZQPMSM2,car,CONFIRMED,0.668,517,342,657,412,,
2026-09-03T07:12:23.643941+00:00,cam02,Janpath,Ahmedabad,—,TR01M1K1S60BV236BA0VHXRJ9YAX,car,CONFIRMED,0.740,0,450,103,543,,
2026-09-03T07:12:23.643941+00:00,cam02,Janpath,Ahmedabad,—,TR01M1K1S60B6C8G5EZJ97V1RFVQ,truck,CONFIRMED,0.590,1728,526,1917,673,,
2026-09-03T07:12:23.643941+00:00,cam02,Janpath,Ahmedabad,—,TR01M1K1S663110KN3K76Z6EX7R8,truck,CONFIRMED,0.580,264,336,385,432,,
2026-09-03T07:12:23.643941+00:00,cam02,Janpath,Ahmedabad,—,TR01M1K1S6MZ8PPJ7TNRZR62PHBH,vehicle,CONFIRMED,0.403,576,288,672,384,,
2026-09-03T07:12:23.643941+00:00,cam02,Janpath,Ahmedabad,—,TR01M1K1S76AX3YH0DY6VK5CYDZQ,car,CONFIRMED,0.795,162,327,354,408,,
2026-09-03T07:12:23.643941+00:00,cam02,Janpath,Ahmedabad,—,TR01M1K1S76A2FWREEQRQZZP7V3C,car,TENTATIVE,0.696,462,360,516,407,,
2026-09-03T07:12:23.643941+00:00,cam02,Janpath,Ahmedabad,—,TR01M1K1S7C90KQC21RF37XWSD98,car,CONFIRMED,0.757,161,379,416,497,,
2026-09-03T07:12:23.643941+00:00,cam02,Janpath,Ahmedabad,—,TR01M1K1S7C9P868A9PTANG567RR,vehicle,CONFIRMED,0.480,168,336,420,516,,
2026-09-03T07:12:23.643941+00:00,cam02,Janpath,Ahmedabad,—,TR01M1K1S7HVAGEW86Z6CM50KRFS,truck,CONFIRMED,0.406,162,327,354,408,,
2026-09-03T07:12:23.643941+00:00,cam02,Janpath,Ahmedabad,—,TR01M1K1S7HVJEHQYRZA1FHCB1G3,vehicle,CONFIRMED,0.371,564,312,696,408,,
2026-09-03T07:12:23.643941+00:00,cam02,Janpath,Ahmedabad,—,TR01M1K1S7QEEWT9F3GS542QBNGB,car,CONFIRMED,0.798,65,768,590,1074,,
2026-09-03T07:12:23.643941+00:00,cam02,Janpath,Ahmedabad,—,TR01M1K1S7VNJFTP8Z85PTS3FFXD,car,TENTATIVE,0.678,715,317,823,355,,
2026-09-03T07:12:23.863941+00:00,cam02,Janpath,Ahmedabad,—,TR01M1K1RQ6AE53FZRZZV4AEEVWZ,car,CONFIRMED,0.755,0,327,53,400,,
2026-09-03T07:12:23.863941+00:00,cam02,Janpath,Ahmedabad,—,TR01M1K1RSWHJX38WD1JV2DWZX6S,vehicle,CONFIRMED,0.380,0,864,408,1080,,
2026-09-03T07:12:23.863941+00:00,cam02,Janpath,Ahmedabad,—,TR01M1K1RXKZJABP800MW4Z06Q5P,truck,CONFIRMED,0.493,156,199,356,260,,
2026-09-03T07:12:23.863941+00:00,cam02,Janpath,Ahmedabad,—,TR01M1K1RXKZD760KGTV87YTJ1Z8,truck,CONFIRMED,0.546,1728,526,1917,672,,
2026-09-03T07:12:23.863941+00:00,cam02,Janpath,Ahmedabad,—,TR01M1K1RYB0NPG87FQCD025EPDW,truck,CONFIRMED,0.608,63,768,588,1075,,
2026-09-03T07:12:23.863941+00:00,cam02,Janpath,Ahmedabad,—,TR01M1K1S11V8X30WPX8KWH8A3QF,car,CONFIRMED,0.845,1597,244,1675,313,,
2026-09-03T07:12:23.863941+00:00,cam02,Janpath,Ahmedabad,—,TR01M1K1S11V4S2R7W2Z1CH6HWWF,car,CONFIRMED,0.917,1583,333,1688,415,,
2026-09-03T07:12:23.863941+00:00,cam02,Janpath,Ahmedabad,—,TR01M1K1S35QJ02AQFFGXT27BKNJ,truck,CONFIRMED,0.699,1821,732,1920,1008,,
2026-09-03T07:12:23.863941+00:00,cam02,Janpath,Ahmedabad,—,TR01M1K1S35QWT5AQE98BDTX9QGQ,car,CONFIRMED,0.478,1821,732,1921,1008,,
2026-09-03T07:12:23.863941+00:00,cam02,Janpath,Ahmedabad,—,TR01M1K1S3FW16K3PRYER55XAYNK,car,CONFIRMED,0.475,1821,732,1920,1008,,
2026-09-03T07:12:23.863941+00:00,cam02,Janpath,Ahmedabad,—,TR01M1K1S4E2SMJF2QCXQR06YN6P,car,CONFIRMED,0.851,1694,268,1782,342,,
2026-09-03T07:12:23.863941+00:00,cam02,Janpath,Ahmedabad,—,TR01M1K1S5PBMXV1GE072VHBHZPN,car,CONFIRMED,0.407,1722,255,1770,272,,
2026-09-03T07:12:23.863941+00:00,cam02,Janpath,Ahmedabad,—,TR01M1K1S5TREBT937Z05NM22GSR,car,CONFIRMED,0.472,528,341,656,391,,
2026-09-03T07:12:23.863941+00:00,cam02,Janpath,Ahmedabad,—,TR01M1K1S60B4K1PW4BZ9ZQPMSM2,car,CONFIRMED,0.668,517,342,657,412,,
2026-09-03T07:12:23.863941+00:00,cam02,Janpath,Ahmedabad,—,TR01M1K1S60BV236BA0VHXRJ9YAX,car,CONFIRMED,0.740,0,450,103,543,,
2026-09-03T07:12:23.863941+00:00,cam02,Janpath,Ahmedabad,—,TR01M1K1S60B6C8G5EZJ97V1RFVQ,bus,CONFIRMED,0.484,1728,526,1917,672,,
2026-09-03T07:12:23.863941+00:00,cam02,Janpath,Ahmedabad,—,TR01M1K1S663110KN3K76Z6EX7R8,truck,CONFIRMED,0.580,264,336,385,432,,
2026-09-03T07:12:23.863941+00:00,cam02,Janpath,Ahmedabad,—,TR01M1K1S6MZ8PPJ7TNRZR62PHBH,vehicle,CONFIRMED,0.403,576,288,672,384,,
2026-09-03T07:12:23.863941+00:00,cam02,Janpath,Ahmedabad,—,TR01M1K1S76AX3YH0DY6VK5CYDZQ,truck,CONFIRMED,0.711,269,318,437,413,,
2026-09-03T07:12:23.863941+00:00,cam02,Janpath,Ahmedabad,—,TR01M1K1S76A2FWREEQRQZZP7V3C,car,TENTATIVE,0.696,462,360,516,407,,
2026-09-03T07:12:23.863941+00:00,cam02,Janpath,Ahmedabad,—,TR01M1K1S7C90KQC21RF37XWSD98,truck,CONFIRMED,0.612,327,352,528,461,,
2026-09-03T07:12:23.863941+00:00,cam02,Janpath,Ahmedabad,—,TR01M1K1S7C9P868A9PTANG567RR,car,CONFIRMED,0.541,327,352,528,461,,
2026-09-03T07:12:23.863941+00:00,cam02,Janpath,Ahmedabad,—,TR01M1K1S7HVAGEW86Z6CM50KRFS,car,CONFIRMED,0.509,269,318,437,413,,
2026-09-03T07:12:23.863941+00:00,cam02,Janpath,Ahmedabad,—,TR01M1K1S7HVJEHQYRZA1FHCB1G3,vehicle,CONFIRMED,0.371,564,312,696,408,,
2026-09-03T07:12:23.863941+00:00,cam02,Janpath,Ahmedabad,—,TR01M1K1S7QEEWT9F3GS542QBNGB,truck,CONFIRMED,0.786,0,853,405,1078,,
2026-09-03T07:12:23.863941+00:00,cam02,Janpath,Ahmedabad,—,TR01M1K1S7VNJFTP8Z85PTS3FFXD,car,TENTATIVE,0.678,715,317,823,355,,
2026-09-03T07:12:23.863941+00:00,cam02,Janpath,Ahmedabad,—,TR01M1K1S81B9HEMX8CERPP9RVK8,car,TENTATIVE,0.723,797,301,899,337,,
2026-09-03T07:12:23.863941+00:00,cam02,Janpath,Ahmedabad,—,TR01M1K1S81BMH0VN13HRZ432QCN,car,TENTATIVE,0.550,1798,206,1846,249,,
2026-09-03T07:12:23.863941+00:00,cam02,Janpath,Ahmedabad,—,TR01M1K1S81B4AA5NDHJRHDF2PV2,car,TENTATIVE,0.537,899,324,970,369,,
2026-09-03T07:12:24.247941+00:00,cam02,Janpath,Ahmedabad,—,TR01M1K1RQ6AE53FZRZZV4AEEVWZ,car,CONFIRMED,0.723,0,328,54,400,,
2026-09-03T07:12:24.247941+00:00,cam02,Janpath,Ahmedabad,—,TR01M1K1RSWHJX38WD1JV2DWZX6S,vehicle,CONFIRMED,0.380,0,864,408,1080,,
2026-09-03T07:12:24.247941+00:00,cam02,Janpath,Ahmedabad,—,TR01M1K1RXKZJABP800MW4Z06Q5P,car,CONFIRMED,0.401,155,202,270,259,,
2026-09-03T07:12:24.247941+00:00,cam02,Janpath,Ahmedabad,—,TR01M1K1RXKZD760KGTV87YTJ1Z8,truck,CONFIRMED,0.546,1728,526,1917,672,,
2026-09-03T07:12:24.247941+00:00,cam02,Janpath,Ahmedabad,—,TR01M1K1RYB0NPG87FQCD025EPDW,truck,CONFIRMED,0.608,63,768,588,1075,,
2026-09-03T07:12:24.247941+00:00,cam02,Janpath,Ahmedabad,—,TR01M1K1S11V8X30WPX8KWH8A3QF,car,CONFIRMED,0.808,1574,251,1653,324,,
2026-09-03T07:12:24.247941+00:00,cam02,Janpath,Ahmedabad,—,TR01M1K1S11V4S2R7W2Z1CH6HWWF,car,CONFIRMED,0.917,1554,346,1664,436,,
2026-09-03T07:12:24.247941+00:00,cam02,Janpath,Ahmedabad,—,TR01M1K1S35QJ02AQFFGXT27BKNJ,truck,CONFIRMED,0.699,1821,732,1920,1008,,
2026-09-03T07:12:24.247941+00:00,cam02,Janpath,Ahmedabad,—,TR01M1K1S35QWT5AQE98BDTX9QGQ,car,CONFIRMED,0.478,1821,732,1921,1008,,
2026-09-03T07:12:24.247941+00:00,cam02,Janpath,Ahmedabad,—,TR01M1K1S3FW16K3PRYER55XAYNK,car,CONFIRMED,0.475,1821,732,1920,1008,,
2026-09-03T07:12:24.247941+00:00,cam02,Janpath,Ahmedabad,—,TR01M1K1S4E2SMJF2QCXQR06YN6P,car,CONFIRMED,0.795,1671,273,1767,355,,
2026-09-03T07:12:24.247941+00:00,cam02,Janpath,Ahmedabad,—,TR01M1K1S5PBMXV1GE072VHBHZPN,car,CONFIRMED,0.407,1722,255,1770,272,,
2026-09-03T07:12:24.247941+00:00,cam02,Janpath,Ahmedabad,—,TR01M1K1S5TREBT937Z05NM22GSR,car,CONFIRMED,0.472,528,341,656,391,,
2026-09-03T07:12:24.247941+00:00,cam02,Janpath,Ahmedabad,—,TR01M1K1S60B4K1PW4BZ9ZQPMSM2,car,CONFIRMED,0.668,517,342,657,412,,
2026-09-03T07:12:24.247941+00:00,cam02,Janpath,Ahmedabad,—,TR01M1K1S60BV236BA0VHXRJ9YAX,car,CONFIRMED,0.740,0,450,103,543,,
2026-09-03T07:12:24.247941+00:00,cam02,Janpath,Ahmedabad,—,TR01M1K1S60B6C8G5EZJ97V1RFVQ,bus,CONFIRMED,0.662,1730,525,1918,672,,
2026-09-03T07:12:24.247941+00:00,cam02,Janpath,Ahmedabad,—,TR01M1K1S6MZ8PPJ7TNRZR62PHBH,vehicle,CONFIRMED,0.403,576,288,672,384,,
2026-09-03T07:12:24.247941+00:00,cam02,Janpath,Ahmedabad,—,TR01M1K1S76AX3YH0DY6VK5CYDZQ,truck,CONFIRMED,0.750,409,304,524,396,,
2026-09-03T07:12:24.247941+00:00,cam02,Janpath,Ahmedabad,—,TR01M1K1S76A2FWREEQRQZZP7V3C,vehicle,CONFIRMED,0.490,420,312,516,408,,
2026-09-03T07:12:24.247941+00:00,cam02,Janpath,Ahmedabad,—,TR01M1K1S7C90KQC21RF37XWSD98,vehicle,CONFIRMED,0.336,528,312,744,432,,
2026-09-03T07:12:24.247941+00:00,cam02,Janpath,Ahmedabad,—,TR01M1K1S7C9P868A9PTANG567RR,car,CONFIRMED,0.541,327,352,528,461,,
2026-09-03T07:12:24.247941+00:00,cam02,Janpath,Ahmedabad,—,TR01M1K1S7HVAGEW86Z6CM50KRFS,car,CONFIRMED,0.512,409,304,524,396,,
2026-09-03T07:12:24.247941+00:00,cam02,Janpath,Ahmedabad,—,TR01M1K1S7HVJEHQYRZA1FHCB1G3,vehicle,CONFIRMED,0.371,564,312,696,408,,
2026-09-03T07:12:24.247941+00:00,cam02,Janpath,Ahmedabad,—,TR01M1K1S7QEEWT9F3GS542QBNGB,truck,CONFIRMED,0.786,0,853,405,1078,,
2026-09-03T07:12:24.247941+00:00,cam02,Janpath,Ahmedabad,—,TR01M1K1S7VNJFTP8Z85PTS3FFXD,vehicle,CONFIRMED,0.490,756,288,816,360,,
2026-09-03T07:12:24.247941+00:00,cam02,Janpath,Ahmedabad,—,TR01M1K1S81B9HEMX8CERPP9RVK8,car,TENTATIVE,0.723,797,301,899,337,,
2026-09-03T07:12:24.247941+00:00,cam02,Janpath,Ahmedabad,—,TR01M1K1S81BMH0VN13HRZ432QCN,car,TENTATIVE,0.550,1798,206,1846,249,,
2026-09-03T07:12:24.247941+00:00,cam02,Janpath,Ahmedabad,—,TR01M1K1S81B4AA5NDHJRHDF2PV2,car,TENTATIVE,0.537,899,324,970,369,,
2026-09-03T07:12:24.247941+00:00,cam02,Janpath,Ahmedabad,—,TR01M1K1S86S3Q0Z00EBQE25K49G,car,TENTATIVE,0.543,532,330,658,386,,
2026-09-03T07:12:24.547941+00:00,cam02,Janpath,Ahmedabad,—,TR01M1K1RQ6AE53FZRZZV4AEEVWZ,car,CONFIRMED,0.696,0,328,54,399,,
2026-09-03T07:12:24.547941+00:00,cam02,Janpath,Ahmedabad,—,TR01M1K1RSWHJX38WD1JV2DWZX6S,vehicle,CONFIRMED,0.380,0,864,408,1080,,
2026-09-03T07:12:24.547941+00:00,cam02,Janpath,Ahmedabad,—,TR01M1K1RXKZJABP800MW4Z06Q5P,car,CONFIRMED,0.401,155,202,270,259,,
2026-09-03T07:12:24.547941+00:00,cam02,Janpath,Ahmedabad,—,TR01M1K1RXKZD760KGTV87YTJ1Z8,truck,CONFIRMED,0.546,1728,526,1917,672,,
2026-09-03T07:12:24.547941+00:00,cam02,Janpath,Ahmedabad,—,TR01M1K1RYB0NPG87FQCD025EPDW,truck,CONFIRMED,0.608,63,768,588,1075,,
2026-09-03T07:12:24.547941+00:00,cam02,Janpath,Ahmedabad,—,TR01M1K1S11V8X30WPX8KWH8A3QF,car,CONFIRMED,0.834,1553,258,1632,334,,
2026-09-03T07:12:24.547941+00:00,cam02,Janpath,Ahmedabad,—,TR01M1K1S11V4S2R7W2Z1CH6HWWF,car,CONFIRMED,0.907,1528,361,1644,455,,
2026-09-03T07:12:24.547941+00:00,cam02,Janpath,Ahmedabad,—,TR01M1K1S35QJ02AQFFGXT27BKNJ,truck,CONFIRMED,0.699,1821,732,1920,1008,,
2026-09-03T07:12:24.547941+00:00,cam02,Janpath,Ahmedabad,—,TR01M1K1S35QWT5AQE98BDTX9QGQ,car,CONFIRMED,0.478,1821,732,1921,1008,,
2026-09-03T07:12:24.547941+00:00,cam02,Janpath,Ahmedabad,—,TR01M1K1S3FW16K3PRYER55XAYNK,car,CONFIRMED,0.475,1821,732,1920,1008,,
2026-09-03T07:12:24.547941+00:00,cam02,Janpath,Ahmedabad,—,TR01M1K1S4E2SMJF2QCXQR06YN6P,car,CONFIRMED,0.858,1650,285,1750,367,,
2026-09-03T07:12:24.547941+00:00,cam02,Janpath,Ahmedabad,—,TR01M1K1S5PBMXV1GE072VHBHZPN,car,CONFIRMED,0.407,1722,255,1770,272,,
2026-09-03T07:12:24.547941+00:00,cam02,Janpath,Ahmedabad,—,TR01M1K1S5TREBT937Z05NM22GSR,car,CONFIRMED,0.472,528,341,656,391,,
2026-09-03T07:12:24.547941+00:00,cam02,Janpath,Ahmedabad,—,TR01M1K1S60B4K1PW4BZ9ZQPMSM2,car,CONFIRMED,0.668,517,342,657,412,,
2026-09-03T07:12:24.547941+00:00,cam02,Janpath,Ahmedabad,—,TR01M1K1S60BV236BA0VHXRJ9YAX,car,CONFIRMED,0.740,0,450,103,543,,
2026-09-03T07:12:24.547941+00:00,cam02,Janpath,Ahmedabad,—,TR01M1K1S60B6C8G5EZJ97V1RFVQ,bus,CONFIRMED,0.734,1730,525,1918,672,,
2026-09-03T07:12:24.547941+00:00,cam02,Janpath,Ahmedabad,—,TR01M1K1S6MZ8PPJ7TNRZR62PHBH,vehicle,CONFIRMED,0.403,576,288,672,384,,
2026-09-03T07:12:24.547941+00:00,cam02,Janpath,Ahmedabad,—,TR01M1K1S76AX3YH0DY6VK5CYDZQ,truck,CONFIRMED,0.767,514,293,649,378,,
2026-09-03T07:12:24.547941+00:00,cam02,Janpath,Ahmedabad,—,TR01M1K1S76A2FWREEQRQZZP7V3C,vehicle,CONFIRMED,0.490,420,312,516,408,,
2026-09-03T07:12:24.547941+00:00,cam02,Janpath,Ahmedabad,—,TR01M1K1S7C90KQC21RF37XWSD98,vehicle,CONFIRMED,0.336,528,312,744,432,,
2026-09-03T07:12:24.547941+00:00,cam02,Janpath,Ahmedabad,—,TR01M1K1S7C9P868A9PTANG567RR,car,CONFIRMED,0.541,327,352,528,461,,
2026-09-03T07:12:24.547941+00:00,cam02,Janpath,Ahmedabad,—,TR01M1K1S7HVAGEW86Z6CM50KRFS,car,CONFIRMED,0.466,515,294,648,378,,
2026-09-03T07:12:24.547941+00:00,cam02,Janpath,Ahmedabad,—,TR01M1K1S7HVJEHQYRZA1FHCB1G3,vehicle,CONFIRMED,0.371,564,312,696,408,,
2026-09-03T07:12:24.547941+00:00,cam02,Janpath,Ahmedabad,—,TR01M1K1S7QEEWT9F3GS542QBNGB,truck,CONFIRMED,0.786,0,853,405,1078,,
2026-09-03T07:12:24.547941+00:00,cam02,Janpath,Ahmedabad,—,TR01M1K1S7VNJFTP8Z85PTS3FFXD,vehicle,CONFIRMED,0.490,756,288,816,360,,
2026-09-03T07:12:24.547941+00:00,cam02,Janpath,Ahmedabad,—,TR01M1K1S81B9HEMX8CERPP9RVK8,vehicle,CONFIRMED,0.490,792,288,864,348,,
2026-09-03T07:12:24.547941+00:00,cam02,Janpath,Ahmedabad,—,TR01M1K1S81BMH0VN13HRZ432QCN,car,TENTATIVE,0.550,1798,206,1846,249,,
2026-09-03T07:12:24.547941+00:00,cam02,Janpath,Ahmedabad,—,TR01M1K1S81B4AA5NDHJRHDF2PV2,car,TENTATIVE,0.537,899,324,970,369,,
2026-09-03T07:12:24.547941+00:00,cam02,Janpath,Ahmedabad,—,TR01M1K1S86S3Q0Z00EBQE25K49G,vehicle,CONFIRMED,0.442,528,300,648,408,,
2026-09-03T07:12:24.547941+00:00,cam02,Janpath,Ahmedabad,—,TR01M1K1S8C75G9Z3XKX7M32A4RJ,car,TENTATIVE,0.734,1783,223,1817,258,,
2026-09-03T07:12:24.547941+00:00,cam02,Janpath,Ahmedabad,—,TR01M1K1S8C7QJD6EVYSTS1Q3A31,car,TENTATIVE,0.633,1702,265,1763,327,,
2026-09-03T07:12:24.647941+00:00,cam02,Janpath,Ahmedabad,—,TR01M1K1RQ6AE53FZRZZV4AEEVWZ,car,CONFIRMED,0.683,0,328,54,400,,
2026-09-03T07:12:24.647941+00:00,cam02,Janpath,Ahmedabad,—,TR01M1K1RSWHJX38WD1JV2DWZX6S,vehicle,CONFIRMED,0.380,0,864,408,1080,,
2026-09-03T07:12:24.647941+00:00,cam02,Janpath,Ahmedabad,—,TR01M1K1RXKZJABP800MW4Z06Q5P,car,CONFIRMED,0.435,155,202,271,259,,
2026-09-03T07:12:24.647941+00:00,cam02,Janpath,Ahmedabad,—,TR01M1K1RXKZD760KGTV87YTJ1Z8,truck,CONFIRMED,0.422,1730,525,1918,672,,
2026-09-03T07:12:24.647941+00:00,cam02,Janpath,Ahmedabad,—,TR01M1K1RYB0NPG87FQCD025EPDW,truck,CONFIRMED,0.608,63,768,588,1075,,
2026-09-03T07:12:24.647941+00:00,cam02,Janpath,Ahmedabad,—,TR01M1K1S11V8X30WPX8KWH8A3QF,car,CONFIRMED,0.840,1545,262,1628,340,,
2026-09-03T07:12:24.647941+00:00,cam02,Janpath,Ahmedabad,—,TR01M1K1S11V4S2R7W2Z1CH6HWWF,car,CONFIRMED,0.914,1520,365,1637,462,,
2026-09-03T07:12:24.647941+00:00,cam02,Janpath,Ahmedabad,—,TR01M1K1S35QJ02AQFFGXT27BKNJ,truck,CONFIRMED,0.699,1821,732,1920,1008,,
2026-09-03T07:12:24.647941+00:00,cam02,Janpath,Ahmedabad,—,TR01M1K1S35QWT5AQE98BDTX9QGQ,car,CONFIRMED,0.478,1821,732,1921,1008,,
2026-09-03T07:12:24.647941+00:00,cam02,Janpath,Ahmedabad,—,TR01M1K1S3FW16K3PRYER55XAYNK,car,CONFIRMED,0.475,1821,732,1920,1008,,
2026-09-03T07:12:24.647941+00:00,cam02,Janpath,Ahmedabad,—,TR01M1K1S4E2SMJF2QCXQR06YN6P,car,CONFIRMED,0.882,1640,287,1745,371,,
2026-09-03T07:12:24.647941+00:00,cam02,Janpath,Ahmedabad,—,TR01M1K1S5PBMXV1GE072VHBHZPN,car,CONFIRMED,0.407,1722,255,1770,272,,
2026-09-03T07:12:24.647941+00:00,cam02,Janpath,Ahmedabad,—,TR01M1K1S5TREBT937Z05NM22GSR,car,CONFIRMED,0.472,528,341,656,391,,
2026-09-03T07:12:24.647941+00:00,cam02,Janpath,Ahmedabad,—,TR01M1K1S60B4K1PW4BZ9ZQPMSM2,car,CONFIRMED,0.668,517,342,657,412,,
2026-09-03T07:12:24.647941+00:00,cam02,Janpath,Ahmedabad,—,TR01M1K1S60BV236BA0VHXRJ9YAX,car,CONFIRMED,0.740,0,450,103,543,,
2026-09-03T07:12:24.647941+00:00,cam02,Janpath,Ahmedabad,—,TR01M1K1S60B6C8G5EZJ97V1RFVQ,bus,CONFIRMED,0.674,1730,525,1918,672,,
2026-09-03T07:12:24.647941+00:00,cam02,Janpath,Ahmedabad,—,TR01M1K1S6MZ8PPJ7TNRZR62PHBH,vehicle,CONFIRMED,0.403,576,288,672,384,,
2026-09-03T07:12:24.647941+00:00,cam02,Janpath,Ahmedabad,—,TR01M1K1S76AX3YH0DY6VK5CYDZQ,car,CONFIRMED,0.510,539,290,665,374,,
2026-09-03T07:12:24.647941+00:00,cam02,Janpath,Ahmedabad,—,TR01M1K1S76A2FWREEQRQZZP7V3C,vehicle,CONFIRMED,0.490,420,312,516,408,,
2026-09-03T07:12:24.647941+00:00,cam02,Janpath,Ahmedabad,—,TR01M1K1S7C90KQC21RF37XWSD98,vehicle,CONFIRMED,0.355,720,288,888,384,,
2026-09-03T07:12:24.647941+00:00,cam02,Janpath,Ahmedabad,—,TR01M1K1S7C9P868A9PTANG567RR,car,CONFIRMED,0.541,327,352,528,461,,
2026-09-03T07:12:24.647941+00:00,cam02,Janpath,Ahmedabad,—,TR01M1K1S7HVAGEW86Z6CM50KRFS,truck,CONFIRMED,0.767,539,290,664,374,,
2026-09-03T07:12:24.647941+00:00,cam02,Janpath,Ahmedabad,—,TR01M1K1S7HVJEHQYRZA1FHCB1G3,vehicle,CONFIRMED,0.371,564,312,696,408,,
2026-09-03T07:12:24.647941+00:00,cam02,Janpath,Ahmedabad,—,TR01M1K1S7QEEWT9F3GS542QBNGB,truck,CONFIRMED,0.786,0,853,405,1078,,
2026-09-03T07:12:24.647941+00:00,cam02,Janpath,Ahmedabad,—,TR01M1K1S7VNJFTP8Z85PTS3FFXD,vehicle,CONFIRMED,0.490,756,288,816,360,,
2026-09-03T07:12:24.647941+00:00,cam02,Janpath,Ahmedabad,—,TR01M1K1S81B9HEMX8CERPP9RVK8,vehicle,CONFIRMED,0.481,792,288,876,348,,
2026-09-03T07:12:24.647941+00:00,cam02,Janpath,Ahmedabad,—,TR01M1K1S81BMH0VN13HRZ432QCN,car,TENTATIVE,0.550,1798,206,1846,249,,
2026-09-03T07:12:24.647941+00:00,cam02,Janpath,Ahmedabad,—,TR01M1K1S81B4AA5NDHJRHDF2PV2,car,TENTATIVE,0.537,899,324,970,369,,
2026-09-03T07:12:24.647941+00:00,cam02,Janpath,Ahmedabad,—,TR01M1K1S86S3Q0Z00EBQE25K49G,car,CONFIRMED,0.415,539,290,664,374,,
2026-09-03T07:12:24.647941+00:00,cam02,Janpath,Ahmedabad,—,TR01M1K1S8C75G9Z3XKX7M32A4RJ,car,CONFIRMED,0.603,1781,219,1815,260,,
2026-09-03T07:12:24.647941+00:00,cam02,Janpath,Ahmedabad,—,TR01M1K1S8C7QJD6EVYSTS1Q3A31,car,CONFIRMED,0.688,1697,266,1760,329,,
2026-09-03T07:12:24.647941+00:00,cam02,Janpath,Ahmedabad,—,TR01M1K1S8NR426W7X77MSR5A4P4,car,CONFIRMED,0.443,716,325,790,357,,
2026-09-03T07:12:25.047941+00:00,cam02,Janpath,Ahmedabad,—,TR01M1K1RQ6AE53FZRZZV4AEEVWZ,car,CONFIRMED,0.673,0,329,54,399,,
2026-09-03T07:12:25.047941+00:00,cam02,Janpath,Ahmedabad,—,TR01M1K1RSWHJX38WD1JV2DWZX6S,vehicle,CONFIRMED,0.380,0,864,408,1080,,
2026-09-03T07:12:25.047941+00:00,cam02,Janpath,Ahmedabad,—,TR01M1K1RXKZJABP800MW4Z06Q5P,car,CONFIRMED,0.420,155,202,271,259,,
2026-09-03T07:12:25.047941+00:00,cam02,Janpath,Ahmedabad,—,TR01M1K1RXKZD760KGTV87YTJ1Z8,truck,CONFIRMED,0.497,1730,524,1918,672,,
2026-09-03T07:12:25.047941+00:00,cam02,Janpath,Ahmedabad,—,TR01M1K1RYB0NPG87FQCD025EPDW,truck,CONFIRMED,0.608,63,768,588,1075,,
2026-09-03T07:12:25.047941+00:00,cam02,Janpath,Ahmedabad,—,TR01M1K1S11V8X30WPX8KWH8A3QF,car,CONFIRMED,0.810,1509,272,1600,356,,
2026-09-03T07:12:25.047941+00:00,cam02,Janpath,Ahmedabad,—,TR01M1K1S11V4S2R7W2Z1CH6HWWF,car,CONFIRMED,0.902,1475,386,1605,495,,
2026-09-03T07:12:25.047941+00:00,cam02,Janpath,Ahmedabad,—,TR01M1K1S4E2SMJF2QCXQR06YN6P,car,CONFIRMED,0.886,1609,300,1722,391,,
2026-09-03T07:12:25.047941+00:00,cam02,Janpath,Ahmedabad,—,TR01M1K1S5PBMXV1GE072VHBHZPN,car,CONFIRMED,0.407,1722,255,1770,272,,
2026-09-03T07:12:25.047941+00:00,cam02,Janpath,Ahmedabad,—,TR01M1K1S60B6C8G5EZJ97V1RFVQ,bus,CONFIRMED,0.777,1730,525,1918,672,,
2026-09-03T07:12:25.047941+00:00,cam02,Janpath,Ahmedabad,—,TR01M1K1S6MZ8PPJ7TNRZR62PHBH,vehicle,CONFIRMED,0.403,576,288,672,384,,
2026-09-03T07:12:25.047941+00:00,cam02,Janpath,Ahmedabad,—,TR01M1K1S76AX3YH0DY6VK5CYDZQ,truck,CONFIRMED,0.499,662,274,774,356,,
2026-09-03T07:12:25.047941+00:00,cam02,Janpath,Ahmedabad,—,TR01M1K1S76A2FWREEQRQZZP7V3C,vehicle,CONFIRMED,0.490,420,312,516,408,,
2026-09-03T07:12:25.047941+00:00,cam02,Janpath,Ahmedabad,—,TR01M1K1S7C90KQC21RF37XWSD98,vehicle,CONFIRMED,0.359,780,288,900,372,,
2026-09-03T07:12:25.047941+00:00,cam02,Janpath,Ahmedabad,—,TR01M1K1S7C9P868A9PTANG567RR,car,CONFIRMED,0.541,327,352,528,461,,
2026-09-03T07:12:25.047941+00:00,cam02,Janpath,Ahmedabad,—,TR01M1K1S7HVAGEW86Z6CM50KRFS,truck,CONFIRMED,0.671,564,289,651,370,,
2026-09-03T07:12:25.047941+00:00,cam02,Janpath,Ahmedabad,—,TR01M1K1S7HVJEHQYRZA1FHCB1G3,vehicle,CONFIRMED,0.371,564,312,696,408,,
2026-09-03T07:12:25.047941+00:00,cam02,Janpath,Ahmedabad,—,TR01M1K1S7QEEWT9F3GS542QBNGB,truck,CONFIRMED,0.786,0,853,405,1078,,
2026-09-03T07:12:25.047941+00:00,cam02,Janpath,Ahmedabad,—,TR01M1K1S7VNJFTP8Z85PTS3FFXD,vehicle,CONFIRMED,0.490,756,288,816,360,,
2026-09-03T07:12:25.047941+00:00,cam02,Janpath,Ahmedabad,—,TR01M1K1S81B9HEMX8CERPP9RVK8,vehicle,CONFIRMED,0.362,888,276,972,336,,
2026-09-03T07:12:25.047941+00:00,cam02,Janpath,Ahmedabad,—,TR01M1K1S81BMH0VN13HRZ432QCN,car,TENTATIVE,0.550,1798,206,1846,249,,
2026-09-03T07:12:25.047941+00:00,cam02,Janpath,Ahmedabad,—,TR01M1K1S81B4AA5NDHJRHDF2PV2,car,TENTATIVE,0.537,899,324,970,369,,
2026-09-03T07:12:25.047941+00:00,cam02,Janpath,Ahmedabad,—,TR01M1K1S86S3Q0Z00EBQE25K49G,vehicle,CONFIRMED,0.401,576,288,696,396,,
2026-09-03T07:12:25.047941+00:00,cam02,Janpath,Ahmedabad,—,TR01M1K1S8C75G9Z3XKX7M32A4RJ,car,CONFIRMED,0.433,1770,221,1808,268,,
2026-09-03T07:12:25.047941+00:00,cam02,Janpath,Ahmedabad,—,TR01M1K1S8C7QJD6EVYSTS1Q3A31,car,CONFIRMED,0.685,1674,278,1743,337,,
2026-09-03T07:12:25.047941+00:00,cam02,Janpath,Ahmedabad,—,TR01M1K1S8NR426W7X77MSR5A4P4,car,CONFIRMED,0.443,716,325,790,357,,
2026-09-03T07:12:25.307941+00:00,cam02,Janpath,Ahmedabad,—,TR01M1K1RQ6AE53FZRZZV4AEEVWZ,car,CONFIRMED,0.797,0,327,55,400,,
2026-09-03T07:12:25.307941+00:00,cam02,Janpath,Ahmedabad,—,TR01M1K1RSWHJX38WD1JV2DWZX6S,vehicle,CONFIRMED,0.380,0,864,408,1080,,
2026-09-03T07:12:25.307941+00:00,cam02,Janpath,Ahmedabad,—,TR01M1K1RXKZJABP800MW4Z06Q5P,car,CONFIRMED,0.420,155,202,271,259,,
2026-09-03T07:12:25.307941+00:00,cam02,Janpath,Ahmedabad,—,TR01M1K1RXKZD760KGTV87YTJ1Z8,bus,CONFIRMED,0.469,1728,524,1917,674,,
2026-09-03T07:12:25.307941+00:00,cam02,Janpath,Ahmedabad,—,TR01M1K1S11V8X30WPX8KWH8A3QF,car,CONFIRMED,0.808,1483,281,1580,368,,
2026-09-03T07:12:25.307941+00:00,cam02,Janpath,Ahmedabad,—,TR01M1K1S11V4S2R7W2Z1CH6HWWF,car,CONFIRMED,0.919,1439,404,1579,518,,
2026-09-03T07:12:25.307941+00:00,cam02,Janpath,Ahmedabad,—,TR01M1K1S4E2SMJF2QCXQR06YN6P,car,CONFIRMED,0.876,1581,308,1702,404,,
2026-09-03T07:12:25.307941+00:00,cam02,Janpath,Ahmedabad,—,TR01M1K1S5PBMXV1GE072VHBHZPN,car,CONFIRMED,0.407,1722,255,1770,272,,
2026-09-03T07:12:25.307941+00:00,cam02,Janpath,Ahmedabad,—,TR01M1K1S60B6C8G5EZJ97V1RFVQ,truck,CONFIRMED,0.563,1728,524,1917,674,,
2026-09-03T07:12:25.307941+00:00,cam02,Janpath,Ahmedabad,—,TR01M1K1S76AX3YH0DY6VK5CYDZQ,truck,CONFIRMED,0.770,725,268,833,347,,
2026-09-03T07:12:25.307941+00:00,cam02,Janpath,Ahmedabad,—,TR01M1K1S76A2FWREEQRQZZP7V3C,vehicle,CONFIRMED,0.490,420,312,516,408,,
2026-09-03T07:12:25.307941+00:00,cam02,Janpath,Ahmedabad,—,TR01M1K1S7C90KQC21RF37XWSD98,vehicle,CONFIRMED,0.359,780,288,900,372,,
2026-09-03T07:12:25.307941+00:00,cam02,Janpath,Ahmedabad,—,TR01M1K1S7C9P868A9PTANG567RR,car,CONFIRMED,0.541,327,352,528,461,,
2026-09-03T07:12:25.307941+00:00,cam02,Janpath,Ahmedabad,—,TR01M1K1S7HVAGEW86Z6CM50KRFS,truck,CONFIRMED,0.671,564,289,651,370,,
2026-09-03T07:12:25.307941+00:00,cam02,Janpath,Ahmedabad,—,TR01M1K1S7QEEWT9F3GS542QBNGB,truck,CONFIRMED,0.786,0,853,405,1078,,
2026-09-03T07:12:25.307941+00:00,cam02,Janpath,Ahmedabad,—,TR01M1K1S7VNJFTP8Z85PTS3FFXD,vehicle,CONFIRMED,0.455,756,288,840,360,,
2026-09-03T07:12:25.307941+00:00,cam02,Janpath,Ahmedabad,—,TR01M1K1S81B9HEMX8CERPP9RVK8,car,CONFIRMED,0.513,945,272,1032,309,,
2026-09-03T07:12:25.307941+00:00,cam02,Janpath,Ahmedabad,—,TR01M1K1S81BMH0VN13HRZ432QCN,car,TENTATIVE,0.550,1798,206,1846,249,,
2026-09-03T07:12:25.307941+00:00,cam02,Janpath,Ahmedabad,—,TR01M1K1S81B4AA5NDHJRHDF2PV2,car,TENTATIVE,0.537,899,324,970,369,,
2026-09-03T07:12:25.307941+00:00,cam02,Janpath,Ahmedabad,—,TR01M1K1S86S3Q0Z00EBQE25K49G,vehicle,CONFIRMED,0.401,576,288,696,396,,
2026-09-03T07:12:25.307941+00:00,cam02,Janpath,Ahmedabad,—,TR01M1K1S8C75G9Z3XKX7M32A4RJ,truck,CONFIRMED,0.535,1759,227,1800,273,,
2026-09-03T07:12:25.307941+00:00,cam02,Janpath,Ahmedabad,—,TR01M1K1S8C7QJD6EVYSTS1Q3A31,car,CONFIRMED,0.741,1661,283,1735,347,,
2026-09-03T07:12:25.307941+00:00,cam02,Janpath,Ahmedabad,—,TR01M1K1S8NR426W7X77MSR5A4P4,car,CONFIRMED,0.443,716,325,790,357,,
2026-09-03T07:12:25.307941+00:00,cam02,Janpath,Ahmedabad,—,TR01M1K1S9CE7BFK6YJRCGAKEP17,car,TENTATIVE,0.511,1759,227,1800,273,,
2026-09-03T07:12:25.547941+00:00,cam02,Janpath,Ahmedabad,—,TR01M1K1RQ6AE53FZRZZV4AEEVWZ,car,CONFIRMED,0.789,0,327,55,400,,
2026-09-03T07:12:25.547941+00:00,cam02,Janpath,Ahmedabad,—,TR01M1K1RXKZJABP800MW4Z06Q5P,car,CONFIRMED,0.420,155,202,271,259,,
2026-09-03T07:12:25.547941+00:00,cam02,Janpath,Ahmedabad,—,TR01M1K1RXKZD760KGTV87YTJ1Z8,bus,CONFIRMED,0.567,1727,524,1917,675,,
2026-09-03T07:12:25.547941+00:00,cam02,Janpath,Ahmedabad,—,TR01M1K1S11V8X30WPX8KWH8A3QF,truck,CONFIRMED,0.528,1461,287,1563,378,,
2026-09-03T07:12:25.547941+00:00,cam02,Janpath,Ahmedabad,—,TR01M1K1S11V4S2R7W2Z1CH6HWWF,car,CONFIRMED,0.915,1408,420,1555,539,,
2026-09-03T07:12:25.547941+00:00,cam02,Janpath,Ahmedabad,—,TR01M1K1S4E2SMJF2QCXQR06YN6P,car,CONFIRMED,0.912,1563,316,1683,419,,
2026-09-03T07:12:25.547941+00:00,cam02,Janpath,Ahmedabad,—,TR01M1K1S60B6C8G5EZJ97V1RFVQ,truck,CONFIRMED,0.594,1727,524,1917,675,,
2026-09-03T07:12:25.547941+00:00,cam02,Janpath,Ahmedabad,—,TR01M1K1S76AX3YH0DY6VK5CYDZQ,truck,CONFIRMED,0.651,769,266,876,337,,
2026-09-03T07:12:25.547941+00:00,cam02,Janpath,Ahmedabad,—,TR01M1K1S76A2FWREEQRQZZP7V3C,vehicle,CONFIRMED,0.490,420,312,516,408,,
2026-09-03T07:12:25.547941+00:00,cam02,Janpath,Ahmedabad,—,TR01M1K1S7C90KQC21RF37XWSD98,vehicle,CONFIRMED,0.359,780,288,900,372,,
2026-09-03T07:12:25.547941+00:00,cam02,Janpath,Ahmedabad,—,TR01M1K1S7HVAGEW86Z6CM50KRFS,truck,CONFIRMED,0.671,564,289,651,370,,
2026-09-03T07:12:25.547941+00:00,cam02,Janpath,Ahmedabad,—,TR01M1K1S7VNJFTP8Z85PTS3FFXD,car,CONFIRMED,0.627,769,266,876,337,,
2026-09-03T07:12:25.547941+00:00,cam02,Janpath,Ahmedabad,—,TR01M1K1S81B9HEMX8CERPP9RVK8,car,CONFIRMED,0.513,945,272,1032,309,,
2026-09-03T07:12:25.547941+00:00,cam02,Janpath,Ahmedabad,—,TR01M1K1S86S3Q0Z00EBQE25K49G,vehicle,CONFIRMED,0.401,576,288,696,396,,
2026-09-03T07:12:25.547941+00:00,cam02,Janpath,Ahmedabad,—,TR01M1K1S8C75G9Z3XKX7M32A4RJ,car,CONFIRMED,0.607,1754,233,1793,279,,
2026-09-03T07:12:25.547941+00:00,cam02,Janpath,Ahmedabad,—,TR01M1K1S8C7QJD6EVYSTS1Q3A31,car,CONFIRMED,0.808,1649,287,1726,355,,
2026-09-03T07:12:25.547941+00:00,cam02,Janpath,Ahmedabad,—,TR01M1K1S8NR426W7X77MSR5A4P4,car,CONFIRMED,0.443,716,325,790,357,,
2026-09-03T07:12:25.547941+00:00,cam02,Janpath,Ahmedabad,—,TR01M1K1S9CE7BFK6YJRCGAKEP17,truck,CONFIRMED,0.501,1754,233,1793,279,,
2026-09-03T07:12:25.547941+00:00,cam02,Janpath,Ahmedabad,—,TR01M1K1S9HSWVWRGE0W1AYMM3MG,car,TENTATIVE,0.760,1461,287,1563,379,,
2026-09-03T07:12:25.547941+00:00,cam02,Janpath,Ahmedabad,—,TR01M1K1S9HSKRQ9HZ0VRXXQB929,car,TENTATIVE,0.643,0,469,96,553,,
2026-09-03T07:12:25.647941+00:00,cam02,Janpath,Ahmedabad,—,TR01M1K1RQ6AE53FZRZZV4AEEVWZ,car,CONFIRMED,0.778,0,327,55,400,,
2026-09-03T07:12:25.647941+00:00,cam02,Janpath,Ahmedabad,—,TR01M1K1RXKZJABP800MW4Z06Q5P,car,CONFIRMED,0.420,155,202,271,259,,
2026-09-03T07:12:25.647941+00:00,cam02,Janpath,Ahmedabad,—,TR01M1K1RXKZD760KGTV87YTJ1Z8,truck,CONFIRMED,0.560,1727,524,1917,675,,
2026-09-03T07:12:25.647941+00:00,cam02,Janpath,Ahmedabad,—,TR01M1K1S11V8X30WPX8KWH8A3QF,car,CONFIRMED,0.692,1449,291,1555,385,,
2026-09-03T07:12:25.647941+00:00,cam02,Janpath,Ahmedabad,—,TR01M1K1S11V4S2R7W2Z1CH6HWWF,car,CONFIRMED,0.925,1392,426,1543,549,,
2026-09-03T07:12:25.647941+00:00,cam02,Janpath,Ahmedabad,—,TR01M1K1S4E2SMJF2QCXQR06YN6P,car,CONFIRMED,0.898,1551,321,1676,423,,
2026-09-03T07:12:25.647941+00:00,cam02,Janpath,Ahmedabad,—,TR01M1K1S60B6C8G5EZJ97V1RFVQ,bus,CONFIRMED,0.490,1727,524,1917,675,,
2026-09-03T07:12:25.647941+00:00,cam02,Janpath,Ahmedabad,—,TR01M1K1S76AX3YH0DY6VK5CYDZQ,truck,CONFIRMED,0.519,791,263,897,333,,
2026-09-03T07:12:25.647941+00:00,cam02,Janpath,Ahmedabad,—,TR01M1K1S76A2FWREEQRQZZP7V3C,vehicle,CONFIRMED,0.490,420,312,516,408,,
2026-09-03T07:12:25.647941+00:00,cam02,Janpath,Ahmedabad,—,TR01M1K1S7C90KQC21RF37XWSD98,vehicle,CONFIRMED,0.359,780,288,900,372,,
2026-09-03T07:12:25.647941+00:00,cam02,Janpath,Ahmedabad,—,TR01M1K1S7HVAGEW86Z6CM50KRFS,truck,CONFIRMED,0.671,564,289,651,370,,
2026-09-03T07:12:25.647941+00:00,cam02,Janpath,Ahmedabad,—,TR01M1K1S7VNJFTP8Z85PTS3FFXD,car,CONFIRMED,0.784,791,263,897,333,,
2026-09-03T07:12:25.647941+00:00,cam02,Janpath,Ahmedabad,—,TR01M1K1S81B9HEMX8CERPP9RVK8,car,CONFIRMED,0.513,945,272,1032,309,,
2026-09-03T07:12:25.647941+00:00,cam02,Janpath,Ahmedabad,—,TR01M1K1S86S3Q0Z00EBQE25K49G,vehicle,CONFIRMED,0.401,576,288,696,396,,
2026-09-03T07:12:25.647941+00:00,cam02,Janpath,Ahmedabad,—,TR01M1K1S8C75G9Z3XKX7M32A4RJ,truck,CONFIRMED,0.462,1750,234,1790,281,,
2026-09-03T07:12:25.647941+00:00,cam02,Janpath,Ahmedabad,—,TR01M1K1S8C7QJD6EVYSTS1Q3A31,car,CONFIRMED,0.825,1643,292,1722,357,,
2026-09-03T07:12:25.647941+00:00,cam02,Janpath,Ahmedabad,—,TR01M1K1S8NR426W7X77MSR5A4P4,car,CONFIRMED,0.443,716,325,790,357,,
2026-09-03T07:12:25.647941+00:00,cam02,Janpath,Ahmedabad,—,TR01M1K1S9CE7BFK6YJRCGAKEP17,car,CONFIRMED,0.597,1750,234,1790,281,,
2026-09-03T07:12:25.647941+00:00,cam02,Janpath,Ahmedabad,—,TR01M1K1S9HSWVWRGE0W1AYMM3MG,truck,CONFIRMED,0.566,1449,291,1555,385,,
2026-09-03T07:12:25.647941+00:00,cam02,Janpath,Ahmedabad,—,TR01M1K1S9HSKRQ9HZ0VRXXQB929,truck,CONFIRMED,0.762,0,439,172,557,,
2026-09-03T07:12:25.647941+00:00,cam02,Janpath,Ahmedabad,—,TR01M1K1S9ZQJTQ5X02VJ9PK8MVQ,car,TENTATIVE,0.570,0,439,172,557,,
2026-09-03T07:12:25.967941+00:00,cam02,Janpath,Ahmedabad,—,TR01M1K1RQ6AE53FZRZZV4AEEVWZ,car,CONFIRMED,0.793,0,327,56,400,,
2026-09-03T07:12:25.967941+00:00,cam02,Janpath,Ahmedabad,—,TR01M1K1RXKZJABP800MW4Z06Q5P,car,CONFIRMED,0.420,155,202,271,259,,
2026-09-03T07:12:25.967941+00:00,cam02,Janpath,Ahmedabad,—,TR01M1K1RXKZD760KGTV87YTJ1Z8,truck,CONFIRMED,0.602,1727,525,1918,676,,
2026-09-03T07:12:25.967941+00:00,cam02,Janpath,Ahmedabad,—,TR01M1K1S11V8X30WPX8KWH8A3QF,car,CONFIRMED,0.826,1409,303,1522,405,,
2026-09-03T07:12:25.967941+00:00,cam02,Janpath,Ahmedabad,—,TR01M1K1S11V4S2R7W2Z1CH6HWWF,car,CONFIRMED,0.922,1329,454,1501,590,,
2026-09-03T07:12:25.967941+00:00,cam02,Janpath,Ahmedabad,—,TR01M1K1S4E2SMJF2QCXQR06YN6P,car,CONFIRMED,0.908,1514,337,1647,449,,
2026-09-03T07:12:25.967941+00:00,cam02,Janpath,Ahmedabad,—,TR01M1K1S60B6C8G5EZJ97V1RFVQ,bus,CONFIRMED,0.417,1727,525,1917,675,,
2026-09-03T07:12:25.967941+00:00,cam02,Janpath,Ahmedabad,—,TR01M1K1S76AX3YH0DY6VK5CYDZQ,truck,CONFIRMED,0.487,858,253,956,321,,
2026-09-03T07:12:25.967941+00:00,cam02,Janpath,Ahmedabad,—,TR01M1K1S7C90KQC21RF37XWSD98,vehicle,CONFIRMED,0.359,780,288,900,372,,
2026-09-03T07:12:25.967941+00:00,cam02,Janpath,Ahmedabad,—,TR01M1K1S7HVAGEW86Z6CM50KRFS,truck,CONFIRMED,0.671,564,289,651,370,,
2026-09-03T07:12:25.967941+00:00,cam02,Janpath,Ahmedabad,—,TR01M1K1S7VNJFTP8Z85PTS3FFXD,car,CONFIRMED,0.748,858,252,955,321,,
2026-09-03T07:12:25.967941+00:00,cam02,Janpath,Ahmedabad,—,TR01M1K1S81B9HEMX8CERPP9RVK8,car,CONFIRMED,0.513,945,272,1032,309,,
2026-09-03T07:12:25.967941+00:00,cam02,Janpath,Ahmedabad,—,TR01M1K1S86S3Q0Z00EBQE25K49G,vehicle,CONFIRMED,0.401,576,288,696,396,,
2026-09-03T07:12:25.967941+00:00,cam02,Janpath,Ahmedabad,—,TR01M1K1S8C75G9Z3XKX7M32A4RJ,car,CONFIRMED,0.555,1739,241,1781,288,,
2026-09-03T07:12:25.967941+00:00,cam02,Janpath,Ahmedabad,—,TR01M1K1S8C7QJD6EVYSTS1Q3A31,car,CONFIRMED,0.861,1625,302,1709,371,,
2026-09-03T07:12:25.967941+00:00,cam02,Janpath,Ahmedabad,—,TR01M1K1S8NR426W7X77MSR5A4P4,car,CONFIRMED,0.443,716,325,790,357,,
2026-09-03T07:12:25.967941+00:00,cam02,Janpath,Ahmedabad,—,TR01M1K1S9CE7BFK6YJRCGAKEP17,truck,CONFIRMED,0.460,1739,241,1781,288,,
2026-09-03T07:12:25.967941+00:00,cam02,Janpath,Ahmedabad,—,TR01M1K1S9HSWVWRGE0W1AYMM3MG,truck,CONFIRMED,0.443,1409,303,1523,405,,
2026-09-03T07:12:25.967941+00:00,cam02,Janpath,Ahmedabad,—,TR01M1K1S9HSKRQ9HZ0VRXXQB929,car,CONFIRMED,0.918,162,398,381,503,,
2026-09-03T07:12:25.967941+00:00,cam02,Janpath,Ahmedabad,—,TR01M1K1S9ZQJTQ5X02VJ9PK8MVQ,vehicle,CONFIRMED,0.427,168,408,384,528,,
2026-09-03T07:12:26.267941+00:00,cam02,Janpath,Ahmedabad,—,TR01M1K1RQ6AE53FZRZZV4AEEVWZ,car,CONFIRMED,0.812,0,327,55,400,,
2026-09-03T07:12:26.267941+00:00,cam02,Janpath,Ahmedabad,—,TR01M1K1RXKZD760KGTV87YTJ1Z8,truck,CONFIRMED,0.521,1729,523,1918,675,,
2026-09-03T07:12:26.267941+00:00,cam02,Janpath,Ahmedabad,—,TR01M1K1S11V8X30WPX8KWH8A3QF,truck,CONFIRMED,0.578,1369,315,1493,426,,
2026-09-03T07:12:26.267941+00:00,cam02,Janpath,Ahmedabad,—,TR01M1K1S11V4S2R7W2Z1CH6HWWF,car,CONFIRMED,0.931,1262,482,1455,632,,
2026-09-03T07:12:26.267941+00:00,cam02,Janpath,Ahmedabad,—,TR01M1K1S4E2SMJF2QCXQR06YN6P,car,CONFIRMED,0.929,1475,354,1617,473,,
2026-09-03T07:12:26.267941+00:00,cam02,Janpath,Ahmedabad,—,TR01M1K1S60B6C8G5EZJ97V1RFVQ,bus,CONFIRMED,0.507,1729,523,1918,675,,
2026-09-03T07:12:26.267941+00:00,cam02,Janpath,Ahmedabad,—,TR01M1K1S76AX3YH0DY6VK5CYDZQ,truck,CONFIRMED,0.604,912,248,1003,311,,
2026-09-03T07:12:26.267941+00:00,cam02,Janpath,Ahmedabad,—,TR01M1K1S7VNJFTP8Z85PTS3FFXD,car,CONFIRMED,0.596,912,248,1003,311,,
2026-09-03T07:12:26.267941+00:00,cam02,Janpath,Ahmedabad,—,TR01M1K1S81B9HEMX8CERPP9RVK8,car,CONFIRMED,0.513,945,272,1032,309,,
2026-09-03T07:12:26.267941+00:00,cam02,Janpath,Ahmedabad,—,TR01M1K1S8C75G9Z3XKX7M32A4RJ,car,CONFIRMED,0.716,1727,245,1772,295,,
2026-09-03T07:12:26.267941+00:00,cam02,Janpath,Ahmedabad,—,TR01M1K1S8C7QJD6EVYSTS1Q3A31,car,CONFIRMED,0.897,1604,309,1695,382,,
2026-09-03T07:12:26.267941+00:00,cam02,Janpath,Ahmedabad,—,TR01M1K1S9CE7BFK6YJRCGAKEP17,truck,CONFIRMED,0.467,1727,245,1772,296,,
2026-09-03T07:12:26.267941+00:00,cam02,Janpath,Ahmedabad,—,TR01M1K1S9HSWVWRGE0W1AYMM3MG,car,CONFIRMED,0.708,1369,316,1493,426,,
2026-09-03T07:12:26.267941+00:00,cam02,Janpath,Ahmedabad,—,TR01M1K1S9HSKRQ9HZ0VRXXQB929,car,CONFIRMED,0.857,345,371,510,465,,
2026-09-03T07:12:26.267941+00:00,cam02,Janpath,Ahmedabad,—,TR01M1K1S9ZQJTQ5X02VJ9PK8MVQ,vehicle,CONFIRMED,0.423,348,360,504,492,,
2026-09-03T07:12:26.267941+00:00,cam02,Janpath,Ahmedabad,—,TR01M1K1SAJSZRR5BJV9G60MZCY3,car,TENTATIVE,0.644,1753,205,1793,230,,
2026-09-03T07:12:26.547941+00:00,cam02,Janpath,Ahmedabad,—,TR01M1K1RQ6AE53FZRZZV4AEEVWZ,car,CONFIRMED,0.824,0,327,55,400,,
2026-09-03T07:12:26.547941+00:00,cam02,Janpath,Ahmedabad,—,TR01M1K1RXKZD760KGTV87YTJ1Z8,truck,CONFIRMED,0.505,1729,523,1919,675,,
2026-09-03T07:12:26.547941+00:00,cam02,Janpath,Ahmedabad,—,TR01M1K1S11V8X30WPX8KWH8A3QF,car,CONFIRMED,0.685,1327,328,1463,444,,
2026-09-03T07:12:26.547941+00:00,cam02,Janpath,Ahmedabad,—,TR01M1K1S11V4S2R7W2Z1CH6HWWF,car,CONFIRMED,0.931,1186,513,1403,678,,
2026-09-03T07:12:26.547941+00:00,cam02,Janpath,Ahmedabad,—,TR01M1K1S4E2SMJF2QCXQR06YN6P,car,CONFIRMED,0.912,1440,368,1592,495,,
2026-09-03T07:12:26.547941+00:00,cam02,Janpath,Ahmedabad,—,TR01M1K1S60B6C8G5EZJ97V1RFVQ,bus,CONFIRMED,0.565,1729,523,1919,675,,
2026-09-03T07:12:26.547941+00:00,cam02,Janpath,Ahmedabad,—,TR01M1K1S76AX3YH0DY6VK5CYDZQ,car,CONFIRMED,0.707,953,243,1009,304,,
2026-09-03T07:12:26.547941+00:00,cam02,Janpath,Ahmedabad,—,TR01M1K1S7VNJFTP8Z85PTS3FFXD,vehicle,CONFIRMED,0.425,960,252,1032,324,,
2026-09-03T07:12:26.547941+00:00,cam02,Janpath,Ahmedabad,—,TR01M1K1S81B9HEMX8CERPP9RVK8,car,CONFIRMED,0.513,945,272,1032,309,,
2026-09-03T07:12:26.547941+00:00,cam02,Janpath,Ahmedabad,—,TR01M1K1S8C75G9Z3XKX7M32A4RJ,car,CONFIRMED,0.720,1718,250,1765,301,,
2026-09-03T07:12:26.547941+00:00,cam02,Janpath,Ahmedabad,—,TR01M1K1S8C7QJD6EVYSTS1Q3A31,car,CONFIRMED,0.886,1586,319,1685,395,,
2026-09-03T07:12:26.547941+00:00,cam02,Janpath,Ahmedabad,—,TR01M1K1S9CE7BFK6YJRCGAKEP17,truck,CONFIRMED,0.437,1717,249,1765,301,,
2026-09-03T07:12:26.547941+00:00,cam02,Janpath,Ahmedabad,—,TR01M1K1S9HSWVWRGE0W1AYMM3MG,truck,CONFIRMED,0.513,1327,328,1463,444,,
2026-09-03T07:12:26.547941+00:00,cam02,Janpath,Ahmedabad,—,TR01M1K1S9HSKRQ9HZ0VRXXQB929,car,CONFIRMED,0.857,345,371,510,465,,
2026-09-03T07:12:26.547941+00:00,cam02,Janpath,Ahmedabad,—,TR01M1K1S9ZQJTQ5X02VJ9PK8MVQ,vehicle,CONFIRMED,0.423,348,360,504,492,,
2026-09-03T07:12:26.547941+00:00,cam02,Janpath,Ahmedabad,—,TR01M1K1SAJSZRR5BJV9G60MZCY3,car,CONFIRMED,0.754,1745,207,1790,234,,
2026-09-03T07:12:26.647941+00:00,cam02,Janpath,Ahmedabad,—,TR01M1K1RQ6AE53FZRZZV4AEEVWZ,car,CONFIRMED,0.825,0,327,55,400,,
2026-09-03T07:12:26.647941+00:00,cam02,Janpath,Ahmedabad,—,TR01M1K1RXKZD760KGTV87YTJ1Z8,truck,CONFIRMED,0.458,1729,523,1919,675,,
2026-09-03T07:12:26.647941+00:00,cam02,Janpath,Ahmedabad,—,TR01M1K1S11V8X30WPX8KWH8A3QF,truck,CONFIRMED,0.490,1315,333,1451,451,,
2026-09-03T07:12:26.647941+00:00,cam02,Janpath,Ahmedabad,—,TR01M1K1S11V4S2R7W2Z1CH6HWWF,car,CONFIRMED,0.929,1152,526,1379,698,,
2026-09-03T07:12:26.647941+00:00,cam02,Janpath,Ahmedabad,—,TR01M1K1S4E2SMJF2QCXQR06YN6P,truck,CONFIRMED,0.526,1423,373,1581,506,,
2026-09-03T07:12:26.647941+00:00,cam02,Janpath,Ahmedabad,—,TR01M1K1S60B6C8G5EZJ97V1RFVQ,bus,CONFIRMED,0.682,1729,523,1919,675,,
2026-09-03T07:12:26.647941+00:00,cam02,Janpath,Ahmedabad,—,TR01M1K1S76AX3YH0DY6VK5CYDZQ,car,CONFIRMED,0.713,969,242,1022,301,,
2026-09-03T07:12:26.647941+00:00,cam02,Janpath,Ahmedabad,—,TR01M1K1S7VNJFTP8Z85PTS3FFXD,truck,CONFIRMED,0.444,969,242,1021,301,,
2026-09-03T07:12:26.647941+00:00,cam02,Janpath,Ahmedabad,—,TR01M1K1S81B9HEMX8CERPP9RVK8,car,CONFIRMED,0.513,945,272,1032,309,,
2026-09-03T07:12:26.647941+00:00,cam02,Janpath,Ahmedabad,—,TR01M1K1S8C75G9Z3XKX7M32A4RJ,truck,CONFIRMED,0.461,1714,252,1761,305,,
2026-09-03T07:12:26.647941+00:00,cam02,Janpath,Ahmedabad,—,TR01M1K1S8C7QJD6EVYSTS1Q3A31,car,CONFIRMED,0.895,1580,321,1679,400,,
2026-09-03T07:12:26.647941+00:00,cam02,Janpath,Ahmedabad,—,TR01M1K1S9CE7BFK6YJRCGAKEP17,car,CONFIRMED,0.714,1714,252,1761,306,,
2026-09-03T07:12:26.647941+00:00,cam02,Janpath,Ahmedabad,—,TR01M1K1S9HSWVWRGE0W1AYMM3MG,truck,CONFIRMED,0.815,1311,334,1447,453,,
2026-09-03T07:12:26.647941+00:00,cam02,Janpath,Ahmedabad,—,TR01M1K1S9HSKRQ9HZ0VRXXQB929,vehicle,CONFIRMED,0.344,576,360,660,420,,
2026-09-03T07:12:26.647941+00:00,cam02,Janpath,Ahmedabad,—,TR01M1K1S9ZQJTQ5X02VJ9PK8MVQ,vehicle,CONFIRMED,0.423,348,360,504,492,,
2026-09-03T07:12:26.647941+00:00,cam02,Janpath,Ahmedabad,—,TR01M1K1SAJSZRR5BJV9G60MZCY3,car,CONFIRMED,0.746,1743,208,1788,236,,
2026-09-03T07:12:26.647941+00:00,cam02,Janpath,Ahmedabad,—,TR01M1K1SB4EPM0ZE28PYCHRR6K9,car,TENTATIVE,0.872,1424,373,1581,506,,
2026-09-03T07:12:26.747941+00:00,cam02,Janpath,Ahmedabad,—,TR01M1K1RQ6AE53FZRZZV4AEEVWZ,car,CONFIRMED,0.828,0,327,55,400,,
2026-09-03T07:12:26.747941+00:00,cam02,Janpath,Ahmedabad,—,TR01M1K1RXKZD760KGTV87YTJ1Z8,truck,CONFIRMED,0.506,1729,523,1919,675,,
2026-09-03T07:12:26.747941+00:00,cam02,Janpath,Ahmedabad,—,TR01M1K1S11V8X30WPX8KWH8A3QF,truck,CONFIRMED,0.790,1294,339,1435,461,,
2026-09-03T07:12:26.747941+00:00,cam02,Janpath,Ahmedabad,—,TR01M1K1S11V4S2R7W2Z1CH6HWWF,car,CONFIRMED,0.933,1116,541,1354,722,,
2026-09-03T07:12:26.747941+00:00,cam02,Janpath,Ahmedabad,—,TR01M1K1S4E2SMJF2QCXQR06YN6P,car,CONFIRMED,0.843,1409,380,1570,515,,
2026-09-03T07:12:26.747941+00:00,cam02,Janpath,Ahmedabad,—,TR01M1K1S60B6C8G5EZJ97V1RFVQ,bus,CONFIRMED,0.580,1729,523,1919,675,,
2026-09-03T07:12:26.747941+00:00,cam02,Janpath,Ahmedabad,—,TR01M1K1S76AX3YH0DY6VK5CYDZQ,car,CONFIRMED,0.680,984,252,1030,299,,
2026-09-03T07:12:26.747941+00:00,cam02,Janpath,Ahmedabad,—,TR01M1K1S7VNJFTP8Z85PTS3FFXD,truck,CONFIRMED,0.411,984,252,1030,299,,
2026-09-03T07:12:26.747941+00:00,cam02,Janpath,Ahmedabad,—,TR01M1K1S81B9HEMX8CERPP9RVK8,car,CONFIRMED,0.513,945,272,1032,309,,
2026-09-03T07:12:26.747941+00:00,cam02,Janpath,Ahmedabad,—,TR01M1K1S8C75G9Z3XKX7M32A4RJ,truck,CONFIRMED,0.463,1713,255,1760,307,,
2026-09-03T07:12:26.747941+00:00,cam02,Janpath,Ahmedabad,—,TR01M1K1S8C7QJD6EVYSTS1Q3A31,car,CONFIRMED,0.913,1572,325,1671,405,,
2026-09-03T07:12:26.747941+00:00,cam02,Janpath,Ahmedabad,—,TR01M1K1S9CE7BFK6YJRCGAKEP17,car,CONFIRMED,0.574,1710,255,1757,309,,
2026-09-03T07:12:26.747941+00:00,cam02,Janpath,Ahmedabad,—,TR01M1K1S9HSWVWRGE0W1AYMM3MG,car,CONFIRMED,0.633,1297,339,1438,458,,
2026-09-03T07:12:26.747941+00:00,cam02,Janpath,Ahmedabad,—,TR01M1K1S9HSKRQ9HZ0VRXXQB929,vehicle,CONFIRMED,0.344,576,360,660,420,,
2026-09-03T07:12:26.747941+00:00,cam02,Janpath,Ahmedabad,—,TR01M1K1S9ZQJTQ5X02VJ9PK8MVQ,vehicle,CONFIRMED,0.423,348,360,504,492,,
2026-09-03T07:12:26.747941+00:00,cam02,Janpath,Ahmedabad,—,TR01M1K1SAJSZRR5BJV9G60MZCY3,car,CONFIRMED,0.768,1740,207,1786,238,,
2026-09-03T07:12:26.747941+00:00,cam02,Janpath,Ahmedabad,—,TR01M1K1SB4EPM0ZE28PYCHRR6K9,truck,CONFIRMED,0.487,1409,381,1570,515,,
2026-09-03T07:12:26.747941+00:00,cam02,Janpath,Ahmedabad,—,TR01M1K1SB9DS9Q4PFFFHJR15VJA,car,CONFIRMED,0.708,569,345,640,381,,
2026-09-03T07:12:26.747941+00:00,cam02,Janpath,Ahmedabad,—,TR01M1K1SBD3A1ZYYEK2M2NGCNCT,car,CONFIRMED,0.495,1294,339,1435,461,,
2026-09-03T07:12:26.867941+00:00,cam02,Janpath,Ahmedabad,—,TR01M1K1RQ6AE53FZRZZV4AEEVWZ,car,CONFIRMED,0.824,0,327,55,400,,
2026-09-03T07:12:26.867941+00:00,cam02,Janpath,Ahmedabad,—,TR01M1K1RXKZD760KGTV87YTJ1Z8,truck,CONFIRMED,0.505,1729,523,1919,675,,
2026-09-03T07:12:26.867941+00:00,cam02,Janpath,Ahmedabad,—,TR01M1K1S11V8X30WPX8KWH8A3QF,truck,CONFIRMED,0.790,1294,339,1435,461,,
2026-09-03T07:12:26.867941+00:00,cam02,Janpath,Ahmedabad,—,TR01M1K1S11V4S2R7W2Z1CH6HWWF,car,CONFIRMED,0.933,1060,562,1317,755,,
2026-09-03T07:12:26.867941+00:00,cam02,Janpath,Ahmedabad,—,TR01M1K1S4E2SMJF2QCXQR06YN6P,truck,CONFIRMED,0.487,1387,390,1556,531,,
2026-09-03T07:12:26.867941+00:00,cam02,Janpath,Ahmedabad,—,TR01M1K1S60B6C8G5EZJ97V1RFVQ,bus,CONFIRMED,0.654,1729,523,1919,675,,
2026-09-03T07:12:26.867941+00:00,cam02,Janpath,Ahmedabad,—,TR01M1K1S76AX3YH0DY6VK5CYDZQ,car,CONFIRMED,0.680,984,252,1030,299,,
2026-09-03T07:12:26.867941+00:00,cam02,Janpath,Ahmedabad,—,TR01M1K1S7VNJFTP8Z85PTS3FFXD,truck,CONFIRMED,0.411,984,252,1030,299,,
2026-09-03T07:12:26.867941+00:00,cam02,Janpath,Ahmedabad,—,TR01M1K1S8C75G9Z3XKX7M32A4RJ,truck,CONFIRMED,0.463,1713,255,1760,307,,
2026-09-03T07:12:26.867941+00:00,cam02,Janpath,Ahmedabad,—,TR01M1K1S8C7QJD6EVYSTS1Q3A31,car,CONFIRMED,0.898,1563,330,1665,410,,
2026-09-03T07:12:26.867941+00:00,cam02,Janpath,Ahmedabad,—,TR01M1K1S9CE7BFK6YJRCGAKEP17,car,CONFIRMED,0.684,1703,259,1752,313,,
2026-09-03T07:12:26.867941+00:00,cam02,Janpath,Ahmedabad,—,TR01M1K1S9HSWVWRGE0W1AYMM3MG,truck,CONFIRMED,0.817,1267,347,1416,477,,
2026-09-03T07:12:26.867941+00:00,cam02,Janpath,Ahmedabad,—,TR01M1K1S9HSKRQ9HZ0VRXXQB929,vehicle,CONFIRMED,0.344,576,360,660,420,,
2026-09-03T07:12:26.867941+00:00,cam02,Janpath,Ahmedabad,—,TR01M1K1S9ZQJTQ5X02VJ9PK8MVQ,vehicle,CONFIRMED,0.423,348,360,504,492,,
2026-09-03T07:12:26.867941+00:00,cam02,Janpath,Ahmedabad,—,TR01M1K1SAJSZRR5BJV9G60MZCY3,car,CONFIRMED,0.767,1735,207,1782,241,,
2026-09-03T07:12:26.867941+00:00,cam02,Janpath,Ahmedabad,—,TR01M1K1SB4EPM0ZE28PYCHRR6K9,car,CONFIRMED,0.849,1387,390,1555,531,,
2026-09-03T07:12:26.867941+00:00,cam02,Janpath,Ahmedabad,—,TR01M1K1SB9DS9Q4PFFFHJR15VJA,car,CONFIRMED,0.730,626,338,691,370,,
2026-09-03T07:12:26.867941+00:00,cam02,Janpath,Ahmedabad,—,TR01M1K1SBD3A1ZYYEK2M2NGCNCT,car,CONFIRMED,0.495,1294,339,1435,461,,
2026-09-03T07:12:27.067941+00:00,cam02,Janpath,Ahmedabad,—,TR01M1K1RQ6AE53FZRZZV4AEEVWZ,car,CONFIRMED,0.817,0,327,55,400,,
2026-09-03T07:12:27.067941+00:00,cam02,Janpath,Ahmedabad,—,TR01M1K1RXKZD760KGTV87YTJ1Z8,truck,CONFIRMED,0.474,1729,523,1919,675,,
2026-09-03T07:12:27.067941+00:00,cam02,Janpath,Ahmedabad,—,TR01M1K1S11V8X30WPX8KWH8A3QF,truck,CONFIRMED,0.852,1228,358,1388,497,,
2026-09-03T07:12:27.067941+00:00,cam02,Janpath,Ahmedabad,—,TR01M1K1S11V4S2R7W2Z1CH6HWWF,car,CONFIRMED,0.936,966,598,1253,812,,
2026-09-03T07:12:27.067941+00:00,cam02,Janpath,Ahmedabad,—,TR01M1K1S4E2SMJF2QCXQR06YN6P,car,CONFIRMED,0.881,1351,405,1530,558,,
2026-09-03T07:12:27.067941+00:00,cam02,Janpath,Ahmedabad,—,TR01M1K1S60B6C8G5EZJ97V1RFVQ,bus,CONFIRMED,0.647,1729,523,1919,675,,
2026-09-03T07:12:27.067941+00:00,cam02,Janpath,Ahmedabad,—,TR01M1K1S76AX3YH0DY6VK5CYDZQ,car,CONFIRMED,0.680,984,252,1030,299,,
2026-09-03T07:12:27.067941+00:00,cam02,Janpath,Ahmedabad,—,TR01M1K1S7VNJFTP8Z85PTS3FFXD,truck,CONFIRMED,0.411,984,252,1030,299,,
2026-09-03T07:12:27.067941+00:00,cam02,Janpath,Ahmedabad,—,TR01M1K1S8C75G9Z3XKX7M32A4RJ,truck,CONFIRMED,0.410,1696,263,1744,319,,
2026-09-03T07:12:27.067941+00:00,cam02,Janpath,Ahmedabad,—,TR01M1K1S8C7QJD6EVYSTS1Q3A31,car,CONFIRMED,0.864,1547,339,1651,422,,
2026-09-03T07:12:27.067941+00:00,cam02,Janpath,Ahmedabad,—,TR01M1K1S9CE7BFK6YJRCGAKEP17,car,CONFIRMED,0.691,1696,263,1745,319,,
2026-09-03T07:12:27.067941+00:00,cam02,Janpath,Ahmedabad,—,TR01M1K1S9HSWVWRGE0W1AYMM3MG,car,CONFIRMED,0.581,1227,359,1388,496,,
2026-09-03T07:12:27.067941+00:00,cam02,Janpath,Ahmedabad,—,TR01M1K1S9HSKRQ9HZ0VRXXQB929,vehicle,CONFIRMED,0.344,576,360,660,420,,
2026-09-03T07:12:27.067941+00:00,cam02,Janpath,Ahmedabad,—,TR01M1K1S9ZQJTQ5X02VJ9PK8MVQ,vehicle,CONFIRMED,0.423,348,360,504,492,,
2026-09-03T07:12:27.067941+00:00,cam02,Janpath,Ahmedabad,—,TR01M1K1SAJSZRR5BJV9G60MZCY3,car,CONFIRMED,0.838,1729,208,1773,244,,
2026-09-03T07:12:27.067941+00:00,cam02,Janpath,Ahmedabad,—,TR01M1K1SB4EPM0ZE28PYCHRR6K9,truck,CONFIRMED,0.513,1350,405,1531,558,,
2026-09-03T07:12:27.067941+00:00,cam02,Janpath,Ahmedabad,—,TR01M1K1SB9DS9Q4PFFFHJR15VJA,car,CONFIRMED,0.730,626,338,691,370,,
2026-09-03T07:12:27.067941+00:00,cam02,Janpath,Ahmedabad,—,TR01M1K1SBD3A1ZYYEK2M2NGCNCT,car,CONFIRMED,0.495,1294,339,1435,461,,
2026-09-03T07:12:27.247941+00:00,cam02,Janpath,Ahmedabad,—,TR01M1K1RQ6AE53FZRZZV4AEEVWZ,car,CONFIRMED,0.775,0,325,56,400,,
2026-09-03T07:12:27.247941+00:00,cam02,Janpath,Ahmedabad,—,TR01M1K1RXKZD760KGTV87YTJ1Z8,truck,CONFIRMED,0.474,1729,523,1919,675,,
2026-09-03T07:12:27.247941+00:00,cam02,Janpath,Ahmedabad,—,TR01M1K1S11V8X30WPX8KWH8A3QF,truck,CONFIRMED,0.860,1194,370,1359,513,,
2026-09-03T07:12:27.247941+00:00,cam02,Janpath,Ahmedabad,—,TR01M1K1S11V4S2R7W2Z1CH6HWWF,car,CONFIRMED,0.939,878,632,1189,871,,
2026-09-03T07:12:27.247941+00:00,cam02,Janpath,Ahmedabad,—,TR01M1K1S4E2SMJF2QCXQR06YN6P,truck,CONFIRMED,0.405,1320,418,1509,574,,
2026-09-03T07:12:27.247941+00:00,cam02,Janpath,Ahmedabad,—,TR01M1K1S60B6C8G5EZJ97V1RFVQ,truck,CONFIRMED,0.526,1728,524,1918,675,,
2026-09-03T07:12:27.247941+00:00,cam02,Janpath,Ahmedabad,—,TR01M1K1S76AX3YH0DY6VK5CYDZQ,car,CONFIRMED,0.680,984,252,1030,299,,
2026-09-03T07:12:27.247941+00:00,cam02,Janpath,Ahmedabad,—,TR01M1K1S7VNJFTP8Z85PTS3FFXD,truck,CONFIRMED,0.411,984,252,1030,299,,
2026-09-03T07:12:27.247941+00:00,cam02,Janpath,Ahmedabad,—,TR01M1K1S8C75G9Z3XKX7M32A4RJ,truck,CONFIRMED,0.465,1687,266,1740,326,,
2026-09-03T07:12:27.247941+00:00,cam02,Janpath,Ahmedabad,—,TR01M1K1S8C7QJD6EVYSTS1Q3A31,car,CONFIRMED,0.887,1534,345,1644,433,,
2026-09-03T07:12:27.247941+00:00,cam02,Janpath,Ahmedabad,—,TR01M1K1S9CE7BFK6YJRCGAKEP17,car,CONFIRMED,0.706,1687,266,1739,326,,
2026-09-03T07:12:27.247941+00:00,cam02,Janpath,Ahmedabad,—,TR01M1K1S9HSWVWRGE0W1AYMM3MG,car,CONFIRMED,0.595,1194,370,1359,512,,
2026-09-03T07:12:27.247941+00:00,cam02,Janpath,Ahmedabad,—,TR01M1K1S9HSKRQ9HZ0VRXXQB929,vehicle,CONFIRMED,0.344,576,360,660,420,,
2026-09-03T07:12:27.247941+00:00,cam02,Janpath,Ahmedabad,—,TR01M1K1S9ZQJTQ5X02VJ9PK8MVQ,vehicle,CONFIRMED,0.423,348,360,504,492,,
2026-09-03T07:12:27.247941+00:00,cam02,Janpath,Ahmedabad,—,TR01M1K1SAJSZRR5BJV9G60MZCY3,car,CONFIRMED,0.856,1721,210,1769,247,,
2026-09-03T07:12:27.247941+00:00,cam02,Janpath,Ahmedabad,—,TR01M1K1SB4EPM0ZE28PYCHRR6K9,car,CONFIRMED,0.824,1320,418,1509,574,,
2026-09-03T07:12:27.247941+00:00,cam02,Janpath,Ahmedabad,—,TR01M1K1SB9DS9Q4PFFFHJR15VJA,car,CONFIRMED,0.574,754,316,812,347,,
2026-09-03T07:12:27.247941+00:00,cam02,Janpath,Ahmedabad,—,TR01M1K1SBD3A1ZYYEK2M2NGCNCT,car,CONFIRMED,0.495,1294,339,1435,461,,
2026-09-03T07:12:27.247941+00:00,cam02,Janpath,Ahmedabad,—,TR01M1K1SBZB5CYSXDA63HRFGJZ4,car,TENTATIVE,0.636,1793,230,1830,271,,
2026-09-03T07:12:27.407941+00:00,cam02,Janpath,Ahmedabad,—,TR01M1K1RQ6AE53FZRZZV4AEEVWZ,car,CONFIRMED,0.538,0,326,57,389,,
2026-09-03T07:12:27.407941+00:00,cam02,Janpath,Ahmedabad,—,TR01M1K1RXKZD760KGTV87YTJ1Z8,truck,CONFIRMED,0.474,1729,523,1919,675,,
2026-09-03T07:12:27.407941+00:00,cam02,Janpath,Ahmedabad,—,TR01M1K1S11V8X30WPX8KWH8A3QF,truck,CONFIRMED,0.860,1194,370,1359,513,,
2026-09-03T07:12:27.407941+00:00,cam02,Janpath,Ahmedabad,—,TR01M1K1S11V4S2R7W2Z1CH6HWWF,car,CONFIRMED,0.943,757,677,1108,943,,
2026-09-03T07:12:27.407941+00:00,cam02,Janpath,Ahmedabad,—,TR01M1K1S4E2SMJF2QCXQR06YN6P,truck,CONFIRMED,0.849,1281,431,1482,596,,
2026-09-03T07:12:27.407941+00:00,cam02,Janpath,Ahmedabad,—,TR01M1K1S60B6C8G5EZJ97V1RFVQ,truck,CONFIRMED,0.609,1728,524,1918,675,,
2026-09-03T07:12:27.407941+00:00,cam02,Janpath,Ahmedabad,—,TR01M1K1S76AX3YH0DY6VK5CYDZQ,car,CONFIRMED,0.680,984,252,1030,299,,
2026-09-03T07:12:27.407941+00:00,cam02,Janpath,Ahmedabad,—,TR01M1K1S7VNJFTP8Z85PTS3FFXD,truck,CONFIRMED,0.411,984,252,1030,299,,
2026-09-03T07:12:27.407941+00:00,cam02,Janpath,Ahmedabad,—,TR01M1K1S8C75G9Z3XKX7M32A4RJ,car,CONFIRMED,0.731,1679,271,1731,331,,
2026-09-03T07:12:27.407941+00:00,cam02,Janpath,Ahmedabad,—,TR01M1K1S8C7QJD6EVYSTS1Q3A31,car,CONFIRMED,0.896,1518,351,1630,444,,
2026-09-03T07:12:27.407941+00:00,cam02,Janpath,Ahmedabad,—,TR01M1K1S9CE7BFK6YJRCGAKEP17,truck,CONFIRMED,0.513,1679,271,1732,331,,
2026-09-03T07:12:27.407941+00:00,cam02,Janpath,Ahmedabad,—,TR01M1K1S9HSWVWRGE0W1AYMM3MG,truck,CONFIRMED,0.924,1151,382,1329,531,,
2026-09-03T07:12:27.407941+00:00,cam02,Janpath,Ahmedabad,—,TR01M1K1S9HSKRQ9HZ0VRXXQB929,vehicle,CONFIRMED,0.344,576,360,660,420,,
2026-09-03T07:12:27.407941+00:00,cam02,Janpath,Ahmedabad,—,TR01M1K1S9ZQJTQ5X02VJ9PK8MVQ,vehicle,CONFIRMED,0.423,348,360,504,492,,
2026-09-03T07:12:27.407941+00:00,cam02,Janpath,Ahmedabad,—,TR01M1K1SAJSZRR5BJV9G60MZCY3,car,CONFIRMED,0.863,1717,213,1765,250,,
2026-09-03T07:12:27.407941+00:00,cam02,Janpath,Ahmedabad,—,TR01M1K1SB4EPM0ZE28PYCHRR6K9,car,CONFIRMED,0.690,1281,431,1481,595,,
2026-09-03T07:12:27.407941+00:00,cam02,Janpath,Ahmedabad,—,TR01M1K1SB9DS9Q4PFFFHJR15VJA,car,CONFIRMED,0.743,807,299,909,335,,
2026-09-03T07:12:27.407941+00:00,cam02,Janpath,Ahmedabad,—,TR01M1K1SBD3A1ZYYEK2M2NGCNCT,car,CONFIRMED,0.495,1294,339,1435,461,,
2026-09-03T07:12:27.407941+00:00,cam02,Janpath,Ahmedabad,—,TR01M1K1SBZB5CYSXDA63HRFGJZ4,car,CONFIRMED,0.679,1787,230,1826,273,,
2026-09-03T07:12:27.407941+00:00,cam02,Janpath,Ahmedabad,—,TR01M1K1SC4HPK2NT23KB7J9ZH0F,truck,TENTATIVE,0.777,0,373,129,509,,
2026-09-03T07:12:27.407941+00:00,cam02,Janpath,Ahmedabad,—,TR01M1K1SC4HM62TV6X5XXX3FY6P,truck,TENTATIVE,0.522,156,198,355,262,,
2026-09-03T07:12:27.547941+00:00,cam02,Janpath,Ahmedabad,—,TR01M1K1RQ6AE53FZRZZV4AEEVWZ,car,CONFIRMED,0.623,0,326,56,399,,
2026-09-03T07:12:27.547941+00:00,cam02,Janpath,Ahmedabad,—,TR01M1K1RXKZD760KGTV87YTJ1Z8,truck,CONFIRMED,0.474,1729,523,1919,675,,
2026-09-03T07:12:27.547941+00:00,cam02,Janpath,Ahmedabad,—,TR01M1K1S11V8X30WPX8KWH8A3QF,car,CONFIRMED,0.477,1122,390,1306,545,,
2026-09-03T07:12:27.547941+00:00,cam02,Janpath,Ahmedabad,—,TR01M1K1S11V4S2R7W2Z1CH6HWWF,car,CONFIRMED,0.933,661,711,1047,1000,,
2026-09-03T07:12:27.547941+00:00,cam02,Janpath,Ahmedabad,—,TR01M1K1S4E2SMJF2QCXQR06YN6P,car,CONFIRMED,0.659,1252,440,1463,614,,
2026-09-03T07:12:27.547941+00:00,cam02,Janpath,Ahmedabad,—,TR01M1K1S60B6C8G5EZJ97V1RFVQ,truck,CONFIRMED,0.586,1728,524,1918,675,,
2026-09-03T07:12:27.547941+00:00,cam02,Janpath,Ahmedabad,—,TR01M1K1S76AX3YH0DY6VK5CYDZQ,car,CONFIRMED,0.680,984,252,1030,299,,
2026-09-03T07:12:27.547941+00:00,cam02,Janpath,Ahmedabad,—,TR01M1K1S7VNJFTP8Z85PTS3FFXD,truck,CONFIRMED,0.411,984,252,1030,299,,
2026-09-03T07:12:27.547941+00:00,cam02,Janpath,Ahmedabad,—,TR01M1K1S8C75G9Z3XKX7M32A4RJ,truck,CONFIRMED,0.443,1673,273,1726,335,,
2026-09-03T07:12:27.547941+00:00,cam02,Janpath,Ahmedabad,—,TR01M1K1S8C7QJD6EVYSTS1Q3A31,car,CONFIRMED,0.890,1506,357,1622,452,,
2026-09-03T07:12:27.547941+00:00,cam02,Janpath,Ahmedabad,—,TR01M1K1S9CE7BFK6YJRCGAKEP17,car,CONFIRMED,0.753,1673,272,1726,335,,
2026-09-03T07:12:27.547941+00:00,cam02,Janpath,Ahmedabad,—,TR01M1K1S9HSWVWRGE0W1AYMM3MG,truck,CONFIRMED,0.901,1122,389,1307,546,,
2026-09-03T07:12:27.547941+00:00,cam02,Janpath,Ahmedabad,—,TR01M1K1S9HSKRQ9HZ0VRXXQB929,vehicle,CONFIRMED,0.344,576,360,660,420,,
2026-09-03T07:12:27.547941+00:00,cam02,Janpath,Ahmedabad,—,TR01M1K1S9ZQJTQ5X02VJ9PK8MVQ,vehicle,CONFIRMED,0.423,348,360,504,492,,
2026-09-03T07:12:27.547941+00:00,cam02,Janpath,Ahmedabad,—,TR01M1K1SAJSZRR5BJV9G60MZCY3,car,CONFIRMED,0.818,1713,214,1760,253,,
2026-09-03T07:12:27.547941+00:00,cam02,Janpath,Ahmedabad,—,TR01M1K1SB4EPM0ZE28PYCHRR6K9,truck,CONFIRMED,0.760,1252,440,1463,615,,
2026-09-03T07:12:27.547941+00:00,cam02,Janpath,Ahmedabad,—,TR01M1K1SB9DS9Q4PFFFHJR15VJA,car,CONFIRMED,0.659,894,296,937,319,,
2026-09-03T07:12:27.547941+00:00,cam02,Janpath,Ahmedabad,—,TR01M1K1SBD3A1ZYYEK2M2NGCNCT,car,CONFIRMED,0.495,1294,339,1435,461,,
2026-09-03T07:12:27.547941+00:00,cam02,Janpath,Ahmedabad,—,TR01M1K1SBZB5CYSXDA63HRFGJZ4,car,CONFIRMED,0.648,1784,229,1825,275,,
2026-09-03T07:12:27.547941+00:00,cam02,Janpath,Ahmedabad,—,TR01M1K1SC4HPK2NT23KB7J9ZH0F,truck,CONFIRMED,0.809,36,373,191,495,,
2026-09-03T07:12:27.547941+00:00,cam02,Janpath,Ahmedabad,—,TR01M1K1SC4HM62TV6X5XXX3FY6P,truck,CONFIRMED,0.512,156,198,355,261,,
2026-09-03T07:12:27.547941+00:00,cam02,Janpath,Ahmedabad,—,TR01M1K1SCA14QQ2NS7JAB3MPWCM,car,TENTATIVE,0.736,841,300,900,329,,
2026-09-03T07:12:27.547941+00:00,cam02,Janpath,Ahmedabad,—,TR01M1K1SCA1BGQRRT3JXWJE48TT,car,TENTATIVE,0.505,1252,440,1463,615,,
2026-09-03T07:12:27.647941+00:00,cam02,Janpath,Ahmedabad,—,TR01M1K1RQ6AE53FZRZZV4AEEVWZ,car,CONFIRMED,0.740,0,326,56,400,,
2026-09-03T07:12:27.647941+00:00,cam02,Janpath,Ahmedabad,—,TR01M1K1RXKZD760KGTV87YTJ1Z8,truck,CONFIRMED,0.474,1729,523,1919,675,,
2026-09-03T07:12:27.647941+00:00,cam02,Janpath,Ahmedabad,—,TR01M1K1S11V8X30WPX8KWH8A3QF,car,CONFIRMED,0.598,1095,397,1287,558,,
2026-09-03T07:12:27.647941+00:00,cam02,Janpath,Ahmedabad,—,TR01M1K1S11V4S2R7W2Z1CH6HWWF,car,CONFIRMED,0.941,568,744,990,1062,,
2026-09-03T07:12:27.647941+00:00,cam02,Janpath,Ahmedabad,—,TR01M1K1S4E2SMJF2QCXQR06YN6P,car,CONFIRMED,0.883,1228,448,1447,631,,
2026-09-03T07:12:27.647941+00:00,cam02,Janpath,Ahmedabad,—,TR01M1K1S60B6C8G5EZJ97V1RFVQ,truck,CONFIRMED,0.630,1728,524,1918,675,,
2026-09-03T07:12:27.647941+00:00,cam02,Janpath,Ahmedabad,—,TR01M1K1S76AX3YH0DY6VK5CYDZQ,car,CONFIRMED,0.680,984,252,1030,299,,
2026-09-03T07:12:27.647941+00:00,cam02,Janpath,Ahmedabad,—,TR01M1K1S7VNJFTP8Z85PTS3FFXD,truck,CONFIRMED,0.411,984,252,1030,299,,
2026-09-03T07:12:27.647941+00:00,cam02,Janpath,Ahmedabad,—,TR01M1K1S8C75G9Z3XKX7M32A4RJ,truck,CONFIRMED,0.507,1667,276,1721,339,,
2026-09-03T07:12:27.647941+00:00,cam02,Janpath,Ahmedabad,—,TR01M1K1S8C7QJD6EVYSTS1Q3A31,car,CONFIRMED,0.874,1496,362,1615,459,,
2026-09-03T07:12:27.647941+00:00,cam02,Janpath,Ahmedabad,—,TR01M1K1S9CE7BFK6YJRCGAKEP17,car,CONFIRMED,0.751,1668,276,1721,339,,
2026-09-03T07:12:27.647941+00:00,cam02,Janpath,Ahmedabad,—,TR01M1K1S9HSWVWRGE0W1AYMM3MG,truck,CONFIRMED,0.888,1095,397,1288,558,,
2026-09-03T07:12:27.647941+00:00,cam02,Janpath,Ahmedabad,—,TR01M1K1S9HSKRQ9HZ0VRXXQB929,vehicle,CONFIRMED,0.344,576,360,660,420,,
2026-09-03T07:12:27.647941+00:00,cam02,Janpath,Ahmedabad,—,TR01M1K1S9ZQJTQ5X02VJ9PK8MVQ,vehicle,CONFIRMED,0.423,348,360,504,492,,
2026-09-03T07:12:27.647941+00:00,cam02,Janpath,Ahmedabad,—,TR01M1K1SAJSZRR5BJV9G60MZCY3,car,CONFIRMED,0.836,1710,217,1756,255,,
2026-09-03T07:12:27.647941+00:00,cam02,Janpath,Ahmedabad,—,TR01M1K1SB4EPM0ZE28PYCHRR6K9,truck,CONFIRMED,0.526,1227,448,1447,631,,
2026-09-03T07:12:27.647941+00:00,cam02,Janpath,Ahmedabad,—,TR01M1K1SB9DS9Q4PFFFHJR15VJA,car,CONFIRMED,0.511,907,295,947,315,,
2026-09-03T07:12:27.647941+00:00,cam02,Janpath,Ahmedabad,—,TR01M1K1SBD3A1ZYYEK2M2NGCNCT,car,CONFIRMED,0.495,1294,339,1435,461,,
2026-09-03T07:12:27.647941+00:00,cam02,Janpath,Ahmedabad,—,TR01M1K1SBZB5CYSXDA63HRFGJZ4,car,CONFIRMED,0.664,1781,231,1823,278,,
2026-09-03T07:12:27.647941+00:00,cam02,Janpath,Ahmedabad,—,TR01M1K1SC4HPK2NT23KB7J9ZH0F,truck,CONFIRMED,0.835,91,360,240,484,,
2026-09-03T07:12:27.647941+00:00,cam02,Janpath,Ahmedabad,—,TR01M1K1SC4HM62TV6X5XXX3FY6P,truck,CONFIRMED,0.523,156,198,355,261,,
2026-09-03T07:12:27.647941+00:00,cam02,Janpath,Ahmedabad,—,TR01M1K1SCA14QQ2NS7JAB3MPWCM,car,CONFIRMED,0.734,852,297,910,327,,
2026-09-03T07:12:27.647941+00:00,cam02,Janpath,Ahmedabad,—,TR01M1K1SCA1BGQRRT3JXWJE48TT,vehicle,CONFIRMED,0.421,1104,396,1464,660,,
2026-09-03T07:12:27.647941+00:00,cam02,Janpath,Ahmedabad,—,TR01M1K1SCMV5PYFPKNZYQ9BCXQ2,car,TENTATIVE,0.605,868,296,926,324,,
2026-09-03T07:12:27.847941+00:00,cam02,Janpath,Ahmedabad,—,TR01M1K1RQ6AE53FZRZZV4AEEVWZ,car,CONFIRMED,0.790,0,326,56,400,,
2026-09-03T07:12:27.847941+00:00,cam02,Janpath,Ahmedabad,—,TR01M1K1RXKZD760KGTV87YTJ1Z8,truck,CONFIRMED,0.474,1729,523,1919,675,,
2026-09-03T07:12:27.847941+00:00,cam02,Janpath,Ahmedabad,—,TR01M1K1S11V8X30WPX8KWH8A3QF,truck,CONFIRMED,0.848,1036,413,1249,586,,
2026-09-03T07:12:27.847941+00:00,cam02,Janpath,Ahmedabad,—,TR01M1K1S11V4S2R7W2Z1CH6HWWF,truck,CONFIRMED,0.619,341,818,851,1078,,
2026-09-03T07:12:27.847941+00:00,cam02,Janpath,Ahmedabad,—,TR01M1K1S4E2SMJF2QCXQR06YN6P,truck,CONFIRMED,0.522,1172,470,1410,668,,
2026-09-03T07:12:27.847941+00:00,cam02,Janpath,Ahmedabad,—,TR01M1K1S60B6C8G5EZJ97V1RFVQ,truck,CONFIRMED,0.577,1727,524,1918,676,,
2026-09-03T07:12:27.847941+00:00,cam02,Janpath,Ahmedabad,—,TR01M1K1S76AX3YH0DY6VK5CYDZQ,car,CONFIRMED,0.680,984,252,1030,299,,
2026-09-03T07:12:27.847941+00:00,cam02,Janpath,Ahmedabad,—,TR01M1K1S7VNJFTP8Z85PTS3FFXD,truck,CONFIRMED,0.411,984,252,1030,299,,
2026-09-03T07:12:27.847941+00:00,cam02,Janpath,Ahmedabad,—,TR01M1K1S8C75G9Z3XKX7M32A4RJ,truck,CONFIRMED,0.500,1657,281,1713,348,,
2026-09-03T07:12:27.847941+00:00,cam02,Janpath,Ahmedabad,—,TR01M1K1S8C7QJD6EVYSTS1Q3A31,car,CONFIRMED,0.879,1475,374,1599,473,,
2026-09-03T07:12:27.847941+00:00,cam02,Janpath,Ahmedabad,—,TR01M1K1S9CE7BFK6YJRCGAKEP17,car,CONFIRMED,0.676,1657,281,1713,348,,
2026-09-03T07:12:27.847941+00:00,cam02,Janpath,Ahmedabad,—,TR01M1K1S9HSWVWRGE0W1AYMM3MG,car,CONFIRMED,0.569,1037,413,1249,586,,
2026-09-03T07:12:27.847941+00:00,cam02,Janpath,Ahmedabad,—,TR01M1K1S9HSKRQ9HZ0VRXXQB929,vehicle,CONFIRMED,0.344,576,360,660,420,,
2026-09-03T07:12:27.847941+00:00,cam02,Janpath,Ahmedabad,—,TR01M1K1SAJSZRR5BJV9G60MZCY3,car,CONFIRMED,0.880,1702,220,1750,260,,
2026-09-03T07:12:27.847941+00:00,cam02,Janpath,Ahmedabad,—,TR01M1K1SB4EPM0ZE28PYCHRR6K9,car,CONFIRMED,0.902,1172,470,1410,668,,
2026-09-03T07:12:27.847941+00:00,cam02,Janpath,Ahmedabad,—,TR01M1K1SB9DS9Q4PFFFHJR15VJA,car,CONFIRMED,0.511,907,295,947,315,,
2026-09-03T07:12:27.847941+00:00,cam02,Janpath,Ahmedabad,—,TR01M1K1SBD3A1ZYYEK2M2NGCNCT,car,CONFIRMED,0.495,1294,339,1435,461,,
2026-09-03T07:12:27.847941+00:00,cam02,Janpath,Ahmedabad,—,TR01M1K1SBZB5CYSXDA63HRFGJZ4,car,CONFIRMED,0.693,1775,235,1817,282,,
2026-09-03T07:12:27.847941+00:00,cam02,Janpath,Ahmedabad,—,TR01M1K1SC4HPK2NT23KB7J9ZH0F,truck,CONFIRMED,0.811,191,350,328,462,,
2026-09-03T07:12:27.847941+00:00,cam02,Janpath,Ahmedabad,—,TR01M1K1SC4HM62TV6X5XXX3FY6P,truck,CONFIRMED,0.534,156,197,355,261,,
2026-09-03T07:12:27.847941+00:00,cam02,Janpath,Ahmedabad,—,TR01M1K1SCA14QQ2NS7JAB3MPWCM,car,CONFIRMED,0.734,852,297,910,327,,
2026-09-03T07:12:27.847941+00:00,cam02,Janpath,Ahmedabad,—,TR01M1K1SCA1BGQRRT3JXWJE48TT,vehicle,CONFIRMED,0.421,1104,396,1464,660,,
2026-09-03T07:12:27.847941+00:00,cam02,Janpath,Ahmedabad,—,TR01M1K1SCMV5PYFPKNZYQ9BCXQ2,car,TENTATIVE,0.605,868,296,926,324,,
2026-09-03T07:12:27.847941+00:00,cam02,Janpath,Ahmedabad,—,TR01M1K1SCTEPWXCB6587A3S2815,car,TENTATIVE,0.873,339,819,853,1078,,
2026-09-03T07:12:28.067941+00:00,cam02,Janpath,Ahmedabad,—,TR01M1K1RQ6AE53FZRZZV4AEEVWZ,car,CONFIRMED,0.788,0,326,56,400,,
2026-09-03T07:12:28.067941+00:00,cam02,Janpath,Ahmedabad,—,TR01M1K1RXKZD760KGTV87YTJ1Z8,truck,CONFIRMED,0.474,1729,523,1919,675,,
2026-09-03T07:12:28.067941+00:00,cam02,Janpath,Ahmedabad,—,TR01M1K1S11V8X30WPX8KWH8A3QF,truck,CONFIRMED,0.642,956,435,1189,626,,
2026-09-03T07:12:28.067941+00:00,cam02,Janpath,Ahmedabad,—,TR01M1K1S11V4S2R7W2Z1CH6HWWF,vehicle,CONFIRMED,0.490,240,948,624,1080,,
2026-09-03T07:12:28.067941+00:00,cam02,Janpath,Ahmedabad,—,TR01M1K1S4E2SMJF2QCXQR06YN6P,car,CONFIRMED,0.568,1094,499,1360,718,,
2026-09-03T07:12:28.067941+00:00,cam02,Janpath,Ahmedabad,—,TR01M1K1S60B6C8G5EZJ97V1RFVQ,truck,CONFIRMED,0.622,1727,524,1919,676,,
2026-09-03T07:12:28.067941+00:00,cam02,Janpath,Ahmedabad,—,TR01M1K1S76AX3YH0DY6VK5CYDZQ,car,CONFIRMED,0.680,984,252,1030,299,,
2026-09-03T07:12:28.067941+00:00,cam02,Janpath,Ahmedabad,—,TR01M1K1S7VNJFTP8Z85PTS3FFXD,truck,CONFIRMED,0.411,984,252,1030,299,,
2026-09-03T07:12:28.067941+00:00,cam02,Janpath,Ahmedabad,—,TR01M1K1S8C75G9Z3XKX7M32A4RJ,vehicle,CONFIRMED,0.490,1644,300,1704,372,,
2026-09-03T07:12:28.067941+00:00,cam02,Janpath,Ahmedabad,—,TR01M1K1S8C7QJD6EVYSTS1Q3A31,car,CONFIRMED,0.886,1449,388,1578,492,,
2026-09-03T07:12:28.067941+00:00,cam02,Janpath,Ahmedabad,—,TR01M1K1S9CE7BFK6YJRCGAKEP17,car,CONFIRMED,0.816,1643,291,1701,354,,
2026-09-03T07:12:28.067941+00:00,cam02,Janpath,Ahmedabad,—,TR01M1K1S9HSWVWRGE0W1AYMM3MG,car,CONFIRMED,0.582,956,435,1189,626,,
2026-09-03T07:12:28.067941+00:00,cam02,Janpath,Ahmedabad,—,TR01M1K1S9HSKRQ9HZ0VRXXQB929,vehicle,CONFIRMED,0.344,576,360,660,420,,
2026-09-03T07:12:28.067941+00:00,cam02,Janpath,Ahmedabad,—,TR01M1K1SAJSZRR5BJV9G60MZCY3,car,CONFIRMED,0.892,1692,225,1742,266,,
2026-09-03T07:12:28.067941+00:00,cam02,Janpath,Ahmedabad,—,TR01M1K1SB4EPM0ZE28PYCHRR6K9,car,CONFIRMED,0.632,1094,499,1361,718,,
2026-09-03T07:12:28.067941+00:00,cam02,Janpath,Ahmedabad,—,TR01M1K1SB9DS9Q4PFFFHJR15VJA,car,CONFIRMED,0.511,907,295,947,315,,
2026-09-03T07:12:28.067941+00:00,cam02,Janpath,Ahmedabad,—,TR01M1K1SBD3A1ZYYEK2M2NGCNCT,car,CONFIRMED,0.495,1294,339,1435,461,,
2026-09-03T07:12:28.067941+00:00,cam02,Janpath,Ahmedabad,—,TR01M1K1SBZB5CYSXDA63HRFGJZ4,car,CONFIRMED,0.690,1767,239,1813,288,,
2026-09-03T07:12:28.067941+00:00,cam02,Janpath,Ahmedabad,—,TR01M1K1SC4HPK2NT23KB7J9ZH0F,truck,CONFIRMED,0.722,299,346,422,442,,
2026-09-03T07:12:28.067941+00:00,cam02,Janpath,Ahmedabad,—,TR01M1K1SC4HM62TV6X5XXX3FY6P,truck,CONFIRMED,0.527,156,198,354,261,,
2026-09-03T07:12:28.067941+00:00,cam02,Janpath,Ahmedabad,—,TR01M1K1SCA14QQ2NS7JAB3MPWCM,car,CONFIRMED,0.734,852,297,910,327,,
2026-09-03T07:12:28.067941+00:00,cam02,Janpath,Ahmedabad,—,TR01M1K1SCA1BGQRRT3JXWJE48TT,vehicle,CONFIRMED,0.421,1104,396,1464,660,,
2026-09-03T07:12:28.067941+00:00,cam02,Janpath,Ahmedabad,—,TR01M1K1SCMV5PYFPKNZYQ9BCXQ2,car,TENTATIVE,0.605,868,296,926,324,,
2026-09-03T07:12:28.067941+00:00,cam02,Janpath,Ahmedabad,—,TR01M1K1SCTEPWXCB6587A3S2815,car,TENTATIVE,0.873,339,819,853,1078,,
2026-09-03T07:12:28.067941+00:00,cam02,Janpath,Ahmedabad,—,TR01M1K1SCZYCPRQPQ4VD52SQG1H,car,TENTATIVE,0.586,974,279,1026,302,,
2026-09-03T07:12:28.067941+00:00,cam02,Janpath,Ahmedabad,—,TR01M1K1SCZY9JJTWP8XGZ6G4R3E,truck,TENTATIVE,0.567,1094,499,1361,718,,
2026-09-03T07:12:28.067941+00:00,cam02,Janpath,Ahmedabad,—,TR01M1K1SCZYN3YRAHXCD52DMAAK,car,TENTATIVE,0.510,1503,162,1541,186,,
2026-09-03T07:12:28.267941+00:00,cam02,Janpath,Ahmedabad,—,TR01M1K1RQ6AE53FZRZZV4AEEVWZ,car,CONFIRMED,0.706,0,322,54,399,,
2026-09-03T07:12:28.267941+00:00,cam02,Janpath,Ahmedabad,—,TR01M1K1RXKZD760KGTV87YTJ1Z8,truck,CONFIRMED,0.476,1728,523,1918,675,,
2026-09-03T07:12:28.267941+00:00,cam02,Janpath,Ahmedabad,—,TR01M1K1S11V8X30WPX8KWH8A3QF,car,CONFIRMED,0.901,875,459,1138,668,,
2026-09-03T07:12:28.267941+00:00,cam02,Janpath,Ahmedabad,—,TR01M1K1S11V4S2R7W2Z1CH6HWWF,vehicle,CONFIRMED,0.490,240,948,624,1080,,
2026-09-03T07:12:28.267941+00:00,cam02,Janpath,Ahmedabad,—,TR01M1K1S4E2SMJF2QCXQR06YN6P,vehicle,CONFIRMED,0.419,888,444,1320,816,,
2026-09-03T07:12:28.267941+00:00,cam02,Janpath,Ahmedabad,—,TR01M1K1S60B6C8G5EZJ97V1RFVQ,bus,CONFIRMED,0.444,1728,523,1918,675,,
2026-09-03T07:12:28.267941+00:00,cam02,Janpath,Ahmedabad,—,TR01M1K1S8C75G9Z3XKX7M32A4RJ,vehicle,CONFIRMED,0.481,1632,300,1692,384,,
2026-09-03T07:12:28.267941+00:00,cam02,Janpath,Ahmedabad,—,TR01M1K1S8C7QJD6EVYSTS1Q3A31,car,CONFIRMED,0.907,1424,398,1560,509,,
2026-09-03T07:12:28.267941+00:00,cam02,Janpath,Ahmedabad,—,TR01M1K1S9CE7BFK6YJRCGAKEP17,car,CONFIRMED,0.754,1630,294,1690,364,,
2026-09-03T07:12:28.267941+00:00,cam02,Janpath,Ahmedabad,—,TR01M1K1S9HSWVWRGE0W1AYMM3MG,truck,CONFIRMED,0.527,874,458,1139,668,,
2026-09-03T07:12:28.267941+00:00,cam02,Janpath,Ahmedabad,—,TR01M1K1SAJSZRR5BJV9G60MZCY3,car,CONFIRMED,0.862,1681,225,1735,271,,
2026-09-03T07:12:28.267941+00:00,cam02,Janpath,Ahmedabad,—,TR01M1K1SB4EPM0ZE28PYCHRR6K9,car,CONFIRMED,0.937,1016,526,1313,766,,
2026-09-03T07:12:28.267941+00:00,cam02,Janpath,Ahmedabad,—,TR01M1K1SB9DS9Q4PFFFHJR15VJA,car,CONFIRMED,0.511,907,295,947,315,,
2026-09-03T07:12:28.267941+00:00,cam02,Janpath,Ahmedabad,—,TR01M1K1SBZB5CYSXDA63HRFGJZ4,car,CONFIRMED,0.635,1761,243,1806,292,,
2026-09-03T07:12:28.267941+00:00,cam02,Janpath,Ahmedabad,—,TR01M1K1SC4HPK2NT23KB7J9ZH0F,truck,CONFIRMED,0.661,378,332,495,427,,
2026-09-03T07:12:28.267941+00:00,cam02,Janpath,Ahmedabad,—,TR01M1K1SC4HM62TV6X5XXX3FY6P,car,CONFIRMED,0.431,155,204,270,257,,
2026-09-03T07:12:28.267941+00:00,cam02,Janpath,Ahmedabad,—,TR01M1K1SCA14QQ2NS7JAB3MPWCM,car,CONFIRMED,0.734,852,297,910,327,,
2026-09-03T07:12:28.267941+00:00,cam02,Janpath,Ahmedabad,—,TR01M1K1SCA1BGQRRT3JXWJE48TT,vehicle,CONFIRMED,0.421,1104,396,1464,660,,
2026-09-03T07:12:28.267941+00:00,cam02,Janpath,Ahmedabad,—,TR01M1K1SCMV5PYFPKNZYQ9BCXQ2,car,TENTATIVE,0.605,868,296,926,324,,
2026-09-03T07:12:28.267941+00:00,cam02,Janpath,Ahmedabad,—,TR01M1K1SCTEPWXCB6587A3S2815,car,TENTATIVE,0.873,339,819,853,1078,,
2026-09-03T07:12:28.267941+00:00,cam02,Janpath,Ahmedabad,—,TR01M1K1SCZYCPRQPQ4VD52SQG1H,car,TENTATIVE,0.586,974,279,1026,302,,
2026-09-03T07:12:28.267941+00:00,cam02,Janpath,Ahmedabad,—,TR01M1K1SCZY9JJTWP8XGZ6G4R3E,truck,TENTATIVE,0.567,1094,499,1361,718,,
2026-09-03T07:12:28.267941+00:00,cam02,Janpath,Ahmedabad,—,TR01M1K1SCZYN3YRAHXCD52DMAAK,car,CONFIRMED,0.407,1501,161,1544,184,,
2026-09-03T07:12:28.267941+00:00,cam02,Janpath,Ahmedabad,—,TR01M1K1SD5EZ79PSR1TVP0JA52S,car,TENTATIVE,0.616,1760,225,1813,292,,
2026-09-03T07:12:28.267941+00:00,cam02,Janpath,Ahmedabad,—,TR01M1K1SD5E20AGJXN8NTFS07D2,car,TENTATIVE,0.607,1642,158,1683,191,,
2026-09-03T07:12:28.267941+00:00,cam02,Janpath,Ahmedabad,—,TR01M1K1SD5EQZ9HE2K8HTMK5BHK,car,TENTATIVE,0.600,0,449,72,536,,
2026-09-03T07:12:28.447941+00:00,cam02,Janpath,Ahmedabad,—,TR01M1K1RQ6AE53FZRZZV4AEEVWZ,car,CONFIRMED,0.741,0,322,54,400,,
2026-09-03T07:12:28.447941+00:00,cam02,Janpath,Ahmedabad,—,TR01M1K1RXKZD760KGTV87YTJ1Z8,bus,CONFIRMED,0.460,1728,522,1918,675,,
2026-09-03T07:12:28.447941+00:00,cam02,Janpath,Ahmedabad,—,TR01M1K1S11V8X30WPX8KWH8A3QF,truck,CONFIRMED,0.426,802,476,1088,700,,
2026-09-03T07:12:28.447941+00:00,cam02,Janpath,Ahmedabad,—,TR01M1K1S11V4S2R7W2Z1CH6HWWF,vehicle,CONFIRMED,0.490,240,948,624,1080,,
2026-09-03T07:12:28.447941+00:00,cam02,Janpath,Ahmedabad,—,TR01M1K1S4E2SMJF2QCXQR06YN6P,vehicle,CONFIRMED,0.425,816,456,1272,864,,
2026-09-03T07:12:28.447941+00:00,cam02,Janpath,Ahmedabad,—,TR01M1K1S60B6C8G5EZJ97V1RFVQ,truck,CONFIRMED,0.500,1728,522,1918,675,,
2026-09-03T07:12:28.447941+00:00,cam02,Janpath,Ahmedabad,—,TR01M1K1S8C75G9Z3XKX7M32A4RJ,vehicle,CONFIRMED,0.490,1620,300,1680,384,,
2026-09-03T07:12:28.447941+00:00,cam02,Janpath,Ahmedabad,—,TR01M1K1S8C7QJD6EVYSTS1Q3A31,car,CONFIRMED,0.925,1402,406,1545,524,,
2026-09-03T07:12:28.447941+00:00,cam02,Janpath,Ahmedabad,—,TR01M1K1S9CE7BFK6YJRCGAKEP17,car,CONFIRMED,0.740,1618,297,1682,372,,
2026-09-03T07:12:28.447941+00:00,cam02,Janpath,Ahmedabad,—,TR01M1K1S9HSWVWRGE0W1AYMM3MG,car,CONFIRMED,0.905,803,477,1087,699,,
2026-09-03T07:12:28.447941+00:00,cam02,Janpath,Ahmedabad,—,TR01M1K1SAJSZRR5BJV9G60MZCY3,car,CONFIRMED,0.879,1672,231,1729,275,,
2026-09-03T07:12:28.447941+00:00,cam02,Janpath,Ahmedabad,—,TR01M1K1SB4EPM0ZE28PYCHRR6K9,car,CONFIRMED,0.933,948,550,1271,811,,
2026-09-03T07:12:28.447941+00:00,cam02,Janpath,Ahmedabad,—,TR01M1K1SB9DS9Q4PFFFHJR15VJA,car,CONFIRMED,0.511,907,295,947,315,,
2026-09-03T07:12:28.447941+00:00,cam02,Janpath,Ahmedabad,—,TR01M1K1SBZB5CYSXDA63HRFGJZ4,car,CONFIRMED,0.547,1756,248,1801,296,,
2026-09-03T07:12:28.447941+00:00,cam02,Janpath,Ahmedabad,—,TR01M1K1SC4HPK2NT23KB7J9ZH0F,car,CONFIRMED,0.780,438,330,519,416,,
2026-09-03T07:12:28.447941+00:00,cam02,Janpath,Ahmedabad,—,TR01M1K1SC4HM62TV6X5XXX3FY6P,car,CONFIRMED,0.437,155,204,270,257,,
2026-09-03T07:12:28.447941+00:00,cam02,Janpath,Ahmedabad,—,TR01M1K1SCA14QQ2NS7JAB3MPWCM,car,CONFIRMED,0.734,852,297,910,327,,
2026-09-03T07:12:28.447941+00:00,cam02,Janpath,Ahmedabad,—,TR01M1K1SCA1BGQRRT3JXWJE48TT,vehicle,CONFIRMED,0.421,1104,396,1464,660,,
2026-09-03T07:12:28.447941+00:00,cam02,Janpath,Ahmedabad,—,TR01M1K1SCMV5PYFPKNZYQ9BCXQ2,car,TENTATIVE,0.605,868,296,926,324,,
2026-09-03T07:12:28.447941+00:00,cam02,Janpath,Ahmedabad,—,TR01M1K1SCTEPWXCB6587A3S2815,car,TENTATIVE,0.873,339,819,853,1078,,
2026-09-03T07:12:28.447941+00:00,cam02,Janpath,Ahmedabad,—,TR01M1K1SCZYCPRQPQ4VD52SQG1H,car,TENTATIVE,0.586,974,279,1026,302,,
2026-09-03T07:12:28.447941+00:00,cam02,Janpath,Ahmedabad,—,TR01M1K1SCZY9JJTWP8XGZ6G4R3E,truck,TENTATIVE,0.567,1094,499,1361,718,,
2026-09-03T07:12:28.447941+00:00,cam02,Janpath,Ahmedabad,—,TR01M1K1SCZYN3YRAHXCD52DMAAK,car,CONFIRMED,0.420,1505,162,1543,183,,
2026-09-03T07:12:28.447941+00:00,cam02,Janpath,Ahmedabad,—,TR01M1K1SD5EZ79PSR1TVP0JA52S,truck,CONFIRMED,0.550,1756,223,1811,296,,
2026-09-03T07:12:28.447941+00:00,cam02,Janpath,Ahmedabad,—,TR01M1K1SD5E20AGJXN8NTFS07D2,car,CONFIRMED,0.597,1640,156,1683,190,,
2026-09-03T07:12:28.447941+00:00,cam02,Janpath,Ahmedabad,—,TR01M1K1SD5EQZ9HE2K8HTMK5BHK,car,TENTATIVE,0.600,0,449,72,536,,
2026-09-03T07:12:28.447941+00:00,cam02,Janpath,Ahmedabad,—,TR01M1K1SDBVPS2MS7CAYDHT8M52,car,TENTATIVE,0.503,1756,223,1811,296,,
2026-09-03T07:12:28.547941+00:00,cam02,Janpath,Ahmedabad,—,TR01M1K1RQ6AE53FZRZZV4AEEVWZ,car,CONFIRMED,0.735,0,322,54,399,,
2026-09-03T07:12:28.547941+00:00,cam02,Janpath,Ahmedabad,—,TR01M1K1RXKZD760KGTV87YTJ1Z8,bus,CONFIRMED,0.494,1728,522,1918,675,,
2026-09-03T07:12:28.547941+00:00,cam02,Janpath,Ahmedabad,—,TR01M1K1S11V8X30WPX8KWH8A3QF,car,CONFIRMED,0.845,754,491,1051,724,,
2026-09-03T07:12:28.547941+00:00,cam02,Janpath,Ahmedabad,—,TR01M1K1S11V4S2R7W2Z1CH6HWWF,vehicle,CONFIRMED,0.490,240,948,624,1080,,
2026-09-03T07:12:28.547941+00:00,cam02,Janpath,Ahmedabad,—,TR01M1K1S4E2SMJF2QCXQR06YN6P,vehicle,CONFIRMED,0.427,756,504,1236,912,,
2026-09-03T07:12:28.547941+00:00,cam02,Janpath,Ahmedabad,—,TR01M1K1S60B6C8G5EZJ97V1RFVQ,truck,CONFIRMED,0.463,1728,522,1918,675,,
2026-09-03T07:12:28.547941+00:00,cam02,Janpath,Ahmedabad,—,TR01M1K1S8C75G9Z3XKX7M32A4RJ,vehicle,CONFIRMED,0.490,1620,300,1680,384,,
2026-09-03T07:12:28.547941+00:00,cam02,Janpath,Ahmedabad,—,TR01M1K1S8C7QJD6EVYSTS1Q3A31,car,CONFIRMED,0.925,1388,417,1535,533,,
2026-09-03T07:12:28.547941+00:00,cam02,Janpath,Ahmedabad,—,TR01M1K1S9CE7BFK6YJRCGAKEP17,car,CONFIRMED,0.798,1611,301,1675,377,,
2026-09-03T07:12:28.547941+00:00,cam02,Janpath,Ahmedabad,—,TR01M1K1S9HSWVWRGE0W1AYMM3MG,truck,CONFIRMED,0.618,753,491,1053,725,,
2026-09-03T07:12:28.547941+00:00,cam02,Janpath,Ahmedabad,—,TR01M1K1SAJSZRR5BJV9G60MZCY3,car,CONFIRMED,0.896,1668,232,1723,277,,
2026-09-03T07:12:28.547941+00:00,cam02,Janpath,Ahmedabad,—,TR01M1K1SB4EPM0ZE28PYCHRR6K9,car,CONFIRMED,0.936,899,568,1241,840,,
2026-09-03T07:12:28.547941+00:00,cam02,Janpath,Ahmedabad,—,TR01M1K1SB9DS9Q4PFFFHJR15VJA,car,CONFIRMED,0.511,907,295,947,315,,
2026-09-03T07:12:28.547941+00:00,cam02,Janpath,Ahmedabad,—,TR01M1K1SBZB5CYSXDA63HRFGJZ4,car,CONFIRMED,0.690,1753,248,1800,299,,
2026-09-03T07:12:28.547941+00:00,cam02,Janpath,Ahmedabad,—,TR01M1K1SC4HPK2NT23KB7J9ZH0F,vehicle,CONFIRMED,0.490,480,324,576,408,,
2026-09-03T07:12:28.547941+00:00,cam02,Janpath,Ahmedabad,—,TR01M1K1SC4HM62TV6X5XXX3FY6P,car,CONFIRMED,0.448,155,204,270,257,,
2026-09-03T07:12:28.547941+00:00,cam02,Janpath,Ahmedabad,—,TR01M1K1SCA14QQ2NS7JAB3MPWCM,car,CONFIRMED,0.734,852,297,910,327,,
2026-09-03T07:12:28.547941+00:00,cam02,Janpath,Ahmedabad,—,TR01M1K1SCA1BGQRRT3JXWJE48TT,vehicle,CONFIRMED,0.421,1104,396,1464,660,,
2026-09-03T07:12:28.547941+00:00,cam02,Janpath,Ahmedabad,—,TR01M1K1SCMV5PYFPKNZYQ9BCXQ2,car,TENTATIVE,0.605,868,296,926,324,,
2026-09-03T07:12:28.547941+00:00,cam02,Janpath,Ahmedabad,—,TR01M1K1SCTEPWXCB6587A3S2815,car,TENTATIVE,0.873,339,819,853,1078,,
2026-09-03T07:12:28.547941+00:00,cam02,Janpath,Ahmedabad,—,TR01M1K1SCZYCPRQPQ4VD52SQG1H,car,TENTATIVE,0.586,974,279,1026,302,,
2026-09-03T07:12:28.547941+00:00,cam02,Janpath,Ahmedabad,—,TR01M1K1SCZY9JJTWP8XGZ6G4R3E,truck,TENTATIVE,0.567,1094,499,1361,718,,
2026-09-03T07:12:28.547941+00:00,cam02,Janpath,Ahmedabad,—,TR01M1K1SCZYN3YRAHXCD52DMAAK,car,CONFIRMED,0.481,1505,162,1541,184,,
2026-09-03T07:12:28.547941+00:00,cam02,Janpath,Ahmedabad,—,TR01M1K1SD5EZ79PSR1TVP0JA52S,truck,CONFIRMED,0.432,1754,223,1811,297,,
2026-09-03T07:12:28.547941+00:00,cam02,Janpath,Ahmedabad,—,TR01M1K1SD5E20AGJXN8NTFS07D2,car,CONFIRMED,0.570,1640,156,1682,189,,
2026-09-03T07:12:28.547941+00:00,cam02,Janpath,Ahmedabad,—,TR01M1K1SD5EQZ9HE2K8HTMK5BHK,car,TENTATIVE,0.600,0,449,72,536,,
2026-09-03T07:12:28.547941+00:00,cam02,Janpath,Ahmedabad,—,TR01M1K1SDBVPS2MS7CAYDHT8M52,car,TENTATIVE,0.503,1756,223,1811,296,,
2026-09-03T07:12:28.647941+00:00,cam02,Janpath,Ahmedabad,—,TR01M1K1RQ6AE53FZRZZV4AEEVWZ,car,CONFIRMED,0.757,0,322,54,399,,
2026-09-03T07:12:28.647941+00:00,cam02,Janpath,Ahmedabad,—,TR01M1K1RXKZD760KGTV87YTJ1Z8,truck,CONFIRMED,0.548,1728,522,1919,675,,
2026-09-03T07:12:28.647941+00:00,cam02,Janpath,Ahmedabad,—,TR01M1K1S11V8X30WPX8KWH8A3QF,truck,CONFIRMED,0.536,699,505,1015,746,,
2026-09-03T07:12:28.647941+00:00,cam02,Janpath,Ahmedabad,—,TR01M1K1S11V4S2R7W2Z1CH6HWWF,vehicle,CONFIRMED,0.490,240,948,624,1080,,
2026-09-03T07:12:28.647941+00:00,cam02,Janpath,Ahmedabad,—,TR01M1K1S4E2SMJF2QCXQR06YN6P,vehicle,CONFIRMED,0.423,708,516,1212,936,,
2026-09-03T07:12:28.647941+00:00,cam02,Janpath,Ahmedabad,—,TR01M1K1S60B6C8G5EZJ97V1RFVQ,bus,CONFIRMED,0.506,1728,522,1919,675,,
2026-09-03T07:12:28.647941+00:00,cam02,Janpath,Ahmedabad,—,TR01M1K1S8C75G9Z3XKX7M32A4RJ,car,CONFIRMED,0.795,1602,304,1671,382,,
2026-09-03T07:12:28.647941+00:00,cam02,Janpath,Ahmedabad,—,TR01M1K1S8C7QJD6EVYSTS1Q3A31,car,CONFIRMED,0.921,1373,424,1526,544,,
2026-09-03T07:12:28.647941+00:00,cam02,Janpath,Ahmedabad,—,TR01M1K1S9CE7BFK6YJRCGAKEP17,vehicle,CONFIRMED,0.490,1608,312,1668,396,,
2026-09-03T07:12:28.647941+00:00,cam02,Janpath,Ahmedabad,—,TR01M1K1S9HSWVWRGE0W1AYMM3MG,car,CONFIRMED,0.778,699,505,1015,747,,
2026-09-03T07:12:28.647941+00:00,cam02,Janpath,Ahmedabad,—,TR01M1K1SAJSZRR5BJV9G60MZCY3,car,CONFIRMED,0.900,1662,235,1720,280,,
2026-09-03T07:12:28.647941+00:00,cam02,Janpath,Ahmedabad,—,TR01M1K1SB4EPM0ZE28PYCHRR6K9,car,CONFIRMED,0.920,847,588,1208,877,,
2026-09-03T07:12:28.647941+00:00,cam02,Janpath,Ahmedabad,—,TR01M1K1SB9DS9Q4PFFFHJR15VJA,car,CONFIRMED,0.511,907,295,947,315,,
2026-09-03T07:12:28.647941+00:00,cam02,Janpath,Ahmedabad,—,TR01M1K1SBZB5CYSXDA63HRFGJZ4,car,CONFIRMED,0.738,1749,248,1797,301,,
2026-09-03T07:12:28.647941+00:00,cam02,Janpath,Ahmedabad,—,TR01M1K1SC4HPK2NT23KB7J9ZH0F,vehicle,CONFIRMED,0.490,528,336,588,396,,
2026-09-03T07:12:28.647941+00:00,cam02,Janpath,Ahmedabad,—,TR01M1K1SC4HM62TV6X5XXX3FY6P,car,CONFIRMED,0.443,155,204,270,257,,
2026-09-03T07:12:28.647941+00:00,cam02,Janpath,Ahmedabad,—,TR01M1K1SCA14QQ2NS7JAB3MPWCM,car,CONFIRMED,0.734,852,297,910,327,,
2026-09-03T07:12:28.647941+00:00,cam02,Janpath,Ahmedabad,—,TR01M1K1SCA1BGQRRT3JXWJE48TT,vehicle,CONFIRMED,0.421,1104,396,1464,660,,
2026-09-03T07:12:28.647941+00:00,cam02,Janpath,Ahmedabad,—,TR01M1K1SCMV5PYFPKNZYQ9BCXQ2,car,TENTATIVE,0.605,868,296,926,324,,
2026-09-03T07:12:28.647941+00:00,cam02,Janpath,Ahmedabad,—,TR01M1K1SCTEPWXCB6587A3S2815,vehicle,CONFIRMED,0.356,348,780,528,1080,,
2026-09-03T07:12:28.647941+00:00,cam02,Janpath,Ahmedabad,—,TR01M1K1SCZYCPRQPQ4VD52SQG1H,car,TENTATIVE,0.586,974,279,1026,302,,
2026-09-03T07:12:28.647941+00:00,cam02,Janpath,Ahmedabad,—,TR01M1K1SCZY9JJTWP8XGZ6G4R3E,truck,TENTATIVE,0.567,1094,499,1361,718,,
2026-09-03T07:12:28.647941+00:00,cam02,Janpath,Ahmedabad,—,TR01M1K1SCZYN3YRAHXCD52DMAAK,car,CONFIRMED,0.535,1507,162,1543,184,,
2026-09-03T07:12:28.647941+00:00,cam02,Janpath,Ahmedabad,—,TR01M1K1SD5EZ79PSR1TVP0JA52S,truck,CONFIRMED,0.450,1750,224,1806,299,,
2026-09-03T07:12:28.647941+00:00,cam02,Janpath,Ahmedabad,—,TR01M1K1SD5E20AGJXN8NTFS07D2,car,CONFIRMED,0.606,1640,156,1682,190,,
2026-09-03T07:12:28.647941+00:00,cam02,Janpath,Ahmedabad,—,TR01M1K1SD5EQZ9HE2K8HTMK5BHK,car,TENTATIVE,0.600,0,449,72,536,,
2026-09-03T07:12:28.647941+00:00,cam02,Janpath,Ahmedabad,—,TR01M1K1SDBVPS2MS7CAYDHT8M52,car,TENTATIVE,0.503,1756,223,1811,296,,
2026-09-03T07:12:28.647941+00:00,cam02,Janpath,Ahmedabad,—,TR01M1K1SDRD64TN5F3XZ6JHD29P,car,TENTATIVE,0.514,1445,192,1482,221,,
2026-09-03T07:12:28.647941+00:00,cam02,Janpath,Ahmedabad,—,TR01M1K1SDRD80055J8ZYV346WBN,truck,CONFIRMED,0.496,814,147,917,200,,
2026-09-03T07:12:28.847941+00:00,cam02,Janpath,Ahmedabad,—,TR01M1K1RQ6AE53FZRZZV4AEEVWZ,car,CONFIRMED,0.766,0,322,54,400,,
2026-09-03T07:12:28.847941+00:00,cam02,Janpath,Ahmedabad,—,TR01M1K1RXKZD760KGTV87YTJ1Z8,bus,CONFIRMED,0.635,1729,522,1918,675,,
2026-09-03T07:12:28.847941+00:00,cam02,Janpath,Ahmedabad,—,TR01M1K1S11V8X30WPX8KWH8A3QF,truck,CONFIRMED,0.564,572,529,936,806,,
2026-09-03T07:12:28.847941+00:00,cam02,Janpath,Ahmedabad,—,TR01M1K1S11V4S2R7W2Z1CH6HWWF,vehicle,CONFIRMED,0.490,240,948,624,1080,,
2026-09-03T07:12:28.847941+00:00,cam02,Janpath,Ahmedabad,—,TR01M1K1S4E2SMJF2QCXQR06YN6P,vehicle,CONFIRMED,0.432,588,552,1140,1020,,
2026-09-03T07:12:28.847941+00:00,cam02,Janpath,Ahmedabad,—,TR01M1K1S60B6C8G5EZJ97V1RFVQ,truck,CONFIRMED,0.497,1729,522,1918,675,,
2026-09-03T07:12:28.847941+00:00,cam02,Janpath,Ahmedabad,—,TR01M1K1S8C75G9Z3XKX7M32A4RJ,car,CONFIRMED,0.837,1586,311,1656,393,,
2026-09-03T07:12:28.847941+00:00,cam02,Janpath,Ahmedabad,—,TR01M1K1S8C7QJD6EVYSTS1Q3A31,car,CONFIRMED,0.920,1341,439,1502,564,,
2026-09-03T07:12:28.847941+00:00,cam02,Janpath,Ahmedabad,—,TR01M1K1S9CE7BFK6YJRCGAKEP17,vehicle,CONFIRMED,0.490,1596,336,1656,408,,
2026-09-03T07:12:28.847941+00:00,cam02,Janpath,Ahmedabad,—,TR01M1K1S9HSWVWRGE0W1AYMM3MG,car,CONFIRMED,0.889,573,530,934,806,,
2026-09-03T07:12:28.847941+00:00,cam02,Janpath,Ahmedabad,—,TR01M1K1SAJSZRR5BJV9G60MZCY3,car,CONFIRMED,0.890,1653,238,1710,286,,
2026-09-03T07:12:28.847941+00:00,cam02,Janpath,Ahmedabad,—,TR01M1K1SB4EPM0ZE28PYCHRR6K9,car,CONFIRMED,0.929,725,629,1136,957,,
2026-09-03T07:12:28.847941+00:00,cam02,Janpath,Ahmedabad,—,TR01M1K1SB9DS9Q4PFFFHJR15VJA,car,CONFIRMED,0.511,907,295,947,315,,
2026-09-03T07:12:28.847941+00:00,cam02,Janpath,Ahmedabad,—,TR01M1K1SBZB5CYSXDA63HRFGJZ4,car,CONFIRMED,0.783,1742,255,1791,306,,
2026-09-03T07:12:28.847941+00:00,cam02,Janpath,Ahmedabad,—,TR01M1K1SC4HPK2NT23KB7J9ZH0F,vehicle,CONFIRMED,0.490,528,336,588,396,,
2026-09-03T07:12:28.847941+00:00,cam02,Janpath,Ahmedabad,—,TR01M1K1SC4HM62TV6X5XXX3FY6P,car,CONFIRMED,0.424,155,204,270,257,,
2026-09-03T07:12:28.847941+00:00,cam02,Janpath,Ahmedabad,—,TR01M1K1SCA14QQ2NS7JAB3MPWCM,car,CONFIRMED,0.734,852,297,910,327,,
2026-09-03T07:12:28.847941+00:00,cam02,Janpath,Ahmedabad,—,TR01M1K1SCA1BGQRRT3JXWJE48TT,vehicle,CONFIRMED,0.421,1104,396,1464,660,,
2026-09-03T07:12:28.847941+00:00,cam02,Janpath,Ahmedabad,—,TR01M1K1SCMV5PYFPKNZYQ9BCXQ2,car,TENTATIVE,0.605,868,296,926,324,,
2026-09-03T07:12:28.847941+00:00,cam02,Janpath,Ahmedabad,—,TR01M1K1SCTEPWXCB6587A3S2815,vehicle,CONFIRMED,0.356,348,780,528,1080,,
2026-09-03T07:12:28.847941+00:00,cam02,Janpath,Ahmedabad,—,TR01M1K1SCZYCPRQPQ4VD52SQG1H,car,TENTATIVE,0.586,974,279,1026,302,,
2026-09-03T07:12:28.847941+00:00,cam02,Janpath,Ahmedabad,—,TR01M1K1SCZY9JJTWP8XGZ6G4R3E,truck,TENTATIVE,0.567,1094,499,1361,718,,
2026-09-03T07:12:28.847941+00:00,cam02,Janpath,Ahmedabad,—,TR01M1K1SCZYN3YRAHXCD52DMAAK,car,CONFIRMED,0.535,1507,162,1543,184,,
2026-09-03T07:12:28.847941+00:00,cam02,Janpath,Ahmedabad,—,TR01M1K1SD5EZ79PSR1TVP0JA52S,truck,CONFIRMED,0.450,1750,224,1806,299,,
2026-09-03T07:12:28.847941+00:00,cam02,Janpath,Ahmedabad,—,TR01M1K1SD5E20AGJXN8NTFS07D2,car,CONFIRMED,0.548,1641,157,1683,191,,
2026-09-03T07:12:28.847941+00:00,cam02,Janpath,Ahmedabad,—,TR01M1K1SD5EQZ9HE2K8HTMK5BHK,car,TENTATIVE,0.600,0,449,72,536,,
2026-09-03T07:12:28.847941+00:00,cam02,Janpath,Ahmedabad,—,TR01M1K1SDBVPS2MS7CAYDHT8M52,car,TENTATIVE,0.503,1756,223,1811,296,,
2026-09-03T07:12:28.847941+00:00,cam02,Janpath,Ahmedabad,—,TR01M1K1SDRD64TN5F3XZ6JHD29P,car,TENTATIVE,0.514,1445,192,1482,221,,
2026-09-03T07:12:28.847941+00:00,cam02,Janpath,Ahmedabad,—,TR01M1K1SDRD80055J8ZYV346WBN,truck,CONFIRMED,0.465,811,147,918,200,,
2026-09-03T07:12:29.067941+00:00,cam02,Janpath,Ahmedabad,—,TR01M1K1RQ6AE53FZRZZV4AEEVWZ,car,CONFIRMED,0.762,0,322,54,400,,
2026-09-03T07:12:29.067941+00:00,cam02,Janpath,Ahmedabad,—,TR01M1K1RXKZD760KGTV87YTJ1Z8,bus,CONFIRMED,0.618,1729,523,1918,675,,
2026-09-03T07:12:29.067941+00:00,cam02,Janpath,Ahmedabad,—,TR01M1K1S11V8X30WPX8KWH8A3QF,car,CONFIRMED,0.886,385,588,812,893,,
2026-09-03T07:12:29.067941+00:00,cam02,Janpath,Ahmedabad,—,TR01M1K1S11V4S2R7W2Z1CH6HWWF,vehicle,CONFIRMED,0.490,240,948,624,1080,,
2026-09-03T07:12:29.067941+00:00,cam02,Janpath,Ahmedabad,—,TR01M1K1S4E2SMJF2QCXQR06YN6P,vehicle,CONFIRMED,0.447,396,600,1032,1080,,
2026-09-03T07:12:29.067941+00:00,cam02,Janpath,Ahmedabad,—,TR01M1K1S60B6C8G5EZJ97V1RFVQ,truck,CONFIRMED,0.538,1729,523,1918,675,,
2026-09-03T07:12:29.067941+00:00,cam02,Janpath,Ahmedabad,—,TR01M1K1S8C75G9Z3XKX7M32A4RJ,car,CONFIRMED,0.857,1565,322,1637,404,,
2026-09-03T07:12:29.067941+00:00,cam02,Janpath,Ahmedabad,—,TR01M1K1S8C7QJD6EVYSTS1Q3A31,car,CONFIRMED,0.907,1300,457,1472,594,,
2026-09-03T07:12:29.067941+00:00,cam02,Janpath,Ahmedabad,—,TR01M1K1S9CE7BFK6YJRCGAKEP17,vehicle,CONFIRMED,0.477,1572,336,1644,420,,
2026-09-03T07:12:29.067941+00:00,cam02,Janpath,Ahmedabad,—,TR01M1K1S9HSWVWRGE0W1AYMM3MG,truck,CONFIRMED,0.638,383,587,814,894,,
2026-09-03T07:12:29.067941+00:00,cam02,Janpath,Ahmedabad,—,TR01M1K1SAJSZRR5BJV9G60MZCY3,car,CONFIRMED,0.909,1637,245,1702,295,,
2026-09-03T07:12:29.067941+00:00,cam02,Janpath,Ahmedabad,—,TR01M1K1SB4EPM0ZE28PYCHRR6K9,car,CONFIRMED,0.936,546,689,1031,1068,,
2026-09-03T07:12:29.067941+00:00,cam02,Janpath,Ahmedabad,—,TR01M1K1SB9DS9Q4PFFFHJR15VJA,car,CONFIRMED,0.511,907,295,947,315,,
2026-09-03T07:12:29.067941+00:00,cam02,Janpath,Ahmedabad,—,TR01M1K1SBZB5CYSXDA63HRFGJZ4,car,CONFIRMED,0.785,1733,261,1782,313,,
2026-09-03T07:12:29.067941+00:00,cam02,Janpath,Ahmedabad,—,TR01M1K1SC4HPK2NT23KB7J9ZH0F,vehicle,CONFIRMED,0.490,528,336,588,396,,
2026-09-03T07:12:29.067941+00:00,cam02,Janpath,Ahmedabad,—,TR01M1K1SC4HM62TV6X5XXX3FY6P,car,CONFIRMED,0.415,155,204,270,257,,
2026-09-03T07:12:29.067941+00:00,cam02,Janpath,Ahmedabad,—,TR01M1K1SCA14QQ2NS7JAB3MPWCM,car,CONFIRMED,0.734,852,297,910,327,,
2026-09-03T07:12:29.067941+00:00,cam02,Janpath,Ahmedabad,—,TR01M1K1SCA1BGQRRT3JXWJE48TT,vehicle,CONFIRMED,0.421,1104,396,1464,660,,
2026-09-03T07:12:29.067941+00:00,cam02,Janpath,Ahmedabad,—,TR01M1K1SCMV5PYFPKNZYQ9BCXQ2,car,TENTATIVE,0.605,868,296,926,324,,
2026-09-03T07:12:29.067941+00:00,cam02,Janpath,Ahmedabad,—,TR01M1K1SCTEPWXCB6587A3S2815,vehicle,CONFIRMED,0.356,348,780,528,1080,,
2026-09-03T07:12:29.067941+00:00,cam02,Janpath,Ahmedabad,—,TR01M1K1SCZYCPRQPQ4VD52SQG1H,car,TENTATIVE,0.586,974,279,1026,302,,
2026-09-03T07:12:29.067941+00:00,cam02,Janpath,Ahmedabad,—,TR01M1K1SCZY9JJTWP8XGZ6G4R3E,truck,TENTATIVE,0.567,1094,499,1361,718,,
2026-09-03T07:12:29.067941+00:00,cam02,Janpath,Ahmedabad,—,TR01M1K1SCZYN3YRAHXCD52DMAAK,car,CONFIRMED,0.535,1507,162,1543,184,,
2026-09-03T07:12:29.067941+00:00,cam02,Janpath,Ahmedabad,—,TR01M1K1SD5EZ79PSR1TVP0JA52S,truck,CONFIRMED,0.413,1732,261,1783,314,,
2026-09-03T07:12:29.067941+00:00,cam02,Janpath,Ahmedabad,—,TR01M1K1SD5E20AGJXN8NTFS07D2,car,CONFIRMED,0.585,1642,157,1682,190,,
2026-09-03T07:12:29.067941+00:00,cam02,Janpath,Ahmedabad,—,TR01M1K1SD5EQZ9HE2K8HTMK5BHK,car,TENTATIVE,0.600,0,449,72,536,,
2026-09-03T07:12:29.067941+00:00,cam02,Janpath,Ahmedabad,—,TR01M1K1SDBVPS2MS7CAYDHT8M52,car,TENTATIVE,0.503,1756,223,1811,296,,
2026-09-03T07:12:29.067941+00:00,cam02,Janpath,Ahmedabad,—,TR01M1K1SDRD64TN5F3XZ6JHD29P,car,TENTATIVE,0.514,1445,192,1482,221,,
2026-09-03T07:12:29.067941+00:00,cam02,Janpath,Ahmedabad,—,TR01M1K1SDRD80055J8ZYV346WBN,truck,CONFIRMED,0.465,811,147,918,200,,
2026-09-03T07:12:29.067941+00:00,cam02,Janpath,Ahmedabad,—,TR01M1K1SE9TJT4DT0SS4M8KXV3A,car,TENTATIVE,0.651,1797,223,1836,265,,
2026-09-03T07:12:29.547941+00:00,cam02,Janpath,Ahmedabad,—,TR01M1K1RQ6AE53FZRZZV4AEEVWZ,car,CONFIRMED,0.725,0,326,55,399,,
2026-09-03T07:12:29.547941+00:00,cam02,Janpath,Ahmedabad,—,TR01M1K1RXKZD760KGTV87YTJ1Z8,bus,CONFIRMED,0.456,1729,521,1918,673,,
2026-09-03T07:12:29.547941+00:00,cam02,Janpath,Ahmedabad,—,TR01M1K1S11V8X30WPX8KWH8A3QF,bus,CONFIRMED,0.427,0,715,740,1077,,
2026-09-03T07:12:29.547941+00:00,cam02,Janpath,Ahmedabad,—,TR01M1K1S11V4S2R7W2Z1CH6HWWF,vehicle,CONFIRMED,0.490,240,948,624,1080,,
2026-09-03T07:12:29.547941+00:00,cam02,Janpath,Ahmedabad,—,TR01M1K1S4E2SMJF2QCXQR06YN6P,truck,CONFIRMED,0.659,0,715,740,1077,,
2026-09-03T07:12:29.547941+00:00,cam02,Janpath,Ahmedabad,—,TR01M1K1S60B6C8G5EZJ97V1RFVQ,truck,CONFIRMED,0.703,1729,521,1918,673,,
2026-09-03T07:12:29.547941+00:00,cam02,Janpath,Ahmedabad,—,TR01M1K1S8C75G9Z3XKX7M32A4RJ,truck,CONFIRMED,0.588,1518,341,1600,440,,
2026-09-03T07:12:29.547941+00:00,cam02,Janpath,Ahmedabad,—,TR01M1K1S8C7QJD6EVYSTS1Q3A31,car,CONFIRMED,0.908,1202,500,1407,663,,
2026-09-03T07:12:29.547941+00:00,cam02,Janpath,Ahmedabad,—,TR01M1K1S9CE7BFK6YJRCGAKEP17,car,CONFIRMED,0.554,1518,341,1600,440,,
2026-09-03T07:12:29.547941+00:00,cam02,Janpath,Ahmedabad,—,TR01M1K1S9HSWVWRGE0W1AYMM3MG,vehicle,CONFIRMED,0.445,0,720,744,1080,,
2026-09-03T07:12:29.547941+00:00,cam02,Janpath,Ahmedabad,—,TR01M1K1SAJSZRR5BJV9G60MZCY3,car,CONFIRMED,0.870,1606,257,1677,310,,
2026-09-03T07:12:29.547941+00:00,cam02,Janpath,Ahmedabad,—,TR01M1K1SB4EPM0ZE28PYCHRR6K9,car,CONFIRMED,0.936,546,689,1031,1068,,
2026-09-03T07:12:29.547941+00:00,cam02,Janpath,Ahmedabad,—,TR01M1K1SBZB5CYSXDA63HRFGJZ4,car,CONFIRMED,0.709,1715,270,1767,326,,
2026-09-03T07:12:29.547941+00:00,cam02,Janpath,Ahmedabad,—,TR01M1K1SC4HPK2NT23KB7J9ZH0F,vehicle,CONFIRMED,0.490,528,336,588,396,,
2026-09-03T07:12:29.547941+00:00,cam02,Janpath,Ahmedabad,—,TR01M1K1SC4HM62TV6X5XXX3FY6P,truck,CONFIRMED,0.440,156,204,271,260,,
2026-09-03T07:12:29.547941+00:00,cam02,Janpath,Ahmedabad,—,TR01M1K1SCTEPWXCB6587A3S2815,vehicle,CONFIRMED,0.356,348,780,528,1080,,
2026-09-03T07:12:29.547941+00:00,cam02,Janpath,Ahmedabad,—,TR01M1K1SCZYCPRQPQ4VD52SQG1H,car,TENTATIVE,0.586,974,279,1026,302,,
2026-09-03T07:12:29.547941+00:00,cam02,Janpath,Ahmedabad,—,TR01M1K1SCZY9JJTWP8XGZ6G4R3E,vehicle,CONFIRMED,0.438,1212,516,1404,696,,
2026-09-03T07:12:29.547941+00:00,cam02,Janpath,Ahmedabad,—,TR01M1K1SCZYN3YRAHXCD52DMAAK,car,CONFIRMED,0.535,1507,162,1543,184,,
2026-09-03T07:12:29.547941+00:00,cam02,Janpath,Ahmedabad,—,TR01M1K1SD5EZ79PSR1TVP0JA52S,truck,CONFIRMED,0.423,1714,270,1768,326,,
2026-09-03T07:12:29.547941+00:00,cam02,Janpath,Ahmedabad,—,TR01M1K1SD5E20AGJXN8NTFS07D2,car,CONFIRMED,0.585,1642,157,1682,190,,
2026-09-03T07:12:29.547941+00:00,cam02,Janpath,Ahmedabad,—,TR01M1K1SD5EQZ9HE2K8HTMK5BHK,car,TENTATIVE,0.600,0,449,72,536,,
2026-09-03T07:12:29.547941+00:00,cam02,Janpath,Ahmedabad,—,TR01M1K1SDBVPS2MS7CAYDHT8M52,car,TENTATIVE,0.503,1756,223,1811,296,,
2026-09-03T07:12:29.547941+00:00,cam02,Janpath,Ahmedabad,—,TR01M1K1SDRD64TN5F3XZ6JHD29P,car,TENTATIVE,0.514,1445,192,1482,221,,
2026-09-03T07:12:29.547941+00:00,cam02,Janpath,Ahmedabad,—,TR01M1K1SDRD80055J8ZYV346WBN,truck,CONFIRMED,0.465,811,147,918,200,,
2026-09-03T07:12:29.547941+00:00,cam02,Janpath,Ahmedabad,—,TR01M1K1SE9TJT4DT0SS4M8KXV3A,car,CONFIRMED,0.634,1789,228,1828,272,,
2026-09-03T07:12:29.650941+00:00,cam02,Janpath,Ahmedabad,—,TR01M1K1RQ6AE53FZRZZV4AEEVWZ,car,CONFIRMED,0.738,0,326,55,399,,
2026-09-03T07:12:29.650941+00:00,cam02,Janpath,Ahmedabad,—,TR01M1K1RXKZD760KGTV87YTJ1Z8,truck,CONFIRMED,0.717,1729,521,1917,673,,
2026-09-03T07:12:29.650941+00:00,cam02,Janpath,Ahmedabad,—,TR01M1K1S11V8X30WPX8KWH8A3QF,vehicle,CONFIRMED,0.441,0,768,648,1080,,
2026-09-03T07:12:29.650941+00:00,cam02,Janpath,Ahmedabad,—,TR01M1K1S4E2SMJF2QCXQR06YN6P,truck,CONFIRMED,0.659,0,715,740,1077,,
2026-09-03T07:12:29.650941+00:00,cam02,Janpath,Ahmedabad,—,TR01M1K1S60B6C8G5EZJ97V1RFVQ,bus,CONFIRMED,0.417,1729,521,1917,673,,
2026-09-03T07:12:29.650941+00:00,cam02,Janpath,Ahmedabad,—,TR01M1K1S8C75G9Z3XKX7M32A4RJ,car,CONFIRMED,0.664,1506,346,1589,446,,
2026-09-03T07:12:29.650941+00:00,cam02,Janpath,Ahmedabad,—,TR01M1K1S8C7QJD6EVYSTS1Q3A31,car,CONFIRMED,0.923,1176,513,1389,679,,
2026-09-03T07:12:29.650941+00:00,cam02,Janpath,Ahmedabad,—,TR01M1K1S9CE7BFK6YJRCGAKEP17,truck,CONFIRMED,0.415,1506,346,1589,446,,
2026-09-03T07:12:29.650941+00:00,cam02,Janpath,Ahmedabad,—,TR01M1K1S9HSWVWRGE0W1AYMM3MG,truck,CONFIRMED,0.767,0,755,643,1076,,
2026-09-03T07:12:29.650941+00:00,cam02,Janpath,Ahmedabad,—,TR01M1K1SAJSZRR5BJV9G60MZCY3,car,CONFIRMED,0.886,1600,260,1672,314,,
2026-09-03T07:12:29.650941+00:00,cam02,Janpath,Ahmedabad,—,TR01M1K1SB4EPM0ZE28PYCHRR6K9,car,CONFIRMED,0.936,546,689,1031,1068,,
2026-09-03T07:12:29.650941+00:00,cam02,Janpath,Ahmedabad,—,TR01M1K1SBZB5CYSXDA63HRFGJZ4,truck,CONFIRMED,0.445,1711,272,1766,330,,
2026-09-03T07:12:29.650941+00:00,cam02,Janpath,Ahmedabad,—,TR01M1K1SC4HPK2NT23KB7J9ZH0F,vehicle,CONFIRMED,0.490,528,336,588,396,,
2026-09-03T07:12:29.650941+00:00,cam02,Janpath,Ahmedabad,—,TR01M1K1SC4HM62TV6X5XXX3FY6P,truck,CONFIRMED,0.503,155,199,356,261,,
2026-09-03T07:12:29.650941+00:00,cam02,Janpath,Ahmedabad,—,TR01M1K1SCTEPWXCB6587A3S2815,vehicle,CONFIRMED,0.356,348,780,528,1080,,
2026-09-03T07:12:29.650941+00:00,cam02,Janpath,Ahmedabad,—,TR01M1K1SCZY9JJTWP8XGZ6G4R3E,vehicle,CONFIRMED,0.413,1188,528,1392,708,,
2026-09-03T07:12:29.650941+00:00,cam02,Janpath,Ahmedabad,—,TR01M1K1SCZYN3YRAHXCD52DMAAK,car,CONFIRMED,0.535,1507,162,1543,184,,
2026-09-03T07:12:29.650941+00:00,cam02,Janpath,Ahmedabad,—,TR01M1K1SD5EZ79PSR1TVP0JA52S,car,CONFIRMED,0.707,1711,272,1765,330,,
2026-09-03T07:12:29.650941+00:00,cam02,Janpath,Ahmedabad,—,TR01M1K1SD5E20AGJXN8NTFS07D2,car,CONFIRMED,0.585,1642,157,1682,190,,
2026-09-03T07:12:29.650941+00:00,cam02,Janpath,Ahmedabad,—,TR01M1K1SD5EQZ9HE2K8HTMK5BHK,car,TENTATIVE,0.600,0,449,72,536,,
2026-09-03T07:12:29.650941+00:00,cam02,Janpath,Ahmedabad,—,TR01M1K1SDBVPS2MS7CAYDHT8M52,car,TENTATIVE,0.503,1756,223,1811,296,,
2026-09-03T07:12:29.650941+00:00,cam02,Janpath,Ahmedabad,—,TR01M1K1SDRD64TN5F3XZ6JHD29P,car,TENTATIVE,0.514,1445,192,1482,221,,
2026-09-03T07:12:29.650941+00:00,cam02,Janpath,Ahmedabad,—,TR01M1K1SDRD80055J8ZYV346WBN,truck,CONFIRMED,0.465,811,147,918,200,,
2026-09-03T07:12:29.650941+00:00,cam02,Janpath,Ahmedabad,—,TR01M1K1SE9TJT4DT0SS4M8KXV3A,car,CONFIRMED,0.525,1788,228,1826,274,,
2026-09-03T07:12:29.810941+00:00,cam02,Janpath,Ahmedabad,—,TR01M1K1RQ6AE53FZRZZV4AEEVWZ,car,CONFIRMED,0.741,0,326,55,400,,
2026-09-03T07:12:29.810941+00:00,cam02,Janpath,Ahmedabad,—,TR01M1K1RXKZD760KGTV87YTJ1Z8,truck,CONFIRMED,0.705,1729,521,1918,673,,
2026-09-03T07:12:29.810941+00:00,cam02,Janpath,Ahmedabad,—,TR01M1K1S11V8X30WPX8KWH8A3QF,vehicle,CONFIRMED,0.291,0,852,396,1080,,
2026-09-03T07:12:29.810941+00:00,cam02,Janpath,Ahmedabad,—,TR01M1K1S4E2SMJF2QCXQR06YN6P,truck,CONFIRMED,0.659,0,715,740,1077,,
2026-09-03T07:12:29.810941+00:00,cam02,Janpath,Ahmedabad,—,TR01M1K1S60B6C8G5EZJ97V1RFVQ,bus,CONFIRMED,0.533,1729,521,1918,673,,
2026-09-03T07:12:29.810941+00:00,cam02,Janpath,Ahmedabad,—,TR01M1K1S8C75G9Z3XKX7M32A4RJ,truck,CONFIRMED,0.500,1484,357,1571,461,,
2026-09-03T07:12:29.810941+00:00,cam02,Janpath,Ahmedabad,—,TR01M1K1S8C7QJD6EVYSTS1Q3A31,car,CONFIRMED,0.910,1128,535,1355,718,,
2026-09-03T07:12:29.810941+00:00,cam02,Janpath,Ahmedabad,—,TR01M1K1S9CE7BFK6YJRCGAKEP17,car,CONFIRMED,0.632,1484,357,1571,461,,
2026-09-03T07:12:29.810941+00:00,cam02,Janpath,Ahmedabad,—,TR01M1K1S9HSWVWRGE0W1AYMM3MG,truck,CONFIRMED,0.767,0,755,643,1076,,
2026-09-03T07:12:29.810941+00:00,cam02,Janpath,Ahmedabad,—,TR01M1K1SAJSZRR5BJV9G60MZCY3,car,CONFIRMED,0.864,1585,266,1659,323,,
2026-09-03T07:12:29.810941+00:00,cam02,Janpath,Ahmedabad,—,TR01M1K1SB4EPM0ZE28PYCHRR6K9,car,CONFIRMED,0.936,546,689,1031,1068,,
2026-09-03T07:12:29.810941+00:00,cam02,Janpath,Ahmedabad,—,TR01M1K1SBZB5CYSXDA63HRFGJZ4,truck,CONFIRMED,0.445,1711,272,1766,330,,
2026-09-03T07:12:29.810941+00:00,cam02,Janpath,Ahmedabad,—,TR01M1K1SC4HPK2NT23KB7J9ZH0F,vehicle,CONFIRMED,0.490,528,336,588,396,,
2026-09-03T07:12:29.810941+00:00,cam02,Janpath,Ahmedabad,—,TR01M1K1SC4HM62TV6X5XXX3FY6P,truck,CONFIRMED,0.478,155,199,356,261,,
2026-09-03T07:12:29.810941+00:00,cam02,Janpath,Ahmedabad,—,TR01M1K1SCTEPWXCB6587A3S2815,vehicle,CONFIRMED,0.356,348,780,528,1080,,
2026-09-03T07:12:29.810941+00:00,cam02,Janpath,Ahmedabad,—,TR01M1K1SCZY9JJTWP8XGZ6G4R3E,vehicle,CONFIRMED,0.392,1140,540,1356,744,,
2026-09-03T07:12:29.810941+00:00,cam02,Janpath,Ahmedabad,—,TR01M1K1SCZYN3YRAHXCD52DMAAK,car,CONFIRMED,0.535,1507,162,1543,184,,
2026-09-03T07:12:29.810941+00:00,cam02,Janpath,Ahmedabad,—,TR01M1K1SD5EZ79PSR1TVP0JA52S,car,CONFIRMED,0.743,1703,270,1761,335,,
2026-09-03T07:12:29.810941+00:00,cam02,Janpath,Ahmedabad,—,TR01M1K1SD5E20AGJXN8NTFS07D2,car,CONFIRMED,0.585,1642,157,1682,190,,
2026-09-03T07:12:29.810941+00:00,cam02,Janpath,Ahmedabad,—,TR01M1K1SDBVPS2MS7CAYDHT8M52,car,CONFIRMED,0.420,1769,218,1805,256,,
2026-09-03T07:12:29.810941+00:00,cam02,Janpath,Ahmedabad,—,TR01M1K1SDRD64TN5F3XZ6JHD29P,car,TENTATIVE,0.514,1445,192,1482,221,,
2026-09-03T07:12:29.810941+00:00,cam02,Janpath,Ahmedabad,—,TR01M1K1SDRD80055J8ZYV346WBN,truck,CONFIRMED,0.465,811,147,918,200,,
2026-09-03T07:12:29.810941+00:00,cam02,Janpath,Ahmedabad,—,TR01M1K1SE9TJT4DT0SS4M8KXV3A,car,CONFIRMED,0.673,1785,229,1824,278,,
2026-09-03T07:12:30.170941+00:00,cam02,Janpath,Ahmedabad,—,TR01M1K1RQ6AE53FZRZZV4AEEVWZ,car,CONFIRMED,0.809,1,325,55,400,,
2026-09-03T07:12:30.170941+00:00,cam02,Janpath,Ahmedabad,—,TR01M1K1RXKZD760KGTV87YTJ1Z8,bus,CONFIRMED,0.658,1728,522,1918,677,,
2026-09-03T07:12:30.170941+00:00,cam02,Janpath,Ahmedabad,—,TR01M1K1S11V8X30WPX8KWH8A3QF,vehicle,CONFIRMED,0.291,0,852,396,1080,,
2026-09-03T07:12:30.170941+00:00,cam02,Janpath,Ahmedabad,—,TR01M1K1S4E2SMJF2QCXQR06YN6P,truck,CONFIRMED,0.659,0,715,740,1077,,
2026-09-03T07:12:30.170941+00:00,cam02,Janpath,Ahmedabad,—,TR01M1K1S60B6C8G5EZJ97V1RFVQ,truck,CONFIRMED,0.545,1728,522,1918,677,,
2026-09-03T07:12:30.170941+00:00,cam02,Janpath,Ahmedabad,—,TR01M1K1S8C75G9Z3XKX7M32A4RJ,truck,CONFIRMED,0.890,1434,380,1532,495,,
2026-09-03T07:12:30.170941+00:00,cam02,Janpath,Ahmedabad,—,TR01M1K1S8C7QJD6EVYSTS1Q3A31,car,CONFIRMED,0.910,1007,591,1277,808,,
2026-09-03T07:12:30.170941+00:00,cam02,Janpath,Ahmedabad,—,TR01M1K1S9CE7BFK6YJRCGAKEP17,vehicle,CONFIRMED,0.490,1440,384,1536,516,,
2026-09-03T07:12:30.170941+00:00,cam02,Janpath,Ahmedabad,—,TR01M1K1S9HSWVWRGE0W1AYMM3MG,truck,CONFIRMED,0.767,0,755,643,1076,,
2026-09-03T07:12:30.170941+00:00,cam02,Janpath,Ahmedabad,—,TR01M1K1SAJSZRR5BJV9G60MZCY3,car,CONFIRMED,0.877,1557,277,1631,339,,
2026-09-03T07:12:30.170941+00:00,cam02,Janpath,Ahmedabad,—,TR01M1K1SB4EPM0ZE28PYCHRR6K9,car,CONFIRMED,0.936,546,689,1031,1068,,
2026-09-03T07:12:30.170941+00:00,cam02,Janpath,Ahmedabad,—,TR01M1K1SBZB5CYSXDA63HRFGJZ4,truck,CONFIRMED,0.535,1686,281,1743,351,,
2026-09-03T07:12:30.170941+00:00,cam02,Janpath,Ahmedabad,—,TR01M1K1SC4HM62TV6X5XXX3FY6P,truck,CONFIRMED,0.478,155,199,356,261,,
2026-09-03T07:12:30.170941+00:00,cam02,Janpath,Ahmedabad,—,TR01M1K1SCZY9JJTWP8XGZ6G4R3E,truck,CONFIRMED,0.404,1005,589,1278,809,,
2026-09-03T07:12:30.170941+00:00,cam02,Janpath,Ahmedabad,—,TR01M1K1SD5EZ79PSR1TVP0JA52S,car,CONFIRMED,0.600,1686,281,1743,351,,
2026-09-03T07:12:30.170941+00:00,cam02,Janpath,Ahmedabad,—,TR01M1K1SD5E20AGJXN8NTFS07D2,car,CONFIRMED,0.585,1642,157,1682,190,,
2026-09-03T07:12:30.170941+00:00,cam02,Janpath,Ahmedabad,—,TR01M1K1SDBVPS2MS7CAYDHT8M52,car,CONFIRMED,0.479,1755,225,1815,266,,
2026-09-03T07:12:30.170941+00:00,cam02,Janpath,Ahmedabad,—,TR01M1K1SDRD80055J8ZYV346WBN,truck,CONFIRMED,0.465,811,147,918,200,,
2026-09-03T07:12:30.170941+00:00,cam02,Janpath,Ahmedabad,—,TR01M1K1SE9TJT4DT0SS4M8KXV3A,car,CONFIRMED,0.586,1774,240,1817,286,,
2026-09-03T07:12:30.370941+00:00,cam02,Janpath,Ahmedabad,—,TR01M1K1RQ6AE53FZRZZV4AEEVWZ,car,CONFIRMED,0.809,1,325,55,400,,
2026-09-03T07:12:30.370941+00:00,cam02,Janpath,Ahmedabad,—,TR01M1K1RXKZD760KGTV87YTJ1Z8,bus,CONFIRMED,0.544,1728,522,1918,677,,
2026-09-03T07:12:30.370941+00:00,cam02,Janpath,Ahmedabad,—,TR01M1K1S11V8X30WPX8KWH8A3QF,vehicle,CONFIRMED,0.291,0,852,396,1080,,
2026-09-03T07:12:30.370941+00:00,cam02,Janpath,Ahmedabad,—,TR01M1K1S4E2SMJF2QCXQR06YN6P,truck,CONFIRMED,0.659,0,715,740,1077,,
2026-09-03T07:12:30.370941+00:00,cam02,Janpath,Ahmedabad,—,TR01M1K1S60B6C8G5EZJ97V1RFVQ,truck,CONFIRMED,0.576,1728,522,1918,677,,
2026-09-03T07:12:30.370941+00:00,cam02,Janpath,Ahmedabad,—,TR01M1K1S8C75G9Z3XKX7M32A4RJ,truck,CONFIRMED,0.881,1403,395,1505,516,,
2026-09-03T07:12:30.370941+00:00,cam02,Janpath,Ahmedabad,—,TR01M1K1S8C7QJD6EVYSTS1Q3A31,car,CONFIRMED,0.930,926,629,1220,865,,
2026-09-03T07:12:30.370941+00:00,cam02,Janpath,Ahmedabad,—,TR01M1K1S9CE7BFK6YJRCGAKEP17,vehicle,CONFIRMED,0.490,1404,408,1512,528,,
2026-09-03T07:12:30.370941+00:00,cam02,Janpath,Ahmedabad,—,TR01M1K1S9HSWVWRGE0W1AYMM3MG,truck,CONFIRMED,0.767,0,755,643,1076,,
2026-09-03T07:12:30.370941+00:00,cam02,Janpath,Ahmedabad,—,TR01M1K1SAJSZRR5BJV9G60MZCY3,car,CONFIRMED,0.885,1535,283,1621,350,,
2026-09-03T07:12:30.370941+00:00,cam02,Janpath,Ahmedabad,—,TR01M1K1SB4EPM0ZE28PYCHRR6K9,car,CONFIRMED,0.936,546,689,1031,1068,,
2026-09-03T07:12:30.370941+00:00,cam02,Janpath,Ahmedabad,—,TR01M1K1SBZB5CYSXDA63HRFGJZ4,truck,CONFIRMED,0.440,1675,286,1737,357,,
2026-09-03T07:12:30.370941+00:00,cam02,Janpath,Ahmedabad,—,TR01M1K1SC4HM62TV6X5XXX3FY6P,truck,CONFIRMED,0.478,155,199,356,261,,
2026-09-03T07:12:30.370941+00:00,cam02,Janpath,Ahmedabad,—,TR01M1K1SCZY9JJTWP8XGZ6G4R3E,vehicle,CONFIRMED,0.399,936,636,1224,900,,
2026-09-03T07:12:30.370941+00:00,cam02,Janpath,Ahmedabad,—,TR01M1K1SD5EZ79PSR1TVP0JA52S,car,CONFIRMED,0.590,1675,286,1737,357,,
2026-09-03T07:12:30.370941+00:00,cam02,Janpath,Ahmedabad,—,TR01M1K1SD5E20AGJXN8NTFS07D2,car,CONFIRMED,0.585,1642,157,1682,190,,
2026-09-03T07:12:30.370941+00:00,cam02,Janpath,Ahmedabad,—,TR01M1K1SDBVPS2MS7CAYDHT8M52,car,CONFIRMED,0.493,1746,219,1814,270,,
2026-09-03T07:12:30.370941+00:00,cam02,Janpath,Ahmedabad,—,TR01M1K1SDRD80055J8ZYV346WBN,truck,CONFIRMED,0.465,820,147,926,201,,
2026-09-03T07:12:30.370941+00:00,cam02,Janpath,Ahmedabad,—,TR01M1K1SE9TJT4DT0SS4M8KXV3A,car,CONFIRMED,0.653,1771,245,1812,291,,
2026-09-03T07:12:30.550941+00:00,cam02,Janpath,Ahmedabad,—,TR01M1K1RQ6AE53FZRZZV4AEEVWZ,car,CONFIRMED,0.809,1,325,54,399,,
2026-09-03T07:12:30.550941+00:00,cam02,Janpath,Ahmedabad,—,TR01M1K1RXKZD760KGTV87YTJ1Z8,truck,CONFIRMED,0.593,1728,524,1917,677,,
2026-09-03T07:12:30.550941+00:00,cam02,Janpath,Ahmedabad,—,TR01M1K1S11V8X30WPX8KWH8A3QF,vehicle,CONFIRMED,0.291,0,852,396,1080,,
2026-09-03T07:12:30.550941+00:00,cam02,Janpath,Ahmedabad,—,TR01M1K1S4E2SMJF2QCXQR06YN6P,truck,CONFIRMED,0.659,0,715,740,1077,,
2026-09-03T07:12:30.550941+00:00,cam02,Janpath,Ahmedabad,—,TR01M1K1S60B6C8G5EZJ97V1RFVQ,bus,CONFIRMED,0.447,1728,524,1917,677,,
2026-09-03T07:12:30.550941+00:00,cam02,Janpath,Ahmedabad,—,TR01M1K1S8C75G9Z3XKX7M32A4RJ,truck,CONFIRMED,0.848,1374,405,1482,534,,
2026-09-03T07:12:30.550941+00:00,cam02,Janpath,Ahmedabad,—,TR01M1K1S8C7QJD6EVYSTS1Q3A31,car,CONFIRMED,0.937,850,663,1170,919,,
2026-09-03T07:12:30.550941+00:00,cam02,Janpath,Ahmedabad,—,TR01M1K1S9CE7BFK6YJRCGAKEP17,vehicle,CONFIRMED,0.490,1380,420,1488,552,,
2026-09-03T07:12:30.550941+00:00,cam02,Janpath,Ahmedabad,—,TR01M1K1S9HSWVWRGE0W1AYMM3MG,truck,CONFIRMED,0.767,0,755,643,1076,,
2026-09-03T07:12:30.550941+00:00,cam02,Janpath,Ahmedabad,—,TR01M1K1SAJSZRR5BJV9G60MZCY3,car,CONFIRMED,0.888,1518,290,1605,359,,
2026-09-03T07:12:30.550941+00:00,cam02,Janpath,Ahmedabad,—,TR01M1K1SB4EPM0ZE28PYCHRR6K9,car,CONFIRMED,0.936,546,689,1031,1068,,
2026-09-03T07:12:30.550941+00:00,cam02,Janpath,Ahmedabad,—,TR01M1K1SBZB5CYSXDA63HRFGJZ4,truck,CONFIRMED,0.572,1667,289,1729,365,,
2026-09-03T07:12:30.550941+00:00,cam02,Janpath,Ahmedabad,—,TR01M1K1SC4HM62TV6X5XXX3FY6P,truck,CONFIRMED,0.478,155,199,356,261,,
2026-09-03T07:12:30.550941+00:00,cam02,Janpath,Ahmedabad,—,TR01M1K1SCZY9JJTWP8XGZ6G4R3E,vehicle,CONFIRMED,0.376,852,672,1176,960,,
2026-09-03T07:12:30.550941+00:00,cam02,Janpath,Ahmedabad,—,TR01M1K1SD5EZ79PSR1TVP0JA52S,car,CONFIRMED,0.601,1667,289,1729,365,,
2026-09-03T07:12:30.550941+00:00,cam02,Janpath,Ahmedabad,—,TR01M1K1SD5E20AGJXN8NTFS07D2,car,CONFIRMED,0.585,1642,157,1682,190,,
2026-09-03T07:12:30.550941+00:00,cam02,Janpath,Ahmedabad,—,TR01M1K1SDBVPS2MS7CAYDHT8M52,car,CONFIRMED,0.418,1741,215,1811,272,,
2026-09-03T07:12:30.550941+00:00,cam02,Janpath,Ahmedabad,—,TR01M1K1SDRD80055J8ZYV346WBN,truck,CONFIRMED,0.477,817,147,928,201,,
2026-09-03T07:12:30.550941+00:00,cam02,Janpath,Ahmedabad,—,TR01M1K1SE9TJT4DT0SS4M8KXV3A,car,CONFIRMED,0.653,1766,246,1808,295,,
2026-09-03T07:12:30.550941+00:00,cam02,Janpath,Ahmedabad,—,TR01M1K1SFM33GQ4127HAJVEDGSH,car,TENTATIVE,0.553,208,226,276,263,,
2026-09-03T07:12:30.650941+00:00,cam02,Janpath,Ahmedabad,—,TR01M1K1RQ6AE53FZRZZV4AEEVWZ,car,CONFIRMED,0.804,1,325,54,399,,
2026-09-03T07:12:30.650941+00:00,cam02,Janpath,Ahmedabad,—,TR01M1K1RXKZD760KGTV87YTJ1Z8,bus,CONFIRMED,0.480,1728,524,1917,677,,
2026-09-03T07:12:30.650941+00:00,cam02,Janpath,Ahmedabad,—,TR01M1K1S11V8X30WPX8KWH8A3QF,vehicle,CONFIRMED,0.291,0,852,396,1080,,
2026-09-03T07:12:30.650941+00:00,cam02,Janpath,Ahmedabad,—,TR01M1K1S4E2SMJF2QCXQR06YN6P,truck,CONFIRMED,0.659,0,715,740,1077,,
2026-09-03T07:12:30.650941+00:00,cam02,Janpath,Ahmedabad,—,TR01M1K1S60B6C8G5EZJ97V1RFVQ,truck,CONFIRMED,0.402,1728,524,1917,677,,
2026-09-03T07:12:30.650941+00:00,cam02,Janpath,Ahmedabad,—,TR01M1K1S8C75G9Z3XKX7M32A4RJ,truck,CONFIRMED,0.828,1355,414,1466,543,,
2026-09-03T07:12:30.650941+00:00,cam02,Janpath,Ahmedabad,—,TR01M1K1S8C7QJD6EVYSTS1Q3A31,car,CONFIRMED,0.916,797,687,1138,958,,
2026-09-03T07:12:30.650941+00:00,cam02,Janpath,Ahmedabad,—,TR01M1K1S9CE7BFK6YJRCGAKEP17,car,CONFIRMED,0.421,1355,414,1466,543,,
2026-09-03T07:12:30.650941+00:00,cam02,Janpath,Ahmedabad,—,TR01M1K1S9HSWVWRGE0W1AYMM3MG,truck,CONFIRMED,0.767,0,755,643,1076,,
2026-09-03T07:12:30.650941+00:00,cam02,Janpath,Ahmedabad,—,TR01M1K1SAJSZRR5BJV9G60MZCY3,car,CONFIRMED,0.862,1508,294,1597,365,,
2026-09-03T07:12:30.650941+00:00,cam02,Janpath,Ahmedabad,—,TR01M1K1SBZB5CYSXDA63HRFGJZ4,car,CONFIRMED,0.668,1661,292,1725,369,,
2026-09-03T07:12:30.650941+00:00,cam02,Janpath,Ahmedabad,—,TR01M1K1SC4HM62TV6X5XXX3FY6P,truck,CONFIRMED,0.478,155,199,356,261,,
2026-09-03T07:12:30.650941+00:00,cam02,Janpath,Ahmedabad,—,TR01M1K1SCZY9JJTWP8XGZ6G4R3E,vehicle,CONFIRMED,0.364,804,696,1140,996,,
2026-09-03T07:12:30.650941+00:00,cam02,Janpath,Ahmedabad,—,TR01M1K1SD5EZ79PSR1TVP0JA52S,truck,CONFIRMED,0.447,1661,292,1725,369,,
2026-09-03T07:12:30.650941+00:00,cam02,Janpath,Ahmedabad,—,TR01M1K1SDBVPS2MS7CAYDHT8M52,car,CONFIRMED,0.447,1737,221,1809,273,,
2026-09-03T07:12:30.650941+00:00,cam02,Janpath,Ahmedabad,—,TR01M1K1SDRD80055J8ZYV346WBN,truck,CONFIRMED,0.470,816,147,928,201,,
2026-09-03T07:12:30.650941+00:00,cam02,Janpath,Ahmedabad,—,TR01M1K1SE9TJT4DT0SS4M8KXV3A,car,CONFIRMED,0.689,1762,248,1806,298,,
2026-09-03T07:12:30.650941+00:00,cam02,Janpath,Ahmedabad,—,TR01M1K1SFM33GQ4127HAJVEDGSH,car,CONFIRMED,0.536,207,226,276,263,,
2026-09-03T07:12:30.650941+00:00,cam02,Janpath,Ahmedabad,—,TR01M1K1SFY4GXA7534ZE2TJNNEC,car,CONFIRMED,0.508,1737,231,1758,272,,
2026-09-03T07:12:30.950941+00:00,cam02,Janpath,Ahmedabad,—,TR01M1K1RQ6AE53FZRZZV4AEEVWZ,car,CONFIRMED,0.788,1,325,54,399,,
2026-09-03T07:12:30.950941+00:00,cam02,Janpath,Ahmedabad,—,TR01M1K1RXKZD760KGTV87YTJ1Z8,truck,CONFIRMED,0.491,1728,523,1917,677,,
2026-09-03T07:12:30.950941+00:00,cam02,Janpath,Ahmedabad,—,TR01M1K1S11V8X30WPX8KWH8A3QF,vehicle,CONFIRMED,0.291,0,852,396,1080,,
2026-09-03T07:12:30.950941+00:00,cam02,Janpath,Ahmedabad,—,TR01M1K1S4E2SMJF2QCXQR06YN6P,truck,CONFIRMED,0.659,0,715,740,1077,,
2026-09-03T07:12:30.950941+00:00,cam02,Janpath,Ahmedabad,—,TR01M1K1S60B6C8G5EZJ97V1RFVQ,truck,CONFIRMED,0.402,1728,524,1917,677,,
2026-09-03T07:12:30.950941+00:00,cam02,Janpath,Ahmedabad,—,TR01M1K1S8C75G9Z3XKX7M32A4RJ,truck,CONFIRMED,0.884,1292,439,1414,584,,
2026-09-03T07:12:30.950941+00:00,cam02,Janpath,Ahmedabad,—,TR01M1K1S8C7QJD6EVYSTS1Q3A31,vehicle,CONFIRMED,0.358,600,780,1020,1080,,
2026-09-03T07:12:30.950941+00:00,cam02,Janpath,Ahmedabad,—,TR01M1K1S9CE7BFK6YJRCGAKEP17,car,CONFIRMED,0.420,1292,440,1413,584,,
2026-09-03T07:12:30.950941+00:00,cam02,Janpath,Ahmedabad,—,TR01M1K1S9HSWVWRGE0W1AYMM3MG,truck,CONFIRMED,0.767,0,755,643,1076,,
2026-09-03T07:12:30.950941+00:00,cam02,Janpath,Ahmedabad,—,TR01M1K1SAJSZRR5BJV9G60MZCY3,car,CONFIRMED,0.881,1470,307,1568,384,,
2026-09-03T07:12:30.950941+00:00,cam02,Janpath,Ahmedabad,—,TR01M1K1SBZB5CYSXDA63HRFGJZ4,truck,CONFIRMED,0.495,1642,303,1709,382,,
2026-09-03T07:12:30.950941+00:00,cam02,Janpath,Ahmedabad,—,TR01M1K1SC4HM62TV6X5XXX3FY6P,truck,CONFIRMED,0.478,155,199,356,261,,
2026-09-03T07:12:30.950941+00:00,cam02,Janpath,Ahmedabad,—,TR01M1K1SCZY9JJTWP8XGZ6G4R3E,car,CONFIRMED,0.909,604,769,1016,1071,,
2026-09-03T07:12:30.950941+00:00,cam02,Janpath,Ahmedabad,—,TR01M1K1SD5EZ79PSR1TVP0JA52S,car,CONFIRMED,0.614,1642,303,1709,382,,
2026-09-03T07:12:30.950941+00:00,cam02,Janpath,Ahmedabad,—,TR01M1K1SDBVPS2MS7CAYDHT8M52,car,CONFIRMED,0.447,1737,221,1809,273,,
2026-09-03T07:12:30.950941+00:00,cam02,Janpath,Ahmedabad,—,TR01M1K1SDRD80055J8ZYV346WBN,truck,CONFIRMED,0.414,815,147,930,201,,
2026-09-03T07:12:30.950941+00:00,cam02,Janpath,Ahmedabad,—,TR01M1K1SE9TJT4DT0SS4M8KXV3A,car,CONFIRMED,0.745,1753,256,1799,306,,
2026-09-03T07:12:30.950941+00:00,cam02,Janpath,Ahmedabad,—,TR01M1K1SFM33GQ4127HAJVEDGSH,car,CONFIRMED,0.521,208,225,276,263,,
2026-09-03T07:12:30.950941+00:00,cam02,Janpath,Ahmedabad,—,TR01M1K1SFY4GXA7534ZE2TJNNEC,car,CONFIRMED,0.436,1726,241,1747,281,,
2026-09-03T07:12:31.350941+00:00,cam02,Janpath,Ahmedabad,—,TR01M1K1RQ6AE53FZRZZV4AEEVWZ,car,CONFIRMED,0.781,0,329,55,400,,
2026-09-03T07:12:31.350941+00:00,cam02,Janpath,Ahmedabad,—,TR01M1K1RXKZD760KGTV87YTJ1Z8,truck,CONFIRMED,0.638,1729,523,1918,673,,
2026-09-03T07:12:31.350941+00:00,cam02,Janpath,Ahmedabad,—,TR01M1K1S60B6C8G5EZJ97V1RFVQ,truck,CONFIRMED,0.402,1728,524,1917,677,,
2026-09-03T07:12:31.350941+00:00,cam02,Janpath,Ahmedabad,—,TR01M1K1S8C75G9Z3XKX7M32A4RJ,truck,CONFIRMED,0.905,1179,486,1329,656,,
2026-09-03T07:12:31.350941+00:00,cam02,Janpath,Ahmedabad,—,TR01M1K1S8C7QJD6EVYSTS1Q3A31,vehicle,CONFIRMED,0.384,408,936,756,1080,,
2026-09-03T07:12:31.350941+00:00,cam02,Janpath,Ahmedabad,—,TR01M1K1S9CE7BFK6YJRCGAKEP17,vehicle,CONFIRMED,0.490,1188,492,1332,684,,
2026-09-03T07:12:31.350941+00:00,cam02,Janpath,Ahmedabad,—,TR01M1K1SAJSZRR5BJV9G60MZCY3,car,CONFIRMED,0.848,1412,328,1523,413,,
2026-09-03T07:12:31.350941+00:00,cam02,Janpath,Ahmedabad,—,TR01M1K1SBZB5CYSXDA63HRFGJZ4,car,CONFIRMED,0.681,1612,318,1681,403,,
2026-09-03T07:12:31.350941+00:00,cam02,Janpath,Ahmedabad,—,TR01M1K1SCZY9JJTWP8XGZ6G4R3E,car,CONFIRMED,0.817,328,925,768,1078,,
2026-09-03T07:12:31.350941+00:00,cam02,Janpath,Ahmedabad,—,TR01M1K1SD5EZ79PSR1TVP0JA52S,truck,CONFIRMED,0.533,1612,318,1681,403,,
2026-09-03T07:12:31.350941+00:00,cam02,Janpath,Ahmedabad,—,TR01M1K1SDBVPS2MS7CAYDHT8M52,truck,CONFIRMED,0.477,1740,263,1789,319,,
2026-09-03T07:12:31.350941+00:00,cam02,Janpath,Ahmedabad,—,TR01M1K1SDRD80055J8ZYV346WBN,truck,CONFIRMED,0.414,815,147,930,201,,
2026-09-03T07:12:31.350941+00:00,cam02,Janpath,Ahmedabad,—,TR01M1K1SE9TJT4DT0SS4M8KXV3A,car,CONFIRMED,0.611,1740,263,1789,319,,
2026-09-03T07:12:31.350941+00:00,cam02,Janpath,Ahmedabad,—,TR01M1K1SFM33GQ4127HAJVEDGSH,car,CONFIRMED,0.521,208,225,276,263,,
2026-09-03T07:12:31.350941+00:00,cam02,Janpath,Ahmedabad,—,TR01M1K1SFY4GXA7534ZE2TJNNEC,car,CONFIRMED,0.436,1726,241,1747,281,,
2026-09-03T07:12:31.550941+00:00,cam02,Janpath,Ahmedabad,—,TR01M1K1RQ6AE53FZRZZV4AEEVWZ,car,CONFIRMED,0.798,0,329,56,401,,
2026-09-03T07:12:31.550941+00:00,cam02,Janpath,Ahmedabad,—,TR01M1K1RXKZD760KGTV87YTJ1Z8,truck,CONFIRMED,0.515,1729,523,1917,673,,
2026-09-03T07:12:31.550941+00:00,cam02,Janpath,Ahmedabad,—,TR01M1K1S60B6C8G5EZJ97V1RFVQ,truck,CONFIRMED,0.402,1728,524,1917,677,,
2026-09-03T07:12:31.550941+00:00,cam02,Janpath,Ahmedabad,—,TR01M1K1S8C75G9Z3XKX7M32A4RJ,truck,CONFIRMED,0.918,1110,514,1273,699,,
2026-09-03T07:12:31.550941+00:00,cam02,Janpath,Ahmedabad,—,TR01M1K1S8C7QJD6EVYSTS1Q3A31,vehicle,CONFIRMED,0.384,408,936,756,1080,,
2026-09-03T07:12:31.550941+00:00,cam02,Janpath,Ahmedabad,—,TR01M1K1S9CE7BFK6YJRCGAKEP17,vehicle,CONFIRMED,0.490,1128,528,1272,732,,
2026-09-03T07:12:31.550941+00:00,cam02,Janpath,Ahmedabad,—,TR01M1K1SAJSZRR5BJV9G60MZCY3,car,CONFIRMED,0.846,1382,340,1497,432,,
2026-09-03T07:12:31.550941+00:00,cam02,Janpath,Ahmedabad,—,TR01M1K1SBZB5CYSXDA63HRFGJZ4,truck,CONFIRMED,0.791,1596,326,1668,415,,
2026-09-03T07:12:31.550941+00:00,cam02,Janpath,Ahmedabad,—,TR01M1K1SCZY9JJTWP8XGZ6G4R3E,car,CONFIRMED,0.817,328,925,768,1078,,
2026-09-03T07:12:31.550941+00:00,cam02,Janpath,Ahmedabad,—,TR01M1K1SD5EZ79PSR1TVP0JA52S,car,CONFIRMED,0.497,1596,326,1668,415,,
2026-09-03T07:12:31.550941+00:00,cam02,Janpath,Ahmedabad,—,TR01M1K1SDBVPS2MS7CAYDHT8M52,truck,CONFIRMED,0.424,1732,269,1783,325,,
2026-09-03T07:12:31.550941+00:00,cam02,Janpath,Ahmedabad,—,TR01M1K1SDRD80055J8ZYV346WBN,truck,CONFIRMED,0.414,815,147,930,201,,
2026-09-03T07:12:31.550941+00:00,cam02,Janpath,Ahmedabad,—,TR01M1K1SE9TJT4DT0SS4M8KXV3A,car,CONFIRMED,0.622,1732,269,1783,325,,
2026-09-03T07:12:31.550941+00:00,cam02,Janpath,Ahmedabad,—,TR01M1K1SFM33GQ4127HAJVEDGSH,car,CONFIRMED,0.521,208,225,276,263,,
2026-09-03T07:12:31.550941+00:00,cam02,Janpath,Ahmedabad,—,TR01M1K1SFY4GXA7534ZE2TJNNEC,car,CONFIRMED,0.436,1726,241,1747,281,,
2026-09-03T07:12:31.650941+00:00,cam02,Janpath,Ahmedabad,—,TR01M1K1RQ6AE53FZRZZV4AEEVWZ,car,CONFIRMED,0.762,0,329,55,398,,
2026-09-03T07:12:31.650941+00:00,cam02,Janpath,Ahmedabad,—,TR01M1K1RXKZD760KGTV87YTJ1Z8,truck,CONFIRMED,0.481,1729,523,1917,673,,
2026-09-03T07:12:31.650941+00:00,cam02,Janpath,Ahmedabad,—,TR01M1K1S60B6C8G5EZJ97V1RFVQ,truck,CONFIRMED,0.402,1728,524,1917,677,,
2026-09-03T07:12:31.650941+00:00,cam02,Janpath,Ahmedabad,—,TR01M1K1S8C75G9Z3XKX7M32A4RJ,truck,CONFIRMED,0.905,1070,528,1243,727,,
2026-09-03T07:12:31.650941+00:00,cam02,Janpath,Ahmedabad,—,TR01M1K1S8C7QJD6EVYSTS1Q3A31,vehicle,CONFIRMED,0.384,408,936,756,1080,,
2026-09-03T07:12:31.650941+00:00,cam02,Janpath,Ahmedabad,—,TR01M1K1S9CE7BFK6YJRCGAKEP17,vehicle,CONFIRMED,0.490,1080,540,1236,756,,
2026-09-03T07:12:31.650941+00:00,cam02,Janpath,Ahmedabad,—,TR01M1K1SAJSZRR5BJV9G60MZCY3,car,CONFIRMED,0.846,1364,347,1482,441,,
2026-09-03T07:12:31.650941+00:00,cam02,Janpath,Ahmedabad,—,TR01M1K1SBZB5CYSXDA63HRFGJZ4,car,CONFIRMED,0.735,1586,328,1663,421,,
2026-09-03T07:12:31.650941+00:00,cam02,Janpath,Ahmedabad,—,TR01M1K1SCZY9JJTWP8XGZ6G4R3E,car,CONFIRMED,0.817,328,925,768,1078,,
2026-09-03T07:12:31.650941+00:00,cam02,Janpath,Ahmedabad,—,TR01M1K1SD5EZ79PSR1TVP0JA52S,truck,CONFIRMED,0.551,1586,328,1663,421,,
2026-09-03T07:12:31.650941+00:00,cam02,Janpath,Ahmedabad,—,TR01M1K1SDBVPS2MS7CAYDHT8M52,truck,CONFIRMED,0.412,1729,271,1781,327,,
2026-09-03T07:12:31.650941+00:00,cam02,Janpath,Ahmedabad,—,TR01M1K1SDRD80055J8ZYV346WBN,truck,CONFIRMED,0.406,813,147,931,201,,
2026-09-03T07:12:31.650941+00:00,cam02,Janpath,Ahmedabad,—,TR01M1K1SE9TJT4DT0SS4M8KXV3A,car,CONFIRMED,0.631,1728,271,1780,327,,
2026-09-03T07:12:31.650941+00:00,cam02,Janpath,Ahmedabad,—,TR01M1K1SFM33GQ4127HAJVEDGSH,car,CONFIRMED,0.521,208,225,276,263,,
2026-09-03T07:12:31.650941+00:00,cam02,Janpath,Ahmedabad,—,TR01M1K1SFY4GXA7534ZE2TJNNEC,car,CONFIRMED,0.436,1726,241,1747,281,,
2026-09-03T07:12:31.650941+00:00,cam02,Janpath,Ahmedabad,—,TR01M1K1SGWR18A8FZRJW4FBW90S,vehicle,CONFIRMED,0.429,1368,348,1488,456,,
2026-09-03T07:12:38.969577+00:00,cam05,Visat teen Rasta,Ahmedabad,—,TR01M1K1SKXHJ9KCZP7M5HTHTJMN,car,TENTATIVE,0.913,333,552,465,655,,
2026-09-03T07:12:38.969577+00:00,cam05,Visat teen Rasta,Ahmedabad,—,TR01M1K1SKXHBE45TYMTK56QRG79,car,TENTATIVE,0.883,1196,488,1290,567,,
2026-09-03T07:12:38.969577+00:00,cam05,Visat teen Rasta,Ahmedabad,—,TR01M1K1SKXH4TB0401YXZF3A568,car,TENTATIVE,0.872,478,408,536,452,,
2026-09-03T07:12:38.969577+00:00,cam05,Visat teen Rasta,Ahmedabad,—,TR01M1K1SKXHYSP1FV1PMBFZ7JVW,car,TENTATIVE,0.688,284,405,324,435,,
2026-09-03T07:12:38.969577+00:00,cam05,Visat teen Rasta,Ahmedabad,—,TR01M1K1SKXHZ7AY4R9R217QGMH8,car,TENTATIVE,0.642,892,407,919,460,,
2026-09-03T07:12:38.969577+00:00,cam05,Visat teen Rasta,Ahmedabad,—,TR01M1K1SKXHYW4M67PJC2K46YGX,car,TENTATIVE,0.617,440,475,483,515,,
2026-09-03T07:12:38.969577+00:00,cam05,Visat teen Rasta,Ahmedabad,—,TR01M1K1SKXHX409CKH6M444A9YC,truck,TENTATIVE,0.585,196,451,268,521,,
2026-09-03T07:12:38.969577+00:00,cam05,Visat teen Rasta,Ahmedabad,—,TR01M1K1SKXHG8DM6YRX9FXKZ4ZE,bicycle,TENTATIVE,0.546,1507,730,1566,825,,
2026-09-03T07:12:38.969577+00:00,cam05,Visat teen Rasta,Ahmedabad,—,TR01M1K1SKXHV2FZBXCMCXG4SMVJ,car,TENTATIVE,0.517,196,451,268,521,,
2026-09-03T07:12:39.429577+00:00,cam05,Visat teen Rasta,Ahmedabad,—,TR01M1K1SKXHJ9KCZP7M5HTHTJMN,car,TENTATIVE,0.913,333,552,465,655,,
2026-09-03T07:12:39.429577+00:00,cam05,Visat teen Rasta,Ahmedabad,—,TR01M1K1SKXHBE45TYMTK56QRG79,car,CONFIRMED,0.898,1228,509,1338,594,,
2026-09-03T07:12:39.429577+00:00,cam05,Visat teen Rasta,Ahmedabad,—,TR01M1K1SKXH4TB0401YXZF3A568,car,CONFIRMED,0.793,495,403,550,444,,
2026-09-03T07:12:39.429577+00:00,cam05,Visat teen Rasta,Ahmedabad,—,TR01M1K1SKXHYSP1FV1PMBFZ7JVW,car,CONFIRMED,0.598,285,405,323,435,,
2026-09-03T07:12:39.429577+00:00,cam05,Visat teen Rasta,Ahmedabad,—,TR01M1K1SKXHZ7AY4R9R217QGMH8,car,CONFIRMED,0.457,891,430,920,461,,
2026-09-03T07:12:39.429577+00:00,cam05,Visat teen Rasta,Ahmedabad,—,TR01M1K1SKXHYW4M67PJC2K46YGX,car,TENTATIVE,0.617,440,475,483,515,,
2026-09-03T07:12:39.429577+00:00,cam05,Visat teen Rasta,Ahmedabad,—,TR01M1K1SKXHX409CKH6M444A9YC,truck,CONFIRMED,0.552,198,452,270,521,,
2026-09-03T07:12:39.429577+00:00,cam05,Visat teen Rasta,Ahmedabad,—,TR01M1K1SKXHG8DM6YRX9FXKZ4ZE,bicycle,TENTATIVE,0.546,1507,730,1566,825,,
2026-09-03T07:12:39.429577+00:00,cam05,Visat teen Rasta,Ahmedabad,—,TR01M1K1SKXHV2FZBXCMCXG4SMVJ,car,CONFIRMED,0.430,198,452,270,521,,
2026-09-03T07:12:39.429577+00:00,cam05,Visat teen Rasta,Ahmedabad,—,TR01M1K1SM5MN0DK9W30R8122PC7,car,TENTATIVE,0.875,388,521,504,614,,
2026-09-03T07:12:39.429577+00:00,cam05,Visat teen Rasta,Ahmedabad,—,TR01M1K1SM5ME0P50X5MCYMBFQPY,bicycle,TENTATIVE,0.519,1528,773,1596,883,,
2026-09-03T07:12:39.709577+00:00,cam05,Visat teen Rasta,Ahmedabad,—,TR01M1K1SKXHJ9KCZP7M5HTHTJMN,car,TENTATIVE,0.913,333,552,465,655,,
2026-09-03T07:12:39.709577+00:00,cam05,Visat teen Rasta,Ahmedabad,—,TR01M1K1SKXHBE45TYMTK56QRG79,car,CONFIRMED,0.901,1247,523,1370,616,,
2026-09-03T07:12:39.709577+00:00,cam05,Visat teen Rasta,Ahmedabad,—,TR01M1K1SKXH4TB0401YXZF3A568,car,CONFIRMED,0.808,501,398,557,439,,
2026-09-03T07:12:39.709577+00:00,cam05,Visat teen Rasta,Ahmedabad,—,TR01M1K1SKXHYSP1FV1PMBFZ7JVW,car,CONFIRMED,0.582,285,406,323,435,,
2026-09-03T07:12:39.709577+00:00,cam05,Visat teen Rasta,Ahmedabad,—,TR01M1K1SKXHZ7AY4R9R217QGMH8,car,CONFIRMED,0.503,892,429,919,461,,
2026-09-03T07:12:39.709577+00:00,cam05,Visat teen Rasta,Ahmedabad,—,TR01M1K1SKXHYW4M67PJC2K46YGX,car,TENTATIVE,0.617,440,475,483,515,,
2026-09-03T07:12:39.709577+00:00,cam05,Visat teen Rasta,Ahmedabad,—,TR01M1K1SKXHX409CKH6M444A9YC,truck,CONFIRMED,0.562,198,452,269,521,,
2026-09-03T07:12:39.709577+00:00,cam05,Visat teen Rasta,Ahmedabad,—,TR01M1K1SKXHG8DM6YRX9FXKZ4ZE,bicycle,TENTATIVE,0.546,1507,730,1566,825,,
2026-09-03T07:12:39.709577+00:00,cam05,Visat teen Rasta,Ahmedabad,—,TR01M1K1SKXHV2FZBXCMCXG4SMVJ,car,CONFIRMED,0.430,198,452,270,521,,
2026-09-03T07:12:39.709577+00:00,cam05,Visat teen Rasta,Ahmedabad,—,TR01M1K1SM5MN0DK9W30R8122PC7,car,CONFIRMED,0.838,412,512,520,595,,
2026-09-03T07:12:39.709577+00:00,cam05,Visat teen Rasta,Ahmedabad,—,TR01M1K1SM5ME0P50X5MCYMBFQPY,bicycle,CONFIRMED,0.437,1543,806,1606,920,,
2026-09-03T07:12:39.809577+00:00,cam05,Visat teen Rasta,Ahmedabad,—,TR01M1K1SKXHJ9KCZP7M5HTHTJMN,car,TENTATIVE,0.913,333,552,465,655,,
2026-09-03T07:12:39.809577+00:00,cam05,Visat teen Rasta,Ahmedabad,—,TR01M1K1SKXHBE45TYMTK56QRG79,car,CONFIRMED,0.875,1263,530,1384,620,,
2026-09-03T07:12:39.809577+00:00,cam05,Visat teen Rasta,Ahmedabad,—,TR01M1K1SKXH4TB0401YXZF3A568,car,CONFIRMED,0.832,506,397,561,436,,
2026-09-03T07:12:39.809577+00:00,cam05,Visat teen Rasta,Ahmedabad,—,TR01M1K1SKXHYSP1FV1PMBFZ7JVW,car,CONFIRMED,0.608,285,405,323,435,,
2026-09-03T07:12:39.809577+00:00,cam05,Visat teen Rasta,Ahmedabad,—,TR01M1K1SKXHZ7AY4R9R217QGMH8,car,CONFIRMED,0.504,892,430,919,461,,
2026-09-03T07:12:39.809577+00:00,cam05,Visat teen Rasta,Ahmedabad,—,TR01M1K1SKXHYW4M67PJC2K46YGX,car,CONFIRMED,0.485,439,474,484,518,,
2026-09-03T07:12:39.809577+00:00,cam05,Visat teen Rasta,Ahmedabad,—,TR01M1K1SKXHX409CKH6M444A9YC,truck,CONFIRMED,0.558,198,453,268,521,,
2026-09-03T07:12:39.809577+00:00,cam05,Visat teen Rasta,Ahmedabad,—,TR01M1K1SKXHG8DM6YRX9FXKZ4ZE,bicycle,TENTATIVE,0.546,1507,730,1566,825,,
2026-09-03T07:12:39.809577+00:00,cam05,Visat teen Rasta,Ahmedabad,—,TR01M1K1SKXHV2FZBXCMCXG4SMVJ,car,CONFIRMED,0.402,198,452,269,521,,
2026-09-03T07:12:39.809577+00:00,cam05,Visat teen Rasta,Ahmedabad,—,TR01M1K1SM5MN0DK9W30R8122PC7,car,CONFIRMED,0.840,420,509,526,589,,
2026-09-03T07:12:39.809577+00:00,cam05,Visat teen Rasta,Ahmedabad,—,TR01M1K1SM5ME0P50X5MCYMBFQPY,bicycle,CONFIRMED,0.488,1547,818,1614,937,,
2026-09-03T07:12:39.809577+00:00,cam05,Visat teen Rasta,Ahmedabad,—,TR01M1K1SMN9RJ94PEDFCX9FAM31,car,CONFIRMED,0.522,1497,465,1543,509,,
2026-09-03T07:12:40.109577+00:00,cam05,Visat teen Rasta,Ahmedabad,—,TR01M1K1SKXHJ9KCZP7M5HTHTJMN,vehicle,CONFIRMED,0.366,336,504,540,672,,
2026-09-03T07:12:40.109577+00:00,cam05,Visat teen Rasta,Ahmedabad,—,TR01M1K1SKXHBE45TYMTK56QRG79,car,CONFIRMED,0.887,1291,546,1427,652,,
2026-09-03T07:12:40.109577+00:00,cam05,Visat teen Rasta,Ahmedabad,—,TR01M1K1SKXH4TB0401YXZF3A568,car,CONFIRMED,0.829,515,393,568,432,,
2026-09-03T07:12:40.109577+00:00,cam05,Visat teen Rasta,Ahmedabad,—,TR01M1K1SKXHYSP1FV1PMBFZ7JVW,car,CONFIRMED,0.587,285,405,323,435,,
2026-09-03T07:12:40.109577+00:00,cam05,Visat teen Rasta,Ahmedabad,—,TR01M1K1SKXHZ7AY4R9R217QGMH8,car,CONFIRMED,0.543,892,429,919,461,,
2026-09-03T07:12:40.109577+00:00,cam05,Visat teen Rasta,Ahmedabad,—,TR01M1K1SKXHYW4M67PJC2K46YGX,car,CONFIRMED,0.590,439,474,484,517,,
2026-09-03T07:12:40.109577+00:00,cam05,Visat teen Rasta,Ahmedabad,—,TR01M1K1SKXHX409CKH6M444A9YC,car,CONFIRMED,0.421,198,452,269,521,,
2026-09-03T07:12:40.109577+00:00,cam05,Visat teen Rasta,Ahmedabad,—,TR01M1K1SKXHG8DM6YRX9FXKZ4ZE,bicycle,TENTATIVE,0.546,1507,730,1566,825,,
2026-09-03T07:12:40.109577+00:00,cam05,Visat teen Rasta,Ahmedabad,—,TR01M1K1SKXHV2FZBXCMCXG4SMVJ,truck,CONFIRMED,0.529,198,452,269,521,,
2026-09-03T07:12:40.109577+00:00,cam05,Visat teen Rasta,Ahmedabad,—,TR01M1K1SM5MN0DK9W30R8122PC7,car,CONFIRMED,0.840,443,493,542,568,,
2026-09-03T07:12:40.109577+00:00,cam05,Visat teen Rasta,Ahmedabad,—,TR01M1K1SM5ME0P50X5MCYMBFQPY,vehicle,CONFIRMED,0.427,1560,876,1644,996,,
2026-09-03T07:12:40.109577+00:00,cam05,Visat teen Rasta,Ahmedabad,—,TR01M1K1SMN9RJ94PEDFCX9FAM31,car,CONFIRMED,0.490,1498,464,1543,509,,
2026-09-03T07:12:40.109577+00:00,cam05,Visat teen Rasta,Ahmedabad,—,TR01M1K1SN9CBHTZX3M3VDR5W206,car,TENTATIVE,0.723,0,654,56,739,,
2026-09-03T07:12:40.609577+00:00,cam05,Visat teen Rasta,Ahmedabad,—,TR01M1K1SKXHJ9KCZP7M5HTHTJMN,vehicle,CONFIRMED,0.490,336,564,480,684,,
2026-09-03T07:12:40.609577+00:00,cam05,Visat teen Rasta,Ahmedabad,—,TR01M1K1SKXHBE45TYMTK56QRG79,car,CONFIRMED,0.879,1347,580,1511,703,,
2026-09-03T07:12:40.609577+00:00,cam05,Visat teen Rasta,Ahmedabad,—,TR01M1K1SKXH4TB0401YXZF3A568,car,CONFIRMED,0.824,530,387,578,425,,
2026-09-03T07:12:40.609577+00:00,cam05,Visat teen Rasta,Ahmedabad,—,TR01M1K1SKXHYSP1FV1PMBFZ7JVW,car,CONFIRMED,0.634,286,406,321,436,,
2026-09-03T07:12:40.609577+00:00,cam05,Visat teen Rasta,Ahmedabad,—,TR01M1K1SKXHZ7AY4R9R217QGMH8,car,CONFIRMED,0.429,892,432,917,464,,
2026-09-03T07:12:40.609577+00:00,cam05,Visat teen Rasta,Ahmedabad,—,TR01M1K1SKXHYW4M67PJC2K46YGX,car,CONFIRMED,0.423,440,474,481,514,,
2026-09-03T07:12:40.609577+00:00,cam05,Visat teen Rasta,Ahmedabad,—,TR01M1K1SKXHX409CKH6M444A9YC,truck,CONFIRMED,0.622,188,451,269,521,,
2026-09-03T07:12:40.609577+00:00,cam05,Visat teen Rasta,Ahmedabad,—,TR01M1K1SKXHV2FZBXCMCXG4SMVJ,car,CONFIRMED,0.456,188,451,269,521,,
2026-09-03T07:12:40.609577+00:00,cam05,Visat teen Rasta,Ahmedabad,—,TR01M1K1SM5MN0DK9W30R8122PC7,car,CONFIRMED,0.889,478,471,566,538,,
2026-09-03T07:12:40.609577+00:00,cam05,Visat teen Rasta,Ahmedabad,—,TR01M1K1SM5ME0P50X5MCYMBFQPY,bicycle,CONFIRMED,0.588,1558,925,1651,1074,,
2026-09-03T07:12:40.609577+00:00,cam05,Visat teen Rasta,Ahmedabad,—,TR01M1K1SMN9RJ94PEDFCX9FAM31,car,CONFIRMED,0.490,1498,464,1543,509,,
2026-09-03T07:12:40.609577+00:00,cam05,Visat teen Rasta,Ahmedabad,—,TR01M1K1SN9CBHTZX3M3VDR5W206,car,TENTATIVE,0.723,0,654,56,739,,
2026-09-03T07:12:40.609577+00:00,cam05,Visat teen Rasta,Ahmedabad,—,TR01M1K1SNF5HYPF7KQY5DHGT6YK,truck,TENTATIVE,0.855,0,591,134,723,,
2026-09-03T07:12:40.709577+00:00,cam05,Visat teen Rasta,Ahmedabad,—,TR01M1K1SKXHJ9KCZP7M5HTHTJMN,vehicle,CONFIRMED,0.490,336,564,468,672,,
2026-09-03T07:12:40.709577+00:00,cam05,Visat teen Rasta,Ahmedabad,—,TR01M1K1SKXHBE45TYMTK56QRG79,car,CONFIRMED,0.904,1363,587,1531,715,,
2026-09-03T07:12:40.709577+00:00,cam05,Visat teen Rasta,Ahmedabad,—,TR01M1K1SKXH4TB0401YXZF3A568,car,CONFIRMED,0.806,532,385,581,423,,
2026-09-03T07:12:40.709577+00:00,cam05,Visat teen Rasta,Ahmedabad,—,TR01M1K1SKXHYSP1FV1PMBFZ7JVW,car,CONFIRMED,0.647,286,406,321,436,,
2026-09-03T07:12:40.709577+00:00,cam05,Visat teen Rasta,Ahmedabad,—,TR01M1K1SKXHZ7AY4R9R217QGMH8,car,CONFIRMED,0.410,892,434,917,465,,
2026-09-03T07:12:40.709577+00:00,cam05,Visat teen Rasta,Ahmedabad,—,TR01M1K1SKXHYW4M67PJC2K46YGX,car,CONFIRMED,0.415,440,474,482,514,,
2026-09-03T07:12:40.709577+00:00,cam05,Visat teen Rasta,Ahmedabad,—,TR01M1K1SKXHX409CKH6M444A9YC,car,CONFIRMED,0.462,188,451,269,521,,
2026-09-03T07:12:40.709577+00:00,cam05,Visat teen Rasta,Ahmedabad,—,TR01M1K1SKXHV2FZBXCMCXG4SMVJ,truck,CONFIRMED,0.643,188,451,269,521,,
2026-09-03T07:12:40.709577+00:00,cam05,Visat teen Rasta,Ahmedabad,—,TR01M1K1SM5MN0DK9W30R8122PC7,car,CONFIRMED,0.877,481,469,569,536,,
2026-09-03T07:12:40.709577+00:00,cam05,Visat teen Rasta,Ahmedabad,—,TR01M1K1SM5ME0P50X5MCYMBFQPY,bicycle,CONFIRMED,0.588,1558,925,1651,1074,,
2026-09-03T07:12:40.709577+00:00,cam05,Visat teen Rasta,Ahmedabad,—,TR01M1K1SMN9RJ94PEDFCX9FAM31,car,CONFIRMED,0.490,1498,464,1543,509,,
2026-09-03T07:12:40.709577+00:00,cam05,Visat teen Rasta,Ahmedabad,—,TR01M1K1SN9CBHTZX3M3VDR5W206,car,TENTATIVE,0.723,0,654,56,739,,
2026-09-03T07:12:40.709577+00:00,cam05,Visat teen Rasta,Ahmedabad,—,TR01M1K1SNF5HYPF7KQY5DHGT6YK,truck,CONFIRMED,0.868,0,585,146,720,,
2026-09-03T07:12:40.809577+00:00,cam05,Visat teen Rasta,Ahmedabad,—,TR01M1K1SKXHJ9KCZP7M5HTHTJMN,vehicle,CONFIRMED,0.490,336,564,468,672,,
2026-09-03T07:12:40.809577+00:00,cam05,Visat teen Rasta,Ahmedabad,—,TR01M1K1SKXHBE45TYMTK56QRG79,car,CONFIRMED,0.823,1379,593,1551,726,,
2026-09-03T07:12:40.809577+00:00,cam05,Visat teen Rasta,Ahmedabad,—,TR01M1K1SKXH4TB0401YXZF3A568,car,CONFIRMED,0.843,536,384,584,422,,
2026-09-03T07:12:40.809577+00:00,cam05,Visat teen Rasta,Ahmedabad,—,TR01M1K1SKXHYSP1FV1PMBFZ7JVW,car,CONFIRMED,0.646,286,406,321,436,,
2026-09-03T07:12:40.809577+00:00,cam05,Visat teen Rasta,Ahmedabad,—,TR01M1K1SKXHZ7AY4R9R217QGMH8,car,CONFIRMED,0.417,892,434,917,465,,
2026-09-03T07:12:40.809577+00:00,cam05,Visat teen Rasta,Ahmedabad,—,TR01M1K1SKXHYW4M67PJC2K46YGX,car,CONFIRMED,0.415,440,474,482,514,,
2026-09-03T07:12:40.809577+00:00,cam05,Visat teen Rasta,Ahmedabad,—,TR01M1K1SKXHX409CKH6M444A9YC,truck,CONFIRMED,0.637,190,450,268,521,,
2026-09-03T07:12:40.809577+00:00,cam05,Visat teen Rasta,Ahmedabad,—,TR01M1K1SKXHV2FZBXCMCXG4SMVJ,car,CONFIRMED,0.447,190,450,268,521,,
2026-09-03T07:12:40.809577+00:00,cam05,Visat teen Rasta,Ahmedabad,—,TR01M1K1SM5MN0DK9W30R8122PC7,car,CONFIRMED,0.854,488,465,573,534,,
2026-09-03T07:12:40.809577+00:00,cam05,Visat teen Rasta,Ahmedabad,—,TR01M1K1SM5ME0P50X5MCYMBFQPY,vehicle,CONFIRMED,0.451,1572,984,1656,1080,,
2026-09-03T07:12:40.809577+00:00,cam05,Visat teen Rasta,Ahmedabad,—,TR01M1K1SMN9RJ94PEDFCX9FAM31,car,CONFIRMED,0.490,1498,464,1543,509,,
2026-09-03T07:12:40.809577+00:00,cam05,Visat teen Rasta,Ahmedabad,—,TR01M1K1SN9CBHTZX3M3VDR5W206,car,TENTATIVE,0.723,0,654,56,739,,
2026-09-03T07:12:40.809577+00:00,cam05,Visat teen Rasta,Ahmedabad,—,TR01M1K1SNF5HYPF7KQY5DHGT6YK,truck,CONFIRMED,0.889,0,578,158,716,,
2026-09-03T07:12:40.809577+00:00,cam05,Visat teen Rasta,Ahmedabad,—,TR01M1K1SNT3QVB0G8AS0XN5BBX1,car,CONFIRMED,0.409,1350,406,1383,432,,
2026-09-03T07:12:40.809577+00:00,cam05,Visat teen Rasta,Ahmedabad,—,TR01M1K1SNYTDC8KW9NCTMD7F3K1,car,CONFIRMED,0.512,429,416,455,453,,
2026-09-03T07:12:40.809577+00:00,cam05,Visat teen Rasta,Ahmedabad,—,TR01M1K1SNYTCDHH20NEZG2B1PF5,truck,CONFIRMED,0.508,1378,592,1552,726,,
2026-09-03T07:12:41.109577+00:00,cam05,Visat teen Rasta,Ahmedabad,—,TR01M1K1SKXHJ9KCZP7M5HTHTJMN,vehicle,CONFIRMED,0.486,312,564,468,672,,
2026-09-03T07:12:41.109577+00:00,cam05,Visat teen Rasta,Ahmedabad,—,TR01M1K1SKXHBE45TYMTK56QRG79,car,CONFIRMED,0.922,1427,619,1621,769,,
2026-09-03T07:12:41.109577+00:00,cam05,Visat teen Rasta,Ahmedabad,—,TR01M1K1SKXH4TB0401YXZF3A568,car,CONFIRMED,0.768,544,382,592,418,,
2026-09-03T07:12:41.109577+00:00,cam05,Visat teen Rasta,Ahmedabad,—,TR01M1K1SKXHYSP1FV1PMBFZ7JVW,car,CONFIRMED,0.660,286,406,321,436,,
2026-09-03T07:12:41.109577+00:00,cam05,Visat teen Rasta,Ahmedabad,—,TR01M1K1SKXHZ7AY4R9R217QGMH8,car,CONFIRMED,0.437,892,433,917,464,,
2026-09-03T07:12:41.109577+00:00,cam05,Visat teen Rasta,Ahmedabad,—,TR01M1K1SKXHYW4M67PJC2K46YGX,car,CONFIRMED,0.415,440,474,482,514,,
2026-09-03T07:12:41.109577+00:00,cam05,Visat teen Rasta,Ahmedabad,—,TR01M1K1SKXHX409CKH6M444A9YC,truck,CONFIRMED,0.656,187,451,269,521,,
2026-09-03T07:12:41.109577+00:00,cam05,Visat teen Rasta,Ahmedabad,—,TR01M1K1SKXHV2FZBXCMCXG4SMVJ,car,CONFIRMED,0.428,187,451,269,521,,
2026-09-03T07:12:41.109577+00:00,cam05,Visat teen Rasta,Ahmedabad,—,TR01M1K1SM5MN0DK9W30R8122PC7,car,CONFIRMED,0.866,503,455,584,519,,
2026-09-03T07:12:41.109577+00:00,cam05,Visat teen Rasta,Ahmedabad,—,TR01M1K1SM5ME0P50X5MCYMBFQPY,vehicle,CONFIRMED,0.451,1572,984,1656,1080,,
2026-09-03T07:12:41.109577+00:00,cam05,Visat teen Rasta,Ahmedabad,—,TR01M1K1SMN9RJ94PEDFCX9FAM31,car,CONFIRMED,0.490,1498,464,1543,509,,
2026-09-03T07:12:41.109577+00:00,cam05,Visat teen Rasta,Ahmedabad,—,TR01M1K1SN9CBHTZX3M3VDR5W206,car,TENTATIVE,0.723,0,654,56,739,,
2026-09-03T07:12:41.109577+00:00,cam05,Visat teen Rasta,Ahmedabad,—,TR01M1K1SNF5HYPF7KQY5DHGT6YK,truck,CONFIRMED,0.865,18,563,193,681,,
2026-09-03T07:12:41.109577+00:00,cam05,Visat teen Rasta,Ahmedabad,—,TR01M1K1SNT3QVB0G8AS0XN5BBX1,car,CONFIRMED,0.409,1350,406,1383,432,,
2026-09-03T07:12:41.109577+00:00,cam05,Visat teen Rasta,Ahmedabad,—,TR01M1K1SNYTDC8KW9NCTMD7F3K1,car,CONFIRMED,0.512,429,416,455,453,,
2026-09-03T07:12:41.109577+00:00,cam05,Visat teen Rasta,Ahmedabad,—,TR01M1K1SNYTCDHH20NEZG2B1PF5,truck,CONFIRMED,0.509,1426,619,1622,770,,
2026-09-03T07:12:41.529577+00:00,cam05,Visat teen Rasta,Ahmedabad,—,TR01M1K1SKXHJ9KCZP7M5HTHTJMN,truck,CONFIRMED,0.883,87,541,243,653,,
2026-09-03T07:12:41.529577+00:00,cam05,Visat teen Rasta,Ahmedabad,—,TR01M1K1SKXHBE45TYMTK56QRG79,vehicle,CONFIRMED,0.490,1524,684,1740,864,,
2026-09-03T07:12:41.529577+00:00,cam05,Visat teen Rasta,Ahmedabad,—,TR01M1K1SKXH4TB0401YXZF3A568,car,CONFIRMED,0.716,556,382,599,412,,
2026-09-03T07:12:41.529577+00:00,cam05,Visat teen Rasta,Ahmedabad,—,TR01M1K1SKXHYSP1FV1PMBFZ7JVW,car,CONFIRMED,0.490,288,406,324,433,,
2026-09-03T07:12:41.529577+00:00,cam05,Visat teen Rasta,Ahmedabad,—,TR01M1K1SKXHZ7AY4R9R217QGMH8,car,CONFIRMED,0.420,890,435,919,463,,
2026-09-03T07:12:41.529577+00:00,cam05,Visat teen Rasta,Ahmedabad,—,TR01M1K1SKXHYW4M67PJC2K46YGX,car,CONFIRMED,0.415,440,474,482,514,,
2026-09-03T07:12:41.529577+00:00,cam05,Visat teen Rasta,Ahmedabad,—,TR01M1K1SKXHX409CKH6M444A9YC,truck,CONFIRMED,0.718,190,449,267,522,,
2026-09-03T07:12:41.529577+00:00,cam05,Visat teen Rasta,Ahmedabad,—,TR01M1K1SKXHV2FZBXCMCXG4SMVJ,car,CONFIRMED,0.467,190,449,267,522,,
2026-09-03T07:12:41.529577+00:00,cam05,Visat teen Rasta,Ahmedabad,—,TR01M1K1SM5MN0DK9W30R8122PC7,truck,CONFIRMED,0.575,527,441,599,500,,
2026-09-03T07:12:41.529577+00:00,cam05,Visat teen Rasta,Ahmedabad,—,TR01M1K1SM5ME0P50X5MCYMBFQPY,vehicle,CONFIRMED,0.451,1572,984,1656,1080,,
2026-09-03T07:12:41.529577+00:00,cam05,Visat teen Rasta,Ahmedabad,—,TR01M1K1SMN9RJ94PEDFCX9FAM31,car,CONFIRMED,0.490,1498,464,1543,509,,
2026-09-03T07:12:41.529577+00:00,cam05,Visat teen Rasta,Ahmedabad,—,TR01M1K1SN9CBHTZX3M3VDR5W206,car,TENTATIVE,0.723,0,654,56,739,,
2026-09-03T07:12:41.529577+00:00,cam05,Visat teen Rasta,Ahmedabad,—,TR01M1K1SNF5HYPF7KQY5DHGT6YK,car,CONFIRMED,0.447,88,541,243,653,,
2026-09-03T07:12:41.529577+00:00,cam05,Visat teen Rasta,Ahmedabad,—,TR01M1K1SNT3QVB0G8AS0XN5BBX1,car,CONFIRMED,0.409,1350,406,1383,432,,
2026-09-03T07:12:41.529577+00:00,cam05,Visat teen Rasta,Ahmedabad,—,TR01M1K1SNYTDC8KW9NCTMD7F3K1,car,CONFIRMED,0.512,429,416,455,453,,
2026-09-03T07:12:41.529577+00:00,cam05,Visat teen Rasta,Ahmedabad,—,TR01M1K1SNYTCDHH20NEZG2B1PF5,car,CONFIRMED,0.927,1509,663,1743,834,,
2026-09-03T07:12:41.529577+00:00,cam05,Visat teen Rasta,Ahmedabad,—,TR01M1K1SPNDHT4S1J5G38V4EDRJ,car,TENTATIVE,0.843,527,441,598,499,,
2026-09-03T07:12:41.529577+00:00,cam05,Visat teen Rasta,Ahmedabad,—,TR01M1K1SPNDQB7DGQD22JSVKDRF,car,TENTATIVE,0.527,558,392,600,412,,
2026-09-03T07:12:41.709577+00:00,cam05,Visat teen Rasta,Ahmedabad,—,TR01M1K1SKXHJ9KCZP7M5HTHTJMN,vehicle,CONFIRMED,0.490,108,540,264,660,,
2026-09-03T07:12:41.709577+00:00,cam05,Visat teen Rasta,Ahmedabad,—,TR01M1K1SKXHBE45TYMTK56QRG79,vehicle,CONFIRMED,0.455,1524,684,1788,900,,
2026-09-03T07:12:41.709577+00:00,cam05,Visat teen Rasta,Ahmedabad,—,TR01M1K1SKXH4TB0401YXZF3A568,truck,CONFIRMED,0.442,560,377,598,410,,
2026-09-03T07:12:41.709577+00:00,cam05,Visat teen Rasta,Ahmedabad,—,TR01M1K1SKXHYSP1FV1PMBFZ7JVW,car,CONFIRMED,0.505,288,406,324,433,,
2026-09-03T07:12:41.709577+00:00,cam05,Visat teen Rasta,Ahmedabad,—,TR01M1K1SKXHZ7AY4R9R217QGMH8,car,CONFIRMED,0.432,891,433,919,462,,
2026-09-03T07:12:41.709577+00:00,cam05,Visat teen Rasta,Ahmedabad,—,TR01M1K1SKXHYW4M67PJC2K46YGX,car,CONFIRMED,0.409,439,473,485,514,,
2026-09-03T07:12:41.709577+00:00,cam05,Visat teen Rasta,Ahmedabad,—,TR01M1K1SKXHX409CKH6M444A9YC,truck,CONFIRMED,0.761,190,449,266,522,,
2026-09-03T07:12:41.709577+00:00,cam05,Visat teen Rasta,Ahmedabad,—,TR01M1K1SKXHV2FZBXCMCXG4SMVJ,car,CONFIRMED,0.407,190,449,266,522,,
2026-09-03T07:12:41.709577+00:00,cam05,Visat teen Rasta,Ahmedabad,—,TR01M1K1SM5MN0DK9W30R8122PC7,car,CONFIRMED,0.790,534,436,605,492,,
2026-09-03T07:12:41.709577+00:00,cam05,Visat teen Rasta,Ahmedabad,—,TR01M1K1SM5ME0P50X5MCYMBFQPY,vehicle,CONFIRMED,0.451,1572,984,1656,1080,,
2026-09-03T07:12:41.709577+00:00,cam05,Visat teen Rasta,Ahmedabad,—,TR01M1K1SNF5HYPF7KQY5DHGT6YK,truck,CONFIRMED,0.902,109,534,257,643,,
2026-09-03T07:12:41.709577+00:00,cam05,Visat teen Rasta,Ahmedabad,—,TR01M1K1SNT3QVB0G8AS0XN5BBX1,car,CONFIRMED,0.446,1354,403,1400,438,,
2026-09-03T07:12:41.709577+00:00,cam05,Visat teen Rasta,Ahmedabad,—,TR01M1K1SNYTDC8KW9NCTMD7F3K1,car,CONFIRMED,0.512,429,416,455,453,,
2026-09-03T07:12:41.709577+00:00,cam05,Visat teen Rasta,Ahmedabad,—,TR01M1K1SNYTCDHH20NEZG2B1PF5,car,CONFIRMED,0.933,1546,681,1797,864,,
2026-09-03T07:12:41.709577+00:00,cam05,Visat teen Rasta,Ahmedabad,—,TR01M1K1SPNDHT4S1J5G38V4EDRJ,truck,CONFIRMED,0.588,534,436,605,492,,
2026-09-03T07:12:41.709577+00:00,cam05,Visat teen Rasta,Ahmedabad,—,TR01M1K1SPNDQB7DGQD22JSVKDRF,car,CONFIRMED,0.688,562,388,600,411,,
2026-09-03T07:12:41.709577+00:00,cam05,Visat teen Rasta,Ahmedabad,—,TR01M1K1SPVQWA6JWEBKZ295WMVM,truck,TENTATIVE,0.523,795,367,891,468,,
2026-09-03T07:12:41.809577+00:00,cam05,Visat teen Rasta,Ahmedabad,—,TR01M1K1SKXHJ9KCZP7M5HTHTJMN,truck,CONFIRMED,0.876,124,530,268,635,,
2026-09-03T07:12:41.809577+00:00,cam05,Visat teen Rasta,Ahmedabad,—,TR01M1K1SKXHBE45TYMTK56QRG79,vehicle,CONFIRMED,0.432,1584,696,1836,924,,
2026-09-03T07:12:41.809577+00:00,cam05,Visat teen Rasta,Ahmedabad,—,TR01M1K1SKXH4TB0401YXZF3A568,car,CONFIRMED,0.495,561,375,595,395,,
2026-09-03T07:12:41.809577+00:00,cam05,Visat teen Rasta,Ahmedabad,—,TR01M1K1SKXHYSP1FV1PMBFZ7JVW,car,CONFIRMED,0.430,287,406,324,433,,
2026-09-03T07:12:41.809577+00:00,cam05,Visat teen Rasta,Ahmedabad,—,TR01M1K1SKXHZ7AY4R9R217QGMH8,car,CONFIRMED,0.415,890,404,919,458,,
2026-09-03T07:12:41.809577+00:00,cam05,Visat teen Rasta,Ahmedabad,—,TR01M1K1SKXHYW4M67PJC2K46YGX,car,CONFIRMED,0.403,439,474,485,515,,
2026-09-03T07:12:41.809577+00:00,cam05,Visat teen Rasta,Ahmedabad,—,TR01M1K1SKXHX409CKH6M444A9YC,car,CONFIRMED,0.456,189,449,267,522,,
2026-09-03T07:12:41.809577+00:00,cam05,Visat teen Rasta,Ahmedabad,—,TR01M1K1SKXHV2FZBXCMCXG4SMVJ,truck,CONFIRMED,0.743,189,449,267,522,,
2026-09-03T07:12:41.809577+00:00,cam05,Visat teen Rasta,Ahmedabad,—,TR01M1K1SM5MN0DK9W30R8122PC7,car,CONFIRMED,0.854,537,434,609,488,,
2026-09-03T07:12:41.809577+00:00,cam05,Visat teen Rasta,Ahmedabad,—,TR01M1K1SM5ME0P50X5MCYMBFQPY,vehicle,CONFIRMED,0.451,1572,984,1656,1080,,
2026-09-03T07:12:41.809577+00:00,cam05,Visat teen Rasta,Ahmedabad,—,TR01M1K1SNF5HYPF7KQY5DHGT6YK,car,CONFIRMED,0.512,124,530,269,635,,
2026-09-03T07:12:41.809577+00:00,cam05,Visat teen Rasta,Ahmedabad,—,TR01M1K1SNT3QVB0G8AS0XN5BBX1,car,CONFIRMED,0.521,1354,404,1403,439,,
2026-09-03T07:12:41.809577+00:00,cam05,Visat teen Rasta,Ahmedabad,—,TR01M1K1SNYTDC8KW9NCTMD7F3K1,car,CONFIRMED,0.512,429,416,455,453,,
2026-09-03T07:12:41.809577+00:00,cam05,Visat teen Rasta,Ahmedabad,—,TR01M1K1SNYTCDHH20NEZG2B1PF5,car,CONFIRMED,0.936,1569,693,1833,886,,
2026-09-03T07:12:41.809577+00:00,cam05,Visat teen Rasta,Ahmedabad,—,TR01M1K1SPNDHT4S1J5G38V4EDRJ,truck,CONFIRMED,0.443,537,434,609,488,,
2026-09-03T07:12:41.809577+00:00,cam05,Visat teen Rasta,Ahmedabad,—,TR01M1K1SPNDQB7DGQD22JSVKDRF,car,CONFIRMED,0.652,563,382,602,409,,
2026-09-03T07:12:41.809577+00:00,cam05,Visat teen Rasta,Ahmedabad,—,TR01M1K1SPVQWA6JWEBKZ295WMVM,truck,CONFIRMED,0.545,795,368,891,468,,
2026-09-03T07:12:41.809577+00:00,cam05,Visat teen Rasta,Ahmedabad,—,TR01M1K1SQ73B2HX0NXE6TFZ8K06,car,CONFIRMED,0.767,562,377,602,409,,
2026-09-03T07:12:42.169577+00:00,cam05,Visat teen Rasta,Ahmedabad,—,TR01M1K1SKXHJ9KCZP7M5HTHTJMN,car,CONFIRMED,0.573,172,513,302,614,,
2026-09-03T07:12:42.169577+00:00,cam05,Visat teen Rasta,Ahmedabad,—,TR01M1K1SKXHBE45TYMTK56QRG79,vehicle,CONFIRMED,0.413,1680,756,1920,1020,,
2026-09-03T07:12:42.169577+00:00,cam05,Visat teen Rasta,Ahmedabad,—,TR01M1K1SKXH4TB0401YXZF3A568,car,CONFIRMED,0.495,561,375,595,395,,
2026-09-03T07:12:42.169577+00:00,cam05,Visat teen Rasta,Ahmedabad,—,TR01M1K1SKXHYSP1FV1PMBFZ7JVW,car,CONFIRMED,0.550,288,406,323,433,,
2026-09-03T07:12:42.169577+00:00,cam05,Visat teen Rasta,Ahmedabad,—,TR01M1K1SKXHZ7AY4R9R217QGMH8,car,CONFIRMED,0.415,890,404,919,458,,
2026-09-03T07:12:42.169577+00:00,cam05,Visat teen Rasta,Ahmedabad,—,TR01M1K1SKXHYW4M67PJC2K46YGX,car,CONFIRMED,0.457,439,473,486,515,,
2026-09-03T07:12:42.169577+00:00,cam05,Visat teen Rasta,Ahmedabad,—,TR01M1K1SKXHX409CKH6M444A9YC,car,CONFIRMED,0.482,197,449,267,510,,
2026-09-03T07:12:42.169577+00:00,cam05,Visat teen Rasta,Ahmedabad,—,TR01M1K1SKXHV2FZBXCMCXG4SMVJ,truck,CONFIRMED,0.555,197,449,267,510,,
2026-09-03T07:12:42.169577+00:00,cam05,Visat teen Rasta,Ahmedabad,—,TR01M1K1SM5MN0DK9W30R8122PC7,car,CONFIRMED,0.815,553,425,618,477,,
2026-09-03T07:12:42.169577+00:00,cam05,Visat teen Rasta,Ahmedabad,—,TR01M1K1SM5ME0P50X5MCYMBFQPY,vehicle,CONFIRMED,0.451,1572,984,1656,1080,,
2026-09-03T07:12:42.169577+00:00,cam05,Visat teen Rasta,Ahmedabad,—,TR01M1K1SNF5HYPF7KQY5DHGT6YK,truck,CONFIRMED,0.829,171,513,302,614,,
2026-09-03T07:12:42.169577+00:00,cam05,Visat teen Rasta,Ahmedabad,—,TR01M1K1SNT3QVB0G8AS0XN5BBX1,car,CONFIRMED,0.411,1357,411,1412,442,,
2026-09-03T07:12:42.169577+00:00,cam05,Visat teen Rasta,Ahmedabad,—,TR01M1K1SNYTDC8KW9NCTMD7F3K1,car,CONFIRMED,0.512,429,416,455,453,,
2026-09-03T07:12:42.169577+00:00,cam05,Visat teen Rasta,Ahmedabad,—,TR01M1K1SNYTCDHH20NEZG2B1PF5,car,CONFIRMED,0.925,1677,752,1919,977,,
2026-09-03T07:12:42.169577+00:00,cam05,Visat teen Rasta,Ahmedabad,—,TR01M1K1SPNDHT4S1J5G38V4EDRJ,truck,CONFIRMED,0.455,553,426,618,478,,
2026-09-03T07:12:42.169577+00:00,cam05,Visat teen Rasta,Ahmedabad,—,TR01M1K1SPNDQB7DGQD22JSVKDRF,car,CONFIRMED,0.733,575,384,608,406,,
2026-09-03T07:12:42.169577+00:00,cam05,Visat teen Rasta,Ahmedabad,—,TR01M1K1SPVQWA6JWEBKZ295WMVM,truck,CONFIRMED,0.466,796,368,891,465,,
2026-09-03T07:12:42.169577+00:00,cam05,Visat teen Rasta,Ahmedabad,—,TR01M1K1SQ73B2HX0NXE6TFZ8K06,car,CONFIRMED,0.767,562,377,602,409,,
2026-09-03T07:12:42.169577+00:00,cam05,Visat teen Rasta,Ahmedabad,—,TR01M1K1SQKHWAFE216ZHCZAB016,truck,TENTATIVE,0.501,0,593,174,957,,
2026-09-03T07:12:42.609577+00:00,cam05,Visat teen Rasta,Ahmedabad,—,TR01M1K1SKXHJ9KCZP7M5HTHTJMN,car,CONFIRMED,0.483,222,498,339,588,,
2026-09-03T07:12:42.609577+00:00,cam05,Visat teen Rasta,Ahmedabad,—,TR01M1K1SKXHBE45TYMTK56QRG79,vehicle,CONFIRMED,0.413,1680,756,1920,1020,,
2026-09-03T07:12:42.609577+00:00,cam05,Visat teen Rasta,Ahmedabad,—,TR01M1K1SKXH4TB0401YXZF3A568,car,CONFIRMED,0.495,561,375,595,395,,
2026-09-03T07:12:42.609577+00:00,cam05,Visat teen Rasta,Ahmedabad,—,TR01M1K1SKXHYSP1FV1PMBFZ7JVW,car,CONFIRMED,0.642,288,404,322,433,,
2026-09-03T07:12:42.609577+00:00,cam05,Visat teen Rasta,Ahmedabad,—,TR01M1K1SKXHZ7AY4R9R217QGMH8,car,CONFIRMED,0.415,890,404,919,458,,
2026-09-03T07:12:42.609577+00:00,cam05,Visat teen Rasta,Ahmedabad,—,TR01M1K1SKXHYW4M67PJC2K46YGX,car,CONFIRMED,0.568,443,475,482,517,,
2026-09-03T07:12:42.609577+00:00,cam05,Visat teen Rasta,Ahmedabad,—,TR01M1K1SKXHX409CKH6M444A9YC,car,CONFIRMED,0.482,197,449,267,510,,
2026-09-03T07:12:42.609577+00:00,cam05,Visat teen Rasta,Ahmedabad,—,TR01M1K1SKXHV2FZBXCMCXG4SMVJ,truck,CONFIRMED,0.555,197,449,267,510,,
2026-09-03T07:12:42.609577+00:00,cam05,Visat teen Rasta,Ahmedabad,—,TR01M1K1SM5MN0DK9W30R8122PC7,truck,CONFIRMED,0.560,570,414,628,465,,
2026-09-03T07:12:42.609577+00:00,cam05,Visat teen Rasta,Ahmedabad,—,TR01M1K1SNF5HYPF7KQY5DHGT6YK,truck,CONFIRMED,0.769,222,498,339,588,,
2026-09-03T07:12:42.609577+00:00,cam05,Visat teen Rasta,Ahmedabad,—,TR01M1K1SNT3QVB0G8AS0XN5BBX1,car,CONFIRMED,0.723,1356,402,1429,447,,
2026-09-03T07:12:42.609577+00:00,cam05,Visat teen Rasta,Ahmedabad,—,TR01M1K1SNYTCDHH20NEZG2B1PF5,car,CONFIRMED,0.821,1837,835,1919,1031,,
2026-09-03T07:12:42.609577+00:00,cam05,Visat teen Rasta,Ahmedabad,—,TR01M1K1SPNDHT4S1J5G38V4EDRJ,car,CONFIRMED,0.792,570,415,628,465,,
2026-09-03T07:12:42.609577+00:00,cam05,Visat teen Rasta,Ahmedabad,—,TR01M1K1SPNDQB7DGQD22JSVKDRF,car,CONFIRMED,0.733,575,384,608,406,,
2026-09-03T07:12:42.609577+00:00,cam05,Visat teen Rasta,Ahmedabad,—,TR01M1K1SPVQWA6JWEBKZ295WMVM,truck,CONFIRMED,0.466,796,368,891,465,,
2026-09-03T07:12:42.609577+00:00,cam05,Visat teen Rasta,Ahmedabad,—,TR01M1K1SQ73B2HX0NXE6TFZ8K06,car,CONFIRMED,0.767,562,377,602,409,,
2026-09-03T07:12:42.609577+00:00,cam05,Visat teen Rasta,Ahmedabad,—,TR01M1K1SQKHWAFE216ZHCZAB016,bus,CONFIRMED,0.831,0,542,282,952,,
2026-09-03T07:12:42.709577+00:00,cam05,Visat teen Rasta,Ahmedabad,—,TR01M1K1SKXHJ9KCZP7M5HTHTJMN,truck,CONFIRMED,0.544,233,494,346,582,,
2026-09-03T07:12:42.709577+00:00,cam05,Visat teen Rasta,Ahmedabad,—,TR01M1K1SKXHBE45TYMTK56QRG79,vehicle,CONFIRMED,0.413,1680,756,1920,1020,,
2026-09-03T07:12:42.709577+00:00,cam05,Visat teen Rasta,Ahmedabad,—,TR01M1K1SKXH4TB0401YXZF3A568,car,CONFIRMED,0.495,561,375,595,395,,
2026-09-03T07:12:42.709577+00:00,cam05,Visat teen Rasta,Ahmedabad,—,TR01M1K1SKXHYSP1FV1PMBFZ7JVW,car,CONFIRMED,0.656,288,404,322,433,,
2026-09-03T07:12:42.709577+00:00,cam05,Visat teen Rasta,Ahmedabad,—,TR01M1K1SKXHZ7AY4R9R217QGMH8,car,CONFIRMED,0.415,890,404,919,458,,
2026-09-03T07:12:42.709577+00:00,cam05,Visat teen Rasta,Ahmedabad,—,TR01M1K1SKXHYW4M67PJC2K46YGX,car,CONFIRMED,0.644,440,476,482,516,,
2026-09-03T07:12:42.709577+00:00,cam05,Visat teen Rasta,Ahmedabad,—,TR01M1K1SKXHX409CKH6M444A9YC,car,CONFIRMED,0.482,197,449,267,510,,
2026-09-03T07:12:42.709577+00:00,cam05,Visat teen Rasta,Ahmedabad,—,TR01M1K1SKXHV2FZBXCMCXG4SMVJ,truck,CONFIRMED,0.555,197,449,267,510,,
2026-09-03T07:12:42.709577+00:00,cam05,Visat teen Rasta,Ahmedabad,—,TR01M1K1SM5MN0DK9W30R8122PC7,vehicle,CONFIRMED,0.479,588,408,648,468,,
2026-09-03T07:12:42.709577+00:00,cam05,Visat teen Rasta,Ahmedabad,—,TR01M1K1SNF5HYPF7KQY5DHGT6YK,car,CONFIRMED,0.723,234,494,346,582,,
2026-09-03T07:12:42.709577+00:00,cam05,Visat teen Rasta,Ahmedabad,—,TR01M1K1SNT3QVB0G8AS0XN5BBX1,car,CONFIRMED,0.767,1355,402,1430,448,,
2026-09-03T07:12:42.709577+00:00,cam05,Visat teen Rasta,Ahmedabad,—,TR01M1K1SNYTCDHH20NEZG2B1PF5,car,CONFIRMED,0.692,1881,877,1919,1048,,
2026-09-03T07:12:42.709577+00:00,cam05,Visat teen Rasta,Ahmedabad,—,TR01M1K1SPNDHT4S1J5G38V4EDRJ,car,CONFIRMED,0.746,575,415,629,461,,
2026-09-03T07:12:42.709577+00:00,cam05,Visat teen Rasta,Ahmedabad,—,TR01M1K1SPNDQB7DGQD22JSVKDRF,car,CONFIRMED,0.733,575,384,608,406,,
2026-09-03T07:12:42.709577+00:00,cam05,Visat teen Rasta,Ahmedabad,—,TR01M1K1SPVQWA6JWEBKZ295WMVM,car,CONFIRMED,0.416,801,365,888,415,,
2026-09-03T07:12:42.709577+00:00,cam05,Visat teen Rasta,Ahmedabad,—,TR01M1K1SQ73B2HX0NXE6TFZ8K06,car,CONFIRMED,0.767,562,377,602,409,,
2026-09-03T07:12:42.709577+00:00,cam05,Visat teen Rasta,Ahmedabad,—,TR01M1K1SQKHWAFE216ZHCZAB016,bus,CONFIRMED,0.823,0,533,302,948,,
2026-09-03T07:12:42.709577+00:00,cam05,Visat teen Rasta,Ahmedabad,—,TR01M1K1SQZM3GW2ZVQC7GZTZ1A7,truck,TENTATIVE,0.503,234,494,346,582,,
2026-09-03T07:12:42.809577+00:00,cam05,Visat teen Rasta,Ahmedabad,—,TR01M1K1SKXHJ9KCZP7M5HTHTJMN,car,CONFIRMED,0.643,240,490,352,574,,
2026-09-03T07:12:42.809577+00:00,cam05,Visat teen Rasta,Ahmedabad,—,TR01M1K1SKXHBE45TYMTK56QRG79,vehicle,CONFIRMED,0.413,1680,756,1920,1020,,
2026-09-03T07:12:42.809577+00:00,cam05,Visat teen Rasta,Ahmedabad,—,TR01M1K1SKXH4TB0401YXZF3A568,car,CONFIRMED,0.495,561,375,595,395,,
2026-09-03T07:12:42.809577+00:00,cam05,Visat teen Rasta,Ahmedabad,—,TR01M1K1SKXHYSP1FV1PMBFZ7JVW,car,CONFIRMED,0.661,288,404,322,433,,
2026-09-03T07:12:42.809577+00:00,cam05,Visat teen Rasta,Ahmedabad,—,TR01M1K1SKXHZ7AY4R9R217QGMH8,car,CONFIRMED,0.415,890,404,919,458,,
2026-09-03T07:12:42.809577+00:00,cam05,Visat teen Rasta,Ahmedabad,—,TR01M1K1SKXHYW4M67PJC2K46YGX,car,CONFIRMED,0.537,441,477,481,514,,
2026-09-03T07:12:42.809577+00:00,cam05,Visat teen Rasta,Ahmedabad,—,TR01M1K1SKXHX409CKH6M444A9YC,truck,CONFIRMED,0.438,198,452,269,507,,
2026-09-03T07:12:42.809577+00:00,cam05,Visat teen Rasta,Ahmedabad,—,TR01M1K1SKXHV2FZBXCMCXG4SMVJ,truck,CONFIRMED,0.555,197,449,267,510,,
2026-09-03T07:12:42.809577+00:00,cam05,Visat teen Rasta,Ahmedabad,—,TR01M1K1SM5MN0DK9W30R8122PC7,truck,CONFIRMED,0.524,579,413,629,459,,
2026-09-03T07:12:42.809577+00:00,cam05,Visat teen Rasta,Ahmedabad,—,TR01M1K1SNF5HYPF7KQY5DHGT6YK,truck,CONFIRMED,0.652,240,490,352,574,,
2026-09-03T07:12:42.809577+00:00,cam05,Visat teen Rasta,Ahmedabad,—,TR01M1K1SNT3QVB0G8AS0XN5BBX1,car,CONFIRMED,0.740,1380,405,1430,447,,
2026-09-03T07:12:42.809577+00:00,cam05,Visat teen Rasta,Ahmedabad,—,TR01M1K1SNYTCDHH20NEZG2B1PF5,car,CONFIRMED,0.692,1881,877,1919,1048,,
2026-09-03T07:12:42.809577+00:00,cam05,Visat teen Rasta,Ahmedabad,—,TR01M1K1SPNDHT4S1J5G38V4EDRJ,car,CONFIRMED,0.703,579,413,629,459,,
2026-09-03T07:12:42.809577+00:00,cam05,Visat teen Rasta,Ahmedabad,—,TR01M1K1SPNDQB7DGQD22JSVKDRF,car,CONFIRMED,0.733,575,384,608,406,,
2026-09-03T07:12:42.809577+00:00,cam05,Visat teen Rasta,Ahmedabad,—,TR01M1K1SPVQWA6JWEBKZ295WMVM,car,CONFIRMED,0.416,801,365,888,415,,
2026-09-03T07:12:42.809577+00:00,cam05,Visat teen Rasta,Ahmedabad,—,TR01M1K1SQ73B2HX0NXE6TFZ8K06,car,CONFIRMED,0.767,562,377,602,409,,
2026-09-03T07:12:42.809577+00:00,cam05,Visat teen Rasta,Ahmedabad,—,TR01M1K1SQKHWAFE216ZHCZAB016,bus,CONFIRMED,0.904,0,525,319,911,,
2026-09-03T07:12:42.809577+00:00,cam05,Visat teen Rasta,Ahmedabad,—,TR01M1K1SQZM3GW2ZVQC7GZTZ1A7,truck,TENTATIVE,0.503,234,494,346,582,,
2026-09-03T07:12:43.029577+00:00,cam05,Visat teen Rasta,Ahmedabad,—,TR01M1K1SKXHJ9KCZP7M5HTHTJMN,truck,CONFIRMED,0.430,261,483,369,554,,
2026-09-03T07:12:43.029577+00:00,cam05,Visat teen Rasta,Ahmedabad,—,TR01M1K1SKXHBE45TYMTK56QRG79,vehicle,CONFIRMED,0.413,1680,756,1920,1020,,
2026-09-03T07:12:43.029577+00:00,cam05,Visat teen Rasta,Ahmedabad,—,TR01M1K1SKXH4TB0401YXZF3A568,car,CONFIRMED,0.495,561,375,595,395,,
2026-09-03T07:12:43.029577+00:00,cam05,Visat teen Rasta,Ahmedabad,—,TR01M1K1SKXHYSP1FV1PMBFZ7JVW,car,CONFIRMED,0.615,288,404,322,433,,
2026-09-03T07:12:43.029577+00:00,cam05,Visat teen Rasta,Ahmedabad,—,TR01M1K1SKXHZ7AY4R9R217QGMH8,car,CONFIRMED,0.415,890,404,919,458,,
2026-09-03T07:12:43.029577+00:00,cam05,Visat teen Rasta,Ahmedabad,—,TR01M1K1SKXHYW4M67PJC2K46YGX,car,CONFIRMED,0.480,440,479,481,514,,
2026-09-03T07:12:43.029577+00:00,cam05,Visat teen Rasta,Ahmedabad,—,TR01M1K1SKXHX409CKH6M444A9YC,truck,CONFIRMED,0.438,198,452,269,507,,
2026-09-03T07:12:43.029577+00:00,cam05,Visat teen Rasta,Ahmedabad,—,TR01M1K1SKXHV2FZBXCMCXG4SMVJ,truck,CONFIRMED,0.555,197,449,267,510,,
2026-09-03T07:12:43.029577+00:00,cam05,Visat teen Rasta,Ahmedabad,—,TR01M1K1SM5MN0DK9W30R8122PC7,car,CONFIRMED,0.490,588,411,622,436,,
2026-09-03T07:12:43.029577+00:00,cam05,Visat teen Rasta,Ahmedabad,—,TR01M1K1SNF5HYPF7KQY5DHGT6YK,car,CONFIRMED,0.702,261,483,369,554,,
2026-09-03T07:12:43.029577+00:00,cam05,Visat teen Rasta,Ahmedabad,—,TR01M1K1SNT3QVB0G8AS0XN5BBX1,car,CONFIRMED,0.678,1387,405,1431,447,,
2026-09-03T07:12:43.029577+00:00,cam05,Visat teen Rasta,Ahmedabad,—,TR01M1K1SNYTCDHH20NEZG2B1PF5,car,CONFIRMED,0.692,1881,877,1919,1048,,
2026-09-03T07:12:43.029577+00:00,cam05,Visat teen Rasta,Ahmedabad,—,TR01M1K1SPNDHT4S1J5G38V4EDRJ,car,CONFIRMED,0.726,588,413,632,453,,
2026-09-03T07:12:43.029577+00:00,cam05,Visat teen Rasta,Ahmedabad,—,TR01M1K1SPNDQB7DGQD22JSVKDRF,car,CONFIRMED,0.733,575,384,608,406,,
2026-09-03T07:12:43.029577+00:00,cam05,Visat teen Rasta,Ahmedabad,—,TR01M1K1SPVQWA6JWEBKZ295WMVM,car,CONFIRMED,0.416,801,365,888,415,,
2026-09-03T07:12:43.029577+00:00,cam05,Visat teen Rasta,Ahmedabad,—,TR01M1K1SQ73B2HX0NXE6TFZ8K06,car,CONFIRMED,0.767,562,377,602,409,,
2026-09-03T07:12:43.029577+00:00,cam05,Visat teen Rasta,Ahmedabad,—,TR01M1K1SQKHWAFE216ZHCZAB016,bus,CONFIRMED,0.917,0,509,360,839,,
2026-09-03T07:12:43.029577+00:00,cam05,Visat teen Rasta,Ahmedabad,—,TR01M1K1SQZM3GW2ZVQC7GZTZ1A7,truck,TENTATIVE,0.503,234,494,346,582,,
2026-09-03T07:12:43.572577+00:00,cam05,Visat teen Rasta,Ahmedabad,—,TR01M1K1SKXHJ9KCZP7M5HTHTJMN,truck,CONFIRMED,0.430,261,483,369,554,,
2026-09-03T07:12:43.572577+00:00,cam05,Visat teen Rasta,Ahmedabad,—,TR01M1K1SKXHBE45TYMTK56QRG79,vehicle,CONFIRMED,0.413,1680,756,1920,1020,,
2026-09-03T07:12:43.572577+00:00,cam05,Visat teen Rasta,Ahmedabad,—,TR01M1K1SKXHYSP1FV1PMBFZ7JVW,car,CONFIRMED,0.615,288,404,322,433,,
2026-09-03T07:12:43.572577+00:00,cam05,Visat teen Rasta,Ahmedabad,—,TR01M1K1SKXHYW4M67PJC2K46YGX,car,CONFIRMED,0.480,440,479,481,514,,
2026-09-03T07:12:43.572577+00:00,cam05,Visat teen Rasta,Ahmedabad,—,TR01M1K1SKXHX409CKH6M444A9YC,truck,CONFIRMED,0.438,198,452,269,507,,
2026-09-03T07:12:43.572577+00:00,cam05,Visat teen Rasta,Ahmedabad,—,TR01M1K1SKXHV2FZBXCMCXG4SMVJ,truck,CONFIRMED,0.555,197,449,267,510,,
2026-09-03T07:12:43.572577+00:00,cam05,Visat teen Rasta,Ahmedabad,—,TR01M1K1SM5MN0DK9W30R8122PC7,car,CONFIRMED,0.490,588,411,622,436,,
2026-09-03T07:12:43.572577+00:00,cam05,Visat teen Rasta,Ahmedabad,—,TR01M1K1SNF5HYPF7KQY5DHGT6YK,car,CONFIRMED,0.702,261,483,369,554,,
2026-09-03T07:12:43.572577+00:00,cam05,Visat teen Rasta,Ahmedabad,—,TR01M1K1SNT3QVB0G8AS0XN5BBX1,car,CONFIRMED,0.678,1387,405,1431,447,,
2026-09-03T07:12:43.572577+00:00,cam05,Visat teen Rasta,Ahmedabad,—,TR01M1K1SNYTCDHH20NEZG2B1PF5,car,CONFIRMED,0.692,1881,877,1919,1048,,
2026-09-03T07:12:43.572577+00:00,cam05,Visat teen Rasta,Ahmedabad,—,TR01M1K1SPNDHT4S1J5G38V4EDRJ,car,CONFIRMED,0.726,588,413,632,453,,
2026-09-03T07:12:43.572577+00:00,cam05,Visat teen Rasta,Ahmedabad,—,TR01M1K1SPNDQB7DGQD22JSVKDRF,car,CONFIRMED,0.733,575,384,608,406,,
2026-09-03T07:12:43.572577+00:00,cam05,Visat teen Rasta,Ahmedabad,—,TR01M1K1SPVQWA6JWEBKZ295WMVM,car,CONFIRMED,0.416,801,365,888,415,,
2026-09-03T07:12:43.572577+00:00,cam05,Visat teen Rasta,Ahmedabad,—,TR01M1K1SQKHWAFE216ZHCZAB016,bus,CONFIRMED,0.883,76,474,425,750,,
2026-09-03T07:12:43.572577+00:00,cam05,Visat teen Rasta,Ahmedabad,—,TR01M1K1SQZM3GW2ZVQC7GZTZ1A7,truck,TENTATIVE,0.503,234,494,346,582,,
2026-09-03T07:12:43.712577+00:00,cam05,Visat teen Rasta,Ahmedabad,—,TR01M1K1SKXHJ9KCZP7M5HTHTJMN,truck,CONFIRMED,0.430,261,483,369,554,,
2026-09-03T07:12:43.712577+00:00,cam05,Visat teen Rasta,Ahmedabad,—,TR01M1K1SKXHYSP1FV1PMBFZ7JVW,car,CONFIRMED,0.615,288,404,322,433,,
2026-09-03T07:12:43.712577+00:00,cam05,Visat teen Rasta,Ahmedabad,—,TR01M1K1SKXHYW4M67PJC2K46YGX,car,CONFIRMED,0.480,440,479,481,514,,
2026-09-03T07:12:43.712577+00:00,cam05,Visat teen Rasta,Ahmedabad,—,TR01M1K1SKXHX409CKH6M444A9YC,truck,CONFIRMED,0.438,198,452,269,507,,
2026-09-03T07:12:43.712577+00:00,cam05,Visat teen Rasta,Ahmedabad,—,TR01M1K1SM5MN0DK9W30R8122PC7,car,CONFIRMED,0.490,588,411,622,436,,
2026-09-03T07:12:43.712577+00:00,cam05,Visat teen Rasta,Ahmedabad,—,TR01M1K1SNF5HYPF7KQY5DHGT6YK,car,CONFIRMED,0.702,261,483,369,554,,
2026-09-03T07:12:43.712577+00:00,cam05,Visat teen Rasta,Ahmedabad,—,TR01M1K1SNT3QVB0G8AS0XN5BBX1,car,CONFIRMED,0.678,1387,405,1431,447,,
2026-09-03T07:12:43.712577+00:00,cam05,Visat teen Rasta,Ahmedabad,—,TR01M1K1SNYTCDHH20NEZG2B1PF5,car,CONFIRMED,0.692,1881,877,1919,1048,,
2026-09-03T07:12:43.712577+00:00,cam05,Visat teen Rasta,Ahmedabad,—,TR01M1K1SPNDHT4S1J5G38V4EDRJ,car,CONFIRMED,0.726,588,413,632,453,,
2026-09-03T07:12:43.712577+00:00,cam05,Visat teen Rasta,Ahmedabad,—,TR01M1K1SPVQWA6JWEBKZ295WMVM,car,CONFIRMED,0.416,801,365,888,415,,
2026-09-03T07:12:43.712577+00:00,cam05,Visat teen Rasta,Ahmedabad,—,TR01M1K1SQKHWAFE216ZHCZAB016,bus,CONFIRMED,0.900,113,463,438,734,,
2026-09-03T07:12:43.712577+00:00,cam05,Visat teen Rasta,Ahmedabad,—,TR01M1K1SQZM3GW2ZVQC7GZTZ1A7,truck,TENTATIVE,0.503,234,494,346,582,,
2026-09-03T07:12:43.812577+00:00,cam05,Visat teen Rasta,Ahmedabad,—,TR01M1K1SKXHJ9KCZP7M5HTHTJMN,truck,CONFIRMED,0.430,261,483,369,554,,
2026-09-03T07:12:43.812577+00:00,cam05,Visat teen Rasta,Ahmedabad,—,TR01M1K1SKXHYSP1FV1PMBFZ7JVW,car,CONFIRMED,0.615,288,404,322,433,,
2026-09-03T07:12:43.812577+00:00,cam05,Visat teen Rasta,Ahmedabad,—,TR01M1K1SKXHYW4M67PJC2K46YGX,car,CONFIRMED,0.480,440,479,481,514,,
2026-09-03T07:12:43.812577+00:00,cam05,Visat teen Rasta,Ahmedabad,—,TR01M1K1SKXHX409CKH6M444A9YC,truck,CONFIRMED,0.438,198,452,269,507,,
2026-09-03T07:12:43.812577+00:00,cam05,Visat teen Rasta,Ahmedabad,—,TR01M1K1SM5MN0DK9W30R8122PC7,car,CONFIRMED,0.490,588,411,622,436,,
2026-09-03T07:12:43.812577+00:00,cam05,Visat teen Rasta,Ahmedabad,—,TR01M1K1SNF5HYPF7KQY5DHGT6YK,car,CONFIRMED,0.702,261,483,369,554,,
2026-09-03T07:12:43.812577+00:00,cam05,Visat teen Rasta,Ahmedabad,—,TR01M1K1SNT3QVB0G8AS0XN5BBX1,car,CONFIRMED,0.678,1387,405,1431,447,,
2026-09-03T07:12:43.812577+00:00,cam05,Visat teen Rasta,Ahmedabad,—,TR01M1K1SNYTCDHH20NEZG2B1PF5,car,CONFIRMED,0.692,1881,877,1919,1048,,
2026-09-03T07:12:43.812577+00:00,cam05,Visat teen Rasta,Ahmedabad,—,TR01M1K1SPNDHT4S1J5G38V4EDRJ,car,CONFIRMED,0.726,588,413,632,453,,
2026-09-03T07:12:43.812577+00:00,cam05,Visat teen Rasta,Ahmedabad,—,TR01M1K1SPVQWA6JWEBKZ295WMVM,car,CONFIRMED,0.416,801,365,888,415,,
2026-09-03T07:12:43.812577+00:00,cam05,Visat teen Rasta,Ahmedabad,—,TR01M1K1SQKHWAFE216ZHCZAB016,bus,CONFIRMED,0.849,138,457,443,724,,
2026-09-03T07:12:43.812577+00:00,cam05,Visat teen Rasta,Ahmedabad,—,TR01M1K1SQZM3GW2ZVQC7GZTZ1A7,truck,TENTATIVE,0.503,234,494,346,582,,
2026-09-03T07:12:43.812577+00:00,cam05,Visat teen Rasta,Ahmedabad,—,TR01M1K1SSJ2PXVE8VVSYQQJJXHE,vehicle,CONFIRMED,0.490,144,456,456,780,,
2026-09-03T07:12:44.412577+00:00,cam05,Visat teen Rasta,Ahmedabad,—,TR01M1K1SKXHJ9KCZP7M5HTHTJMN,truck,CONFIRMED,0.430,261,483,369,554,,
2026-09-03T07:12:44.412577+00:00,cam05,Visat teen Rasta,Ahmedabad,—,TR01M1K1SKXHYSP1FV1PMBFZ7JVW,car,CONFIRMED,0.447,285,410,321,435,,
2026-09-03T07:12:44.412577+00:00,cam05,Visat teen Rasta,Ahmedabad,—,TR01M1K1SM5MN0DK9W30R8122PC7,car,CONFIRMED,0.490,588,411,622,436,,
2026-09-03T07:12:44.412577+00:00,cam05,Visat teen Rasta,Ahmedabad,—,TR01M1K1SNF5HYPF7KQY5DHGT6YK,car,CONFIRMED,0.702,261,483,369,554,,
2026-09-03T07:12:44.412577+00:00,cam05,Visat teen Rasta,Ahmedabad,—,TR01M1K1SNT3QVB0G8AS0XN5BBX1,car,CONFIRMED,0.678,1387,405,1431,447,,
2026-09-03T07:12:44.412577+00:00,cam05,Visat teen Rasta,Ahmedabad,—,TR01M1K1SPNDHT4S1J5G38V4EDRJ,car,CONFIRMED,0.726,588,413,632,453,,
2026-09-03T07:12:44.412577+00:00,cam05,Visat teen Rasta,Ahmedabad,—,TR01M1K1SQKHWAFE216ZHCZAB016,vehicle,CONFIRMED,0.490,252,444,504,696,,
2026-09-03T07:12:44.412577+00:00,cam05,Visat teen Rasta,Ahmedabad,—,TR01M1K1SSJ2PXVE8VVSYQQJJXHE,bus,CONFIRMED,0.588,157,457,450,715,,
2026-09-03T07:12:44.412577+00:00,cam05,Visat teen Rasta,Ahmedabad,—,TR01M1K1SSWRGN3D8M0T0452MBWH,bus,CONFIRMED,0.874,257,438,496,641,,
2026-09-03T07:12:44.712577+00:00,cam05,Visat teen Rasta,Ahmedabad,—,TR01M1K1SKXHYSP1FV1PMBFZ7JVW,car,CONFIRMED,0.464,285,410,322,435,,
2026-09-03T07:12:44.712577+00:00,cam05,Visat teen Rasta,Ahmedabad,—,TR01M1K1SQKHWAFE216ZHCZAB016,bus,CONFIRMED,0.557,302,426,512,615,,
2026-09-03T07:12:44.712577+00:00,cam05,Visat teen Rasta,Ahmedabad,—,TR01M1K1SSJ2PXVE8VVSYQQJJXHE,bus,CONFIRMED,0.588,157,457,450,715,,
2026-09-03T07:12:44.712577+00:00,cam05,Visat teen Rasta,Ahmedabad,—,TR01M1K1SSWRGN3D8M0T0452MBWH,bus,CONFIRMED,0.787,301,426,512,616,,
2026-09-03T07:12:44.812577+00:00,cam05,Visat teen Rasta,Ahmedabad,—,TR01M1K1SKXHYSP1FV1PMBFZ7JVW,car,CONFIRMED,0.432,285,410,321,435,,
2026-09-03T07:12:44.812577+00:00,cam05,Visat teen Rasta,Ahmedabad,—,TR01M1K1SQKHWAFE216ZHCZAB016,bus,CONFIRMED,0.896,314,423,520,600,,
2026-09-03T07:12:44.812577+00:00,cam05,Visat teen Rasta,Ahmedabad,—,TR01M1K1SSJ2PXVE8VVSYQQJJXHE,bus,CONFIRMED,0.588,157,457,450,715,,
2026-09-03T07:12:44.812577+00:00,cam05,Visat teen Rasta,Ahmedabad,—,TR01M1K1SSWRGN3D8M0T0452MBWH,vehicle,CONFIRMED,0.434,324,408,564,648,,
2026-09-03T07:12:45.312577+00:00,cam05,Visat teen Rasta,Ahmedabad,—,TR01M1K1SKXHYSP1FV1PMBFZ7JVW,car,CONFIRMED,0.416,285,410,321,435,,
2026-09-03T07:12:45.312577+00:00,cam05,Visat teen Rasta,Ahmedabad,—,TR01M1K1SQKHWAFE216ZHCZAB016,bus,CONFIRMED,0.698,368,405,553,570,,
2026-09-03T07:12:45.312577+00:00,cam05,Visat teen Rasta,Ahmedabad,—,TR01M1K1SSJ2PXVE8VVSYQQJJXHE,bus,CONFIRMED,0.588,157,457,450,715,,
2026-09-03T07:12:45.312577+00:00,cam05,Visat teen Rasta,Ahmedabad,—,TR01M1K1SSWRGN3D8M0T0452MBWH,vehicle,CONFIRMED,0.490,324,420,528,648,,
2026-09-03T07:12:45.312577+00:00,cam05,Visat teen Rasta,Ahmedabad,—,TR01M1K1SV6ZB76KP62PB7HT5Z55,truck,TENTATIVE,0.676,197,446,269,521,,
2026-09-03T07:12:45.312577+00:00,cam05,Visat teen Rasta,Ahmedabad,—,TR01M1K1SV6ZW2KBR0HPMQT88FQ7,bicycle,TENTATIVE,0.595,1598,591,1650,651,,
2026-09-03T07:12:45.312577+00:00,cam05,Visat teen Rasta,Ahmedabad,—,TR01M1K1SV6Z5NYZ1XA1FZS29RA5,truck,TENTATIVE,0.549,368,405,553,570,,
2026-09-03T07:12:45.672577+00:00,cam05,Visat teen Rasta,Ahmedabad,—,TR01M1K1SKXHYSP1FV1PMBFZ7JVW,car,CONFIRMED,0.416,285,410,321,435,,
2026-09-03T07:12:45.672577+00:00,cam05,Visat teen Rasta,Ahmedabad,—,TR01M1K1SQKHWAFE216ZHCZAB016,truck,CONFIRMED,0.562,404,398,568,564,,
2026-09-03T07:12:45.672577+00:00,cam05,Visat teen Rasta,Ahmedabad,—,TR01M1K1SSWRGN3D8M0T0452MBWH,vehicle,CONFIRMED,0.490,324,420,528,648,,
2026-09-03T07:12:45.672577+00:00,cam05,Visat teen Rasta,Ahmedabad,—,TR01M1K1SV6ZB76KP62PB7HT5Z55,truck,CONFIRMED,0.644,197,447,269,520,,
2026-09-03T07:12:45.672577+00:00,cam05,Visat teen Rasta,Ahmedabad,—,TR01M1K1SV6ZW2KBR0HPMQT88FQ7,bicycle,TENTATIVE,0.595,1598,591,1650,651,,
2026-09-03T07:12:45.672577+00:00,cam05,Visat teen Rasta,Ahmedabad,—,TR01M1K1SV6Z5NYZ1XA1FZS29RA5,bus,CONFIRMED,0.763,404,398,568,564,,
2026-09-03T07:12:45.672577+00:00,cam05,Visat teen Rasta,Ahmedabad,—,TR01M1K1SVCWJ3KEYJ806FPRV4D7,car,TENTATIVE,0.608,1047,362,1127,451,,
2026-09-03T07:12:45.672577+00:00,cam05,Visat teen Rasta,Ahmedabad,—,TR01M1K1SVCXQ1P9W4P7AKMVXXH6,truck,TENTATIVE,0.570,1047,362,1127,451,,
2026-09-03T07:12:45.772577+00:00,cam05,Visat teen Rasta,Ahmedabad,—,TR01M1K1SKXHYSP1FV1PMBFZ7JVW,car,CONFIRMED,0.416,285,410,321,435,,
2026-09-03T07:12:45.772577+00:00,cam05,Visat teen Rasta,Ahmedabad,—,TR01M1K1SQKHWAFE216ZHCZAB016,truck,CONFIRMED,0.411,412,396,573,533,,
2026-09-03T07:12:45.772577+00:00,cam05,Visat teen Rasta,Ahmedabad,—,TR01M1K1SSWRGN3D8M0T0452MBWH,vehicle,CONFIRMED,0.490,324,420,528,648,,
2026-09-03T07:12:45.772577+00:00,cam05,Visat teen Rasta,Ahmedabad,—,TR01M1K1SV6ZB76KP62PB7HT5Z55,truck,CONFIRMED,0.651,197,448,269,520,,
2026-09-03T07:12:45.772577+00:00,cam05,Visat teen Rasta,Ahmedabad,—,TR01M1K1SV6ZW2KBR0HPMQT88FQ7,bicycle,TENTATIVE,0.595,1598,591,1650,651,,
2026-09-03T07:12:45.772577+00:00,cam05,Visat teen Rasta,Ahmedabad,—,TR01M1K1SV6Z5NYZ1XA1FZS29RA5,bus,CONFIRMED,0.827,412,396,573,533,,
2026-09-03T07:12:45.772577+00:00,cam05,Visat teen Rasta,Ahmedabad,—,TR01M1K1SVCWJ3KEYJ806FPRV4D7,bus,CONFIRMED,0.504,1053,361,1130,453,,
2026-09-03T07:12:45.772577+00:00,cam05,Visat teen Rasta,Ahmedabad,—,TR01M1K1SVCXQ1P9W4P7AKMVXXH6,car,CONFIRMED,0.484,1053,361,1130,453,,
2026-09-03T07:12:45.772577+00:00,cam05,Visat teen Rasta,Ahmedabad,—,TR01M1K1SVQFY4WFW5C9NMMMQY1Y,truck,CONFIRMED,0.581,1053,361,1130,453,,
2026-09-03T07:12:45.872577+00:00,cam05,Visat teen Rasta,Ahmedabad,—,TR01M1K1SKXHYSP1FV1PMBFZ7JVW,car,CONFIRMED,0.416,285,410,321,435,,
2026-09-03T07:12:45.872577+00:00,cam05,Visat teen Rasta,Ahmedabad,—,TR01M1K1SQKHWAFE216ZHCZAB016,bus,CONFIRMED,0.815,422,393,577,538,,
2026-09-03T07:12:45.872577+00:00,cam05,Visat teen Rasta,Ahmedabad,—,TR01M1K1SSWRGN3D8M0T0452MBWH,vehicle,CONFIRMED,0.490,324,420,528,648,,
2026-09-03T07:12:45.872577+00:00,cam05,Visat teen Rasta,Ahmedabad,—,TR01M1K1SV6ZB76KP62PB7HT5Z55,truck,CONFIRMED,0.644,198,449,268,520,,
2026-09-03T07:12:45.872577+00:00,cam05,Visat teen Rasta,Ahmedabad,—,TR01M1K1SV6ZW2KBR0HPMQT88FQ7,bicycle,TENTATIVE,0.595,1598,591,1650,651,,
2026-09-03T07:12:45.872577+00:00,cam05,Visat teen Rasta,Ahmedabad,—,TR01M1K1SV6Z5NYZ1XA1FZS29RA5,bus,CONFIRMED,0.400,421,394,577,539,,
2026-09-03T07:12:45.872577+00:00,cam05,Visat teen Rasta,Ahmedabad,—,TR01M1K1SVCWJ3KEYJ806FPRV4D7,truck,CONFIRMED,0.488,1055,360,1135,456,,
2026-09-03T07:12:45.872577+00:00,cam05,Visat teen Rasta,Ahmedabad,—,TR01M1K1SVCXQ1P9W4P7AKMVXXH6,bus,CONFIRMED,0.629,1055,360,1135,456,,
2026-09-03T07:12:45.872577+00:00,cam05,Visat teen Rasta,Ahmedabad,—,TR01M1K1SVQFY4WFW5C9NMMMQY1Y,vehicle,CONFIRMED,0.422,1020,336,1152,468,,
2026-09-03T07:12:46.432577+00:00,cam05,Visat teen Rasta,Ahmedabad,—,TR01M1K1SKXHYSP1FV1PMBFZ7JVW,car,CONFIRMED,0.616,288,407,321,434,,
2026-09-03T07:12:46.432577+00:00,cam05,Visat teen Rasta,Ahmedabad,—,TR01M1K1SQKHWAFE216ZHCZAB016,bus,CONFIRMED,0.806,461,382,596,497,,
2026-09-03T07:12:46.432577+00:00,cam05,Visat teen Rasta,Ahmedabad,—,TR01M1K1SV6ZB76KP62PB7HT5Z55,truck,CONFIRMED,0.588,191,447,265,522,,
2026-09-03T07:12:46.432577+00:00,cam05,Visat teen Rasta,Ahmedabad,—,TR01M1K1SV6ZW2KBR0HPMQT88FQ7,bicycle,TENTATIVE,0.595,1598,591,1650,651,,
2026-09-03T07:12:46.432577+00:00,cam05,Visat teen Rasta,Ahmedabad,—,TR01M1K1SV6Z5NYZ1XA1FZS29RA5,vehicle,CONFIRMED,0.490,468,384,612,528,,
2026-09-03T07:12:46.432577+00:00,cam05,Visat teen Rasta,Ahmedabad,—,TR01M1K1SVCWJ3KEYJ806FPRV4D7,vehicle,CONFIRMED,0.471,1056,336,1164,504,,
2026-09-03T07:12:46.432577+00:00,cam05,Visat teen Rasta,Ahmedabad,—,TR01M1K1SVCXQ1P9W4P7AKMVXXH6,bus,CONFIRMED,0.647,1055,365,1154,470,,
2026-09-03T07:12:46.432577+00:00,cam05,Visat teen Rasta,Ahmedabad,—,TR01M1K1SVQFY4WFW5C9NMMMQY1Y,vehicle,CONFIRMED,0.422,1020,336,1152,468,,
2026-09-03T07:12:46.432577+00:00,cam05,Visat teen Rasta,Ahmedabad,—,TR01M1K1SWFNK63A1SF2ZPYDCFDN,bus,TENTATIVE,0.504,191,447,265,522,,
2026-09-03T07:12:46.712577+00:00,cam05,Visat teen Rasta,Ahmedabad,—,TR01M1K1SKXHYSP1FV1PMBFZ7JVW,car,CONFIRMED,0.561,288,407,321,434,,
2026-09-03T07:12:46.712577+00:00,cam05,Visat teen Rasta,Ahmedabad,—,TR01M1K1SQKHWAFE216ZHCZAB016,bus,CONFIRMED,0.681,481,378,607,491,,
2026-09-03T07:12:46.712577+00:00,cam05,Visat teen Rasta,Ahmedabad,—,TR01M1K1SV6ZB76KP62PB7HT5Z55,bus,CONFIRMED,0.535,192,448,265,522,,
2026-09-03T07:12:46.712577+00:00,cam05,Visat teen Rasta,Ahmedabad,—,TR01M1K1SV6ZW2KBR0HPMQT88FQ7,bicycle,TENTATIVE,0.595,1598,591,1650,651,,
2026-09-03T07:12:46.712577+00:00,cam05,Visat teen Rasta,Ahmedabad,—,TR01M1K1SV6Z5NYZ1XA1FZS29RA5,vehicle,CONFIRMED,0.466,480,372,612,528,,
2026-09-03T07:12:46.712577+00:00,cam05,Visat teen Rasta,Ahmedabad,—,TR01M1K1SVCWJ3KEYJ806FPRV4D7,vehicle,CONFIRMED,0.480,1056,360,1164,516,,
2026-09-03T07:12:46.712577+00:00,cam05,Visat teen Rasta,Ahmedabad,—,TR01M1K1SVCXQ1P9W4P7AKMVXXH6,bus,CONFIRMED,0.446,1051,368,1156,476,,
2026-09-03T07:12:46.712577+00:00,cam05,Visat teen Rasta,Ahmedabad,—,TR01M1K1SVQFY4WFW5C9NMMMQY1Y,vehicle,CONFIRMED,0.422,1020,336,1152,468,,
2026-09-03T07:12:46.712577+00:00,cam05,Visat teen Rasta,Ahmedabad,—,TR01M1K1SWFNK63A1SF2ZPYDCFDN,truck,CONFIRMED,0.571,192,448,265,522,,
2026-09-03T07:12:46.712577+00:00,cam05,Visat teen Rasta,Ahmedabad,—,TR01M1K1SWPKEEYVBVRAY481N03H,car,TENTATIVE,0.560,0,604,67,727,,
2026-09-03T07:12:46.712577+00:00,cam05,Visat teen Rasta,Ahmedabad,—,TR01M1K1SWPKST7RHYWE2HWNP41J,truck,TENTATIVE,0.536,0,604,67,727,,
2026-09-03T07:12:46.812577+00:00,cam05,Visat teen Rasta,Ahmedabad,—,TR01M1K1SKXHYSP1FV1PMBFZ7JVW,car,CONFIRMED,0.573,288,406,321,434,,
2026-09-03T07:12:46.812577+00:00,cam05,Visat teen Rasta,Ahmedabad,—,TR01M1K1SQKHWAFE216ZHCZAB016,bus,CONFIRMED,0.827,486,376,612,485,,
2026-09-03T07:12:46.812577+00:00,cam05,Visat teen Rasta,Ahmedabad,—,TR01M1K1SV6ZB76KP62PB7HT5Z55,truck,CONFIRMED,0.607,191,448,265,522,,
2026-09-03T07:12:46.812577+00:00,cam05,Visat teen Rasta,Ahmedabad,—,TR01M1K1SV6ZW2KBR0HPMQT88FQ7,bicycle,TENTATIVE,0.595,1598,591,1650,651,,
2026-09-03T07:12:46.812577+00:00,cam05,Visat teen Rasta,Ahmedabad,—,TR01M1K1SV6Z5NYZ1XA1FZS29RA5,vehicle,CONFIRMED,0.488,492,372,612,516,,
2026-09-03T07:12:46.812577+00:00,cam05,Visat teen Rasta,Ahmedabad,—,TR01M1K1SVCWJ3KEYJ806FPRV4D7,vehicle,CONFIRMED,0.452,1068,360,1164,516,,
2026-09-03T07:12:46.812577+00:00,cam05,Visat teen Rasta,Ahmedabad,—,TR01M1K1SVCXQ1P9W4P7AKMVXXH6,bus,CONFIRMED,0.692,1060,369,1166,476,,
2026-09-03T07:12:46.812577+00:00,cam05,Visat teen Rasta,Ahmedabad,—,TR01M1K1SVQFY4WFW5C9NMMMQY1Y,vehicle,CONFIRMED,0.422,1020,336,1152,468,,
2026-09-03T07:12:46.812577+00:00,cam05,Visat teen Rasta,Ahmedabad,—,TR01M1K1SWFNK63A1SF2ZPYDCFDN,bus,CONFIRMED,0.504,191,448,265,522,,
2026-09-03T07:12:46.812577+00:00,cam05,Visat teen Rasta,Ahmedabad,—,TR01M1K1SWPKEEYVBVRAY481N03H,truck,CONFIRMED,0.606,0,592,86,716,,
2026-09-03T07:12:46.812577+00:00,cam05,Visat teen Rasta,Ahmedabad,—,TR01M1K1SWPKST7RHYWE2HWNP41J,car,CONFIRMED,0.513,0,592,86,716,,
2026-09-03T07:12:47.132577+00:00,cam05,Visat teen Rasta,Ahmedabad,—,TR01M1K1SKXHYSP1FV1PMBFZ7JVW,car,CONFIRMED,0.599,288,406,321,434,,
2026-09-03T07:12:47.132577+00:00,cam05,Visat teen Rasta,Ahmedabad,—,TR01M1K1SQKHWAFE216ZHCZAB016,bus,CONFIRMED,0.759,506,373,624,469,,
2026-09-03T07:12:47.132577+00:00,cam05,Visat teen Rasta,Ahmedabad,—,TR01M1K1SV6ZB76KP62PB7HT5Z55,truck,CONFIRMED,0.624,191,448,266,522,,
2026-09-03T07:12:47.132577+00:00,cam05,Visat teen Rasta,Ahmedabad,—,TR01M1K1SV6Z5NYZ1XA1FZS29RA5,vehicle,CONFIRMED,0.444,492,372,636,504,,
2026-09-03T07:12:47.132577+00:00,cam05,Visat teen Rasta,Ahmedabad,—,TR01M1K1SVCWJ3KEYJ806FPRV4D7,vehicle,CONFIRMED,0.433,1056,372,1164,516,,
2026-09-03T07:12:47.132577+00:00,cam05,Visat teen Rasta,Ahmedabad,—,TR01M1K1SVCXQ1P9W4P7AKMVXXH6,bus,CONFIRMED,0.703,1075,373,1210,497,,
2026-09-03T07:12:47.132577+00:00,cam05,Visat teen Rasta,Ahmedabad,—,TR01M1K1SVQFY4WFW5C9NMMMQY1Y,vehicle,CONFIRMED,0.422,1020,336,1152,468,,
2026-09-03T07:12:47.132577+00:00,cam05,Visat teen Rasta,Ahmedabad,—,TR01M1K1SWFNK63A1SF2ZPYDCFDN,bus,CONFIRMED,0.488,191,448,266,522,,
2026-09-03T07:12:47.132577+00:00,cam05,Visat teen Rasta,Ahmedabad,—,TR01M1K1SWPKEEYVBVRAY481N03H,vehicle,CONFIRMED,0.450,0,612,96,744,,
2026-09-03T07:12:47.132577+00:00,cam05,Visat teen Rasta,Ahmedabad,—,TR01M1K1SWPKST7RHYWE2HWNP41J,truck,CONFIRMED,0.785,24,567,137,686,,
2026-09-03T07:12:47.132577+00:00,cam05,Visat teen Rasta,Ahmedabad,—,TR01M1K1SXNWX4A5KJPDAXK4X473,car,TENTATIVE,0.644,1039,398,1075,434,,
2026-09-03T07:12:47.132577+00:00,cam05,Visat teen Rasta,Ahmedabad,—,TR01M1K1SXNWGFYHA65HA2PG6KJW,car,TENTATIVE,0.509,892,407,917,460,,
2026-09-03T07:12:47.699577+00:00,cam05,Visat teen Rasta,Ahmedabad,—,TR01M1K1SKXHYSP1FV1PMBFZ7JVW,car,CONFIRMED,0.687,283,406,323,434,,
2026-09-03T07:12:47.699577+00:00,cam05,Visat teen Rasta,Ahmedabad,—,TR01M1K1SQKHWAFE216ZHCZAB016,truck,CONFIRMED,0.636,535,369,613,456,,
2026-09-03T07:12:47.699577+00:00,cam05,Visat teen Rasta,Ahmedabad,—,TR01M1K1SV6ZB76KP62PB7HT5Z55,truck,CONFIRMED,0.685,196,452,267,520,,
2026-09-03T07:12:47.699577+00:00,cam05,Visat teen Rasta,Ahmedabad,—,TR01M1K1SV6Z5NYZ1XA1FZS29RA5,bus,CONFIRMED,0.613,535,369,613,456,,
2026-09-03T07:12:47.699577+00:00,cam05,Visat teen Rasta,Ahmedabad,—,TR01M1K1SVCWJ3KEYJ806FPRV4D7,truck,CONFIRMED,0.656,1096,383,1252,520,,
2026-09-03T07:12:47.699577+00:00,cam05,Visat teen Rasta,Ahmedabad,—,TR01M1K1SVCXQ1P9W4P7AKMVXXH6,bus,CONFIRMED,0.684,1096,383,1252,520,,
2026-09-03T07:12:47.699577+00:00,cam05,Visat teen Rasta,Ahmedabad,—,TR01M1K1SWFNK63A1SF2ZPYDCFDN,bus,CONFIRMED,0.427,196,452,267,520,,
2026-09-03T07:12:47.699577+00:00,cam05,Visat teen Rasta,Ahmedabad,—,TR01M1K1SWPKEEYVBVRAY481N03H,vehicle,CONFIRMED,0.450,0,612,96,744,,
2026-09-03T07:12:47.699577+00:00,cam05,Visat teen Rasta,Ahmedabad,—,TR01M1K1SWPKST7RHYWE2HWNP41J,truck,CONFIRMED,0.800,110,540,203,642,,
2026-09-03T07:12:47.699577+00:00,cam05,Visat teen Rasta,Ahmedabad,—,TR01M1K1SXNWX4A5KJPDAXK4X473,car,CONFIRMED,0.508,1053,383,1096,444,,
2026-09-03T07:12:47.699577+00:00,cam05,Visat teen Rasta,Ahmedabad,—,TR01M1K1SXNWGFYHA65HA2PG6KJW,truck,CONFIRMED,0.467,892,401,918,460,,
2026-09-03T07:12:47.699577+00:00,cam05,Visat teen Rasta,Ahmedabad,—,TR01M1K1SXWCFERZRJY98B323A7W,truck,TENTATIVE,0.531,856,790,1046,1078,,
2026-09-03T07:12:47.799577+00:00,cam05,Visat teen Rasta,Ahmedabad,—,TR01M1K1SKXHYSP1FV1PMBFZ7JVW,car,CONFIRMED,0.694,283,406,323,435,,
2026-09-03T07:12:47.799577+00:00,cam05,Visat teen Rasta,Ahmedabad,—,TR01M1K1SQKHWAFE216ZHCZAB016,truck,CONFIRMED,0.652,540,371,616,457,,
2026-09-03T07:12:47.799577+00:00,cam05,Visat teen Rasta,Ahmedabad,—,TR01M1K1SV6ZB76KP62PB7HT5Z55,truck,CONFIRMED,0.632,196,452,267,520,,
2026-09-03T07:12:47.799577+00:00,cam05,Visat teen Rasta,Ahmedabad,—,TR01M1K1SV6Z5NYZ1XA1FZS29RA5,vehicle,CONFIRMED,0.332,492,372,636,480,,
2026-09-03T07:12:47.799577+00:00,cam05,Visat teen Rasta,Ahmedabad,—,TR01M1K1SVCWJ3KEYJ806FPRV4D7,bus,CONFIRMED,0.815,1103,384,1262,523,,
2026-09-03T07:12:47.799577+00:00,cam05,Visat teen Rasta,Ahmedabad,—,TR01M1K1SVCXQ1P9W4P7AKMVXXH6,vehicle,CONFIRMED,0.437,1176,396,1296,564,,
2026-09-03T07:12:47.799577+00:00,cam05,Visat teen Rasta,Ahmedabad,—,TR01M1K1SWFNK63A1SF2ZPYDCFDN,bus,CONFIRMED,0.459,196,452,267,520,,
2026-09-03T07:12:47.799577+00:00,cam05,Visat teen Rasta,Ahmedabad,—,TR01M1K1SWPKEEYVBVRAY481N03H,vehicle,CONFIRMED,0.450,0,612,96,744,,
2026-09-03T07:12:47.799577+00:00,cam05,Visat teen Rasta,Ahmedabad,—,TR01M1K1SWPKST7RHYWE2HWNP41J,car,CONFIRMED,0.607,125,534,213,634,,
2026-09-03T07:12:47.799577+00:00,cam05,Visat teen Rasta,Ahmedabad,—,TR01M1K1SXNWX4A5KJPDAXK4X473,car,CONFIRMED,0.571,1055,383,1099,448,,
2026-09-03T07:12:47.799577+00:00,cam05,Visat teen Rasta,Ahmedabad,—,TR01M1K1SXNWGFYHA65HA2PG6KJW,truck,CONFIRMED,0.459,892,401,918,460,,
2026-09-03T07:12:47.799577+00:00,cam05,Visat teen Rasta,Ahmedabad,—,TR01M1K1SXWCFERZRJY98B323A7W,truck,CONFIRMED,0.512,856,790,1046,1078,,
2026-09-03T07:12:47.799577+00:00,cam05,Visat teen Rasta,Ahmedabad,—,TR01M1K1SY2R9YXGKV5SWNA73PAC,truck,CONFIRMED,0.698,125,534,213,634,,
2026-09-03T07:12:47.799577+00:00,cam05,Visat teen Rasta,Ahmedabad,—,TR01M1K1SY7CVYT3WYWVPN4A8CJX,car,CONFIRMED,0.556,542,369,598,404,,
2026-09-03T07:12:47.799577+00:00,cam05,Visat teen Rasta,Ahmedabad,—,TR01M1K1SY7CJ24V86QQZCEPKHMS,truck,CONFIRMED,0.539,1055,383,1099,448,,
2026-09-03T07:12:47.799577+00:00,cam05,Visat teen Rasta,Ahmedabad,—,TR01M1K1SYC3XYWP56EAC2ENMQTE,car,TENTATIVE,0.551,1057,406,1099,448,,
2026-09-03T07:12:48.099577+00:00,cam05,Visat teen Rasta,Ahmedabad,—,TR01M1K1SKXHYSP1FV1PMBFZ7JVW,car,CONFIRMED,0.697,282,406,323,434,,
2026-09-03T07:12:48.099577+00:00,cam05,Visat teen Rasta,Ahmedabad,—,TR01M1K1SQKHWAFE216ZHCZAB016,car,CONFIRMED,0.568,546,398,618,455,,
2026-09-03T07:12:48.099577+00:00,cam05,Visat teen Rasta,Ahmedabad,—,TR01M1K1SV6ZB76KP62PB7HT5Z55,truck,CONFIRMED,0.640,194,452,267,521,,
2026-09-03T07:12:48.099577+00:00,cam05,Visat teen Rasta,Ahmedabad,—,TR01M1K1SV6Z5NYZ1XA1FZS29RA5,vehicle,CONFIRMED,0.319,492,360,636,468,,
2026-09-03T07:12:48.099577+00:00,cam05,Visat teen Rasta,Ahmedabad,—,TR01M1K1SVCWJ3KEYJ806FPRV4D7,bus,CONFIRMED,0.527,1065,375,1292,534,,
2026-09-03T07:12:48.099577+00:00,cam05,Visat teen Rasta,Ahmedabad,—,TR01M1K1SVCXQ1P9W4P7AKMVXXH6,truck,CONFIRMED,0.487,1065,375,1292,534,,
2026-09-03T07:12:48.099577+00:00,cam05,Visat teen Rasta,Ahmedabad,—,TR01M1K1SWFNK63A1SF2ZPYDCFDN,car,CONFIRMED,0.450,194,452,267,521,,
2026-09-03T07:12:48.099577+00:00,cam05,Visat teen Rasta,Ahmedabad,—,TR01M1K1SWPKEEYVBVRAY481N03H,vehicle,CONFIRMED,0.450,0,612,96,744,,
2026-09-03T07:12:48.099577+00:00,cam05,Visat teen Rasta,Ahmedabad,—,TR01M1K1SWPKST7RHYWE2HWNP41J,truck,CONFIRMED,0.594,157,526,241,615,,
2026-09-03T07:12:48.099577+00:00,cam05,Visat teen Rasta,Ahmedabad,—,TR01M1K1SXNWX4A5KJPDAXK4X473,vehicle,CONFIRMED,0.397,1068,384,1164,480,,
2026-09-03T07:12:48.099577+00:00,cam05,Visat teen Rasta,Ahmedabad,—,TR01M1K1SXNWGFYHA65HA2PG6KJW,car,CONFIRMED,0.457,893,430,918,461,,
2026-09-03T07:12:48.099577+00:00,cam05,Visat teen Rasta,Ahmedabad,—,TR01M1K1SXWCFERZRJY98B323A7W,truck,CONFIRMED,0.521,856,790,1046,1078,,
2026-09-03T07:12:48.099577+00:00,cam05,Visat teen Rasta,Ahmedabad,—,TR01M1K1SY2R9YXGKV5SWNA73PAC,car,CONFIRMED,0.651,157,526,241,615,,
2026-09-03T07:12:48.099577+00:00,cam05,Visat teen Rasta,Ahmedabad,—,TR01M1K1SY7CVYT3WYWVPN4A8CJX,car,CONFIRMED,0.698,558,370,597,399,,
2026-09-03T07:12:48.099577+00:00,cam05,Visat teen Rasta,Ahmedabad,—,TR01M1K1SY7CJ24V86QQZCEPKHMS,truck,CONFIRMED,0.569,1061,380,1102,449,,
2026-09-03T07:12:48.099577+00:00,cam05,Visat teen Rasta,Ahmedabad,—,TR01M1K1SYC3XYWP56EAC2ENMQTE,car,CONFIRMED,0.572,1069,413,1110,455,,
2026-09-03T07:12:48.602577+00:00,cam05,Visat teen Rasta,Ahmedabad,—,TR01M1K1SKXHYSP1FV1PMBFZ7JVW,car,CONFIRMED,0.619,284,405,321,434,,
2026-09-03T07:12:48.602577+00:00,cam05,Visat teen Rasta,Ahmedabad,—,TR01M1K1SQKHWAFE216ZHCZAB016,car,CONFIRMED,0.568,546,398,618,455,,
2026-09-03T07:12:48.602577+00:00,cam05,Visat teen Rasta,Ahmedabad,—,TR01M1K1SV6ZB76KP62PB7HT5Z55,car,CONFIRMED,0.437,200,452,266,506,,
2026-09-03T07:12:48.602577+00:00,cam05,Visat teen Rasta,Ahmedabad,—,TR01M1K1SV6Z5NYZ1XA1FZS29RA5,vehicle,CONFIRMED,0.319,492,360,636,468,,
2026-09-03T07:12:48.602577+00:00,cam05,Visat teen Rasta,Ahmedabad,—,TR01M1K1SVCWJ3KEYJ806FPRV4D7,bus,CONFIRMED,0.737,1167,399,1345,569,,
2026-09-03T07:12:48.602577+00:00,cam05,Visat teen Rasta,Ahmedabad,—,TR01M1K1SVCXQ1P9W4P7AKMVXXH6,truck,CONFIRMED,0.487,1065,375,1292,534,,
2026-09-03T07:12:48.602577+00:00,cam05,Visat teen Rasta,Ahmedabad,—,TR01M1K1SWFNK63A1SF2ZPYDCFDN,truck,CONFIRMED,0.548,200,452,266,506,,
2026-09-03T07:12:48.602577+00:00,cam05,Visat teen Rasta,Ahmedabad,—,TR01M1K1SWPKST7RHYWE2HWNP41J,car,CONFIRMED,0.418,209,504,282,585,,
2026-09-03T07:12:48.602577+00:00,cam05,Visat teen Rasta,Ahmedabad,—,TR01M1K1SXNWX4A5KJPDAXK4X473,vehicle,CONFIRMED,0.397,1068,384,1164,480,,
2026-09-03T07:12:48.602577+00:00,cam05,Visat teen Rasta,Ahmedabad,—,TR01M1K1SXNWGFYHA65HA2PG6KJW,car,CONFIRMED,0.457,893,430,918,461,,
2026-09-03T07:12:48.602577+00:00,cam05,Visat teen Rasta,Ahmedabad,—,TR01M1K1SXWCFERZRJY98B323A7W,truck,CONFIRMED,0.521,856,790,1046,1078,,
2026-09-03T07:12:48.602577+00:00,cam05,Visat teen Rasta,Ahmedabad,—,TR01M1K1SY2R9YXGKV5SWNA73PAC,truck,CONFIRMED,0.655,209,504,282,585,,
2026-09-03T07:12:48.602577+00:00,cam05,Visat teen Rasta,Ahmedabad,—,TR01M1K1SY7CVYT3WYWVPN4A8CJX,car,CONFIRMED,0.698,558,370,597,399,,
2026-09-03T07:12:48.602577+00:00,cam05,Visat teen Rasta,Ahmedabad,—,TR01M1K1SY7CJ24V86QQZCEPKHMS,truck,CONFIRMED,0.569,1061,380,1102,449,,
2026-09-03T07:12:48.602577+00:00,cam05,Visat teen Rasta,Ahmedabad,—,TR01M1K1SYC3XYWP56EAC2ENMQTE,car,CONFIRMED,0.751,1083,422,1130,469,,
2026-09-03T07:12:48.602577+00:00,cam05,Visat teen Rasta,Ahmedabad,—,TR01M1K1SZ2HN55MAZ77YVWYV0C8,car,TENTATIVE,0.695,494,899,556,967,,
2026-09-03T07:12:48.602577+00:00,cam05,Visat teen Rasta,Ahmedabad,—,TR01M1K1SZ2HKZ3X7XH8J7AECKNM,truck,TENTATIVE,0.519,1167,399,1345,569,,
2026-09-03T07:12:48.602577+00:00,cam05,Visat teen Rasta,Ahmedabad,—,TR01M1K1SZ2H8G26800H45ZM67FM,car,TENTATIVE,0.502,575,393,621,439,,
2026-09-03T07:12:48.702577+00:00,cam05,Visat teen Rasta,Ahmedabad,—,TR01M1K1SKXHYSP1FV1PMBFZ7JVW,car,CONFIRMED,0.622,283,405,321,434,,
2026-09-03T07:12:48.702577+00:00,cam05,Visat teen Rasta,Ahmedabad,—,TR01M1K1SQKHWAFE216ZHCZAB016,car,CONFIRMED,0.568,546,398,618,455,,
2026-09-03T07:12:48.702577+00:00,cam05,Visat teen Rasta,Ahmedabad,—,TR01M1K1SV6ZB76KP62PB7HT5Z55,truck,CONFIRMED,0.563,199,452,266,507,,
2026-09-03T07:12:48.702577+00:00,cam05,Visat teen Rasta,Ahmedabad,—,TR01M1K1SV6Z5NYZ1XA1FZS29RA5,vehicle,CONFIRMED,0.319,492,360,636,468,,
2026-09-03T07:12:48.702577+00:00,cam05,Visat teen Rasta,Ahmedabad,—,TR01M1K1SVCWJ3KEYJ806FPRV4D7,bus,CONFIRMED,0.751,1166,399,1363,578,,
2026-09-03T07:12:48.702577+00:00,cam05,Visat teen Rasta,Ahmedabad,—,TR01M1K1SVCXQ1P9W4P7AKMVXXH6,truck,CONFIRMED,0.487,1065,375,1292,534,,
2026-09-03T07:12:48.702577+00:00,cam05,Visat teen Rasta,Ahmedabad,—,TR01M1K1SWFNK63A1SF2ZPYDCFDN,car,CONFIRMED,0.433,199,452,266,507,,
2026-09-03T07:12:48.702577+00:00,cam05,Visat teen Rasta,Ahmedabad,—,TR01M1K1SWPKST7RHYWE2HWNP41J,car,CONFIRMED,0.510,216,501,290,581,,
2026-09-03T07:12:48.702577+00:00,cam05,Visat teen Rasta,Ahmedabad,—,TR01M1K1SXNWX4A5KJPDAXK4X473,vehicle,CONFIRMED,0.397,1068,384,1164,480,,
2026-09-03T07:12:48.702577+00:00,cam05,Visat teen Rasta,Ahmedabad,—,TR01M1K1SXNWGFYHA65HA2PG6KJW,car,CONFIRMED,0.457,893,430,918,461,,
2026-09-03T07:12:48.702577+00:00,cam05,Visat teen Rasta,Ahmedabad,—,TR01M1K1SXWCFERZRJY98B323A7W,truck,CONFIRMED,0.405,857,788,1054,1074,,
2026-09-03T07:12:48.702577+00:00,cam05,Visat teen Rasta,Ahmedabad,—,TR01M1K1SY2R9YXGKV5SWNA73PAC,truck,CONFIRMED,0.592,216,501,290,581,,
2026-09-03T07:12:48.702577+00:00,cam05,Visat teen Rasta,Ahmedabad,—,TR01M1K1SY7CVYT3WYWVPN4A8CJX,car,CONFIRMED,0.698,558,370,597,399,,
2026-09-03T07:12:48.702577+00:00,cam05,Visat teen Rasta,Ahmedabad,—,TR01M1K1SY7CJ24V86QQZCEPKHMS,truck,CONFIRMED,0.569,1061,380,1102,449,,
2026-09-03T07:12:48.702577+00:00,cam05,Visat teen Rasta,Ahmedabad,—,TR01M1K1SYC3XYWP56EAC2ENMQTE,car,CONFIRMED,0.791,1086,425,1135,471,,
2026-09-03T07:12:48.702577+00:00,cam05,Visat teen Rasta,Ahmedabad,—,TR01M1K1SZ2HN55MAZ77YVWYV0C8,car,CONFIRMED,0.611,508,880,571,963,,
2026-09-03T07:12:48.702577+00:00,cam05,Visat teen Rasta,Ahmedabad,—,TR01M1K1SZ2HKZ3X7XH8J7AECKNM,truck,CONFIRMED,0.465,1166,399,1363,578,,
2026-09-03T07:12:48.702577+00:00,cam05,Visat teen Rasta,Ahmedabad,—,TR01M1K1SZ2H8G26800H45ZM67FM,car,TENTATIVE,0.502,575,393,621,439,,
2026-09-03T07:12:48.802577+00:00,cam05,Visat teen Rasta,Ahmedabad,—,TR01M1K1SKXHYSP1FV1PMBFZ7JVW,car,CONFIRMED,0.570,283,406,321,434,,
2026-09-03T07:12:48.802577+00:00,cam05,Visat teen Rasta,Ahmedabad,—,TR01M1K1SQKHWAFE216ZHCZAB016,car,CONFIRMED,0.568,546,398,618,455,,
2026-09-03T07:12:48.802577+00:00,cam05,Visat teen Rasta,Ahmedabad,—,TR01M1K1SV6ZB76KP62PB7HT5Z55,truck,CONFIRMED,0.466,201,451,267,504,,
2026-09-03T07:12:48.802577+00:00,cam05,Visat teen Rasta,Ahmedabad,—,TR01M1K1SV6Z5NYZ1XA1FZS29RA5,vehicle,CONFIRMED,0.319,492,360,636,468,,
2026-09-03T07:12:48.802577+00:00,cam05,Visat teen Rasta,Ahmedabad,—,TR01M1K1SVCWJ3KEYJ806FPRV4D7,vehicle,CONFIRMED,0.427,1176,396,1392,612,,
2026-09-03T07:12:48.802577+00:00,cam05,Visat teen Rasta,Ahmedabad,—,TR01M1K1SVCXQ1P9W4P7AKMVXXH6,truck,CONFIRMED,0.487,1065,375,1292,534,,
2026-09-03T07:12:48.802577+00:00,cam05,Visat teen Rasta,Ahmedabad,—,TR01M1K1SWFNK63A1SF2ZPYDCFDN,bus,CONFIRMED,0.410,201,451,267,504,,
2026-09-03T07:12:48.802577+00:00,cam05,Visat teen Rasta,Ahmedabad,—,TR01M1K1SWPKST7RHYWE2HWNP41J,car,CONFIRMED,0.486,226,503,299,577,,
2026-09-03T07:12:48.802577+00:00,cam05,Visat teen Rasta,Ahmedabad,—,TR01M1K1SXNWX4A5KJPDAXK4X473,vehicle,CONFIRMED,0.397,1068,384,1164,480,,
2026-09-03T07:12:48.802577+00:00,cam05,Visat teen Rasta,Ahmedabad,—,TR01M1K1SXNWGFYHA65HA2PG6KJW,car,CONFIRMED,0.457,893,430,918,461,,
2026-09-03T07:12:48.802577+00:00,cam05,Visat teen Rasta,Ahmedabad,—,TR01M1K1SXWCFERZRJY98B323A7W,truck,CONFIRMED,0.405,857,788,1054,1074,,
2026-09-03T07:12:48.802577+00:00,cam05,Visat teen Rasta,Ahmedabad,—,TR01M1K1SY2R9YXGKV5SWNA73PAC,truck,CONFIRMED,0.542,226,503,299,577,,
2026-09-03T07:12:48.802577+00:00,cam05,Visat teen Rasta,Ahmedabad,—,TR01M1K1SY7CVYT3WYWVPN4A8CJX,car,CONFIRMED,0.698,558,370,597,399,,
2026-09-03T07:12:48.802577+00:00,cam05,Visat teen Rasta,Ahmedabad,—,TR01M1K1SY7CJ24V86QQZCEPKHMS,truck,CONFIRMED,0.569,1061,380,1102,449,,
2026-09-03T07:12:48.802577+00:00,cam05,Visat teen Rasta,Ahmedabad,—,TR01M1K1SYC3XYWP56EAC2ENMQTE,car,CONFIRMED,0.684,1088,426,1141,474,,
2026-09-03T07:12:48.802577+00:00,cam05,Visat teen Rasta,Ahmedabad,—,TR01M1K1SZ2HN55MAZ77YVWYV0C8,car,CONFIRMED,0.655,521,866,579,938,,
2026-09-03T07:12:48.802577+00:00,cam05,Visat teen Rasta,Ahmedabad,—,TR01M1K1SZ2HKZ3X7XH8J7AECKNM,bus,CONFIRMED,0.876,1165,403,1374,583,,
2026-09-03T07:12:48.802577+00:00,cam05,Visat teen Rasta,Ahmedabad,—,TR01M1K1SZ2H8G26800H45ZM67FM,car,TENTATIVE,0.502,575,393,621,439,,
2026-09-03T07:12:49.062577+00:00,cam05,Visat teen Rasta,Ahmedabad,—,TR01M1K1SKXHYSP1FV1PMBFZ7JVW,car,CONFIRMED,0.615,284,407,321,434,,
2026-09-03T07:12:49.062577+00:00,cam05,Visat teen Rasta,Ahmedabad,—,TR01M1K1SQKHWAFE216ZHCZAB016,car,CONFIRMED,0.568,546,398,618,455,,
2026-09-03T07:12:49.062577+00:00,cam05,Visat teen Rasta,Ahmedabad,—,TR01M1K1SV6ZB76KP62PB7HT5Z55,bus,CONFIRMED,0.490,201,451,266,506,,
2026-09-03T07:12:49.062577+00:00,cam05,Visat teen Rasta,Ahmedabad,—,TR01M1K1SV6Z5NYZ1XA1FZS29RA5,vehicle,CONFIRMED,0.319,492,360,636,468,,
2026-09-03T07:12:49.062577+00:00,cam05,Visat teen Rasta,Ahmedabad,—,TR01M1K1SVCWJ3KEYJ806FPRV4D7,vehicle,CONFIRMED,0.418,1188,408,1428,636,,
2026-09-03T07:12:49.062577+00:00,cam05,Visat teen Rasta,Ahmedabad,—,TR01M1K1SVCXQ1P9W4P7AKMVXXH6,truck,CONFIRMED,0.487,1065,375,1292,534,,
2026-09-03T07:12:49.062577+00:00,cam05,Visat teen Rasta,Ahmedabad,—,TR01M1K1SWFNK63A1SF2ZPYDCFDN,truck,CONFIRMED,0.454,201,451,266,506,,
2026-09-03T07:12:49.062577+00:00,cam05,Visat teen Rasta,Ahmedabad,—,TR01M1K1SWPKST7RHYWE2HWNP41J,truck,CONFIRMED,0.552,252,493,318,563,,
2026-09-03T07:12:49.062577+00:00,cam05,Visat teen Rasta,Ahmedabad,—,TR01M1K1SXNWX4A5KJPDAXK4X473,vehicle,CONFIRMED,0.397,1068,384,1164,480,,
2026-09-03T07:12:49.062577+00:00,cam05,Visat teen Rasta,Ahmedabad,—,TR01M1K1SXNWGFYHA65HA2PG6KJW,car,CONFIRMED,0.457,893,430,918,461,,
2026-09-03T07:12:49.062577+00:00,cam05,Visat teen Rasta,Ahmedabad,—,TR01M1K1SXWCFERZRJY98B323A7W,truck,CONFIRMED,0.405,857,788,1054,1074,,
2026-09-03T07:12:49.062577+00:00,cam05,Visat teen Rasta,Ahmedabad,—,TR01M1K1SY2R9YXGKV5SWNA73PAC,car,CONFIRMED,0.441,252,493,318,563,,
2026-09-03T07:12:49.062577+00:00,cam05,Visat teen Rasta,Ahmedabad,—,TR01M1K1SY7CVYT3WYWVPN4A8CJX,car,CONFIRMED,0.698,558,370,597,399,,
2026-09-03T07:12:49.062577+00:00,cam05,Visat teen Rasta,Ahmedabad,—,TR01M1K1SY7CJ24V86QQZCEPKHMS,truck,CONFIRMED,0.569,1061,380,1102,449,,
2026-09-03T07:12:49.062577+00:00,cam05,Visat teen Rasta,Ahmedabad,—,TR01M1K1SYC3XYWP56EAC2ENMQTE,car,CONFIRMED,0.799,1103,430,1152,482,,
2026-09-03T07:12:49.062577+00:00,cam05,Visat teen Rasta,Ahmedabad,—,TR01M1K1SZ2HN55MAZ77YVWYV0C8,car,CONFIRMED,0.660,551,818,606,880,,
2026-09-03T07:12:49.062577+00:00,cam05,Visat teen Rasta,Ahmedabad,—,TR01M1K1SZ2HKZ3X7XH8J7AECKNM,bus,CONFIRMED,0.872,1181,411,1410,601,,
2026-09-03T07:12:49.062577+00:00,cam05,Visat teen Rasta,Ahmedabad,—,TR01M1K1SZ2H8G26800H45ZM67FM,car,TENTATIVE,0.502,575,393,621,439,,
2026-09-03T07:12:49.602577+00:00,cam05,Visat teen Rasta,Ahmedabad,—,TR01M1K1SKXHYSP1FV1PMBFZ7JVW,car,CONFIRMED,0.641,287,405,321,434,,
2026-09-03T07:12:49.602577+00:00,cam05,Visat teen Rasta,Ahmedabad,—,TR01M1K1SV6ZB76KP62PB7HT5Z55,bus,CONFIRMED,0.599,198,453,264,522,,
2026-09-03T07:12:49.602577+00:00,cam05,Visat teen Rasta,Ahmedabad,—,TR01M1K1SVCWJ3KEYJ806FPRV4D7,bus,CONFIRMED,0.882,1225,428,1497,648,,
2026-09-03T07:12:49.602577+00:00,cam05,Visat teen Rasta,Ahmedabad,—,TR01M1K1SWFNK63A1SF2ZPYDCFDN,truck,CONFIRMED,0.570,198,453,264,522,,
2026-09-03T07:12:49.602577+00:00,cam05,Visat teen Rasta,Ahmedabad,—,TR01M1K1SWPKST7RHYWE2HWNP41J,vehicle,CONFIRMED,0.490,300,480,348,552,,
2026-09-03T07:12:49.602577+00:00,cam05,Visat teen Rasta,Ahmedabad,—,TR01M1K1SXWCFERZRJY98B323A7W,truck,CONFIRMED,0.511,861,788,1050,1078,,
2026-09-03T07:12:49.602577+00:00,cam05,Visat teen Rasta,Ahmedabad,—,TR01M1K1SY2R9YXGKV5SWNA73PAC,truck,CONFIRMED,0.524,288,476,349,542,,
2026-09-03T07:12:49.602577+00:00,cam05,Visat teen Rasta,Ahmedabad,—,TR01M1K1SYC3XYWP56EAC2ENMQTE,car,CONFIRMED,0.752,1123,449,1187,505,,
2026-09-03T07:12:49.602577+00:00,cam05,Visat teen Rasta,Ahmedabad,—,TR01M1K1SZ2HN55MAZ77YVWYV0C8,car,CONFIRMED,0.510,591,750,641,816,,
2026-09-03T07:12:49.602577+00:00,cam05,Visat teen Rasta,Ahmedabad,—,TR01M1K1SZ2HKZ3X7XH8J7AECKNM,vehicle,CONFIRMED,0.422,1236,420,1512,684,,
2026-09-03T07:12:49.602577+00:00,cam05,Visat teen Rasta,Ahmedabad,—,TR01M1K1SZ2H8G26800H45ZM67FM,car,TENTATIVE,0.502,575,393,621,439,,
2026-09-03T07:12:49.602577+00:00,cam05,Visat teen Rasta,Ahmedabad,—,TR01M1K1T06XF514N51GGC2VJBVE,car,TENTATIVE,0.868,1041,402,1090,441,,
2026-09-03T07:12:49.602577+00:00,cam05,Visat teen Rasta,Ahmedabad,—,TR01M1K1T06XXRJXNRQVBZRX6W8X,car,TENTATIVE,0.821,1758,507,1878,571,,
2026-09-03T07:12:49.602577+00:00,cam05,Visat teen Rasta,Ahmedabad,—,TR01M1K1T06XPRYCS0QQCVHEG32S,car,TENTATIVE,0.550,877,1004,1042,1080,,
2026-09-03T07:12:49.702577+00:00,cam05,Visat teen Rasta,Ahmedabad,—,TR01M1K1SKXHYSP1FV1PMBFZ7JVW,car,CONFIRMED,0.645,287,405,321,433,,
2026-09-03T07:12:49.702577+00:00,cam05,Visat teen Rasta,Ahmedabad,—,TR01M1K1SV6ZB76KP62PB7HT5Z55,truck,CONFIRMED,0.569,198,452,264,522,,
2026-09-03T07:12:49.702577+00:00,cam05,Visat teen Rasta,Ahmedabad,—,TR01M1K1SVCWJ3KEYJ806FPRV4D7,bus,CONFIRMED,0.911,1236,431,1518,660,,
2026-09-03T07:12:49.702577+00:00,cam05,Visat teen Rasta,Ahmedabad,—,TR01M1K1SWFNK63A1SF2ZPYDCFDN,bus,CONFIRMED,0.525,198,452,264,522,,
2026-09-03T07:12:49.702577+00:00,cam05,Visat teen Rasta,Ahmedabad,—,TR01M1K1SWPKST7RHYWE2HWNP41J,vehicle,CONFIRMED,0.462,300,480,360,552,,
2026-09-03T07:12:49.702577+00:00,cam05,Visat teen Rasta,Ahmedabad,—,TR01M1K1SXWCFERZRJY98B323A7W,truck,CONFIRMED,0.491,860,789,1050,1078,,
2026-09-03T07:12:49.702577+00:00,cam05,Visat teen Rasta,Ahmedabad,—,TR01M1K1SY2R9YXGKV5SWNA73PAC,truck,CONFIRMED,0.548,294,468,355,540,,
2026-09-03T07:12:49.702577+00:00,cam05,Visat teen Rasta,Ahmedabad,—,TR01M1K1SYC3XYWP56EAC2ENMQTE,car,CONFIRMED,0.769,1125,452,1193,509,,
2026-09-03T07:12:49.702577+00:00,cam05,Visat teen Rasta,Ahmedabad,—,TR01M1K1SZ2HN55MAZ77YVWYV0C8,car,CONFIRMED,0.510,591,750,641,816,,
2026-09-03T07:12:49.702577+00:00,cam05,Visat teen Rasta,Ahmedabad,—,TR01M1K1SZ2HKZ3X7XH8J7AECKNM,vehicle,CONFIRMED,0.424,1248,432,1536,684,,
2026-09-03T07:12:49.702577+00:00,cam05,Visat teen Rasta,Ahmedabad,—,TR01M1K1SZ2H8G26800H45ZM67FM,car,TENTATIVE,0.502,575,393,621,439,,
2026-09-03T07:12:49.702577+00:00,cam05,Visat teen Rasta,Ahmedabad,—,TR01M1K1T06XF514N51GGC2VJBVE,car,CONFIRMED,0.868,1048,403,1096,444,,
2026-09-03T07:12:49.702577+00:00,cam05,Visat teen Rasta,Ahmedabad,—,TR01M1K1T06XXRJXNRQVBZRX6W8X,car,CONFIRMED,0.690,1774,509,1892,572,,
2026-09-03T07:12:49.702577+00:00,cam05,Visat teen Rasta,Ahmedabad,—,TR01M1K1T06XPRYCS0QQCVHEG32S,car,CONFIRMED,0.543,876,1004,1042,1080,,
2026-09-03T07:12:49.702577+00:00,cam05,Visat teen Rasta,Ahmedabad,—,TR01M1K1T0CQ0JPCWP7EEN541VY4,car,TENTATIVE,0.506,1126,406,1149,441,,
2026-09-03T07:12:49.802577+00:00,cam05,Visat teen Rasta,Ahmedabad,—,TR01M1K1SKXHYSP1FV1PMBFZ7JVW,car,CONFIRMED,0.649,287,405,321,434,,
2026-09-03T07:12:49.802577+00:00,cam05,Visat teen Rasta,Ahmedabad,—,TR01M1K1SV6ZB76KP62PB7HT5Z55,truck,CONFIRMED,0.563,198,452,264,522,,
2026-09-03T07:12:49.802577+00:00,cam05,Visat teen Rasta,Ahmedabad,—,TR01M1K1SVCWJ3KEYJ806FPRV4D7,bus,CONFIRMED,0.929,1243,438,1536,668,,
2026-09-03T07:12:49.802577+00:00,cam05,Visat teen Rasta,Ahmedabad,—,TR01M1K1SWFNK63A1SF2ZPYDCFDN,bus,CONFIRMED,0.529,198,452,264,522,,
2026-09-03T07:12:49.802577+00:00,cam05,Visat teen Rasta,Ahmedabad,—,TR01M1K1SWPKST7RHYWE2HWNP41J,truck,CONFIRMED,0.524,301,465,361,534,,
2026-09-03T07:12:49.802577+00:00,cam05,Visat teen Rasta,Ahmedabad,—,TR01M1K1SXWCFERZRJY98B323A7W,truck,CONFIRMED,0.429,860,788,1049,1078,,
2026-09-03T07:12:49.802577+00:00,cam05,Visat teen Rasta,Ahmedabad,—,TR01M1K1SY2R9YXGKV5SWNA73PAC,car,CONFIRMED,0.549,301,465,361,534,,
2026-09-03T07:12:49.802577+00:00,cam05,Visat teen Rasta,Ahmedabad,—,TR01M1K1SYC3XYWP56EAC2ENMQTE,car,CONFIRMED,0.812,1131,455,1199,512,,
2026-09-03T07:12:49.802577+00:00,cam05,Visat teen Rasta,Ahmedabad,—,TR01M1K1SZ2HN55MAZ77YVWYV0C8,vehicle,CONFIRMED,0.490,600,684,672,804,,
2026-09-03T07:12:49.802577+00:00,cam05,Visat teen Rasta,Ahmedabad,—,TR01M1K1SZ2HKZ3X7XH8J7AECKNM,vehicle,CONFIRMED,0.444,1260,432,1536,696,,
2026-09-03T07:12:49.802577+00:00,cam05,Visat teen Rasta,Ahmedabad,—,TR01M1K1SZ2H8G26800H45ZM67FM,car,TENTATIVE,0.502,575,393,621,439,,
2026-09-03T07:12:49.802577+00:00,cam05,Visat teen Rasta,Ahmedabad,—,TR01M1K1T06XF514N51GGC2VJBVE,car,CONFIRMED,0.843,1047,405,1100,447,,
2026-09-03T07:12:49.802577+00:00,cam05,Visat teen Rasta,Ahmedabad,—,TR01M1K1T06XXRJXNRQVBZRX6W8X,car,CONFIRMED,0.802,1815,519,1905,576,,
2026-09-03T07:12:49.802577+00:00,cam05,Visat teen Rasta,Ahmedabad,—,TR01M1K1T06XPRYCS0QQCVHEG32S,car,CONFIRMED,0.509,876,1004,1041,1080,,
2026-09-03T07:12:49.802577+00:00,cam05,Visat teen Rasta,Ahmedabad,—,TR01M1K1T0CQ0JPCWP7EEN541VY4,car,CONFIRMED,0.591,1129,403,1151,442,,
2026-09-03T07:12:49.802577+00:00,cam05,Visat teen Rasta,Ahmedabad,—,TR01M1K1T0X2RGB3SRYHPV4MPW9E,truck,TENTATIVE,0.518,1618,469,1783,590,,
2026-09-03T07:12:50.062577+00:00,cam05,Visat teen Rasta,Ahmedabad,—,TR01M1K1SKXHYSP1FV1PMBFZ7JVW,car,CONFIRMED,0.667,287,406,321,434,,
2026-09-03T07:12:50.062577+00:00,cam05,Visat teen Rasta,Ahmedabad,—,TR01M1K1SV6ZB76KP62PB7HT5Z55,truck,CONFIRMED,0.596,199,450,264,522,,
2026-09-03T07:12:50.062577+00:00,cam05,Visat teen Rasta,Ahmedabad,—,TR01M1K1SVCWJ3KEYJ806FPRV4D7,vehicle,CONFIRMED,0.403,1272,444,1620,744,,
2026-09-03T07:12:50.062577+00:00,cam05,Visat teen Rasta,Ahmedabad,—,TR01M1K1SWFNK63A1SF2ZPYDCFDN,bus,CONFIRMED,0.515,199,450,264,522,,
2026-09-03T07:12:50.062577+00:00,cam05,Visat teen Rasta,Ahmedabad,—,TR01M1K1SWPKST7RHYWE2HWNP41J,truck,CONFIRMED,0.530,318,459,374,519,,
2026-09-03T07:12:50.062577+00:00,cam05,Visat teen Rasta,Ahmedabad,—,TR01M1K1SXWCFERZRJY98B323A7W,truck,CONFIRMED,0.460,860,788,1049,1078,,
2026-09-03T07:12:50.062577+00:00,cam05,Visat teen Rasta,Ahmedabad,—,TR01M1K1SY2R9YXGKV5SWNA73PAC,car,CONFIRMED,0.626,318,459,374,519,,
2026-09-03T07:12:50.062577+00:00,cam05,Visat teen Rasta,Ahmedabad,—,TR01M1K1SYC3XYWP56EAC2ENMQTE,car,CONFIRMED,0.844,1168,462,1216,520,,
2026-09-03T07:12:50.062577+00:00,cam05,Visat teen Rasta,Ahmedabad,—,TR01M1K1SZ2HN55MAZ77YVWYV0C8,car,CONFIRMED,0.443,618,700,662,756,,
2026-09-03T07:12:50.062577+00:00,cam05,Visat teen Rasta,Ahmedabad,—,TR01M1K1SZ2HKZ3X7XH8J7AECKNM,bus,CONFIRMED,0.904,1268,448,1600,706,,
2026-09-03T07:12:50.062577+00:00,cam05,Visat teen Rasta,Ahmedabad,—,TR01M1K1SZ2H8G26800H45ZM67FM,car,TENTATIVE,0.502,575,393,621,439,,
2026-09-03T07:12:50.062577+00:00,cam05,Visat teen Rasta,Ahmedabad,—,TR01M1K1T06XF514N51GGC2VJBVE,car,CONFIRMED,0.864,1063,412,1116,456,,
2026-09-03T07:12:50.062577+00:00,cam05,Visat teen Rasta,Ahmedabad,—,TR01M1K1T06XXRJXNRQVBZRX6W8X,car,CONFIRMED,0.787,1824,519,1908,577,,
2026-09-03T07:12:50.062577+00:00,cam05,Visat teen Rasta,Ahmedabad,—,TR01M1K1T06XPRYCS0QQCVHEG32S,car,CONFIRMED,0.481,877,1004,1041,1080,,
2026-09-03T07:12:50.062577+00:00,cam05,Visat teen Rasta,Ahmedabad,—,TR01M1K1T0CQ0JPCWP7EEN541VY4,car,CONFIRMED,0.616,1130,405,1152,445,,
2026-09-03T07:12:50.062577+00:00,cam05,Visat teen Rasta,Ahmedabad,—,TR01M1K1T0X2RGB3SRYHPV4MPW9E,truck,TENTATIVE,0.518,1618,469,1783,590,,
2026-09-03T07:12:50.062577+00:00,cam05,Visat teen Rasta,Ahmedabad,—,TR01M1K1T18GX0C1YYVB05BD6JGJ,car,TENTATIVE,0.829,1805,517,1919,586,,
2026-09-03T07:12:50.062577+00:00,cam05,Visat teen Rasta,Ahmedabad,—,TR01M1K1T18GRVJD36ATQV9TJRGN,car,TENTATIVE,0.531,893,436,917,461,,
2026-09-03T07:12:50.502577+00:00,cam05,Visat teen Rasta,Ahmedabad,—,TR01M1K1SKXHYSP1FV1PMBFZ7JVW,car,CONFIRMED,0.708,287,404,324,435,,
2026-09-03T07:12:50.502577+00:00,cam05,Visat teen Rasta,Ahmedabad,—,TR01M1K1SV6ZB76KP62PB7HT5Z55,truck,CONFIRMED,0.663,195,449,264,521,,
2026-09-03T07:12:50.502577+00:00,cam05,Visat teen Rasta,Ahmedabad,—,TR01M1K1SVCWJ3KEYJ806FPRV4D7,vehicle,CONFIRMED,0.453,1332,468,1728,804,,
2026-09-03T07:12:50.502577+00:00,cam05,Visat teen Rasta,Ahmedabad,—,TR01M1K1SWFNK63A1SF2ZPYDCFDN,truck,CONFIRMED,0.404,195,449,265,521,,
2026-09-03T07:12:50.502577+00:00,cam05,Visat teen Rasta,Ahmedabad,—,TR01M1K1SWPKST7RHYWE2HWNP41J,truck,CONFIRMED,0.530,318,459,374,519,,
2026-09-03T07:12:50.502577+00:00,cam05,Visat teen Rasta,Ahmedabad,—,TR01M1K1SXWCFERZRJY98B323A7W,truck,CONFIRMED,0.460,860,788,1049,1078,,
2026-09-03T07:12:50.502577+00:00,cam05,Visat teen Rasta,Ahmedabad,—,TR01M1K1SY2R9YXGKV5SWNA73PAC,car,CONFIRMED,0.758,341,447,397,512,,
2026-09-03T07:12:50.502577+00:00,cam05,Visat teen Rasta,Ahmedabad,—,TR01M1K1SYC3XYWP56EAC2ENMQTE,car,CONFIRMED,0.877,1178,477,1250,541,,
2026-09-03T07:12:50.502577+00:00,cam05,Visat teen Rasta,Ahmedabad,—,TR01M1K1SZ2HN55MAZ77YVWYV0C8,car,CONFIRMED,0.443,618,700,662,756,,
2026-09-03T07:12:50.502577+00:00,cam05,Visat teen Rasta,Ahmedabad,—,TR01M1K1SZ2HKZ3X7XH8J7AECKNM,bus,CONFIRMED,0.948,1329,468,1719,751,,
2026-09-03T07:12:50.502577+00:00,cam05,Visat teen Rasta,Ahmedabad,—,TR01M1K1T06XF514N51GGC2VJBVE,car,CONFIRMED,0.842,1085,421,1144,469,,
2026-09-03T07:12:50.502577+00:00,cam05,Visat teen Rasta,Ahmedabad,—,TR01M1K1T06XXRJXNRQVBZRX6W8X,car,CONFIRMED,0.787,1824,519,1908,577,,
2026-09-03T07:12:50.502577+00:00,cam05,Visat teen Rasta,Ahmedabad,—,TR01M1K1T06XPRYCS0QQCVHEG32S,car,CONFIRMED,0.481,877,1004,1041,1080,,
2026-09-03T07:12:50.502577+00:00,cam05,Visat teen Rasta,Ahmedabad,—,TR01M1K1T0CQ0JPCWP7EEN541VY4,car,CONFIRMED,0.616,1130,405,1152,445,,
2026-09-03T07:12:50.502577+00:00,cam05,Visat teen Rasta,Ahmedabad,—,TR01M1K1T0X2RGB3SRYHPV4MPW9E,truck,TENTATIVE,0.518,1618,469,1783,590,,
2026-09-03T07:12:50.502577+00:00,cam05,Visat teen Rasta,Ahmedabad,—,TR01M1K1T18GX0C1YYVB05BD6JGJ,car,CONFIRMED,0.804,1853,510,1919,600,,
2026-09-03T07:12:50.502577+00:00,cam05,Visat teen Rasta,Ahmedabad,—,TR01M1K1T18GRVJD36ATQV9TJRGN,car,CONFIRMED,0.658,892,427,918,464,,
2026-09-03T07:12:50.702577+00:00,cam05,Visat teen Rasta,Ahmedabad,—,TR01M1K1SKXHYSP1FV1PMBFZ7JVW,car,CONFIRMED,0.694,287,404,323,435,,
2026-09-03T07:12:50.702577+00:00,cam05,Visat teen Rasta,Ahmedabad,—,TR01M1K1SV6ZB76KP62PB7HT5Z55,car,CONFIRMED,0.463,195,450,265,521,,
2026-09-03T07:12:50.702577+00:00,cam05,Visat teen Rasta,Ahmedabad,—,TR01M1K1SVCWJ3KEYJ806FPRV4D7,vehicle,CONFIRMED,0.414,1344,468,1800,852,,
2026-09-03T07:12:50.702577+00:00,cam05,Visat teen Rasta,Ahmedabad,—,TR01M1K1SWFNK63A1SF2ZPYDCFDN,truck,CONFIRMED,0.650,195,450,265,521,,
2026-09-03T07:12:50.702577+00:00,cam05,Visat teen Rasta,Ahmedabad,—,TR01M1K1SWPKST7RHYWE2HWNP41J,truck,CONFIRMED,0.487,353,444,407,506,,
2026-09-03T07:12:50.702577+00:00,cam05,Visat teen Rasta,Ahmedabad,—,TR01M1K1SXWCFERZRJY98B323A7W,truck,CONFIRMED,0.460,860,788,1049,1078,,
2026-09-03T07:12:50.702577+00:00,cam05,Visat teen Rasta,Ahmedabad,—,TR01M1K1SY2R9YXGKV5SWNA73PAC,car,CONFIRMED,0.732,353,444,406,507,,
2026-09-03T07:12:50.702577+00:00,cam05,Visat teen Rasta,Ahmedabad,—,TR01M1K1SYC3XYWP56EAC2ENMQTE,car,CONFIRMED,0.877,1190,485,1264,551,,
2026-09-03T07:12:50.702577+00:00,cam05,Visat teen Rasta,Ahmedabad,—,TR01M1K1SZ2HN55MAZ77YVWYV0C8,car,CONFIRMED,0.443,618,700,662,756,,
2026-09-03T07:12:50.702577+00:00,cam05,Visat teen Rasta,Ahmedabad,—,TR01M1K1SZ2HKZ3X7XH8J7AECKNM,bus,CONFIRMED,0.954,1354,477,1789,781,,
2026-09-03T07:12:50.702577+00:00,cam05,Visat teen Rasta,Ahmedabad,—,TR01M1K1T06XF514N51GGC2VJBVE,car,CONFIRMED,0.806,1097,426,1153,476,,
2026-09-03T07:12:50.702577+00:00,cam05,Visat teen Rasta,Ahmedabad,—,TR01M1K1T06XXRJXNRQVBZRX6W8X,car,CONFIRMED,0.787,1824,519,1908,577,,
2026-09-03T07:12:50.702577+00:00,cam05,Visat teen Rasta,Ahmedabad,—,TR01M1K1T06XPRYCS0QQCVHEG32S,car,CONFIRMED,0.481,877,1004,1041,1080,,
2026-09-03T07:12:50.702577+00:00,cam05,Visat teen Rasta,Ahmedabad,—,TR01M1K1T0CQ0JPCWP7EEN541VY4,car,CONFIRMED,0.616,1130,405,1152,445,,
2026-09-03T07:12:50.702577+00:00,cam05,Visat teen Rasta,Ahmedabad,—,TR01M1K1T0X2RGB3SRYHPV4MPW9E,truck,TENTATIVE,0.518,1618,469,1783,590,,
2026-09-03T07:12:50.702577+00:00,cam05,Visat teen Rasta,Ahmedabad,—,TR01M1K1T18GX0C1YYVB05BD6JGJ,car,CONFIRMED,0.624,1880,516,1919,594,,
2026-09-03T07:12:50.702577+00:00,cam05,Visat teen Rasta,Ahmedabad,—,TR01M1K1T18GRVJD36ATQV9TJRGN,car,CONFIRMED,0.637,893,428,918,464,,
2026-09-03T07:12:50.802577+00:00,cam05,Visat teen Rasta,Ahmedabad,—,TR01M1K1SKXHYSP1FV1PMBFZ7JVW,car,CONFIRMED,0.661,287,404,323,435,,
2026-09-03T07:12:50.802577+00:00,cam05,Visat teen Rasta,Ahmedabad,—,TR01M1K1SV6ZB76KP62PB7HT5Z55,truck,CONFIRMED,0.668,195,450,265,521,,
2026-09-03T07:12:50.802577+00:00,cam05,Visat teen Rasta,Ahmedabad,—,TR01M1K1SVCWJ3KEYJ806FPRV4D7,vehicle,CONFIRMED,0.408,1380,480,1836,876,,
2026-09-03T07:12:50.802577+00:00,cam05,Visat teen Rasta,Ahmedabad,—,TR01M1K1SWFNK63A1SF2ZPYDCFDN,car,CONFIRMED,0.464,195,450,265,521,,
2026-09-03T07:12:50.802577+00:00,cam05,Visat teen Rasta,Ahmedabad,—,TR01M1K1SWPKST7RHYWE2HWNP41J,car,CONFIRMED,0.716,359,441,411,504,,
2026-09-03T07:12:50.802577+00:00,cam05,Visat teen Rasta,Ahmedabad,—,TR01M1K1SXWCFERZRJY98B323A7W,truck,CONFIRMED,0.460,860,788,1049,1078,,
2026-09-03T07:12:50.802577+00:00,cam05,Visat teen Rasta,Ahmedabad,—,TR01M1K1SY2R9YXGKV5SWNA73PAC,truck,CONFIRMED,0.483,359,441,411,504,,
2026-09-03T07:12:50.802577+00:00,cam05,Visat teen Rasta,Ahmedabad,—,TR01M1K1SYC3XYWP56EAC2ENMQTE,car,CONFIRMED,0.860,1196,488,1272,557,,
2026-09-03T07:12:50.802577+00:00,cam05,Visat teen Rasta,Ahmedabad,—,TR01M1K1SZ2HN55MAZ77YVWYV0C8,car,CONFIRMED,0.436,646,639,684,692,,
2026-09-03T07:12:50.802577+00:00,cam05,Visat teen Rasta,Ahmedabad,—,TR01M1K1SZ2HKZ3X7XH8J7AECKNM,bus,CONFIRMED,0.953,1371,482,1823,800,,
2026-09-03T07:12:50.802577+00:00,cam05,Visat teen Rasta,Ahmedabad,—,TR01M1K1T06XF514N51GGC2VJBVE,car,CONFIRMED,0.811,1101,430,1154,479,,
2026-09-03T07:12:50.802577+00:00,cam05,Visat teen Rasta,Ahmedabad,—,TR01M1K1T06XXRJXNRQVBZRX6W8X,car,CONFIRMED,0.787,1824,519,1908,577,,
2026-09-03T07:12:50.802577+00:00,cam05,Visat teen Rasta,Ahmedabad,—,TR01M1K1T06XPRYCS0QQCVHEG32S,car,CONFIRMED,0.481,877,1004,1041,1080,,
2026-09-03T07:12:50.802577+00:00,cam05,Visat teen Rasta,Ahmedabad,—,TR01M1K1T0CQ0JPCWP7EEN541VY4,car,CONFIRMED,0.616,1130,405,1152,445,,
2026-09-03T07:12:50.802577+00:00,cam05,Visat teen Rasta,Ahmedabad,—,TR01M1K1T0X2RGB3SRYHPV4MPW9E,truck,TENTATIVE,0.518,1618,469,1783,590,,
2026-09-03T07:12:50.802577+00:00,cam05,Visat teen Rasta,Ahmedabad,—,TR01M1K1T18GX0C1YYVB05BD6JGJ,car,CONFIRMED,0.498,1894,531,1920,596,,
2026-09-03T07:12:50.802577+00:00,cam05,Visat teen Rasta,Ahmedabad,—,TR01M1K1T18GRVJD36ATQV9TJRGN,car,CONFIRMED,0.665,893,427,918,464,,
2026-09-03T07:12:51.162577+00:00,cam05,Visat teen Rasta,Ahmedabad,—,TR01M1K1SKXHYSP1FV1PMBFZ7JVW,car,CONFIRMED,0.650,288,404,323,435,,
2026-09-03T07:12:51.162577+00:00,cam05,Visat teen Rasta,Ahmedabad,—,TR01M1K1SV6ZB76KP62PB7HT5Z55,truck,CONFIRMED,0.653,195,450,265,521,,
2026-09-03T07:12:51.162577+00:00,cam05,Visat teen Rasta,Ahmedabad,—,TR01M1K1SVCWJ3KEYJ806FPRV4D7,vehicle,CONFIRMED,0.425,1440,492,1920,972,,
2026-09-03T07:12:51.162577+00:00,cam05,Visat teen Rasta,Ahmedabad,—,TR01M1K1SWFNK63A1SF2ZPYDCFDN,car,CONFIRMED,0.489,195,450,265,521,,
2026-09-03T07:12:51.162577+00:00,cam05,Visat teen Rasta,Ahmedabad,—,TR01M1K1SWPKST7RHYWE2HWNP41J,truck,CONFIRMED,0.472,378,432,428,492,,
2026-09-03T07:12:51.162577+00:00,cam05,Visat teen Rasta,Ahmedabad,—,TR01M1K1SXWCFERZRJY98B323A7W,truck,CONFIRMED,0.460,860,788,1049,1078,,
2026-09-03T07:12:51.162577+00:00,cam05,Visat teen Rasta,Ahmedabad,—,TR01M1K1SY2R9YXGKV5SWNA73PAC,car,CONFIRMED,0.714,378,432,428,492,,
2026-09-03T07:12:51.162577+00:00,cam05,Visat teen Rasta,Ahmedabad,—,TR01M1K1SYC3XYWP56EAC2ENMQTE,car,CONFIRMED,0.886,1221,504,1308,579,,
2026-09-03T07:12:51.162577+00:00,cam05,Visat teen Rasta,Ahmedabad,—,TR01M1K1SZ2HN55MAZ77YVWYV0C8,car,CONFIRMED,0.436,646,639,684,692,,
2026-09-03T07:12:51.162577+00:00,cam05,Visat teen Rasta,Ahmedabad,—,TR01M1K1SZ2HKZ3X7XH8J7AECKNM,bus,CONFIRMED,0.949,1438,502,1919,881,,
2026-09-03T07:12:51.162577+00:00,cam05,Visat teen Rasta,Ahmedabad,—,TR01M1K1T06XF514N51GGC2VJBVE,car,CONFIRMED,0.704,1127,438,1202,499,,
2026-09-03T07:12:51.162577+00:00,cam05,Visat teen Rasta,Ahmedabad,—,TR01M1K1T06XXRJXNRQVBZRX6W8X,car,CONFIRMED,0.787,1824,519,1908,577,,
2026-09-03T07:12:51.162577+00:00,cam05,Visat teen Rasta,Ahmedabad,—,TR01M1K1T06XPRYCS0QQCVHEG32S,car,CONFIRMED,0.481,877,1004,1041,1080,,
2026-09-03T07:12:51.162577+00:00,cam05,Visat teen Rasta,Ahmedabad,—,TR01M1K1T0CQ0JPCWP7EEN541VY4,car,CONFIRMED,0.616,1130,405,1152,445,,
2026-09-03T07:12:51.162577+00:00,cam05,Visat teen Rasta,Ahmedabad,—,TR01M1K1T0X2RGB3SRYHPV4MPW9E,truck,TENTATIVE,0.518,1618,469,1783,590,,
2026-09-03T07:12:51.162577+00:00,cam05,Visat teen Rasta,Ahmedabad,—,TR01M1K1T18GX0C1YYVB05BD6JGJ,car,CONFIRMED,0.498,1894,531,1920,596,,
2026-09-03T07:12:51.162577+00:00,cam05,Visat teen Rasta,Ahmedabad,—,TR01M1K1T18GRVJD36ATQV9TJRGN,car,CONFIRMED,0.600,893,428,918,464,,
2026-09-03T07:12:51.162577+00:00,cam05,Visat teen Rasta,Ahmedabad,—,TR01M1K1T2CXTJGY295AZ1828FW3,car,TENTATIVE,0.552,1794,347,1827,376,,
2026-09-03T07:12:51.702577+00:00,cam05,Visat teen Rasta,Ahmedabad,—,TR01M1K1SKXHYSP1FV1PMBFZ7JVW,car,CONFIRMED,0.781,285,408,323,434,,
2026-09-03T07:12:51.702577+00:00,cam05,Visat teen Rasta,Ahmedabad,—,TR01M1K1SV6ZB76KP62PB7HT5Z55,car,CONFIRMED,0.515,194,451,275,519,,
2026-09-03T07:12:51.702577+00:00,cam05,Visat teen Rasta,Ahmedabad,—,TR01M1K1SVCWJ3KEYJ806FPRV4D7,vehicle,CONFIRMED,0.442,1560,540,1920,1032,,
2026-09-03T07:12:51.702577+00:00,cam05,Visat teen Rasta,Ahmedabad,—,TR01M1K1SWFNK63A1SF2ZPYDCFDN,truck,CONFIRMED,0.478,194,451,275,519,,
2026-09-03T07:12:51.702577+00:00,cam05,Visat teen Rasta,Ahmedabad,—,TR01M1K1SWPKST7RHYWE2HWNP41J,car,CONFIRMED,0.663,401,424,448,479,,
2026-09-03T07:12:51.702577+00:00,cam05,Visat teen Rasta,Ahmedabad,—,TR01M1K1SY2R9YXGKV5SWNA73PAC,truck,CONFIRMED,0.465,401,424,448,479,,
2026-09-03T07:12:51.702577+00:00,cam05,Visat teen Rasta,Ahmedabad,—,TR01M1K1SYC3XYWP56EAC2ENMQTE,car,CONFIRMED,0.911,1267,530,1362,609,,
2026-09-03T07:12:51.702577+00:00,cam05,Visat teen Rasta,Ahmedabad,—,TR01M1K1SZ2HN55MAZ77YVWYV0C8,car,CONFIRMED,0.436,646,639,684,692,,
2026-09-03T07:12:51.702577+00:00,cam05,Visat teen Rasta,Ahmedabad,—,TR01M1K1SZ2HKZ3X7XH8J7AECKNM,bus,CONFIRMED,0.940,1551,539,1919,998,,
2026-09-03T07:12:51.702577+00:00,cam05,Visat teen Rasta,Ahmedabad,—,TR01M1K1T06XF514N51GGC2VJBVE,car,CONFIRMED,0.867,1175,458,1258,520,,
2026-09-03T07:12:51.702577+00:00,cam05,Visat teen Rasta,Ahmedabad,—,TR01M1K1T18GX0C1YYVB05BD6JGJ,car,CONFIRMED,0.498,1894,531,1920,596,,
2026-09-03T07:12:51.702577+00:00,cam05,Visat teen Rasta,Ahmedabad,—,TR01M1K1T18GRVJD36ATQV9TJRGN,car,CONFIRMED,0.565,891,408,917,462,,
2026-09-03T07:12:51.702577+00:00,cam05,Visat teen Rasta,Ahmedabad,—,TR01M1K1T2CXTJGY295AZ1828FW3,car,TENTATIVE,0.552,1794,347,1827,376,,
2026-09-03T07:12:51.802577+00:00,cam05,Visat teen Rasta,Ahmedabad,—,TR01M1K1SKXHYSP1FV1PMBFZ7JVW,car,CONFIRMED,0.788,285,408,323,433,,
2026-09-03T07:12:51.802577+00:00,cam05,Visat teen Rasta,Ahmedabad,—,TR01M1K1SV6ZB76KP62PB7HT5Z55,car,CONFIRMED,0.486,194,451,274,518,,
2026-09-03T07:12:51.802577+00:00,cam05,Visat teen Rasta,Ahmedabad,—,TR01M1K1SVCWJ3KEYJ806FPRV4D7,vehicle,CONFIRMED,0.417,1584,540,1920,1032,,
2026-09-03T07:12:51.802577+00:00,cam05,Visat teen Rasta,Ahmedabad,—,TR01M1K1SWFNK63A1SF2ZPYDCFDN,truck,CONFIRMED,0.482,194,451,274,518,,
2026-09-03T07:12:51.802577+00:00,cam05,Visat teen Rasta,Ahmedabad,—,TR01M1K1SWPKST7RHYWE2HWNP41J,car,CONFIRMED,0.648,406,423,450,477,,
2026-09-03T07:12:51.802577+00:00,cam05,Visat teen Rasta,Ahmedabad,—,TR01M1K1SY2R9YXGKV5SWNA73PAC,truck,CONFIRMED,0.419,406,423,450,477,,
2026-09-03T07:12:51.802577+00:00,cam05,Visat teen Rasta,Ahmedabad,—,TR01M1K1SYC3XYWP56EAC2ENMQTE,car,CONFIRMED,0.893,1278,537,1375,617,,
2026-09-03T07:12:51.802577+00:00,cam05,Visat teen Rasta,Ahmedabad,—,TR01M1K1SZ2HN55MAZ77YVWYV0C8,car,CONFIRMED,0.416,669,580,700,622,,
2026-09-03T07:12:51.802577+00:00,cam05,Visat teen Rasta,Ahmedabad,—,TR01M1K1SZ2HKZ3X7XH8J7AECKNM,bus,CONFIRMED,0.920,1578,551,1919,974,,
2026-09-03T07:12:51.802577+00:00,cam05,Visat teen Rasta,Ahmedabad,—,TR01M1K1T06XF514N51GGC2VJBVE,car,CONFIRMED,0.881,1185,465,1271,526,,
2026-09-03T07:12:51.802577+00:00,cam05,Visat teen Rasta,Ahmedabad,—,TR01M1K1T18GX0C1YYVB05BD6JGJ,car,CONFIRMED,0.498,1894,531,1920,596,,
2026-09-03T07:12:51.802577+00:00,cam05,Visat teen Rasta,Ahmedabad,—,TR01M1K1T18GRVJD36ATQV9TJRGN,car,CONFIRMED,0.571,891,406,917,462,,
2026-09-03T07:12:51.802577+00:00,cam05,Visat teen Rasta,Ahmedabad,—,TR01M1K1T2CXTJGY295AZ1828FW3,car,TENTATIVE,0.552,1794,347,1827,376,,
2026-09-03T07:12:52.162577+00:00,cam05,Visat teen Rasta,Ahmedabad,—,TR01M1K1SKXHYSP1FV1PMBFZ7JVW,car,CONFIRMED,0.782,285,408,323,433,,
2026-09-03T07:12:52.162577+00:00,cam05,Visat teen Rasta,Ahmedabad,—,TR01M1K1SV6ZB76KP62PB7HT5Z55,car,CONFIRMED,0.559,194,449,275,519,,
2026-09-03T07:12:52.162577+00:00,cam05,Visat teen Rasta,Ahmedabad,—,TR01M1K1SVCWJ3KEYJ806FPRV4D7,vehicle,CONFIRMED,0.413,1596,552,1920,1032,,
2026-09-03T07:12:52.162577+00:00,cam05,Visat teen Rasta,Ahmedabad,—,TR01M1K1SWFNK63A1SF2ZPYDCFDN,truck,CONFIRMED,0.499,194,449,275,519,,
2026-09-03T07:12:52.162577+00:00,cam05,Visat teen Rasta,Ahmedabad,—,TR01M1K1SWPKST7RHYWE2HWNP41J,car,CONFIRMED,0.611,423,417,466,467,,
2026-09-03T07:12:52.162577+00:00,cam05,Visat teen Rasta,Ahmedabad,—,TR01M1K1SY2R9YXGKV5SWNA73PAC,truck,CONFIRMED,0.423,423,417,466,467,,
2026-09-03T07:12:52.162577+00:00,cam05,Visat teen Rasta,Ahmedabad,—,TR01M1K1SYC3XYWP56EAC2ENMQTE,car,CONFIRMED,0.914,1314,558,1431,651,,
2026-09-03T07:12:52.162577+00:00,cam05,Visat teen Rasta,Ahmedabad,—,TR01M1K1SZ2HN55MAZ77YVWYV0C8,car,CONFIRMED,0.409,674,559,705,600,,
2026-09-03T07:12:52.162577+00:00,cam05,Visat teen Rasta,Ahmedabad,—,TR01M1K1SZ2HKZ3X7XH8J7AECKNM,bus,CONFIRMED,0.919,1696,589,1919,967,,
2026-09-03T07:12:52.162577+00:00,cam05,Visat teen Rasta,Ahmedabad,—,TR01M1K1T06XF514N51GGC2VJBVE,car,CONFIRMED,0.901,1223,478,1324,546,,
2026-09-03T07:12:52.162577+00:00,cam05,Visat teen Rasta,Ahmedabad,—,TR01M1K1T18GX0C1YYVB05BD6JGJ,car,CONFIRMED,0.498,1894,531,1920,596,,
2026-09-03T07:12:52.162577+00:00,cam05,Visat teen Rasta,Ahmedabad,—,TR01M1K1T18GRVJD36ATQV9TJRGN,car,CONFIRMED,0.574,891,405,918,461,,
2026-09-03T07:12:52.162577+00:00,cam05,Visat teen Rasta,Ahmedabad,—,TR01M1K1T2CXTJGY295AZ1828FW3,car,TENTATIVE,0.552,1794,347,1827,376,,
2026-09-03T07:12:52.625577+00:00,cam05,Visat teen Rasta,Ahmedabad,—,TR01M1K1SKXHYSP1FV1PMBFZ7JVW,car,CONFIRMED,0.694,284,400,324,434,,
2026-09-03T07:12:52.625577+00:00,cam05,Visat teen Rasta,Ahmedabad,—,TR01M1K1SV6ZB76KP62PB7HT5Z55,truck,CONFIRMED,0.584,196,450,268,518,,
2026-09-03T07:12:52.625577+00:00,cam05,Visat teen Rasta,Ahmedabad,—,TR01M1K1SVCWJ3KEYJ806FPRV4D7,vehicle,CONFIRMED,0.413,1596,552,1920,1032,,
2026-09-03T07:12:52.625577+00:00,cam05,Visat teen Rasta,Ahmedabad,—,TR01M1K1SWFNK63A1SF2ZPYDCFDN,truck,CONFIRMED,0.499,194,449,275,519,,
2026-09-03T07:12:52.625577+00:00,cam05,Visat teen Rasta,Ahmedabad,—,TR01M1K1SWPKST7RHYWE2HWNP41J,car,CONFIRMED,0.637,438,411,484,460,,
2026-09-03T07:12:52.625577+00:00,cam05,Visat teen Rasta,Ahmedabad,—,TR01M1K1SY2R9YXGKV5SWNA73PAC,truck,CONFIRMED,0.559,438,411,484,460,,
2026-09-03T07:12:52.625577+00:00,cam05,Visat teen Rasta,Ahmedabad,—,TR01M1K1SYC3XYWP56EAC2ENMQTE,car,CONFIRMED,0.928,1369,590,1506,697,,
2026-09-03T07:12:52.625577+00:00,cam05,Visat teen Rasta,Ahmedabad,—,TR01M1K1SZ2HN55MAZ77YVWYV0C8,car,CONFIRMED,0.409,674,559,705,600,,
2026-09-03T07:12:52.625577+00:00,cam05,Visat teen Rasta,Ahmedabad,—,TR01M1K1SZ2HKZ3X7XH8J7AECKNM,bus,CONFIRMED,0.919,1696,589,1919,967,,
2026-09-03T07:12:52.625577+00:00,cam05,Visat teen Rasta,Ahmedabad,—,TR01M1K1T06XF514N51GGC2VJBVE,car,CONFIRMED,0.932,1285,503,1400,580,,
2026-09-03T07:12:52.625577+00:00,cam05,Visat teen Rasta,Ahmedabad,—,TR01M1K1T18GRVJD36ATQV9TJRGN,car,CONFIRMED,0.440,891,437,917,461,,
2026-09-03T07:12:52.625577+00:00,cam05,Visat teen Rasta,Ahmedabad,—,TR01M1K1T2CXTJGY295AZ1828FW3,car,TENTATIVE,0.552,1794,347,1827,376,,
2026-09-03T07:12:52.725577+00:00,cam05,Visat teen Rasta,Ahmedabad,—,TR01M1K1SKXHYSP1FV1PMBFZ7JVW,car,CONFIRMED,0.710,284,401,323,434,,
2026-09-03T07:12:52.725577+00:00,cam05,Visat teen Rasta,Ahmedabad,—,TR01M1K1SV6ZB76KP62PB7HT5Z55,truck,CONFIRMED,0.575,196,450,269,518,,
2026-09-03T07:12:52.725577+00:00,cam05,Visat teen Rasta,Ahmedabad,—,TR01M1K1SVCWJ3KEYJ806FPRV4D7,vehicle,CONFIRMED,0.413,1596,552,1920,1032,,
2026-09-03T07:12:52.725577+00:00,cam05,Visat teen Rasta,Ahmedabad,—,TR01M1K1SWFNK63A1SF2ZPYDCFDN,car,CONFIRMED,0.404,196,450,269,518,,
2026-09-03T07:12:52.725577+00:00,cam05,Visat teen Rasta,Ahmedabad,—,TR01M1K1SWPKST7RHYWE2HWNP41J,truck,CONFIRMED,0.422,445,412,487,457,,
2026-09-03T07:12:52.725577+00:00,cam05,Visat teen Rasta,Ahmedabad,—,TR01M1K1SY2R9YXGKV5SWNA73PAC,car,CONFIRMED,0.743,445,412,487,457,,
2026-09-03T07:12:52.725577+00:00,cam05,Visat teen Rasta,Ahmedabad,—,TR01M1K1SYC3XYWP56EAC2ENMQTE,car,CONFIRMED,0.917,1382,598,1527,707,,
2026-09-03T07:12:52.725577+00:00,cam05,Visat teen Rasta,Ahmedabad,—,TR01M1K1SZ2HN55MAZ77YVWYV0C8,car,CONFIRMED,0.409,674,559,705,600,,
2026-09-03T07:12:52.725577+00:00,cam05,Visat teen Rasta,Ahmedabad,—,TR01M1K1SZ2HKZ3X7XH8J7AECKNM,bus,CONFIRMED,0.919,1696,589,1919,967,,
2026-09-03T07:12:52.725577+00:00,cam05,Visat teen Rasta,Ahmedabad,—,TR01M1K1T06XF514N51GGC2VJBVE,car,CONFIRMED,0.923,1302,509,1419,585,,
2026-09-03T07:12:52.725577+00:00,cam05,Visat teen Rasta,Ahmedabad,—,TR01M1K1T18GRVJD36ATQV9TJRGN,car,CONFIRMED,0.454,891,437,917,461,,
2026-09-03T07:12:52.725577+00:00,cam05,Visat teen Rasta,Ahmedabad,—,TR01M1K1T3XT2YJGVG8AQGSBH3S7,car,TENTATIVE,0.553,285,401,322,433,,
2026-09-03T07:12:52.725577+00:00,cam05,Visat teen Rasta,Ahmedabad,—,TR01M1K1T42896BRFGZ6RTBTJMW3,car,TENTATIVE,0.559,1035,405,1070,435,,
2026-09-03T07:12:52.825577+00:00,cam05,Visat teen Rasta,Ahmedabad,—,TR01M1K1SKXHYSP1FV1PMBFZ7JVW,car,CONFIRMED,0.658,284,400,324,434,,
2026-09-03T07:12:52.825577+00:00,cam05,Visat teen Rasta,Ahmedabad,—,TR01M1K1SV6ZB76KP62PB7HT5Z55,truck,CONFIRMED,0.575,196,450,269,518,,
2026-09-03T07:12:52.825577+00:00,cam05,Visat teen Rasta,Ahmedabad,—,TR01M1K1SVCWJ3KEYJ806FPRV4D7,vehicle,CONFIRMED,0.413,1596,552,1920,1032,,
2026-09-03T07:12:52.825577+00:00,cam05,Visat teen Rasta,Ahmedabad,—,TR01M1K1SWFNK63A1SF2ZPYDCFDN,truck,CONFIRMED,0.582,195,450,269,519,,
2026-09-03T07:12:52.825577+00:00,cam05,Visat teen Rasta,Ahmedabad,—,TR01M1K1SWPKST7RHYWE2HWNP41J,car,CONFIRMED,0.658,448,410,492,455,,
2026-09-03T07:12:52.825577+00:00,cam05,Visat teen Rasta,Ahmedabad,—,TR01M1K1SY2R9YXGKV5SWNA73PAC,truck,CONFIRMED,0.450,447,408,492,455,,
2026-09-03T07:12:52.825577+00:00,cam05,Visat teen Rasta,Ahmedabad,—,TR01M1K1SYC3XYWP56EAC2ENMQTE,car,CONFIRMED,0.927,1398,606,1547,718,,
2026-09-03T07:12:52.825577+00:00,cam05,Visat teen Rasta,Ahmedabad,—,TR01M1K1SZ2HN55MAZ77YVWYV0C8,car,CONFIRMED,0.409,674,559,705,600,,
2026-09-03T07:12:52.825577+00:00,cam05,Visat teen Rasta,Ahmedabad,—,TR01M1K1SZ2HKZ3X7XH8J7AECKNM,bus,CONFIRMED,0.919,1696,589,1919,967,,
2026-09-03T07:12:52.825577+00:00,cam05,Visat teen Rasta,Ahmedabad,—,TR01M1K1T06XF514N51GGC2VJBVE,car,CONFIRMED,0.929,1316,514,1437,595,,
2026-09-03T07:12:52.825577+00:00,cam05,Visat teen Rasta,Ahmedabad,—,TR01M1K1T18GRVJD36ATQV9TJRGN,car,CONFIRMED,0.400,891,436,917,461,,
2026-09-03T07:12:52.825577+00:00,cam05,Visat teen Rasta,Ahmedabad,—,TR01M1K1T3XT2YJGVG8AQGSBH3S7,car,CONFIRMED,0.426,285,402,322,433,,
2026-09-03T07:12:52.825577+00:00,cam05,Visat teen Rasta,Ahmedabad,—,TR01M1K1T42896BRFGZ6RTBTJMW3,car,CONFIRMED,0.588,1037,401,1073,437,,
2026-09-03T07:12:53.205577+00:00,cam05,Visat teen Rasta,Ahmedabad,—,TR01M1K1SKXHYSP1FV1PMBFZ7JVW,car,CONFIRMED,0.658,284,400,324,434,,
2026-09-03T07:12:53.205577+00:00,cam05,Visat teen Rasta,Ahmedabad,—,TR01M1K1SV6ZB76KP62PB7HT5Z55,truck,CONFIRMED,0.575,196,450,269,518,,
2026-09-03T07:12:53.205577+00:00,cam05,Visat teen Rasta,Ahmedabad,—,TR01M1K1SVCWJ3KEYJ806FPRV4D7,vehicle,CONFIRMED,0.413,1596,552,1920,1032,,
2026-09-03T07:12:53.205577+00:00,cam05,Visat teen Rasta,Ahmedabad,—,TR01M1K1SWFNK63A1SF2ZPYDCFDN,truck,CONFIRMED,0.571,196,451,268,520,,
2026-09-03T07:12:53.205577+00:00,cam05,Visat teen Rasta,Ahmedabad,—,TR01M1K1SWPKST7RHYWE2HWNP41J,car,CONFIRMED,0.772,461,402,504,447,,
2026-09-03T07:12:53.205577+00:00,cam05,Visat teen Rasta,Ahmedabad,—,TR01M1K1SY2R9YXGKV5SWNA73PAC,truck,CONFIRMED,0.450,447,408,492,455,,
2026-09-03T07:12:53.205577+00:00,cam05,Visat teen Rasta,Ahmedabad,—,TR01M1K1SYC3XYWP56EAC2ENMQTE,car,CONFIRMED,0.934,1460,637,1631,766,,
2026-09-03T07:12:53.205577+00:00,cam05,Visat teen Rasta,Ahmedabad,—,TR01M1K1SZ2HN55MAZ77YVWYV0C8,car,CONFIRMED,0.409,674,559,705,600,,
2026-09-03T07:12:53.205577+00:00,cam05,Visat teen Rasta,Ahmedabad,—,TR01M1K1SZ2HKZ3X7XH8J7AECKNM,bus,CONFIRMED,0.919,1696,589,1919,967,,
2026-09-03T07:12:53.205577+00:00,cam05,Visat teen Rasta,Ahmedabad,—,TR01M1K1T06XF514N51GGC2VJBVE,car,CONFIRMED,0.923,1378,536,1515,625,,
2026-09-03T07:12:53.205577+00:00,cam05,Visat teen Rasta,Ahmedabad,—,TR01M1K1T18GRVJD36ATQV9TJRGN,car,CONFIRMED,0.461,890,405,918,459,,
2026-09-03T07:12:53.205577+00:00,cam05,Visat teen Rasta,Ahmedabad,—,TR01M1K1T3XT2YJGVG8AQGSBH3S7,car,CONFIRMED,0.727,284,401,323,434,,
2026-09-03T07:12:53.205577+00:00,cam05,Visat teen Rasta,Ahmedabad,—,TR01M1K1T42896BRFGZ6RTBTJMW3,car,CONFIRMED,0.789,1039,403,1086,445,,
2026-09-03T07:12:53.705577+00:00,cam05,Visat teen Rasta,Ahmedabad,—,TR01M1K1SKXHYSP1FV1PMBFZ7JVW,car,CONFIRMED,0.425,285,406,330,437,,
2026-09-03T07:12:53.705577+00:00,cam05,Visat teen Rasta,Ahmedabad,—,TR01M1K1SV6ZB76KP62PB7HT5Z55,bus,CONFIRMED,0.492,198,451,267,520,,
2026-09-03T07:12:53.705577+00:00,cam05,Visat teen Rasta,Ahmedabad,—,TR01M1K1SWFNK63A1SF2ZPYDCFDN,truck,CONFIRMED,0.584,198,451,267,520,,
2026-09-03T07:12:53.705577+00:00,cam05,Visat teen Rasta,Ahmedabad,—,TR01M1K1SWPKST7RHYWE2HWNP41J,car,CONFIRMED,0.534,480,394,517,439,,
2026-09-03T07:12:53.705577+00:00,cam05,Visat teen Rasta,Ahmedabad,—,TR01M1K1SY2R9YXGKV5SWNA73PAC,truck,CONFIRMED,0.450,447,408,492,455,,
2026-09-03T07:12:53.705577+00:00,cam05,Visat teen Rasta,Ahmedabad,—,TR01M1K1SYC3XYWP56EAC2ENMQTE,car,CONFIRMED,0.932,1570,693,1781,850,,
2026-09-03T07:12:53.705577+00:00,cam05,Visat teen Rasta,Ahmedabad,—,TR01M1K1T06XF514N51GGC2VJBVE,car,CONFIRMED,0.920,1484,575,1649,677,,
2026-09-03T07:12:53.705577+00:00,cam05,Visat teen Rasta,Ahmedabad,—,TR01M1K1T18GRVJD36ATQV9TJRGN,car,CONFIRMED,0.453,892,406,917,461,,
2026-09-03T07:12:53.705577+00:00,cam05,Visat teen Rasta,Ahmedabad,—,TR01M1K1T3XT2YJGVG8AQGSBH3S7,car,CONFIRMED,0.659,286,407,327,435,,
2026-09-03T07:12:53.705577+00:00,cam05,Visat teen Rasta,Ahmedabad,—,TR01M1K1T42896BRFGZ6RTBTJMW3,car,CONFIRMED,0.760,1055,409,1105,457,,
2026-09-03T07:12:53.705577+00:00,cam05,Visat teen Rasta,Ahmedabad,—,TR01M1K1T50FJAE58TNNTM83VB7J,car,TENTATIVE,0.519,893,430,917,462,,
2026-09-03T07:12:53.705577+00:00,cam05,Visat teen Rasta,Ahmedabad,—,TR01M1K1T50FFVZZ5WE19MCRZ1P2,truck,TENTATIVE,0.511,480,394,517,439,,
2026-09-03T07:12:53.805577+00:00,cam05,Visat teen Rasta,Ahmedabad,—,TR01M1K1SKXHYSP1FV1PMBFZ7JVW,car,CONFIRMED,0.409,285,406,330,437,,
2026-09-03T07:12:53.805577+00:00,cam05,Visat teen Rasta,Ahmedabad,—,TR01M1K1SV6ZB76KP62PB7HT5Z55,truck,CONFIRMED,0.587,199,451,266,520,,
2026-09-03T07:12:53.805577+00:00,cam05,Visat teen Rasta,Ahmedabad,—,TR01M1K1SWFNK63A1SF2ZPYDCFDN,bus,CONFIRMED,0.525,199,451,266,520,,
2026-09-03T07:12:53.805577+00:00,cam05,Visat teen Rasta,Ahmedabad,—,TR01M1K1SWPKST7RHYWE2HWNP41J,car,CONFIRMED,0.607,483,394,520,438,,
2026-09-03T07:12:53.805577+00:00,cam05,Visat teen Rasta,Ahmedabad,—,TR01M1K1SY2R9YXGKV5SWNA73PAC,truck,CONFIRMED,0.450,447,408,492,455,,
2026-09-03T07:12:53.805577+00:00,cam05,Visat teen Rasta,Ahmedabad,—,TR01M1K1SYC3XYWP56EAC2ENMQTE,car,CONFIRMED,0.938,1595,706,1817,870,,
2026-09-03T07:12:53.805577+00:00,cam05,Visat teen Rasta,Ahmedabad,—,TR01M1K1T06XF514N51GGC2VJBVE,car,CONFIRMED,0.933,1506,585,1679,688,,
2026-09-03T07:12:53.805577+00:00,cam05,Visat teen Rasta,Ahmedabad,—,TR01M1K1T18GRVJD36ATQV9TJRGN,car,CONFIRMED,0.425,892,406,917,461,,
2026-09-03T07:12:53.805577+00:00,cam05,Visat teen Rasta,Ahmedabad,—,TR01M1K1T3XT2YJGVG8AQGSBH3S7,car,CONFIRMED,0.657,286,407,327,435,,
2026-09-03T07:12:53.805577+00:00,cam05,Visat teen Rasta,Ahmedabad,—,TR01M1K1T42896BRFGZ6RTBTJMW3,car,CONFIRMED,0.757,1055,413,1108,460,,
2026-09-03T07:12:53.805577+00:00,cam05,Visat teen Rasta,Ahmedabad,—,TR01M1K1T50FJAE58TNNTM83VB7J,car,CONFIRMED,0.541,893,430,917,462,,
2026-09-03T07:12:53.805577+00:00,cam05,Visat teen Rasta,Ahmedabad,—,TR01M1K1T50FFVZZ5WE19MCRZ1P2,truck,CONFIRMED,0.443,483,394,520,438,,
2026-09-03T07:12:53.905577+00:00,cam05,Visat teen Rasta,Ahmedabad,—,TR01M1K1SKXHYSP1FV1PMBFZ7JVW,car,CONFIRMED,0.409,285,406,330,437,,
2026-09-03T07:12:53.905577+00:00,cam05,Visat teen Rasta,Ahmedabad,—,TR01M1K1SV6ZB76KP62PB7HT5Z55,truck,CONFIRMED,0.585,199,451,266,520,,
2026-09-03T07:12:53.905577+00:00,cam05,Visat teen Rasta,Ahmedabad,—,TR01M1K1SWFNK63A1SF2ZPYDCFDN,bus,CONFIRMED,0.526,199,451,266,520,,
2026-09-03T07:12:53.905577+00:00,cam05,Visat teen Rasta,Ahmedabad,—,TR01M1K1SWPKST7RHYWE2HWNP41J,car,CONFIRMED,0.604,484,392,523,436,,
2026-09-03T07:12:53.905577+00:00,cam05,Visat teen Rasta,Ahmedabad,—,TR01M1K1SY2R9YXGKV5SWNA73PAC,truck,CONFIRMED,0.450,447,408,492,455,,
2026-09-03T07:12:53.905577+00:00,cam05,Visat teen Rasta,Ahmedabad,—,TR01M1K1SYC3XYWP56EAC2ENMQTE,car,CONFIRMED,0.938,1621,720,1855,892,,
2026-09-03T07:12:53.905577+00:00,cam05,Visat teen Rasta,Ahmedabad,—,TR01M1K1T06XF514N51GGC2VJBVE,car,CONFIRMED,0.939,1532,593,1712,702,,
2026-09-03T07:12:53.905577+00:00,cam05,Visat teen Rasta,Ahmedabad,—,TR01M1K1T18GRVJD36ATQV9TJRGN,car,CONFIRMED,0.425,892,406,917,461,,
2026-09-03T07:12:53.905577+00:00,cam05,Visat teen Rasta,Ahmedabad,—,TR01M1K1T3XT2YJGVG8AQGSBH3S7,car,CONFIRMED,0.661,287,407,327,435,,
2026-09-03T07:12:53.905577+00:00,cam05,Visat teen Rasta,Ahmedabad,—,TR01M1K1T42896BRFGZ6RTBTJMW3,car,CONFIRMED,0.782,1059,413,1112,461,,
2026-09-03T07:12:53.905577+00:00,cam05,Visat teen Rasta,Ahmedabad,—,TR01M1K1T50FJAE58TNNTM83VB7J,car,CONFIRMED,0.534,893,430,917,462,,
2026-09-03T07:12:53.905577+00:00,cam05,Visat teen Rasta,Ahmedabad,—,TR01M1K1T50FFVZZ5WE19MCRZ1P2,truck,CONFIRMED,0.481,484,392,523,436,,
2026-09-03T07:12:53.905577+00:00,cam05,Visat teen Rasta,Ahmedabad,—,TR01M1K1T5T4NQ2Y596068DHQX4Q,car,TENTATIVE,0.558,702,499,729,529,,
2026-09-03T07:12:54.605577+00:00,cam05,Visat teen Rasta,Ahmedabad,—,TR01M1K1SKXHYSP1FV1PMBFZ7JVW,car,CONFIRMED,0.409,285,406,330,437,,
2026-09-03T07:12:54.605577+00:00,cam05,Visat teen Rasta,Ahmedabad,—,TR01M1K1SV6ZB76KP62PB7HT5Z55,truck,CONFIRMED,0.598,189,449,270,521,,
2026-09-03T07:12:54.605577+00:00,cam05,Visat teen Rasta,Ahmedabad,—,TR01M1K1SWFNK63A1SF2ZPYDCFDN,car,CONFIRMED,0.480,189,449,270,521,,
2026-09-03T07:12:54.605577+00:00,cam05,Visat teen Rasta,Ahmedabad,—,TR01M1K1SWPKST7RHYWE2HWNP41J,truck,CONFIRMED,0.450,508,384,542,425,,
2026-09-03T07:12:54.605577+00:00,cam05,Visat teen Rasta,Ahmedabad,—,TR01M1K1SYC3XYWP56EAC2ENMQTE,car,CONFIRMED,0.938,1621,720,1855,892,,
2026-09-03T07:12:54.605577+00:00,cam05,Visat teen Rasta,Ahmedabad,—,TR01M1K1T06XF514N51GGC2VJBVE,car,CONFIRMED,0.916,1753,670,1919,811,,
2026-09-03T07:12:54.605577+00:00,cam05,Visat teen Rasta,Ahmedabad,—,TR01M1K1T18GRVJD36ATQV9TJRGN,car,CONFIRMED,0.425,892,406,917,461,,
2026-09-03T07:12:54.605577+00:00,cam05,Visat teen Rasta,Ahmedabad,—,TR01M1K1T3XT2YJGVG8AQGSBH3S7,car,CONFIRMED,0.721,288,407,322,434,,
2026-09-03T07:12:54.605577+00:00,cam05,Visat teen Rasta,Ahmedabad,—,TR01M1K1T42896BRFGZ6RTBTJMW3,car,CONFIRMED,0.827,1078,431,1144,480,,
2026-09-03T07:12:54.605577+00:00,cam05,Visat teen Rasta,Ahmedabad,—,TR01M1K1T50FJAE58TNNTM83VB7J,car,CONFIRMED,0.435,891,432,918,462,,
2026-09-03T07:12:54.605577+00:00,cam05,Visat teen Rasta,Ahmedabad,—,TR01M1K1T50FFVZZ5WE19MCRZ1P2,car,CONFIRMED,0.691,508,384,542,425,,
2026-09-03T07:12:54.605577+00:00,cam05,Visat teen Rasta,Ahmedabad,—,TR01M1K1T5T4NQ2Y596068DHQX4Q,car,TENTATIVE,0.558,702,499,729,529,,
2026-09-03T07:12:54.605577+00:00,cam05,Visat teen Rasta,Ahmedabad,—,TR01M1K1T6119YZZ5TD0SNAGV9JP,car,TENTATIVE,0.733,1872,856,1919,1005,,
2026-09-03T07:12:54.705577+00:00,cam05,Visat teen Rasta,Ahmedabad,—,TR01M1K1SKXHYSP1FV1PMBFZ7JVW,car,CONFIRMED,0.409,285,406,330,437,,
2026-09-03T07:12:54.705577+00:00,cam05,Visat teen Rasta,Ahmedabad,—,TR01M1K1SV6ZB76KP62PB7HT5Z55,car,CONFIRMED,0.453,190,449,270,521,,
2026-09-03T07:12:54.705577+00:00,cam05,Visat teen Rasta,Ahmedabad,—,TR01M1K1SWFNK63A1SF2ZPYDCFDN,truck,CONFIRMED,0.598,190,449,270,521,,
2026-09-03T07:12:54.705577+00:00,cam05,Visat teen Rasta,Ahmedabad,—,TR01M1K1SWPKST7RHYWE2HWNP41J,car,CONFIRMED,0.667,510,383,544,424,,
2026-09-03T07:12:54.705577+00:00,cam05,Visat teen Rasta,Ahmedabad,—,TR01M1K1SYC3XYWP56EAC2ENMQTE,car,CONFIRMED,0.938,1621,720,1855,892,,
2026-09-03T07:12:54.705577+00:00,cam05,Visat teen Rasta,Ahmedabad,—,TR01M1K1T06XF514N51GGC2VJBVE,car,CONFIRMED,0.890,1794,685,1920,829,,
2026-09-03T07:12:54.705577+00:00,cam05,Visat teen Rasta,Ahmedabad,—,TR01M1K1T18GRVJD36ATQV9TJRGN,car,CONFIRMED,0.405,890,405,919,461,,
2026-09-03T07:12:54.705577+00:00,cam05,Visat teen Rasta,Ahmedabad,—,TR01M1K1T3XT2YJGVG8AQGSBH3S7,car,CONFIRMED,0.705,288,407,321,434,,
2026-09-03T07:12:54.705577+00:00,cam05,Visat teen Rasta,Ahmedabad,—,TR01M1K1T42896BRFGZ6RTBTJMW3,car,CONFIRMED,0.772,1086,431,1148,482,,
2026-09-03T07:12:54.705577+00:00,cam05,Visat teen Rasta,Ahmedabad,—,TR01M1K1T50FJAE58TNNTM83VB7J,car,CONFIRMED,0.409,892,432,918,462,,
2026-09-03T07:12:54.705577+00:00,cam05,Visat teen Rasta,Ahmedabad,—,TR01M1K1T50FFVZZ5WE19MCRZ1P2,truck,CONFIRMED,0.484,510,383,544,424,,
2026-09-03T07:12:54.705577+00:00,cam05,Visat teen Rasta,Ahmedabad,—,TR01M1K1T5T4NQ2Y596068DHQX4Q,car,TENTATIVE,0.558,702,499,729,529,,
2026-09-03T07:12:54.705577+00:00,cam05,Visat teen Rasta,Ahmedabad,—,TR01M1K1T6119YZZ5TD0SNAGV9JP,car,TENTATIVE,0.733,1872,856,1919,1005,,
2026-09-03T07:12:54.805577+00:00,cam05,Visat teen Rasta,Ahmedabad,—,TR01M1K1SKXHYSP1FV1PMBFZ7JVW,car,CONFIRMED,0.409,285,406,330,437,,
2026-09-03T07:12:54.805577+00:00,cam05,Visat teen Rasta,Ahmedabad,—,TR01M1K1SV6ZB76KP62PB7HT5Z55,car,CONFIRMED,0.472,190,449,269,521,,
2026-09-03T07:12:54.805577+00:00,cam05,Visat teen Rasta,Ahmedabad,—,TR01M1K1SWFNK63A1SF2ZPYDCFDN,truck,CONFIRMED,0.574,190,449,269,521,,
2026-09-03T07:12:54.805577+00:00,cam05,Visat teen Rasta,Ahmedabad,—,TR01M1K1SWPKST7RHYWE2HWNP41J,truck,CONFIRMED,0.490,512,383,546,423,,
2026-09-03T07:12:54.805577+00:00,cam05,Visat teen Rasta,Ahmedabad,—,TR01M1K1SYC3XYWP56EAC2ENMQTE,car,CONFIRMED,0.938,1621,720,1855,892,,
2026-09-03T07:12:54.805577+00:00,cam05,Visat teen Rasta,Ahmedabad,—,TR01M1K1T06XF514N51GGC2VJBVE,car,CONFIRMED,0.828,1838,701,1920,823,,
2026-09-03T07:12:54.805577+00:00,cam05,Visat teen Rasta,Ahmedabad,—,TR01M1K1T18GRVJD36ATQV9TJRGN,car,CONFIRMED,0.409,890,405,918,461,,
2026-09-03T07:12:54.805577+00:00,cam05,Visat teen Rasta,Ahmedabad,—,TR01M1K1T3XT2YJGVG8AQGSBH3S7,car,CONFIRMED,0.715,288,408,321,434,,
2026-09-03T07:12:54.805577+00:00,cam05,Visat teen Rasta,Ahmedabad,—,TR01M1K1T42896BRFGZ6RTBTJMW3,car,CONFIRMED,0.836,1089,434,1152,484,,
2026-09-03T07:12:54.805577+00:00,cam05,Visat teen Rasta,Ahmedabad,—,TR01M1K1T50FJAE58TNNTM83VB7J,car,CONFIRMED,0.449,892,432,918,462,,
2026-09-03T07:12:54.805577+00:00,cam05,Visat teen Rasta,Ahmedabad,—,TR01M1K1T50FFVZZ5WE19MCRZ1P2,car,CONFIRMED,0.658,512,383,546,423,,
2026-09-03T07:12:54.805577+00:00,cam05,Visat teen Rasta,Ahmedabad,—,TR01M1K1T5T4NQ2Y596068DHQX4Q,car,TENTATIVE,0.558,702,499,729,529,,
2026-09-03T07:12:54.805577+00:00,cam05,Visat teen Rasta,Ahmedabad,—,TR01M1K1T6119YZZ5TD0SNAGV9JP,car,TENTATIVE,0.733,1872,856,1919,1005,,
2026-09-03T07:12:54.905577+00:00,cam05,Visat teen Rasta,Ahmedabad,—,TR01M1K1SKXHYSP1FV1PMBFZ7JVW,car,CONFIRMED,0.409,285,406,330,437,,
2026-09-03T07:12:54.905577+00:00,cam05,Visat teen Rasta,Ahmedabad,—,TR01M1K1SV6ZB76KP62PB7HT5Z55,car,CONFIRMED,0.471,190,449,270,521,,
2026-09-03T07:12:54.905577+00:00,cam05,Visat teen Rasta,Ahmedabad,—,TR01M1K1SWFNK63A1SF2ZPYDCFDN,truck,CONFIRMED,0.579,190,449,270,521,,
2026-09-03T07:12:54.905577+00:00,cam05,Visat teen Rasta,Ahmedabad,—,TR01M1K1SWPKST7RHYWE2HWNP41J,truck,CONFIRMED,0.490,512,383,546,423,,
2026-09-03T07:12:54.905577+00:00,cam05,Visat teen Rasta,Ahmedabad,—,TR01M1K1SYC3XYWP56EAC2ENMQTE,car,CONFIRMED,0.938,1621,720,1855,892,,
2026-09-03T07:12:54.905577+00:00,cam05,Visat teen Rasta,Ahmedabad,—,TR01M1K1T06XF514N51GGC2VJBVE,car,CONFIRMED,0.679,1887,729,1920,828,,
2026-09-03T07:12:54.905577+00:00,cam05,Visat teen Rasta,Ahmedabad,—,TR01M1K1T18GRVJD36ATQV9TJRGN,car,CONFIRMED,0.415,890,405,919,461,,
2026-09-03T07:12:54.905577+00:00,cam05,Visat teen Rasta,Ahmedabad,—,TR01M1K1T3XT2YJGVG8AQGSBH3S7,car,CONFIRMED,0.695,288,408,321,433,,
2026-09-03T07:12:54.905577+00:00,cam05,Visat teen Rasta,Ahmedabad,—,TR01M1K1T42896BRFGZ6RTBTJMW3,car,CONFIRMED,0.806,1093,437,1153,488,,
2026-09-03T07:12:54.905577+00:00,cam05,Visat teen Rasta,Ahmedabad,—,TR01M1K1T50FJAE58TNNTM83VB7J,car,CONFIRMED,0.451,892,432,918,462,,
2026-09-03T07:12:54.905577+00:00,cam05,Visat teen Rasta,Ahmedabad,—,TR01M1K1T50FFVZZ5WE19MCRZ1P2,car,CONFIRMED,0.664,515,384,548,421,,
2026-09-03T07:12:54.905577+00:00,cam05,Visat teen Rasta,Ahmedabad,—,TR01M1K1T5T4NQ2Y596068DHQX4Q,car,TENTATIVE,0.558,702,499,729,529,,
2026-09-03T07:12:54.905577+00:00,cam05,Visat teen Rasta,Ahmedabad,—,TR01M1K1T6119YZZ5TD0SNAGV9JP,car,TENTATIVE,0.733,1872,856,1919,1005,,
2026-09-03T07:12:55.525577+00:00,cam05,Visat teen Rasta,Ahmedabad,—,TR01M1K1SKXHYSP1FV1PMBFZ7JVW,car,CONFIRMED,0.718,286,403,325,436,,
2026-09-03T07:12:55.525577+00:00,cam05,Visat teen Rasta,Ahmedabad,—,TR01M1K1SV6ZB76KP62PB7HT5Z55,truck,CONFIRMED,0.545,197,450,272,520,,
2026-09-03T07:12:55.525577+00:00,cam05,Visat teen Rasta,Ahmedabad,—,TR01M1K1SWFNK63A1SF2ZPYDCFDN,car,CONFIRMED,0.444,197,450,272,520,,
2026-09-03T07:12:55.525577+00:00,cam05,Visat teen Rasta,Ahmedabad,—,TR01M1K1SWPKST7RHYWE2HWNP41J,truck,CONFIRMED,0.445,530,375,564,413,,
2026-09-03T07:12:55.525577+00:00,cam05,Visat teen Rasta,Ahmedabad,—,TR01M1K1T06XF514N51GGC2VJBVE,car,CONFIRMED,0.679,1887,729,1920,828,,
2026-09-03T07:12:55.525577+00:00,cam05,Visat teen Rasta,Ahmedabad,—,TR01M1K1T18GRVJD36ATQV9TJRGN,car,CONFIRMED,0.415,890,405,919,461,,
2026-09-03T07:12:55.525577+00:00,cam05,Visat teen Rasta,Ahmedabad,—,TR01M1K1T3XT2YJGVG8AQGSBH3S7,car,CONFIRMED,0.695,288,408,321,433,,
2026-09-03T07:12:55.525577+00:00,cam05,Visat teen Rasta,Ahmedabad,—,TR01M1K1T42896BRFGZ6RTBTJMW3,car,CONFIRMED,0.820,1126,456,1199,515,,
2026-09-03T07:12:55.525577+00:00,cam05,Visat teen Rasta,Ahmedabad,—,TR01M1K1T50FJAE58TNNTM83VB7J,car,CONFIRMED,0.543,892,430,916,460,,
2026-09-03T07:12:55.525577+00:00,cam05,Visat teen Rasta,Ahmedabad,—,TR01M1K1T50FFVZZ5WE19MCRZ1P2,car,CONFIRMED,0.516,530,375,564,413,,
2026-09-03T07:12:55.525577+00:00,cam05,Visat teen Rasta,Ahmedabad,—,TR01M1K1T6119YZZ5TD0SNAGV9JP,car,TENTATIVE,0.733,1872,856,1919,1005,,
2026-09-03T07:12:55.705577+00:00,cam05,Visat teen Rasta,Ahmedabad,—,TR01M1K1SKXHYSP1FV1PMBFZ7JVW,car,CONFIRMED,0.692,286,403,324,436,,
2026-09-03T07:12:55.705577+00:00,cam05,Visat teen Rasta,Ahmedabad,—,TR01M1K1SV6ZB76KP62PB7HT5Z55,car,CONFIRMED,0.449,197,450,272,520,,
2026-09-03T07:12:55.705577+00:00,cam05,Visat teen Rasta,Ahmedabad,—,TR01M1K1SWFNK63A1SF2ZPYDCFDN,truck,CONFIRMED,0.548,197,450,272,520,,
2026-09-03T07:12:55.705577+00:00,cam05,Visat teen Rasta,Ahmedabad,—,TR01M1K1SWPKST7RHYWE2HWNP41J,car,CONFIRMED,0.548,533,375,567,413,,
2026-09-03T07:12:55.705577+00:00,cam05,Visat teen Rasta,Ahmedabad,—,TR01M1K1T06XF514N51GGC2VJBVE,car,CONFIRMED,0.679,1887,729,1920,828,,
2026-09-03T07:12:55.705577+00:00,cam05,Visat teen Rasta,Ahmedabad,—,TR01M1K1T18GRVJD36ATQV9TJRGN,car,CONFIRMED,0.416,890,405,917,459,,
2026-09-03T07:12:55.705577+00:00,cam05,Visat teen Rasta,Ahmedabad,—,TR01M1K1T3XT2YJGVG8AQGSBH3S7,car,CONFIRMED,0.695,288,408,321,433,,
2026-09-03T07:12:55.705577+00:00,cam05,Visat teen Rasta,Ahmedabad,—,TR01M1K1T42896BRFGZ6RTBTJMW3,car,CONFIRMED,0.838,1133,458,1211,520,,
2026-09-03T07:12:55.705577+00:00,cam05,Visat teen Rasta,Ahmedabad,—,TR01M1K1T50FJAE58TNNTM83VB7J,car,CONFIRMED,0.558,893,430,916,459,,
2026-09-03T07:12:55.705577+00:00,cam05,Visat teen Rasta,Ahmedabad,—,TR01M1K1T50FFVZZ5WE19MCRZ1P2,truck,CONFIRMED,0.420,533,375,567,413,,
2026-09-03T07:12:55.705577+00:00,cam05,Visat teen Rasta,Ahmedabad,—,TR01M1K1T6119YZZ5TD0SNAGV9JP,car,TENTATIVE,0.733,1872,856,1919,1005,,
2026-09-03T07:12:55.705577+00:00,cam05,Visat teen Rasta,Ahmedabad,—,TR01M1K1T7CBP6W90HP4EKEMEGF0,car,TENTATIVE,0.713,0,672,51,804,,
2026-09-03T07:12:55.805577+00:00,cam05,Visat teen Rasta,Ahmedabad,—,TR01M1K1SKXHYSP1FV1PMBFZ7JVW,car,CONFIRMED,0.685,286,403,324,436,,
2026-09-03T07:12:55.805577+00:00,cam05,Visat teen Rasta,Ahmedabad,—,TR01M1K1SV6ZB76KP62PB7HT5Z55,truck,CONFIRMED,0.571,197,450,272,520,,
2026-09-03T07:12:55.805577+00:00,cam05,Visat teen Rasta,Ahmedabad,—,TR01M1K1SWFNK63A1SF2ZPYDCFDN,car,CONFIRMED,0.440,197,450,272,520,,
2026-09-03T07:12:55.805577+00:00,cam05,Visat teen Rasta,Ahmedabad,—,TR01M1K1SWPKST7RHYWE2HWNP41J,car,CONFIRMED,0.496,535,372,569,410,,
2026-09-03T07:12:55.805577+00:00,cam05,Visat teen Rasta,Ahmedabad,—,TR01M1K1T06XF514N51GGC2VJBVE,car,CONFIRMED,0.679,1887,729,1920,828,,
2026-09-03T07:12:55.805577+00:00,cam05,Visat teen Rasta,Ahmedabad,—,TR01M1K1T18GRVJD36ATQV9TJRGN,car,CONFIRMED,0.415,890,405,917,459,,
2026-09-03T07:12:55.805577+00:00,cam05,Visat teen Rasta,Ahmedabad,—,TR01M1K1T3XT2YJGVG8AQGSBH3S7,car,CONFIRMED,0.695,288,408,321,433,,
2026-09-03T07:12:55.805577+00:00,cam05,Visat teen Rasta,Ahmedabad,—,TR01M1K1T42896BRFGZ6RTBTJMW3,car,CONFIRMED,0.669,1135,461,1219,525,,
2026-09-03T07:12:55.805577+00:00,cam05,Visat teen Rasta,Ahmedabad,—,TR01M1K1T50FJAE58TNNTM83VB7J,car,CONFIRMED,0.505,893,430,916,460,,
2026-09-03T07:12:55.805577+00:00,cam05,Visat teen Rasta,Ahmedabad,—,TR01M1K1T50FFVZZ5WE19MCRZ1P2,truck,CONFIRMED,0.510,535,372,569,410,,
2026-09-03T07:12:55.805577+00:00,cam05,Visat teen Rasta,Ahmedabad,—,TR01M1K1T6119YZZ5TD0SNAGV9JP,car,TENTATIVE,0.733,1872,856,1919,1005,,
2026-09-03T07:12:55.805577+00:00,cam05,Visat teen Rasta,Ahmedabad,—,TR01M1K1T7CBP6W90HP4EKEMEGF0,car,CONFIRMED,0.746,0,654,86,798,,
2026-09-03T07:12:55.805577+00:00,cam05,Visat teen Rasta,Ahmedabad,—,TR01M1K1T7RMTBE17266BAYV20D1,car,CONFIRMED,0.600,1169,462,1218,524,,
2026-09-03T07:12:55.805577+00:00,cam05,Visat teen Rasta,Ahmedabad,—,TR01M1K1T7RMT0864GRPMJ13TRVJ,bicycle,TENTATIVE,0.520,1529,661,1579,728,,
2026-09-03T07:12:56.005577+00:00,cam05,Visat teen Rasta,Ahmedabad,—,TR01M1K1SKXHYSP1FV1PMBFZ7JVW,car,CONFIRMED,0.688,286,403,325,436,,
2026-09-03T07:12:56.005577+00:00,cam05,Visat teen Rasta,Ahmedabad,—,TR01M1K1SV6ZB76KP62PB7HT5Z55,car,CONFIRMED,0.457,197,450,272,520,,
2026-09-03T07:12:56.005577+00:00,cam05,Visat teen Rasta,Ahmedabad,—,TR01M1K1SWFNK63A1SF2ZPYDCFDN,truck,CONFIRMED,0.526,197,450,272,520,,
2026-09-03T07:12:56.005577+00:00,cam05,Visat teen Rasta,Ahmedabad,—,TR01M1K1SWPKST7RHYWE2HWNP41J,car,CONFIRMED,0.496,535,372,569,410,,
2026-09-03T07:12:56.005577+00:00,cam05,Visat teen Rasta,Ahmedabad,—,TR01M1K1T06XF514N51GGC2VJBVE,car,CONFIRMED,0.679,1887,729,1920,828,,
2026-09-03T07:12:56.005577+00:00,cam05,Visat teen Rasta,Ahmedabad,—,TR01M1K1T18GRVJD36ATQV9TJRGN,car,CONFIRMED,0.432,890,405,917,460,,
2026-09-03T07:12:56.005577+00:00,cam05,Visat teen Rasta,Ahmedabad,—,TR01M1K1T3XT2YJGVG8AQGSBH3S7,car,CONFIRMED,0.695,288,408,321,433,,
2026-09-03T07:12:56.005577+00:00,cam05,Visat teen Rasta,Ahmedabad,—,TR01M1K1T42896BRFGZ6RTBTJMW3,truck,CONFIRMED,0.459,1168,467,1237,534,,
2026-09-03T07:12:56.005577+00:00,cam05,Visat teen Rasta,Ahmedabad,—,TR01M1K1T50FJAE58TNNTM83VB7J,car,CONFIRMED,0.541,893,430,916,460,,
2026-09-03T07:12:56.005577+00:00,cam05,Visat teen Rasta,Ahmedabad,—,TR01M1K1T50FFVZZ5WE19MCRZ1P2,car,CONFIRMED,0.434,543,385,573,410,,
2026-09-03T07:12:56.005577+00:00,cam05,Visat teen Rasta,Ahmedabad,—,TR01M1K1T6119YZZ5TD0SNAGV9JP,car,TENTATIVE,0.733,1872,856,1919,1005,,
2026-09-03T07:12:56.005577+00:00,cam05,Visat teen Rasta,Ahmedabad,—,TR01M1K1T7CBP6W90HP4EKEMEGF0,car,CONFIRMED,0.875,0,624,141,768,,
2026-09-03T07:12:56.005577+00:00,cam05,Visat teen Rasta,Ahmedabad,—,TR01M1K1T7RMTBE17266BAYV20D1,car,CONFIRMED,0.810,1169,467,1236,534,,
2026-09-03T07:12:56.005577+00:00,cam05,Visat teen Rasta,Ahmedabad,—,TR01M1K1T7RMT0864GRPMJ13TRVJ,bicycle,TENTATIVE,0.520,1529,661,1579,728,,
2026-09-03T07:12:56.005577+00:00,cam05,Visat teen Rasta,Ahmedabad,—,TR01M1K1T84QKA9SB42KDE51HVC9,truck,TENTATIVE,0.546,0,623,142,769,,
2026-09-03T07:12:56.709577+00:00,cam05,Visat teen Rasta,Ahmedabad,—,TR01M1K1SKXHYSP1FV1PMBFZ7JVW,car,CONFIRMED,0.579,285,405,323,435,,
2026-09-03T07:12:56.709577+00:00,cam05,Visat teen Rasta,Ahmedabad,—,TR01M1K1SV6ZB76KP62PB7HT5Z55,truck,CONFIRMED,0.469,191,452,269,521,,
2026-09-03T07:12:56.709577+00:00,cam05,Visat teen Rasta,Ahmedabad,—,TR01M1K1SWFNK63A1SF2ZPYDCFDN,car,CONFIRMED,0.500,191,452,269,521,,
2026-09-03T07:12:56.709577+00:00,cam05,Visat teen Rasta,Ahmedabad,—,TR01M1K1SWPKST7RHYWE2HWNP41J,car,CONFIRMED,0.496,535,372,569,410,,
2026-09-03T07:12:56.709577+00:00,cam05,Visat teen Rasta,Ahmedabad,—,TR01M1K1T18GRVJD36ATQV9TJRGN,car,CONFIRMED,0.432,890,405,917,460,,
2026-09-03T07:12:56.709577+00:00,cam05,Visat teen Rasta,Ahmedabad,—,TR01M1K1T42896BRFGZ6RTBTJMW3,car,CONFIRMED,0.905,1207,496,1312,575,,
2026-09-03T07:12:56.709577+00:00,cam05,Visat teen Rasta,Ahmedabad,—,TR01M1K1T50FJAE58TNNTM83VB7J,car,CONFIRMED,0.482,893,431,918,462,,
2026-09-03T07:12:56.709577+00:00,cam05,Visat teen Rasta,Ahmedabad,—,TR01M1K1T50FFVZZ5WE19MCRZ1P2,car,CONFIRMED,0.475,556,381,587,403,,
2026-09-03T07:12:56.709577+00:00,cam05,Visat teen Rasta,Ahmedabad,—,TR01M1K1T7CBP6W90HP4EKEMEGF0,car,CONFIRMED,0.925,147,546,273,650,,
2026-09-03T07:12:56.709577+00:00,cam05,Visat teen Rasta,Ahmedabad,—,TR01M1K1T7RMTBE17266BAYV20D1,car,CONFIRMED,0.810,1169,467,1236,534,,
2026-09-03T07:12:56.709577+00:00,cam05,Visat teen Rasta,Ahmedabad,—,TR01M1K1T7RMT0864GRPMJ13TRVJ,bicycle,TENTATIVE,0.520,1529,661,1579,728,,
2026-09-03T07:12:56.709577+00:00,cam05,Visat teen Rasta,Ahmedabad,—,TR01M1K1T84QKA9SB42KDE51HVC9,truck,TENTATIVE,0.546,0,623,142,769,,
2026-09-03T07:12:56.809577+00:00,cam05,Visat teen Rasta,Ahmedabad,—,TR01M1K1SKXHYSP1FV1PMBFZ7JVW,car,CONFIRMED,0.620,285,406,323,435,,
2026-09-03T07:12:56.809577+00:00,cam05,Visat teen Rasta,Ahmedabad,—,TR01M1K1SV6ZB76KP62PB7HT5Z55,truck,CONFIRMED,0.505,190,452,269,521,,
2026-09-03T07:12:56.809577+00:00,cam05,Visat teen Rasta,Ahmedabad,—,TR01M1K1SWFNK63A1SF2ZPYDCFDN,car,CONFIRMED,0.485,190,452,269,521,,
2026-09-03T07:12:56.809577+00:00,cam05,Visat teen Rasta,Ahmedabad,—,TR01M1K1SWPKST7RHYWE2HWNP41J,car,CONFIRMED,0.496,535,372,569,410,,
2026-09-03T07:12:56.809577+00:00,cam05,Visat teen Rasta,Ahmedabad,—,TR01M1K1T18GRVJD36ATQV9TJRGN,car,CONFIRMED,0.432,890,405,917,460,,
2026-09-03T07:12:56.809577+00:00,cam05,Visat teen Rasta,Ahmedabad,—,TR01M1K1T42896BRFGZ6RTBTJMW3,car,CONFIRMED,0.919,1217,502,1324,579,,
2026-09-03T07:12:56.809577+00:00,cam05,Visat teen Rasta,Ahmedabad,—,TR01M1K1T50FJAE58TNNTM83VB7J,car,CONFIRMED,0.473,893,431,918,462,,
2026-09-03T07:12:56.809577+00:00,cam05,Visat teen Rasta,Ahmedabad,—,TR01M1K1T50FFVZZ5WE19MCRZ1P2,car,CONFIRMED,0.488,557,381,589,402,,
2026-09-03T07:12:56.809577+00:00,cam05,Visat teen Rasta,Ahmedabad,—,TR01M1K1T7CBP6W90HP4EKEMEGF0,car,CONFIRMED,0.923,166,539,287,641,,
2026-09-03T07:12:56.809577+00:00,cam05,Visat teen Rasta,Ahmedabad,—,TR01M1K1T7RMTBE17266BAYV20D1,car,CONFIRMED,0.810,1169,467,1236,534,,
2026-09-03T07:12:56.809577+00:00,cam05,Visat teen Rasta,Ahmedabad,—,TR01M1K1T7RMT0864GRPMJ13TRVJ,bicycle,TENTATIVE,0.520,1529,661,1579,728,,
2026-09-03T07:12:56.809577+00:00,cam05,Visat teen Rasta,Ahmedabad,—,TR01M1K1T84QKA9SB42KDE51HVC9,truck,TENTATIVE,0.546,0,623,142,769,,
2026-09-03T07:12:56.809577+00:00,cam05,Visat teen Rasta,Ahmedabad,—,TR01M1K1T8VA0G0ESTMAD1839GFB,bicycle,TENTATIVE,0.550,1737,769,1827,879,,
2026-09-03T07:12:57.369577+00:00,cam05,Visat teen Rasta,Ahmedabad,—,TR01M1K1SKXHYSP1FV1PMBFZ7JVW,car,CONFIRMED,0.405,288,407,321,432,,
2026-09-03T07:12:57.369577+00:00,cam05,Visat teen Rasta,Ahmedabad,—,TR01M1K1SV6ZB76KP62PB7HT5Z55,truck,CONFIRMED,0.636,194,451,268,521,,
2026-09-03T07:12:57.369577+00:00,cam05,Visat teen Rasta,Ahmedabad,—,TR01M1K1SWFNK63A1SF2ZPYDCFDN,car,CONFIRMED,0.533,194,451,268,521,,
2026-09-03T07:12:57.369577+00:00,cam05,Visat teen Rasta,Ahmedabad,—,TR01M1K1T18GRVJD36ATQV9TJRGN,car,CONFIRMED,0.470,891,407,918,460,,
2026-09-03T07:12:57.369577+00:00,cam05,Visat teen Rasta,Ahmedabad,—,TR01M1K1T42896BRFGZ6RTBTJMW3,car,CONFIRMED,0.919,1281,534,1407,622,,
2026-09-03T07:12:57.369577+00:00,cam05,Visat teen Rasta,Ahmedabad,—,TR01M1K1T50FJAE58TNNTM83VB7J,car,CONFIRMED,0.498,891,435,918,462,,
2026-09-03T07:12:57.369577+00:00,cam05,Visat teen Rasta,Ahmedabad,—,TR01M1K1T50FFVZZ5WE19MCRZ1P2,car,CONFIRMED,0.488,557,381,589,402,,
2026-09-03T07:12:57.369577+00:00,cam05,Visat teen Rasta,Ahmedabad,—,TR01M1K1T7CBP6W90HP4EKEMEGF0,car,CONFIRMED,0.916,174,536,292,639,,
2026-09-03T07:12:57.369577+00:00,cam05,Visat teen Rasta,Ahmedabad,—,TR01M1K1T7RMTBE17266BAYV20D1,car,CONFIRMED,0.810,1169,467,1236,534,,
2026-09-03T07:12:57.369577+00:00,cam05,Visat teen Rasta,Ahmedabad,—,TR01M1K1T84QKA9SB42KDE51HVC9,truck,TENTATIVE,0.546,0,623,142,769,,
2026-09-03T07:12:57.369577+00:00,cam05,Visat teen Rasta,Ahmedabad,—,TR01M1K1T8VA0G0ESTMAD1839GFB,bicycle,TENTATIVE,0.550,1737,769,1827,879,,
2026-09-03T07:12:57.369577+00:00,cam05,Visat teen Rasta,Ahmedabad,—,TR01M1K1T945HNQ8S29X7B9M7PAK,car,TENTATIVE,0.532,1173,415,1193,459,,
2026-09-03T07:12:57.369577+00:00,cam05,Visat teen Rasta,Ahmedabad,—,TR01M1K1T9924EHEB8RE931KCSSR,car,TENTATIVE,0.910,249,499,346,587,,
2026-09-03T07:12:57.709577+00:00,cam05,Visat teen Rasta,Ahmedabad,—,TR01M1K1SKXHYSP1FV1PMBFZ7JVW,car,CONFIRMED,0.483,288,407,321,433,,
2026-09-03T07:12:57.709577+00:00,cam05,Visat teen Rasta,Ahmedabad,—,TR01M1K1SV6ZB76KP62PB7HT5Z55,truck,CONFIRMED,0.501,194,452,268,522,,
2026-09-03T07:12:57.709577+00:00,cam05,Visat teen Rasta,Ahmedabad,—,TR01M1K1SWFNK63A1SF2ZPYDCFDN,truck,CONFIRMED,0.592,194,453,268,522,,
2026-09-03T07:12:57.709577+00:00,cam05,Visat teen Rasta,Ahmedabad,—,TR01M1K1T18GRVJD36ATQV9TJRGN,truck,CONFIRMED,0.423,891,407,918,460,,
2026-09-03T07:12:57.709577+00:00,cam05,Visat teen Rasta,Ahmedabad,—,TR01M1K1T42896BRFGZ6RTBTJMW3,car,CONFIRMED,0.907,1323,555,1459,650,,
2026-09-03T07:12:57.709577+00:00,cam05,Visat teen Rasta,Ahmedabad,—,TR01M1K1T50FJAE58TNNTM83VB7J,car,CONFIRMED,0.489,890,435,918,462,,
2026-09-03T07:12:57.709577+00:00,cam05,Visat teen Rasta,Ahmedabad,—,TR01M1K1T50FFVZZ5WE19MCRZ1P2,car,CONFIRMED,0.488,557,381,589,402,,
2026-09-03T07:12:57.709577+00:00,cam05,Visat teen Rasta,Ahmedabad,—,TR01M1K1T7CBP6W90HP4EKEMEGF0,car,CONFIRMED,0.916,174,536,292,639,,
2026-09-03T07:12:57.709577+00:00,cam05,Visat teen Rasta,Ahmedabad,—,TR01M1K1T8VA0G0ESTMAD1839GFB,bicycle,TENTATIVE,0.550,1737,769,1827,879,,
2026-09-03T07:12:57.709577+00:00,cam05,Visat teen Rasta,Ahmedabad,—,TR01M1K1T945HNQ8S29X7B9M7PAK,car,TENTATIVE,0.532,1173,415,1193,459,,
2026-09-03T07:12:57.709577+00:00,cam05,Visat teen Rasta,Ahmedabad,—,TR01M1K1T9924EHEB8RE931KCSSR,car,CONFIRMED,0.913,283,482,370,560,,
2026-09-03T07:12:57.709577+00:00,cam05,Visat teen Rasta,Ahmedabad,—,TR01M1K1T9GKVCN89ESFWZ6KRA6W,car,TENTATIVE,0.510,194,453,268,522,,
2026-09-03T07:12:57.809577+00:00,cam05,Visat teen Rasta,Ahmedabad,—,TR01M1K1SKXHYSP1FV1PMBFZ7JVW,car,CONFIRMED,0.480,288,407,321,433,,
2026-09-03T07:12:57.809577+00:00,cam05,Visat teen Rasta,Ahmedabad,—,TR01M1K1SV6ZB76KP62PB7HT5Z55,car,CONFIRMED,0.563,194,452,268,521,,
2026-09-03T07:12:57.809577+00:00,cam05,Visat teen Rasta,Ahmedabad,—,TR01M1K1SWFNK63A1SF2ZPYDCFDN,truck,CONFIRMED,0.573,194,452,268,521,,
2026-09-03T07:12:57.809577+00:00,cam05,Visat teen Rasta,Ahmedabad,—,TR01M1K1T18GRVJD36ATQV9TJRGN,car,CONFIRMED,0.435,891,407,918,460,,
2026-09-03T07:12:57.809577+00:00,cam05,Visat teen Rasta,Ahmedabad,—,TR01M1K1T42896BRFGZ6RTBTJMW3,car,CONFIRMED,0.927,1339,561,1479,659,,
2026-09-03T07:12:57.809577+00:00,cam05,Visat teen Rasta,Ahmedabad,—,TR01M1K1T50FJAE58TNNTM83VB7J,car,CONFIRMED,0.483,890,435,918,462,,
2026-09-03T07:12:57.809577+00:00,cam05,Visat teen Rasta,Ahmedabad,—,TR01M1K1T50FFVZZ5WE19MCRZ1P2,car,CONFIRMED,0.488,557,381,589,402,,
2026-09-03T07:12:57.809577+00:00,cam05,Visat teen Rasta,Ahmedabad,—,TR01M1K1T7CBP6W90HP4EKEMEGF0,car,CONFIRMED,0.916,174,536,292,639,,
2026-09-03T07:12:57.809577+00:00,cam05,Visat teen Rasta,Ahmedabad,—,TR01M1K1T8VA0G0ESTMAD1839GFB,bicycle,TENTATIVE,0.550,1737,769,1827,879,,
2026-09-03T07:12:57.809577+00:00,cam05,Visat teen Rasta,Ahmedabad,—,TR01M1K1T945HNQ8S29X7B9M7PAK,car,TENTATIVE,0.532,1173,415,1193,459,,
2026-09-03T07:12:57.809577+00:00,cam05,Visat teen Rasta,Ahmedabad,—,TR01M1K1T9924EHEB8RE931KCSSR,car,CONFIRMED,0.915,291,477,377,554,,
2026-09-03T07:12:57.809577+00:00,cam05,Visat teen Rasta,Ahmedabad,—,TR01M1K1T9GKVCN89ESFWZ6KRA6W,bus,CONFIRMED,0.414,194,452,268,521,,
2026-09-03T07:12:58.269577+00:00,cam05,Visat teen Rasta,Ahmedabad,—,TR01M1K1SKXHYSP1FV1PMBFZ7JVW,car,CONFIRMED,0.443,288,407,321,433,,
2026-09-03T07:12:58.269577+00:00,cam05,Visat teen Rasta,Ahmedabad,—,TR01M1K1SV6ZB76KP62PB7HT5Z55,truck,CONFIRMED,0.664,194,451,267,522,,
2026-09-03T07:12:58.269577+00:00,cam05,Visat teen Rasta,Ahmedabad,—,TR01M1K1SWFNK63A1SF2ZPYDCFDN,truck,CONFIRMED,0.457,194,452,267,521,,
2026-09-03T07:12:58.269577+00:00,cam05,Visat teen Rasta,Ahmedabad,—,TR01M1K1T18GRVJD36ATQV9TJRGN,car,CONFIRMED,0.431,891,407,918,460,,
2026-09-03T07:12:58.269577+00:00,cam05,Visat teen Rasta,Ahmedabad,—,TR01M1K1T42896BRFGZ6RTBTJMW3,car,CONFIRMED,0.787,1413,598,1577,714,,
2026-09-03T07:12:58.269577+00:00,cam05,Visat teen Rasta,Ahmedabad,—,TR01M1K1T50FJAE58TNNTM83VB7J,car,CONFIRMED,0.424,890,437,918,462,,
2026-09-03T07:12:58.269577+00:00,cam05,Visat teen Rasta,Ahmedabad,—,TR01M1K1T7CBP6W90HP4EKEMEGF0,car,CONFIRMED,0.916,174,536,292,639,,
2026-09-03T07:12:58.269577+00:00,cam05,Visat teen Rasta,Ahmedabad,—,TR01M1K1T8VA0G0ESTMAD1839GFB,bicycle,TENTATIVE,0.550,1737,769,1827,879,,
2026-09-03T07:12:58.269577+00:00,cam05,Visat teen Rasta,Ahmedabad,—,TR01M1K1T945HNQ8S29X7B9M7PAK,car,TENTATIVE,0.532,1173,415,1193,459,,
2026-09-03T07:12:58.269577+00:00,cam05,Visat teen Rasta,Ahmedabad,—,TR01M1K1T9924EHEB8RE931KCSSR,car,CONFIRMED,0.830,327,457,400,528,,
2026-09-03T07:12:58.269577+00:00,cam05,Visat teen Rasta,Ahmedabad,—,TR01M1K1T9GKVCN89ESFWZ6KRA6W,car,CONFIRMED,0.553,194,451,267,522,,
2026-09-03T07:12:58.269577+00:00,cam05,Visat teen Rasta,Ahmedabad,—,TR01M1K1TADY99WGHK40SQWBYNTJ,truck,TENTATIVE,0.765,0,551,82,658,,
2026-09-03T07:12:58.269577+00:00,cam05,Visat teen Rasta,Ahmedabad,—,TR01M1K1TADY871XX271KEBEN96S,truck,TENTATIVE,0.527,327,457,400,528,,
2026-09-03T07:12:58.709577+00:00,cam05,Visat teen Rasta,Ahmedabad,—,TR01M1K1SKXHYSP1FV1PMBFZ7JVW,car,CONFIRMED,0.704,287,404,321,434,,
2026-09-03T07:12:58.709577+00:00,cam05,Visat teen Rasta,Ahmedabad,—,TR01M1K1SV6ZB76KP62PB7HT5Z55,truck,CONFIRMED,0.653,200,451,268,522,,
2026-09-03T07:12:58.709577+00:00,cam05,Visat teen Rasta,Ahmedabad,—,TR01M1K1SWFNK63A1SF2ZPYDCFDN,truck,CONFIRMED,0.457,194,452,267,521,,
2026-09-03T07:12:58.709577+00:00,cam05,Visat teen Rasta,Ahmedabad,—,TR01M1K1T18GRVJD36ATQV9TJRGN,car,CONFIRMED,0.456,891,409,919,462,,
2026-09-03T07:12:58.709577+00:00,cam05,Visat teen Rasta,Ahmedabad,—,TR01M1K1T42896BRFGZ6RTBTJMW3,car,CONFIRMED,0.894,1488,635,1681,766,,
2026-09-03T07:12:58.709577+00:00,cam05,Visat teen Rasta,Ahmedabad,—,TR01M1K1T50FJAE58TNNTM83VB7J,car,CONFIRMED,0.424,890,437,918,462,,
2026-09-03T07:12:58.709577+00:00,cam05,Visat teen Rasta,Ahmedabad,—,TR01M1K1T9924EHEB8RE931KCSSR,truck,CONFIRMED,0.460,348,444,416,507,,
2026-09-03T07:12:58.709577+00:00,cam05,Visat teen Rasta,Ahmedabad,—,TR01M1K1T9GKVCN89ESFWZ6KRA6W,car,CONFIRMED,0.444,200,451,268,522,,
2026-09-03T07:12:58.709577+00:00,cam05,Visat teen Rasta,Ahmedabad,—,TR01M1K1TADY99WGHK40SQWBYNTJ,truck,CONFIRMED,0.763,10,538,114,640,,
2026-09-03T07:12:58.709577+00:00,cam05,Visat teen Rasta,Ahmedabad,—,TR01M1K1TADY871XX271KEBEN96S,vehicle,CONFIRMED,0.490,348,444,420,528,,
2026-09-03T07:12:58.709577+00:00,cam05,Visat teen Rasta,Ahmedabad,—,TR01M1K1TAMZQF477P2M081WFHKZ,car,TENTATIVE,0.537,439,475,483,515,,
2026-09-03T07:12:58.709577+00:00,cam05,Visat teen Rasta,Ahmedabad,—,TR01M1K1TAMZS2432NQ0G1631WQ0,truck,TENTATIVE,0.533,1488,635,1681,767,,
2026-09-03T07:12:58.809577+00:00,cam05,Visat teen Rasta,Ahmedabad,—,TR01M1K1SKXHYSP1FV1PMBFZ7JVW,car,CONFIRMED,0.696,287,403,322,434,,
2026-09-03T07:12:58.809577+00:00,cam05,Visat teen Rasta,Ahmedabad,—,TR01M1K1SV6ZB76KP62PB7HT5Z55,truck,CONFIRMED,0.660,200,451,269,522,,
2026-09-03T07:12:58.809577+00:00,cam05,Visat teen Rasta,Ahmedabad,—,TR01M1K1SWFNK63A1SF2ZPYDCFDN,truck,CONFIRMED,0.457,194,452,267,521,,
2026-09-03T07:12:58.809577+00:00,cam05,Visat teen Rasta,Ahmedabad,—,TR01M1K1T18GRVJD36ATQV9TJRGN,car,CONFIRMED,0.507,891,408,919,462,,
2026-09-03T07:12:58.809577+00:00,cam05,Visat teen Rasta,Ahmedabad,—,TR01M1K1T42896BRFGZ6RTBTJMW3,car,CONFIRMED,0.933,1508,644,1709,780,,
2026-09-03T07:12:58.809577+00:00,cam05,Visat teen Rasta,Ahmedabad,—,TR01M1K1T50FJAE58TNNTM83VB7J,car,CONFIRMED,0.424,890,437,918,462,,
2026-09-03T07:12:58.809577+00:00,cam05,Visat teen Rasta,Ahmedabad,—,TR01M1K1T9924EHEB8RE931KCSSR,car,CONFIRMED,0.788,350,441,419,504,,
2026-09-03T07:12:58.809577+00:00,cam05,Visat teen Rasta,Ahmedabad,—,TR01M1K1T9GKVCN89ESFWZ6KRA6W,car,CONFIRMED,0.466,200,451,269,522,,
2026-09-03T07:12:58.809577+00:00,cam05,Visat teen Rasta,Ahmedabad,—,TR01M1K1TADY99WGHK40SQWBYNTJ,truck,CONFIRMED,0.795,21,536,124,635,,
2026-09-03T07:12:58.809577+00:00,cam05,Visat teen Rasta,Ahmedabad,—,TR01M1K1TADY871XX271KEBEN96S,truck,CONFIRMED,0.508,350,441,418,504,,
2026-09-03T07:12:58.809577+00:00,cam05,Visat teen Rasta,Ahmedabad,—,TR01M1K1TAMZQF477P2M081WFHKZ,car,CONFIRMED,0.435,439,475,484,515,,
2026-09-03T07:12:58.809577+00:00,cam05,Visat teen Rasta,Ahmedabad,—,TR01M1K1TAMZS2432NQ0G1631WQ0,vehicle,CONFIRMED,0.490,1512,648,1716,804,,
2026-09-03T07:12:59.109577+00:00,cam05,Visat teen Rasta,Ahmedabad,—,TR01M1K1SKXHYSP1FV1PMBFZ7JVW,car,CONFIRMED,0.707,287,403,321,434,,
2026-09-03T07:12:59.109577+00:00,cam05,Visat teen Rasta,Ahmedabad,—,TR01M1K1SV6ZB76KP62PB7HT5Z55,truck,CONFIRMED,0.670,201,452,268,522,,
2026-09-03T07:12:59.109577+00:00,cam05,Visat teen Rasta,Ahmedabad,—,TR01M1K1SWFNK63A1SF2ZPYDCFDN,truck,CONFIRMED,0.457,194,452,267,521,,
2026-09-03T07:12:59.109577+00:00,cam05,Visat teen Rasta,Ahmedabad,—,TR01M1K1T18GRVJD36ATQV9TJRGN,car,CONFIRMED,0.487,891,409,918,462,,
2026-09-03T07:12:59.109577+00:00,cam05,Visat teen Rasta,Ahmedabad,—,TR01M1K1T42896BRFGZ6RTBTJMW3,car,CONFIRMED,0.940,1574,678,1800,828,,
2026-09-03T07:12:59.109577+00:00,cam05,Visat teen Rasta,Ahmedabad,—,TR01M1K1T50FJAE58TNNTM83VB7J,car,CONFIRMED,0.424,890,437,918,462,,
2026-09-03T07:12:59.109577+00:00,cam05,Visat teen Rasta,Ahmedabad,—,TR01M1K1T9924EHEB8RE931KCSSR,car,CONFIRMED,0.802,363,434,420,495,,
2026-09-03T07:12:59.109577+00:00,cam05,Visat teen Rasta,Ahmedabad,—,TR01M1K1T9GKVCN89ESFWZ6KRA6W,car,CONFIRMED,0.414,201,452,268,522,,
2026-09-03T07:12:59.109577+00:00,cam05,Visat teen Rasta,Ahmedabad,—,TR01M1K1TADY99WGHK40SQWBYNTJ,truck,CONFIRMED,0.827,52,529,148,622,,
2026-09-03T07:12:59.109577+00:00,cam05,Visat teen Rasta,Ahmedabad,—,TR01M1K1TADY871XX271KEBEN96S,truck,CONFIRMED,0.613,363,434,420,495,,
2026-09-03T07:12:59.109577+00:00,cam05,Visat teen Rasta,Ahmedabad,—,TR01M1K1TAMZQF477P2M081WFHKZ,car,CONFIRMED,0.435,439,475,484,515,,
2026-09-03T07:12:59.109577+00:00,cam05,Visat teen Rasta,Ahmedabad,—,TR01M1K1TAMZS2432NQ0G1631WQ0,vehicle,CONFIRMED,0.490,1584,684,1800,864,,
2026-09-03T07:12:59.709577+00:00,cam05,Visat teen Rasta,Ahmedabad,—,TR01M1K1SKXHYSP1FV1PMBFZ7JVW,car,CONFIRMED,0.657,287,407,322,435,,
2026-09-03T07:12:59.709577+00:00,cam05,Visat teen Rasta,Ahmedabad,—,TR01M1K1SV6ZB76KP62PB7HT5Z55,car,CONFIRMED,0.629,192,451,266,522,,
2026-09-03T07:12:59.709577+00:00,cam05,Visat teen Rasta,Ahmedabad,—,TR01M1K1SWFNK63A1SF2ZPYDCFDN,truck,CONFIRMED,0.413,191,452,265,522,,
2026-09-03T07:12:59.709577+00:00,cam05,Visat teen Rasta,Ahmedabad,—,TR01M1K1T18GRVJD36ATQV9TJRGN,car,CONFIRMED,0.481,892,406,917,462,,
2026-09-03T07:12:59.709577+00:00,cam05,Visat teen Rasta,Ahmedabad,—,TR01M1K1T42896BRFGZ6RTBTJMW3,vehicle,CONFIRMED,0.490,1752,768,1920,984,,
2026-09-03T07:12:59.709577+00:00,cam05,Visat teen Rasta,Ahmedabad,—,TR01M1K1T50FJAE58TNNTM83VB7J,car,CONFIRMED,0.424,892,435,917,463,,
2026-09-03T07:12:59.709577+00:00,cam05,Visat teen Rasta,Ahmedabad,—,TR01M1K1T9924EHEB8RE931KCSSR,car,CONFIRMED,0.851,380,421,434,475,,
2026-09-03T07:12:59.709577+00:00,cam05,Visat teen Rasta,Ahmedabad,—,TR01M1K1T9GKVCN89ESFWZ6KRA6W,truck,CONFIRMED,0.577,192,451,266,522,,
2026-09-03T07:12:59.709577+00:00,cam05,Visat teen Rasta,Ahmedabad,—,TR01M1K1TADY99WGHK40SQWBYNTJ,truck,CONFIRMED,0.778,108,512,195,604,,
2026-09-03T07:12:59.709577+00:00,cam05,Visat teen Rasta,Ahmedabad,—,TR01M1K1TADY871XX271KEBEN96S,truck,CONFIRMED,0.484,380,421,434,475,,
2026-09-03T07:12:59.709577+00:00,cam05,Visat teen Rasta,Ahmedabad,—,TR01M1K1TAMZQF477P2M081WFHKZ,car,CONFIRMED,0.435,439,475,484,515,,
2026-09-03T07:12:59.709577+00:00,cam05,Visat teen Rasta,Ahmedabad,—,TR01M1K1TAMZS2432NQ0G1631WQ0,car,CONFIRMED,0.916,1738,763,1919,958,,
2026-09-03T07:12:59.709577+00:00,cam05,Visat teen Rasta,Ahmedabad,—,TR01M1K1TBNHFBWRRB24E5ZF6JYA,car,TENTATIVE,0.697,1065,394,1099,435,,
2026-09-03T07:12:59.709577+00:00,cam05,Visat teen Rasta,Ahmedabad,—,TR01M1K1TBNHEABZ7HWFTC4E381D,truck,TENTATIVE,0.535,797,362,895,473,,
2026-09-03T07:12:59.809577+00:00,cam05,Visat teen Rasta,Ahmedabad,—,TR01M1K1SKXHYSP1FV1PMBFZ7JVW,car,CONFIRMED,0.662,288,407,322,435,,
2026-09-03T07:12:59.809577+00:00,cam05,Visat teen Rasta,Ahmedabad,—,TR01M1K1SV6ZB76KP62PB7HT5Z55,truck,CONFIRMED,0.603,197,452,266,521,,
2026-09-03T07:12:59.809577+00:00,cam05,Visat teen Rasta,Ahmedabad,—,TR01M1K1SWFNK63A1SF2ZPYDCFDN,truck,CONFIRMED,0.413,191,452,265,522,,
2026-09-03T07:12:59.809577+00:00,cam05,Visat teen Rasta,Ahmedabad,—,TR01M1K1T18GRVJD36ATQV9TJRGN,car,CONFIRMED,0.455,892,406,917,461,,
2026-09-03T07:12:59.809577+00:00,cam05,Visat teen Rasta,Ahmedabad,—,TR01M1K1T42896BRFGZ6RTBTJMW3,vehicle,CONFIRMED,0.490,1776,792,1920,996,,
2026-09-03T07:12:59.809577+00:00,cam05,Visat teen Rasta,Ahmedabad,—,TR01M1K1T50FJAE58TNNTM83VB7J,car,CONFIRMED,0.439,893,436,917,463,,
2026-09-03T07:12:59.809577+00:00,cam05,Visat teen Rasta,Ahmedabad,—,TR01M1K1T9924EHEB8RE931KCSSR,car,CONFIRMED,0.843,382,420,434,473,,
2026-09-03T07:12:59.809577+00:00,cam05,Visat teen Rasta,Ahmedabad,—,TR01M1K1T9GKVCN89ESFWZ6KRA6W,car,CONFIRMED,0.533,197,452,266,521,,
2026-09-03T07:12:59.809577+00:00,cam05,Visat teen Rasta,Ahmedabad,—,TR01M1K1TADY99WGHK40SQWBYNTJ,truck,CONFIRMED,0.716,115,509,200,600,,
2026-09-03T07:12:59.809577+00:00,cam05,Visat teen Rasta,Ahmedabad,—,TR01M1K1TADY871XX271KEBEN96S,truck,CONFIRMED,0.467,382,419,435,474,,
2026-09-03T07:12:59.809577+00:00,cam05,Visat teen Rasta,Ahmedabad,—,TR01M1K1TAMZQF477P2M081WFHKZ,car,CONFIRMED,0.435,439,475,484,515,,
2026-09-03T07:12:59.809577+00:00,cam05,Visat teen Rasta,Ahmedabad,—,TR01M1K1TAMZS2432NQ0G1631WQ0,car,CONFIRMED,0.888,1772,781,1919,975,,
2026-09-03T07:12:59.809577+00:00,cam05,Visat teen Rasta,Ahmedabad,—,TR01M1K1TBNHFBWRRB24E5ZF6JYA,car,CONFIRMED,0.554,1068,395,1105,437,,
2026-09-03T07:12:59.809577+00:00,cam05,Visat teen Rasta,Ahmedabad,—,TR01M1K1TBNHEABZ7HWFTC4E381D,truck,CONFIRMED,0.502,797,363,894,472,,
2026-09-03T07:13:00.329577+00:00,cam05,Visat teen Rasta,Ahmedabad,—,TR01M1K1SKXHYSP1FV1PMBFZ7JVW,car,CONFIRMED,0.732,290,405,327,436,,
2026-09-03T07:13:00.329577+00:00,cam05,Visat teen Rasta,Ahmedabad,—,TR01M1K1SV6ZB76KP62PB7HT5Z55,car,CONFIRMED,0.476,202,457,269,517,,
2026-09-03T07:13:00.329577+00:00,cam05,Visat teen Rasta,Ahmedabad,—,TR01M1K1SWFNK63A1SF2ZPYDCFDN,truck,CONFIRMED,0.413,191,452,265,522,,
2026-09-03T07:13:00.329577+00:00,cam05,Visat teen Rasta,Ahmedabad,—,TR01M1K1T18GRVJD36ATQV9TJRGN,car,CONFIRMED,0.455,892,406,917,461,,
2026-09-03T07:13:00.329577+00:00,cam05,Visat teen Rasta,Ahmedabad,—,TR01M1K1T42896BRFGZ6RTBTJMW3,vehicle,CONFIRMED,0.490,1776,792,1920,996,,
2026-09-03T07:13:00.329577+00:00,cam05,Visat teen Rasta,Ahmedabad,—,TR01M1K1T50FJAE58TNNTM83VB7J,car,CONFIRMED,0.575,893,434,918,462,,
2026-09-03T07:13:00.329577+00:00,cam05,Visat teen Rasta,Ahmedabad,—,TR01M1K1T9924EHEB8RE931KCSSR,car,CONFIRMED,0.736,393,411,443,462,,
2026-09-03T07:13:00.329577+00:00,cam05,Visat teen Rasta,Ahmedabad,—,TR01M1K1T9GKVCN89ESFWZ6KRA6W,truck,CONFIRMED,0.651,202,457,269,517,,
2026-09-03T07:13:00.329577+00:00,cam05,Visat teen Rasta,Ahmedabad,—,TR01M1K1TADY99WGHK40SQWBYNTJ,truck,CONFIRMED,0.735,159,495,242,575,,
2026-09-03T07:13:00.329577+00:00,cam05,Visat teen Rasta,Ahmedabad,—,TR01M1K1TADY871XX271KEBEN96S,truck,CONFIRMED,0.549,393,411,443,462,,
2026-09-03T07:13:00.329577+00:00,cam05,Visat teen Rasta,Ahmedabad,—,TR01M1K1TAMZS2432NQ0G1631WQ0,car,CONFIRMED,0.888,1772,781,1919,975,,
2026-09-03T07:13:00.329577+00:00,cam05,Visat teen Rasta,Ahmedabad,—,TR01M1K1TBNHFBWRRB24E5ZF6JYA,car,CONFIRMED,0.643,1091,408,1131,453,,
2026-09-03T07:13:00.329577+00:00,cam05,Visat teen Rasta,Ahmedabad,—,TR01M1K1TBNHEABZ7HWFTC4E381D,truck,CONFIRMED,0.502,797,363,894,472,,
2026-09-03T07:13:00.629577+00:00,cam05,Visat teen Rasta,Ahmedabad,—,TR01M1K1SKXHYSP1FV1PMBFZ7JVW,car,CONFIRMED,0.721,290,405,327,436,,
2026-09-03T07:13:00.629577+00:00,cam05,Visat teen Rasta,Ahmedabad,—,TR01M1K1SV6ZB76KP62PB7HT5Z55,car,CONFIRMED,0.473,201,456,271,494,,
2026-09-03T07:13:00.629577+00:00,cam05,Visat teen Rasta,Ahmedabad,—,TR01M1K1SWFNK63A1SF2ZPYDCFDN,vehicle,CONFIRMED,0.490,192,492,264,540,,
2026-09-03T07:13:00.629577+00:00,cam05,Visat teen Rasta,Ahmedabad,—,TR01M1K1T18GRVJD36ATQV9TJRGN,car,CONFIRMED,0.455,892,406,917,461,,
2026-09-03T07:13:00.629577+00:00,cam05,Visat teen Rasta,Ahmedabad,—,TR01M1K1T42896BRFGZ6RTBTJMW3,vehicle,CONFIRMED,0.490,1776,792,1920,996,,
2026-09-03T07:13:00.629577+00:00,cam05,Visat teen Rasta,Ahmedabad,—,TR01M1K1T50FJAE58TNNTM83VB7J,car,CONFIRMED,0.595,893,433,918,462,,
2026-09-03T07:13:00.629577+00:00,cam05,Visat teen Rasta,Ahmedabad,—,TR01M1K1T9924EHEB8RE931KCSSR,car,CONFIRMED,0.736,393,411,443,462,,
2026-09-03T07:13:00.629577+00:00,cam05,Visat teen Rasta,Ahmedabad,—,TR01M1K1T9GKVCN89ESFWZ6KRA6W,truck,CONFIRMED,0.425,201,456,271,494,,
2026-09-03T07:13:00.629577+00:00,cam05,Visat teen Rasta,Ahmedabad,—,TR01M1K1TADY99WGHK40SQWBYNTJ,truck,CONFIRMED,0.652,187,489,259,566,,
2026-09-03T07:13:00.629577+00:00,cam05,Visat teen Rasta,Ahmedabad,—,TR01M1K1TADY871XX271KEBEN96S,car,CONFIRMED,0.797,399,407,444,457,,
2026-09-03T07:13:00.629577+00:00,cam05,Visat teen Rasta,Ahmedabad,—,TR01M1K1TAMZS2432NQ0G1631WQ0,car,CONFIRMED,0.888,1772,781,1919,975,,
2026-09-03T07:13:00.629577+00:00,cam05,Visat teen Rasta,Ahmedabad,—,TR01M1K1TBNHFBWRRB24E5ZF6JYA,car,CONFIRMED,0.760,1105,415,1147,461,,
2026-09-03T07:13:00.629577+00:00,cam05,Visat teen Rasta,Ahmedabad,—,TR01M1K1TBNHEABZ7HWFTC4E381D,truck,CONFIRMED,0.502,797,363,894,472,,
2026-09-03T07:13:00.729577+00:00,cam05,Visat teen Rasta,Ahmedabad,—,TR01M1K1SKXHYSP1FV1PMBFZ7JVW,car,CONFIRMED,0.735,290,406,327,436,,
2026-09-03T07:13:00.729577+00:00,cam05,Visat teen Rasta,Ahmedabad,—,TR01M1K1SV6ZB76KP62PB7HT5Z55,car,CONFIRMED,0.489,201,456,274,496,,
2026-09-03T07:13:00.729577+00:00,cam05,Visat teen Rasta,Ahmedabad,—,TR01M1K1SWFNK63A1SF2ZPYDCFDN,car,CONFIRMED,0.458,193,487,268,562,,
2026-09-03T07:13:00.729577+00:00,cam05,Visat teen Rasta,Ahmedabad,—,TR01M1K1T18GRVJD36ATQV9TJRGN,car,CONFIRMED,0.455,892,406,917,461,,
2026-09-03T07:13:00.729577+00:00,cam05,Visat teen Rasta,Ahmedabad,—,TR01M1K1T42896BRFGZ6RTBTJMW3,vehicle,CONFIRMED,0.490,1776,792,1920,996,,
2026-09-03T07:13:00.729577+00:00,cam05,Visat teen Rasta,Ahmedabad,—,TR01M1K1T50FJAE58TNNTM83VB7J,car,CONFIRMED,0.595,892,433,918,462,,
2026-09-03T07:13:00.729577+00:00,cam05,Visat teen Rasta,Ahmedabad,—,TR01M1K1T9924EHEB8RE931KCSSR,truck,CONFIRMED,0.430,399,405,446,455,,
2026-09-03T07:13:00.729577+00:00,cam05,Visat teen Rasta,Ahmedabad,—,TR01M1K1T9GKVCN89ESFWZ6KRA6W,truck,CONFIRMED,0.418,201,456,274,496,,
2026-09-03T07:13:00.729577+00:00,cam05,Visat teen Rasta,Ahmedabad,—,TR01M1K1TADY99WGHK40SQWBYNTJ,truck,CONFIRMED,0.586,193,487,268,562,,
2026-09-03T07:13:00.729577+00:00,cam05,Visat teen Rasta,Ahmedabad,—,TR01M1K1TADY871XX271KEBEN96S,car,CONFIRMED,0.772,399,405,445,454,,
2026-09-03T07:13:00.729577+00:00,cam05,Visat teen Rasta,Ahmedabad,—,TR01M1K1TAMZS2432NQ0G1631WQ0,car,CONFIRMED,0.888,1772,781,1919,975,,
2026-09-03T07:13:00.729577+00:00,cam05,Visat teen Rasta,Ahmedabad,—,TR01M1K1TBNHFBWRRB24E5ZF6JYA,car,CONFIRMED,0.755,1110,416,1152,464,,
2026-09-03T07:13:00.729577+00:00,cam05,Visat teen Rasta,Ahmedabad,—,TR01M1K1TBNHEABZ7HWFTC4E381D,truck,CONFIRMED,0.502,797,363,894,472,,
2026-09-03T07:13:00.729577+00:00,cam05,Visat teen Rasta,Ahmedabad,—,TR01M1K1TCWT3B12A3RSHMRS9H3A,car,CONFIRMED,0.494,1175,414,1196,457,,
2026-09-03T07:13:01.009577+00:00,cam05,Visat teen Rasta,Ahmedabad,—,TR01M1K1SKXHYSP1FV1PMBFZ7JVW,car,CONFIRMED,0.730,290,406,327,435,,
2026-09-03T07:13:01.009577+00:00,cam05,Visat teen Rasta,Ahmedabad,—,TR01M1K1SV6ZB76KP62PB7HT5Z55,car,CONFIRMED,0.444,202,456,269,490,,
2026-09-03T07:13:01.009577+00:00,cam05,Visat teen Rasta,Ahmedabad,—,TR01M1K1SWFNK63A1SF2ZPYDCFDN,truck,CONFIRMED,0.510,198,457,274,558,,
2026-09-03T07:13:01.009577+00:00,cam05,Visat teen Rasta,Ahmedabad,—,TR01M1K1T18GRVJD36ATQV9TJRGN,car,CONFIRMED,0.455,892,406,917,461,,
2026-09-03T07:13:01.009577+00:00,cam05,Visat teen Rasta,Ahmedabad,—,TR01M1K1T42896BRFGZ6RTBTJMW3,vehicle,CONFIRMED,0.490,1776,792,1920,996,,
2026-09-03T07:13:01.009577+00:00,cam05,Visat teen Rasta,Ahmedabad,—,TR01M1K1T50FJAE58TNNTM83VB7J,car,CONFIRMED,0.566,893,434,917,462,,
2026-09-03T07:13:01.009577+00:00,cam05,Visat teen Rasta,Ahmedabad,—,TR01M1K1T9924EHEB8RE931KCSSR,car,CONFIRMED,0.746,403,402,449,449,,
2026-09-03T07:13:01.009577+00:00,cam05,Visat teen Rasta,Ahmedabad,—,TR01M1K1T9GKVCN89ESFWZ6KRA6W,truck,CONFIRMED,0.418,201,456,274,496,,
2026-09-03T07:13:01.009577+00:00,cam05,Visat teen Rasta,Ahmedabad,—,TR01M1K1TADY99WGHK40SQWBYNTJ,truck,CONFIRMED,0.655,212,481,285,553,,
2026-09-03T07:13:01.009577+00:00,cam05,Visat teen Rasta,Ahmedabad,—,TR01M1K1TADY871XX271KEBEN96S,truck,CONFIRMED,0.450,403,402,449,449,,
2026-09-03T07:13:01.009577+00:00,cam05,Visat teen Rasta,Ahmedabad,—,TR01M1K1TAMZS2432NQ0G1631WQ0,car,CONFIRMED,0.888,1772,781,1919,975,,
2026-09-03T07:13:01.009577+00:00,cam05,Visat teen Rasta,Ahmedabad,—,TR01M1K1TBNHFBWRRB24E5ZF6JYA,car,CONFIRMED,0.616,1124,422,1154,474,,
2026-09-03T07:13:01.009577+00:00,cam05,Visat teen Rasta,Ahmedabad,—,TR01M1K1TBNHEABZ7HWFTC4E381D,truck,CONFIRMED,0.502,797,363,894,472,,
2026-09-03T07:13:01.009577+00:00,cam05,Visat teen Rasta,Ahmedabad,—,TR01M1K1TCWT3B12A3RSHMRS9H3A,car,CONFIRMED,0.428,1185,419,1209,463,,
2026-09-03T07:13:01.669577+00:00,cam05,Visat teen Rasta,Ahmedabad,—,TR01M1K1SKXHYSP1FV1PMBFZ7JVW,car,CONFIRMED,0.760,286,407,327,434,,
2026-09-03T07:13:01.669577+00:00,cam05,Visat teen Rasta,Ahmedabad,—,TR01M1K1SV6ZB76KP62PB7HT5Z55,car,CONFIRMED,0.444,202,456,269,490,,
2026-09-03T07:13:01.669577+00:00,cam05,Visat teen Rasta,Ahmedabad,—,TR01M1K1SWFNK63A1SF2ZPYDCFDN,truck,CONFIRMED,0.510,198,457,274,558,,
2026-09-03T07:13:01.669577+00:00,cam05,Visat teen Rasta,Ahmedabad,—,TR01M1K1T50FJAE58TNNTM83VB7J,car,CONFIRMED,0.580,892,429,917,461,,
2026-09-03T07:13:01.669577+00:00,cam05,Visat teen Rasta,Ahmedabad,—,TR01M1K1T9924EHEB8RE931KCSSR,truck,CONFIRMED,0.517,414,396,456,439,,
2026-09-03T07:13:01.669577+00:00,cam05,Visat teen Rasta,Ahmedabad,—,TR01M1K1T9GKVCN89ESFWZ6KRA6W,truck,CONFIRMED,0.418,201,456,274,496,,
2026-09-03T07:13:01.669577+00:00,cam05,Visat teen Rasta,Ahmedabad,—,TR01M1K1TADY99WGHK40SQWBYNTJ,truck,CONFIRMED,0.641,264,467,333,534,,
2026-09-03T07:13:01.669577+00:00,cam05,Visat teen Rasta,Ahmedabad,—,TR01M1K1TADY871XX271KEBEN96S,car,CONFIRMED,0.717,414,396,456,440,,
2026-09-03T07:13:01.669577+00:00,cam05,Visat teen Rasta,Ahmedabad,—,TR01M1K1TBNHFBWRRB24E5ZF6JYA,car,CONFIRMED,0.616,1124,422,1154,474,,
2026-09-03T07:13:01.669577+00:00,cam05,Visat teen Rasta,Ahmedabad,—,TR01M1K1TCWT3B12A3RSHMRS9H3A,car,CONFIRMED,0.428,1185,419,1209,463,,
2026-09-03T07:13:01.669577+00:00,cam05,Visat teen Rasta,Ahmedabad,—,TR01M1K1TDT0P0GNA80A3PB3XF54,truck,TENTATIVE,0.843,73,611,198,747,,
2026-09-03T07:13:01.669577+00:00,cam05,Visat teen Rasta,Ahmedabad,—,TR01M1K1TDT051HJBK11KCB9EARW,truck,TENTATIVE,0.626,198,454,262,521,,
2026-09-03T07:13:01.669577+00:00,cam05,Visat teen Rasta,Ahmedabad,—,TR01M1K1TDT0VCCCDCVHHMZA657G,car,TENTATIVE,0.532,1171,453,1217,501,,
2026-09-03T07:13:01.769577+00:00,cam05,Visat teen Rasta,Ahmedabad,—,TR01M1K1SKXHYSP1FV1PMBFZ7JVW,car,CONFIRMED,0.757,286,407,327,435,,
2026-09-03T07:13:01.769577+00:00,cam05,Visat teen Rasta,Ahmedabad,—,TR01M1K1SV6ZB76KP62PB7HT5Z55,car,CONFIRMED,0.444,202,456,269,490,,
2026-09-03T07:13:01.769577+00:00,cam05,Visat teen Rasta,Ahmedabad,—,TR01M1K1SWFNK63A1SF2ZPYDCFDN,truck,CONFIRMED,0.510,198,457,274,558,,
2026-09-03T07:13:01.769577+00:00,cam05,Visat teen Rasta,Ahmedabad,—,TR01M1K1T50FJAE58TNNTM83VB7J,car,CONFIRMED,0.533,892,428,917,461,,
2026-09-03T07:13:01.769577+00:00,cam05,Visat teen Rasta,Ahmedabad,—,TR01M1K1T9924EHEB8RE931KCSSR,car,CONFIRMED,0.680,415,395,457,438,,
2026-09-03T07:13:01.769577+00:00,cam05,Visat teen Rasta,Ahmedabad,—,TR01M1K1T9GKVCN89ESFWZ6KRA6W,truck,CONFIRMED,0.418,201,456,274,496,,
2026-09-03T07:13:01.769577+00:00,cam05,Visat teen Rasta,Ahmedabad,—,TR01M1K1TADY99WGHK40SQWBYNTJ,truck,CONFIRMED,0.599,271,464,340,534,,
2026-09-03T07:13:01.769577+00:00,cam05,Visat teen Rasta,Ahmedabad,—,TR01M1K1TADY871XX271KEBEN96S,truck,CONFIRMED,0.442,415,395,458,438,,
2026-09-03T07:13:01.769577+00:00,cam05,Visat teen Rasta,Ahmedabad,—,TR01M1K1TBNHFBWRRB24E5ZF6JYA,car,CONFIRMED,0.616,1124,422,1154,474,,
2026-09-03T07:13:01.769577+00:00,cam05,Visat teen Rasta,Ahmedabad,—,TR01M1K1TCWT3B12A3RSHMRS9H3A,car,CONFIRMED,0.428,1185,419,1209,463,,
2026-09-03T07:13:01.769577+00:00,cam05,Visat teen Rasta,Ahmedabad,—,TR01M1K1TDT0P0GNA80A3PB3XF54,truck,CONFIRMED,0.717,99,600,222,731,,
2026-09-03T07:13:01.769577+00:00,cam05,Visat teen Rasta,Ahmedabad,—,TR01M1K1TDT051HJBK11KCB9EARW,truck,CONFIRMED,0.572,198,454,263,521,,
2026-09-03T07:13:01.769577+00:00,cam05,Visat teen Rasta,Ahmedabad,—,TR01M1K1TDT0VCCCDCVHHMZA657G,car,CONFIRMED,0.408,1177,446,1230,502,,
2026-09-03T07:13:01.769577+00:00,cam05,Visat teen Rasta,Ahmedabad,—,TR01M1K1TE6DA5Q4Y8EPFN4PG0WD,car,CONFIRMED,0.572,99,600,222,731,,
2026-09-03T07:13:02.412577+00:00,cam05,Visat teen Rasta,Ahmedabad,—,TR01M1K1SKXHYSP1FV1PMBFZ7JVW,car,CONFIRMED,0.696,288,403,323,435,,
2026-09-03T07:13:02.412577+00:00,cam05,Visat teen Rasta,Ahmedabad,—,TR01M1K1T50FJAE58TNNTM83VB7J,car,CONFIRMED,0.567,892,431,919,461,,
2026-09-03T07:13:02.412577+00:00,cam05,Visat teen Rasta,Ahmedabad,—,TR01M1K1T9924EHEB8RE931KCSSR,car,CONFIRMED,0.632,425,389,469,434,,
2026-09-03T07:13:02.412577+00:00,cam05,Visat teen Rasta,Ahmedabad,—,TR01M1K1TADY99WGHK40SQWBYNTJ,truck,CONFIRMED,0.724,313,450,374,515,,
2026-09-03T07:13:02.412577+00:00,cam05,Visat teen Rasta,Ahmedabad,—,TR01M1K1TADY871XX271KEBEN96S,truck,CONFIRMED,0.455,425,389,469,434,,
2026-09-03T07:13:02.412577+00:00,cam05,Visat teen Rasta,Ahmedabad,—,TR01M1K1TBNHFBWRRB24E5ZF6JYA,car,CONFIRMED,0.616,1124,422,1154,474,,
2026-09-03T07:13:02.412577+00:00,cam05,Visat teen Rasta,Ahmedabad,—,TR01M1K1TCWT3B12A3RSHMRS9H3A,car,CONFIRMED,0.428,1185,419,1209,463,,
2026-09-03T07:13:02.412577+00:00,cam05,Visat teen Rasta,Ahmedabad,—,TR01M1K1TDT0P0GNA80A3PB3XF54,truck,CONFIRMED,0.642,222,548,320,657,,
2026-09-03T07:13:02.412577+00:00,cam05,Visat teen Rasta,Ahmedabad,—,TR01M1K1TDT051HJBK11KCB9EARW,truck,CONFIRMED,0.677,199,448,268,521,,
2026-09-03T07:13:02.412577+00:00,cam05,Visat teen Rasta,Ahmedabad,—,TR01M1K1TDT0VCCCDCVHHMZA657G,truck,CONFIRMED,0.461,1177,441,1235,502,,
2026-09-03T07:13:02.412577+00:00,cam05,Visat teen Rasta,Ahmedabad,—,TR01M1K1TE6DA5Q4Y8EPFN4PG0WD,car,CONFIRMED,0.635,222,548,320,657,,
2026-09-03T07:13:02.412577+00:00,cam05,Visat teen Rasta,Ahmedabad,—,TR01M1K1TEKF4PB7YB6CGJPWFK1Z,bicycle,TENTATIVE,0.557,1729,633,1797,696,,
2026-09-03T07:13:02.412577+00:00,cam05,Visat teen Rasta,Ahmedabad,—,TR01M1K1TER78J95KY4NF4B0FZH1,car,TENTATIVE,0.643,1219,465,1284,529,,
2026-09-03T07:13:15.493627+00:00,cam13,CN Vidhyalaya,Ahmedabad,—,TR01M1K1TQ6615CR0PSDH61X4ZXM,bus,TENTATIVE,0.911,1295,142,1558,296,,
2026-09-03T07:13:15.493627+00:00,cam13,CN Vidhyalaya,Ahmedabad,—,TR01M1K1TQ66EZX9SFJHBQ1MN1EY,car,TENTATIVE,0.907,531,154,614,206,,
2026-09-03T07:13:15.493627+00:00,cam13,CN Vidhyalaya,Ahmedabad,—,TR01M1K1TQ66V4ZRCCY37AB1TPK9,car,TENTATIVE,0.831,1722,219,1786,265,,
2026-09-03T07:13:15.493627+00:00,cam13,CN Vidhyalaya,Ahmedabad,—,TR01M1K1TQ668SYPFGTHVZ7K443R,bus,TENTATIVE,0.763,1285,54,1491,147,,
2026-09-03T07:13:15.493627+00:00,cam13,CN Vidhyalaya,Ahmedabad,—,TR01M1K1TQ66EHT298F64ZJPZDQ4,truck,TENTATIVE,0.626,939,281,1067,412,,
2026-09-03T07:13:15.493627+00:00,cam13,CN Vidhyalaya,Ahmedabad,—,TR01M1K1TQ66CCMR7ZZYXP4NHQ7Q,bicycle,TENTATIVE,0.517,1537,469,1636,542,,
2026-09-03T07:13:15.693627+00:00,cam13,CN Vidhyalaya,Ahmedabad,—,TR01M1K1TQ6615CR0PSDH61X4ZXM,bus,CONFIRMED,0.920,1322,143,1580,290,,
2026-09-03T07:13:15.693627+00:00,cam13,CN Vidhyalaya,Ahmedabad,—,TR01M1K1TQ66EZX9SFJHBQ1MN1EY,car,CONFIRMED,0.909,531,154,614,206,,
2026-09-03T07:13:15.693627+00:00,cam13,CN Vidhyalaya,Ahmedabad,—,TR01M1K1TQ66V4ZRCCY37AB1TPK9,car,CONFIRMED,0.804,1734,218,1800,264,,
2026-09-03T07:13:15.693627+00:00,cam13,CN Vidhyalaya,Ahmedabad,—,TR01M1K1TQ668SYPFGTHVZ7K443R,bus,CONFIRMED,0.775,1285,55,1491,147,,
2026-09-03T07:13:15.693627+00:00,cam13,CN Vidhyalaya,Ahmedabad,—,TR01M1K1TQ66EHT298F64ZJPZDQ4,truck,CONFIRMED,0.623,963,276,1090,400,,
2026-09-03T07:13:15.693627+00:00,cam13,CN Vidhyalaya,Ahmedabad,—,TR01M1K1TQ66CCMR7ZZYXP4NHQ7Q,car,CONFIRMED,0.559,1495,468,1603,549,,
2026-09-03T07:13:15.693627+00:00,cam13,CN Vidhyalaya,Ahmedabad,—,TR01M1K1TQGYBR86F99C5VTT3J95,car,TENTATIVE,0.551,967,353,1052,402,,
2026-09-03T07:13:15.693627+00:00,cam13,CN Vidhyalaya,Ahmedabad,—,TR01M1K1TQGY9537NYF3ZXHQMPXE,truck,TENTATIVE,0.549,1306,673,1904,1068,,
2026-09-03T07:13:15.693627+00:00,cam13,CN Vidhyalaya,Ahmedabad,—,TR01M1K1TQGYJF4JW6GVP1XT7VSY,car,TENTATIVE,0.525,746,141,788,173,,
2026-09-03T07:13:15.893627+00:00,cam13,CN Vidhyalaya,Ahmedabad,—,TR01M1K1TQ6615CR0PSDH61X4ZXM,bus,CONFIRMED,0.913,1347,142,1601,285,,
2026-09-03T07:13:15.893627+00:00,cam13,CN Vidhyalaya,Ahmedabad,—,TR01M1K1TQ66EZX9SFJHBQ1MN1EY,car,CONFIRMED,0.910,531,154,614,206,,
2026-09-03T07:13:15.893627+00:00,cam13,CN Vidhyalaya,Ahmedabad,—,TR01M1K1TQ66V4ZRCCY37AB1TPK9,car,CONFIRMED,0.784,1749,219,1813,263,,
2026-09-03T07:13:15.893627+00:00,cam13,CN Vidhyalaya,Ahmedabad,—,TR01M1K1TQ668SYPFGTHVZ7K443R,bus,CONFIRMED,0.751,1285,54,1492,146,,
2026-09-03T07:13:15.893627+00:00,cam13,CN Vidhyalaya,Ahmedabad,—,TR01M1K1TQ66EHT298F64ZJPZDQ4,truck,CONFIRMED,0.628,988,267,1113,390,,
2026-09-03T07:13:15.893627+00:00,cam13,CN Vidhyalaya,Ahmedabad,—,TR01M1K1TQ66CCMR7ZZYXP4NHQ7Q,car,CONFIRMED,0.559,1495,468,1603,549,,
2026-09-03T07:13:15.893627+00:00,cam13,CN Vidhyalaya,Ahmedabad,—,TR01M1K1TQGYBR86F99C5VTT3J95,car,CONFIRMED,0.508,984,356,1062,396,,
2026-09-03T07:13:15.893627+00:00,cam13,CN Vidhyalaya,Ahmedabad,—,TR01M1K1TQGY9537NYF3ZXHQMPXE,truck,CONFIRMED,0.576,1306,673,1905,1068,,
2026-09-03T07:13:15.893627+00:00,cam13,CN Vidhyalaya,Ahmedabad,—,TR01M1K1TQGYJF4JW6GVP1XT7VSY,car,CONFIRMED,0.523,746,141,788,172,,
2026-09-03T07:13:15.893627+00:00,cam13,CN Vidhyalaya,Ahmedabad,—,TR01M1K1TQPYCEGPPRZ8T0Q2DZW2,car,TENTATIVE,0.511,367,299,450,351,,
2026-09-03T07:13:16.093627+00:00,cam13,CN Vidhyalaya,Ahmedabad,—,TR01M1K1TQ6615CR0PSDH61X4ZXM,bus,CONFIRMED,0.861,1373,142,1614,287,,
2026-09-03T07:13:16.093627+00:00,cam13,CN Vidhyalaya,Ahmedabad,—,TR01M1K1TQ66EZX9SFJHBQ1MN1EY,car,CONFIRMED,0.911,533,155,614,205,,
2026-09-03T07:13:16.093627+00:00,cam13,CN Vidhyalaya,Ahmedabad,—,TR01M1K1TQ66V4ZRCCY37AB1TPK9,car,CONFIRMED,0.853,1766,220,1825,262,,
2026-09-03T07:13:16.093627+00:00,cam13,CN Vidhyalaya,Ahmedabad,—,TR01M1K1TQ668SYPFGTHVZ7K443R,bus,CONFIRMED,0.643,1286,52,1491,150,,
2026-09-03T07:13:16.093627+00:00,cam13,CN Vidhyalaya,Ahmedabad,—,TR01M1K1TQ66EHT298F64ZJPZDQ4,truck,CONFIRMED,0.537,1020,258,1137,348,,
2026-09-03T07:13:16.093627+00:00,cam13,CN Vidhyalaya,Ahmedabad,—,TR01M1K1TQ66CCMR7ZZYXP4NHQ7Q,car,CONFIRMED,0.559,1495,468,1603,549,,
2026-09-03T07:13:16.093627+00:00,cam13,CN Vidhyalaya,Ahmedabad,—,TR01M1K1TQGYBR86F99C5VTT3J95,car,CONFIRMED,0.508,984,356,1062,396,,
2026-09-03T07:13:16.093627+00:00,cam13,CN Vidhyalaya,Ahmedabad,—,TR01M1K1TQGY9537NYF3ZXHQMPXE,truck,CONFIRMED,0.669,1301,623,1908,1070,,
2026-09-03T07:13:16.093627+00:00,cam13,CN Vidhyalaya,Ahmedabad,—,TR01M1K1TQGYJF4JW6GVP1XT7VSY,car,CONFIRMED,0.630,746,141,788,173,,
2026-09-03T07:13:16.093627+00:00,cam13,CN Vidhyalaya,Ahmedabad,—,TR01M1K1TQPYCEGPPRZ8T0Q2DZW2,car,TENTATIVE,0.511,367,299,450,351,,
2026-09-03T07:13:16.093627+00:00,cam13,CN Vidhyalaya,Ahmedabad,—,TR01M1K1TR2X039HWJEYVZED4GPM,truck,CONFIRMED,0.633,239,405,348,499,,
2026-09-03T07:13:16.293627+00:00,cam13,CN Vidhyalaya,Ahmedabad,—,TR01M1K1TQ6615CR0PSDH61X4ZXM,bus,CONFIRMED,0.690,1394,143,1619,279,,
2026-09-03T07:13:16.293627+00:00,cam13,CN Vidhyalaya,Ahmedabad,—,TR01M1K1TQ66EZX9SFJHBQ1MN1EY,car,CONFIRMED,0.910,533,155,614,205,,
2026-09-03T07:13:16.293627+00:00,cam13,CN Vidhyalaya,Ahmedabad,—,TR01M1K1TQ66V4ZRCCY37AB1TPK9,car,CONFIRMED,0.646,1780,217,1835,262,,
2026-09-03T07:13:16.293627+00:00,cam13,CN Vidhyalaya,Ahmedabad,—,TR01M1K1TQ668SYPFGTHVZ7K443R,bus,CONFIRMED,0.497,1288,53,1489,151,,
2026-09-03T07:13:16.293627+00:00,cam13,CN Vidhyalaya,Ahmedabad,—,TR01M1K1TQ66EHT298F64ZJPZDQ4,truck,CONFIRMED,0.441,1035,255,1149,351,,
2026-09-03T07:13:16.293627+00:00,cam13,CN Vidhyalaya,Ahmedabad,—,TR01M1K1TQ66CCMR7ZZYXP4NHQ7Q,vehicle,CONFIRMED,0.490,1356,444,1488,600,,
2026-09-03T07:13:16.293627+00:00,cam13,CN Vidhyalaya,Ahmedabad,—,TR01M1K1TQGYBR86F99C5VTT3J95,car,CONFIRMED,0.508,984,356,1062,396,,
2026-09-03T07:13:16.293627+00:00,cam13,CN Vidhyalaya,Ahmedabad,—,TR01M1K1TQGY9537NYF3ZXHQMPXE,truck,CONFIRMED,0.661,1300,629,1908,1070,,
2026-09-03T07:13:16.293627+00:00,cam13,CN Vidhyalaya,Ahmedabad,—,TR01M1K1TQGYJF4JW6GVP1XT7VSY,car,CONFIRMED,0.624,746,141,788,173,,
2026-09-03T07:13:16.293627+00:00,cam13,CN Vidhyalaya,Ahmedabad,—,TR01M1K1TQPYCEGPPRZ8T0Q2DZW2,car,TENTATIVE,0.511,367,299,450,351,,
2026-09-03T07:13:16.293627+00:00,cam13,CN Vidhyalaya,Ahmedabad,—,TR01M1K1TR2X039HWJEYVZED4GPM,truck,CONFIRMED,0.578,239,405,349,499,,
2026-09-03T07:13:16.493627+00:00,cam13,CN Vidhyalaya,Ahmedabad,—,TR01M1K1TQ6615CR0PSDH61X4ZXM,bus,CONFIRMED,0.635,1425,146,1668,270,,
2026-09-03T07:13:16.493627+00:00,cam13,CN Vidhyalaya,Ahmedabad,—,TR01M1K1TQ66EZX9SFJHBQ1MN1EY,car,CONFIRMED,0.915,533,155,614,206,,
2026-09-03T07:13:16.493627+00:00,cam13,CN Vidhyalaya,Ahmedabad,—,TR01M1K1TQ66V4ZRCCY37AB1TPK9,car,CONFIRMED,0.814,1792,218,1846,260,,
2026-09-03T07:13:16.493627+00:00,cam13,CN Vidhyalaya,Ahmedabad,—,TR01M1K1TQ668SYPFGTHVZ7K443R,bus,CONFIRMED,0.643,1285,52,1498,153,,
2026-09-03T07:13:16.493627+00:00,cam13,CN Vidhyalaya,Ahmedabad,—,TR01M1K1TQ66EHT298F64ZJPZDQ4,car,CONFIRMED,0.589,1071,251,1184,353,,
2026-09-03T07:13:16.493627+00:00,cam13,CN Vidhyalaya,Ahmedabad,—,TR01M1K1TQ66CCMR7ZZYXP4NHQ7Q,vehicle,CONFIRMED,0.490,1296,444,1428,612,,
2026-09-03T07:13:16.493627+00:00,cam13,CN Vidhyalaya,Ahmedabad,—,TR01M1K1TQGYBR86F99C5VTT3J95,car,CONFIRMED,0.508,984,356,1062,396,,
2026-09-03T07:13:16.493627+00:00,cam13,CN Vidhyalaya,Ahmedabad,—,TR01M1K1TQGY9537NYF3ZXHQMPXE,truck,CONFIRMED,0.740,1302,611,1902,1070,,
2026-09-03T07:13:16.493627+00:00,cam13,CN Vidhyalaya,Ahmedabad,—,TR01M1K1TQGYJF4JW6GVP1XT7VSY,car,CONFIRMED,0.569,746,141,788,172,,
2026-09-03T07:13:16.493627+00:00,cam13,CN Vidhyalaya,Ahmedabad,—,TR01M1K1TQPYCEGPPRZ8T0Q2DZW2,car,TENTATIVE,0.511,367,299,450,351,,
2026-09-03T07:13:16.493627+00:00,cam13,CN Vidhyalaya,Ahmedabad,—,TR01M1K1TR2X039HWJEYVZED4GPM,truck,CONFIRMED,0.593,239,405,349,499,,
2026-09-03T07:13:16.493627+00:00,cam13,CN Vidhyalaya,Ahmedabad,—,TR01M1K1TS25PMJ7MKDXH8RWA2Q9,truck,TENTATIVE,0.564,1071,251,1184,353,,
2026-09-03T07:13:16.493627+00:00,cam13,CN Vidhyalaya,Ahmedabad,—,TR01M1K1TS25EAAY5KJ1SEXEW4RT,truck,TENTATIVE,0.555,1425,146,1668,270,,
2026-09-03T07:13:16.693627+00:00,cam13,CN Vidhyalaya,Ahmedabad,—,TR01M1K1TQ6615CR0PSDH61X4ZXM,bus,CONFIRMED,0.493,1434,147,1668,265,,
2026-09-03T07:13:16.693627+00:00,cam13,CN Vidhyalaya,Ahmedabad,—,TR01M1K1TQ66EZX9SFJHBQ1MN1EY,car,CONFIRMED,0.911,533,155,614,206,,
2026-09-03T07:13:16.693627+00:00,cam13,CN Vidhyalaya,Ahmedabad,—,TR01M1K1TQ66V4ZRCCY37AB1TPK9,car,CONFIRMED,0.766,1804,217,1856,260,,
2026-09-03T07:13:16.693627+00:00,cam13,CN Vidhyalaya,Ahmedabad,—,TR01M1K1TQ668SYPFGTHVZ7K443R,bus,CONFIRMED,0.550,1286,53,1500,152,,
2026-09-03T07:13:16.693627+00:00,cam13,CN Vidhyalaya,Ahmedabad,—,TR01M1K1TQ66EHT298F64ZJPZDQ4,car,CONFIRMED,0.643,1094,247,1206,354,,
2026-09-03T07:13:16.693627+00:00,cam13,CN Vidhyalaya,Ahmedabad,—,TR01M1K1TQ66CCMR7ZZYXP4NHQ7Q,vehicle,CONFIRMED,0.490,1224,444,1380,612,,
2026-09-03T07:13:16.693627+00:00,cam13,CN Vidhyalaya,Ahmedabad,—,TR01M1K1TQGYBR86F99C5VTT3J95,car,CONFIRMED,0.508,984,356,1062,396,,
2026-09-03T07:13:16.693627+00:00,cam13,CN Vidhyalaya,Ahmedabad,—,TR01M1K1TQGY9537NYF3ZXHQMPXE,truck,CONFIRMED,0.744,1302,610,1903,1071,,
2026-09-03T07:13:16.693627+00:00,cam13,CN Vidhyalaya,Ahmedabad,—,TR01M1K1TQGYJF4JW6GVP1XT7VSY,car,CONFIRMED,0.578,746,141,788,173,,
2026-09-03T07:13:16.693627+00:00,cam13,CN Vidhyalaya,Ahmedabad,—,TR01M1K1TQPYCEGPPRZ8T0Q2DZW2,car,TENTATIVE,0.511,367,299,450,351,,
2026-09-03T07:13:16.693627+00:00,cam13,CN Vidhyalaya,Ahmedabad,—,TR01M1K1TR2X039HWJEYVZED4GPM,truck,CONFIRMED,0.593,239,405,349,499,,
2026-09-03T07:13:16.693627+00:00,cam13,CN Vidhyalaya,Ahmedabad,—,TR01M1K1TS25PMJ7MKDXH8RWA2Q9,truck,CONFIRMED,0.587,1094,247,1206,354,,
2026-09-03T07:13:16.693627+00:00,cam13,CN Vidhyalaya,Ahmedabad,—,TR01M1K1TS25EAAY5KJ1SEXEW4RT,vehicle,CONFIRMED,0.490,1296,144,1608,348,,
2026-09-03T07:13:16.893627+00:00,cam13,CN Vidhyalaya,Ahmedabad,—,TR01M1K1TQ6615CR0PSDH61X4ZXM,bus,CONFIRMED,0.487,1469,147,1689,263,,
2026-09-03T07:13:16.893627+00:00,cam13,CN Vidhyalaya,Ahmedabad,—,TR01M1K1TQ66EZX9SFJHBQ1MN1EY,car,CONFIRMED,0.910,533,155,614,206,,
2026-09-03T07:13:16.893627+00:00,cam13,CN Vidhyalaya,Ahmedabad,—,TR01M1K1TQ66V4ZRCCY37AB1TPK9,car,CONFIRMED,0.732,1817,218,1866,258,,
2026-09-03T07:13:16.893627+00:00,cam13,CN Vidhyalaya,Ahmedabad,—,TR01M1K1TQ668SYPFGTHVZ7K443R,bus,CONFIRMED,0.550,1286,53,1500,152,,
2026-09-03T07:13:16.893627+00:00,cam13,CN Vidhyalaya,Ahmedabad,—,TR01M1K1TQ66EHT298F64ZJPZDQ4,car,CONFIRMED,0.649,1117,244,1225,347,,
2026-09-03T07:13:16.893627+00:00,cam13,CN Vidhyalaya,Ahmedabad,—,TR01M1K1TQ66CCMR7ZZYXP4NHQ7Q,vehicle,CONFIRMED,0.490,1152,444,1320,636,,
2026-09-03T07:13:16.893627+00:00,cam13,CN Vidhyalaya,Ahmedabad,—,TR01M1K1TQGYBR86F99C5VTT3J95,car,CONFIRMED,0.508,984,356,1062,396,,
2026-09-03T07:13:16.893627+00:00,cam13,CN Vidhyalaya,Ahmedabad,—,TR01M1K1TQGY9537NYF3ZXHQMPXE,truck,CONFIRMED,0.756,1301,613,1901,1071,,
2026-09-03T07:13:16.893627+00:00,cam13,CN Vidhyalaya,Ahmedabad,—,TR01M1K1TQGYJF4JW6GVP1XT7VSY,car,CONFIRMED,0.575,746,141,788,173,,
2026-09-03T07:13:16.893627+00:00,cam13,CN Vidhyalaya,Ahmedabad,—,TR01M1K1TQPYCEGPPRZ8T0Q2DZW2,car,TENTATIVE,0.511,367,299,450,351,,
2026-09-03T07:13:16.893627+00:00,cam13,CN Vidhyalaya,Ahmedabad,—,TR01M1K1TR2X039HWJEYVZED4GPM,truck,CONFIRMED,0.593,239,405,349,499,,
2026-09-03T07:13:16.893627+00:00,cam13,CN Vidhyalaya,Ahmedabad,—,TR01M1K1TS25PMJ7MKDXH8RWA2Q9,truck,CONFIRMED,0.500,1117,244,1225,347,,
2026-09-03T07:13:16.893627+00:00,cam13,CN Vidhyalaya,Ahmedabad,—,TR01M1K1TS25EAAY5KJ1SEXEW4RT,vehicle,CONFIRMED,0.490,1296,144,1608,348,,
2026-09-03T07:13:16.893627+00:00,cam13,CN Vidhyalaya,Ahmedabad,—,TR01M1K1TSRY0GEPDXT8PR51KY41,car,CONFIRMED,0.612,1434,189,1483,238,,
2026-09-03T07:13:17.093627+00:00,cam13,CN Vidhyalaya,Ahmedabad,—,TR01M1K1TQ6615CR0PSDH61X4ZXM,bus,CONFIRMED,0.559,1497,149,1716,258,,
2026-09-03T07:13:17.093627+00:00,cam13,CN Vidhyalaya,Ahmedabad,—,TR01M1K1TQ66EZX9SFJHBQ1MN1EY,car,CONFIRMED,0.914,533,154,615,206,,
2026-09-03T07:13:17.093627+00:00,cam13,CN Vidhyalaya,Ahmedabad,—,TR01M1K1TQ66V4ZRCCY37AB1TPK9,car,CONFIRMED,0.722,1826,218,1873,256,,
2026-09-03T07:13:17.093627+00:00,cam13,CN Vidhyalaya,Ahmedabad,—,TR01M1K1TQ668SYPFGTHVZ7K443R,bus,CONFIRMED,0.443,1285,55,1499,154,,
2026-09-03T07:13:17.093627+00:00,cam13,CN Vidhyalaya,Ahmedabad,—,TR01M1K1TQ66EHT298F64ZJPZDQ4,car,CONFIRMED,0.638,1142,239,1245,340,,
2026-09-03T07:13:17.093627+00:00,cam13,CN Vidhyalaya,Ahmedabad,—,TR01M1K1TQ66CCMR7ZZYXP4NHQ7Q,vehicle,CONFIRMED,0.339,948,204,1248,624,,
2026-09-03T07:13:17.093627+00:00,cam13,CN Vidhyalaya,Ahmedabad,—,TR01M1K1TQGYBR86F99C5VTT3J95,car,CONFIRMED,0.508,984,356,1062,396,,
2026-09-03T07:13:17.093627+00:00,cam13,CN Vidhyalaya,Ahmedabad,—,TR01M1K1TQGY9537NYF3ZXHQMPXE,truck,CONFIRMED,0.575,1306,670,1902,1071,,
2026-09-03T07:13:17.093627+00:00,cam13,CN Vidhyalaya,Ahmedabad,—,TR01M1K1TQGYJF4JW6GVP1XT7VSY,car,CONFIRMED,0.639,747,142,788,173,,
2026-09-03T07:13:17.093627+00:00,cam13,CN Vidhyalaya,Ahmedabad,—,TR01M1K1TQPYCEGPPRZ8T0Q2DZW2,car,TENTATIVE,0.511,367,299,450,351,,
2026-09-03T07:13:17.093627+00:00,cam13,CN Vidhyalaya,Ahmedabad,—,TR01M1K1TR2X039HWJEYVZED4GPM,truck,CONFIRMED,0.423,239,405,348,499,,
2026-09-03T07:13:17.093627+00:00,cam13,CN Vidhyalaya,Ahmedabad,—,TR01M1K1TS25PMJ7MKDXH8RWA2Q9,truck,CONFIRMED,0.620,1142,239,1245,340,,
2026-09-03T07:13:17.093627+00:00,cam13,CN Vidhyalaya,Ahmedabad,—,TR01M1K1TS25EAAY5KJ1SEXEW4RT,vehicle,CONFIRMED,0.490,1296,144,1608,336,,
2026-09-03T07:13:17.093627+00:00,cam13,CN Vidhyalaya,Ahmedabad,—,TR01M1K1TSRY0GEPDXT8PR51KY41,car,CONFIRMED,0.679,1439,186,1505,238,,
2026-09-03T07:13:17.293627+00:00,cam13,CN Vidhyalaya,Ahmedabad,—,TR01M1K1TQ6615CR0PSDH61X4ZXM,bus,CONFIRMED,0.559,1497,149,1716,258,,
2026-09-03T07:13:17.293627+00:00,cam13,CN Vidhyalaya,Ahmedabad,—,TR01M1K1TQ66EZX9SFJHBQ1MN1EY,car,CONFIRMED,0.911,533,154,614,206,,
2026-09-03T07:13:17.293627+00:00,cam13,CN Vidhyalaya,Ahmedabad,—,TR01M1K1TQ66V4ZRCCY37AB1TPK9,car,CONFIRMED,0.673,1835,220,1881,255,,
2026-09-03T07:13:17.293627+00:00,cam13,CN Vidhyalaya,Ahmedabad,—,TR01M1K1TQ668SYPFGTHVZ7K443R,bus,CONFIRMED,0.456,1286,54,1498,153,,
2026-09-03T07:13:17.293627+00:00,cam13,CN Vidhyalaya,Ahmedabad,—,TR01M1K1TQ66EHT298F64ZJPZDQ4,truck,CONFIRMED,0.731,1165,239,1264,333,,
2026-09-03T07:13:17.293627+00:00,cam13,CN Vidhyalaya,Ahmedabad,—,TR01M1K1TQ66CCMR7ZZYXP4NHQ7Q,vehicle,CONFIRMED,0.322,948,204,1260,636,,
2026-09-03T07:13:17.293627+00:00,cam13,CN Vidhyalaya,Ahmedabad,—,TR01M1K1TQGY9537NYF3ZXHQMPXE,truck,CONFIRMED,0.505,1306,669,1904,1070,,
2026-09-03T07:13:17.293627+00:00,cam13,CN Vidhyalaya,Ahmedabad,—,TR01M1K1TQGYJF4JW6GVP1XT7VSY,car,CONFIRMED,0.632,747,142,788,173,,
2026-09-03T07:13:17.293627+00:00,cam13,CN Vidhyalaya,Ahmedabad,—,TR01M1K1TR2X039HWJEYVZED4GPM,truck,CONFIRMED,0.409,239,405,348,499,,
2026-09-03T07:13:17.293627+00:00,cam13,CN Vidhyalaya,Ahmedabad,—,TR01M1K1TS25PMJ7MKDXH8RWA2Q9,car,CONFIRMED,0.557,1165,239,1264,333,,
2026-09-03T07:13:17.293627+00:00,cam13,CN Vidhyalaya,Ahmedabad,—,TR01M1K1TS25EAAY5KJ1SEXEW4RT,vehicle,CONFIRMED,0.490,1296,144,1620,336,,
2026-09-03T07:13:17.293627+00:00,cam13,CN Vidhyalaya,Ahmedabad,—,TR01M1K1TSRY0GEPDXT8PR51KY41,car,CONFIRMED,0.568,1441,183,1534,239,,
2026-09-03T07:13:17.293627+00:00,cam13,CN Vidhyalaya,Ahmedabad,—,TR01M1K1TTP8VFEJKXC50JHCJAKE,car,CONFIRMED,0.451,1213,152,1311,205,,
2026-09-03T07:13:17.493627+00:00,cam13,CN Vidhyalaya,Ahmedabad,—,TR01M1K1TQ6615CR0PSDH61X4ZXM,bus,CONFIRMED,0.559,1497,149,1716,258,,
2026-09-03T07:13:17.493627+00:00,cam13,CN Vidhyalaya,Ahmedabad,—,TR01M1K1TQ66EZX9SFJHBQ1MN1EY,car,CONFIRMED,0.906,532,155,614,206,,
2026-09-03T07:13:17.493627+00:00,cam13,CN Vidhyalaya,Ahmedabad,—,TR01M1K1TQ66V4ZRCCY37AB1TPK9,car,CONFIRMED,0.539,1844,213,1890,257,,
2026-09-03T07:13:17.493627+00:00,cam13,CN Vidhyalaya,Ahmedabad,—,TR01M1K1TQ668SYPFGTHVZ7K443R,bus,CONFIRMED,0.456,1286,54,1498,153,,
2026-09-03T07:13:17.493627+00:00,cam13,CN Vidhyalaya,Ahmedabad,—,TR01M1K1TQ66EHT298F64ZJPZDQ4,truck,CONFIRMED,0.635,1186,230,1284,327,,
2026-09-03T07:13:17.493627+00:00,cam13,CN Vidhyalaya,Ahmedabad,—,TR01M1K1TQ66CCMR7ZZYXP4NHQ7Q,vehicle,CONFIRMED,0.322,948,204,1260,636,,
2026-09-03T07:13:17.493627+00:00,cam13,CN Vidhyalaya,Ahmedabad,—,TR01M1K1TQGY9537NYF3ZXHQMPXE,truck,CONFIRMED,0.587,1302,631,1906,1069,,
2026-09-03T07:13:17.493627+00:00,cam13,CN Vidhyalaya,Ahmedabad,—,TR01M1K1TQGYJF4JW6GVP1XT7VSY,car,CONFIRMED,0.532,747,142,789,172,,
2026-09-03T07:13:17.493627+00:00,cam13,CN Vidhyalaya,Ahmedabad,—,TR01M1K1TR2X039HWJEYVZED4GPM,truck,CONFIRMED,0.414,239,406,346,499,,
2026-09-03T07:13:17.493627+00:00,cam13,CN Vidhyalaya,Ahmedabad,—,TR01M1K1TS25PMJ7MKDXH8RWA2Q9,car,CONFIRMED,0.553,1186,230,1284,327,,
2026-09-03T07:13:17.493627+00:00,cam13,CN Vidhyalaya,Ahmedabad,—,TR01M1K1TS25EAAY5KJ1SEXEW4RT,vehicle,CONFIRMED,0.490,1296,144,1608,336,,
2026-09-03T07:13:17.493627+00:00,cam13,CN Vidhyalaya,Ahmedabad,—,TR01M1K1TSRY0GEPDXT8PR51KY41,car,CONFIRMED,0.523,1445,188,1533,240,,
2026-09-03T07:13:17.493627+00:00,cam13,CN Vidhyalaya,Ahmedabad,—,TR01M1K1TTP8VFEJKXC50JHCJAKE,car,CONFIRMED,0.461,1213,152,1311,205,,
2026-09-03T07:13:17.493627+00:00,cam13,CN Vidhyalaya,Ahmedabad,—,TR01M1K1TV9G1B77CZCBSR2HGHGJ,car,TENTATIVE,0.532,1844,191,1915,260,,
2026-09-03T07:13:17.693627+00:00,cam13,CN Vidhyalaya,Ahmedabad,—,TR01M1K1TQ6615CR0PSDH61X4ZXM,bus,CONFIRMED,0.559,1497,149,1716,258,,
2026-09-03T07:13:17.693627+00:00,cam13,CN Vidhyalaya,Ahmedabad,—,TR01M1K1TQ66EZX9SFJHBQ1MN1EY,car,CONFIRMED,0.905,532,155,613,206,,
2026-09-03T07:13:17.693627+00:00,cam13,CN Vidhyalaya,Ahmedabad,—,TR01M1K1TQ66V4ZRCCY37AB1TPK9,car,CONFIRMED,0.405,1851,217,1892,255,,
2026-09-03T07:13:17.693627+00:00,cam13,CN Vidhyalaya,Ahmedabad,—,TR01M1K1TQ668SYPFGTHVZ7K443R,bus,CONFIRMED,0.456,1286,54,1498,153,,
2026-09-03T07:13:17.693627+00:00,cam13,CN Vidhyalaya,Ahmedabad,—,TR01M1K1TQ66EHT298F64ZJPZDQ4,car,CONFIRMED,0.682,1205,225,1302,323,,
2026-09-03T07:13:17.693627+00:00,cam13,CN Vidhyalaya,Ahmedabad,—,TR01M1K1TQ66CCMR7ZZYXP4NHQ7Q,vehicle,CONFIRMED,0.322,948,204,1260,636,,
2026-09-03T07:13:17.693627+00:00,cam13,CN Vidhyalaya,Ahmedabad,—,TR01M1K1TQGY9537NYF3ZXHQMPXE,truck,CONFIRMED,0.555,1303,629,1906,1069,,
2026-09-03T07:13:17.693627+00:00,cam13,CN Vidhyalaya,Ahmedabad,—,TR01M1K1TQGYJF4JW6GVP1XT7VSY,car,CONFIRMED,0.606,747,142,788,172,,
2026-09-03T07:13:17.693627+00:00,cam13,CN Vidhyalaya,Ahmedabad,—,TR01M1K1TR2X039HWJEYVZED4GPM,truck,CONFIRMED,0.439,239,407,347,499,,
2026-09-03T07:13:17.693627+00:00,cam13,CN Vidhyalaya,Ahmedabad,—,TR01M1K1TS25PMJ7MKDXH8RWA2Q9,truck,CONFIRMED,0.482,1205,225,1302,323,,
2026-09-03T07:13:17.693627+00:00,cam13,CN Vidhyalaya,Ahmedabad,—,TR01M1K1TS25EAAY5KJ1SEXEW4RT,vehicle,CONFIRMED,0.466,1188,144,1584,348,,
2026-09-03T07:13:17.693627+00:00,cam13,CN Vidhyalaya,Ahmedabad,—,TR01M1K1TSRY0GEPDXT8PR51KY41,car,CONFIRMED,0.538,1450,189,1535,240,,
2026-09-03T07:13:17.693627+00:00,cam13,CN Vidhyalaya,Ahmedabad,—,TR01M1K1TTP8VFEJKXC50JHCJAKE,car,CONFIRMED,0.461,1213,152,1311,205,,
2026-09-03T07:13:17.693627+00:00,cam13,CN Vidhyalaya,Ahmedabad,—,TR01M1K1TV9G1B77CZCBSR2HGHGJ,car,CONFIRMED,0.539,1850,191,1907,256,,
2026-09-03T07:13:17.893627+00:00,cam13,CN Vidhyalaya,Ahmedabad,—,TR01M1K1TQ6615CR0PSDH61X4ZXM,truck,CONFIRMED,0.477,1670,162,1779,261,,
2026-09-03T07:13:17.893627+00:00,cam13,CN Vidhyalaya,Ahmedabad,—,TR01M1K1TQ66EZX9SFJHBQ1MN1EY,car,CONFIRMED,0.901,532,155,614,206,,
2026-09-03T07:13:17.893627+00:00,cam13,CN Vidhyalaya,Ahmedabad,—,TR01M1K1TQ66V4ZRCCY37AB1TPK9,car,CONFIRMED,0.405,1851,217,1892,255,,
2026-09-03T07:13:17.893627+00:00,cam13,CN Vidhyalaya,Ahmedabad,—,TR01M1K1TQ668SYPFGTHVZ7K443R,bus,CONFIRMED,0.456,1286,54,1498,153,,
2026-09-03T07:13:17.893627+00:00,cam13,CN Vidhyalaya,Ahmedabad,—,TR01M1K1TQ66EHT298F64ZJPZDQ4,truck,CONFIRMED,0.667,1226,225,1320,319,,
2026-09-03T07:13:17.893627+00:00,cam13,CN Vidhyalaya,Ahmedabad,—,TR01M1K1TQ66CCMR7ZZYXP4NHQ7Q,vehicle,CONFIRMED,0.322,948,204,1260,636,,
2026-09-03T07:13:17.893627+00:00,cam13,CN Vidhyalaya,Ahmedabad,—,TR01M1K1TQGY9537NYF3ZXHQMPXE,truck,CONFIRMED,0.506,1304,652,1907,1069,,
2026-09-03T07:13:17.893627+00:00,cam13,CN Vidhyalaya,Ahmedabad,—,TR01M1K1TQGYJF4JW6GVP1XT7VSY,car,CONFIRMED,0.586,746,142,788,172,,
2026-09-03T07:13:17.893627+00:00,cam13,CN Vidhyalaya,Ahmedabad,—,TR01M1K1TR2X039HWJEYVZED4GPM,truck,CONFIRMED,0.422,239,407,347,499,,
2026-09-03T07:13:17.893627+00:00,cam13,CN Vidhyalaya,Ahmedabad,—,TR01M1K1TS25PMJ7MKDXH8RWA2Q9,car,CONFIRMED,0.452,1226,225,1320,319,,
2026-09-03T07:13:17.893627+00:00,cam13,CN Vidhyalaya,Ahmedabad,—,TR01M1K1TS25EAAY5KJ1SEXEW4RT,vehicle,CONFIRMED,0.473,1200,144,1584,336,,
2026-09-03T07:13:17.893627+00:00,cam13,CN Vidhyalaya,Ahmedabad,—,TR01M1K1TSRY0GEPDXT8PR51KY41,car,CONFIRMED,0.794,1450,189,1537,237,,
2026-09-03T07:13:17.893627+00:00,cam13,CN Vidhyalaya,Ahmedabad,—,TR01M1K1TTP8VFEJKXC50JHCJAKE,car,CONFIRMED,0.461,1213,152,1311,205,,
2026-09-03T07:13:17.893627+00:00,cam13,CN Vidhyalaya,Ahmedabad,—,TR01M1K1TV9G1B77CZCBSR2HGHGJ,car,CONFIRMED,0.465,1858,190,1911,255,,
2026-09-03T07:13:18.093627+00:00,cam13,CN Vidhyalaya,Ahmedabad,—,TR01M1K1TQ6615CR0PSDH61X4ZXM,truck,CONFIRMED,0.519,1689,163,1791,260,,
2026-09-03T07:13:18.093627+00:00,cam13,CN Vidhyalaya,Ahmedabad,—,TR01M1K1TQ66EZX9SFJHBQ1MN1EY,car,CONFIRMED,0.905,533,155,613,206,,
2026-09-03T07:13:18.093627+00:00,cam13,CN Vidhyalaya,Ahmedabad,—,TR01M1K1TQ66V4ZRCCY37AB1TPK9,car,CONFIRMED,0.504,1867,216,1905,253,,
2026-09-03T07:13:18.093627+00:00,cam13,CN Vidhyalaya,Ahmedabad,—,TR01M1K1TQ668SYPFGTHVZ7K443R,bus,CONFIRMED,0.408,1285,49,1495,155,,
2026-09-03T07:13:18.093627+00:00,cam13,CN Vidhyalaya,Ahmedabad,—,TR01M1K1TQ66EHT298F64ZJPZDQ4,car,CONFIRMED,0.641,1247,225,1341,315,,
2026-09-03T07:13:18.093627+00:00,cam13,CN Vidhyalaya,Ahmedabad,—,TR01M1K1TQ66CCMR7ZZYXP4NHQ7Q,vehicle,CONFIRMED,0.383,888,204,1080,432,,
2026-09-03T07:13:18.093627+00:00,cam13,CN Vidhyalaya,Ahmedabad,—,TR01M1K1TQGY9537NYF3ZXHQMPXE,truck,CONFIRMED,0.547,1304,663,1903,1070,,
2026-09-03T07:13:18.093627+00:00,cam13,CN Vidhyalaya,Ahmedabad,—,TR01M1K1TQGYJF4JW6GVP1XT7VSY,car,CONFIRMED,0.557,747,142,788,173,,
2026-09-03T07:13:18.093627+00:00,cam13,CN Vidhyalaya,Ahmedabad,—,TR01M1K1TR2X039HWJEYVZED4GPM,truck,CONFIRMED,0.422,239,407,347,499,,
2026-09-03T07:13:18.093627+00:00,cam13,CN Vidhyalaya,Ahmedabad,—,TR01M1K1TS25PMJ7MKDXH8RWA2Q9,truck,CONFIRMED,0.636,1247,225,1341,315,,
2026-09-03T07:13:18.093627+00:00,cam13,CN Vidhyalaya,Ahmedabad,—,TR01M1K1TS25EAAY5KJ1SEXEW4RT,vehicle,CONFIRMED,0.485,1260,144,1584,336,,
2026-09-03T07:13:18.093627+00:00,cam13,CN Vidhyalaya,Ahmedabad,—,TR01M1K1TSRY0GEPDXT8PR51KY41,car,CONFIRMED,0.653,1452,187,1537,240,,
2026-09-03T07:13:18.093627+00:00,cam13,CN Vidhyalaya,Ahmedabad,—,TR01M1K1TTP8VFEJKXC50JHCJAKE,car,CONFIRMED,0.461,1213,152,1311,205,,
2026-09-03T07:13:18.093627+00:00,cam13,CN Vidhyalaya,Ahmedabad,—,TR01M1K1TV9G1B77CZCBSR2HGHGJ,car,CONFIRMED,0.444,1867,191,1914,253,,
2026-09-03T07:13:18.093627+00:00,cam13,CN Vidhyalaya,Ahmedabad,—,TR01M1K1TWCG4NJFHV97GDYV7JGM,bus,CONFIRMED,0.593,1689,163,1791,260,,
2026-09-03T07:13:18.093627+00:00,cam13,CN Vidhyalaya,Ahmedabad,—,TR01M1K1TWCG4H8VMG31FQAE6894,car,CONFIRMED,0.408,1452,191,1496,235,,
2026-09-03T07:13:18.293627+00:00,cam13,CN Vidhyalaya,Ahmedabad,—,TR01M1K1TQ6615CR0PSDH61X4ZXM,car,CONFIRMED,0.485,1696,165,1804,259,,
2026-09-03T07:13:18.293627+00:00,cam13,CN Vidhyalaya,Ahmedabad,—,TR01M1K1TQ66EZX9SFJHBQ1MN1EY,car,CONFIRMED,0.905,533,155,613,206,,
2026-09-03T07:13:18.293627+00:00,cam13,CN Vidhyalaya,Ahmedabad,—,TR01M1K1TQ66V4ZRCCY37AB1TPK9,car,CONFIRMED,0.515,1872,217,1914,253,,
2026-09-03T07:13:18.293627+00:00,cam13,CN Vidhyalaya,Ahmedabad,—,TR01M1K1TQ668SYPFGTHVZ7K443R,bus,CONFIRMED,0.483,1285,49,1495,154,,
2026-09-03T07:13:18.293627+00:00,cam13,CN Vidhyalaya,Ahmedabad,—,TR01M1K1TQ66EHT298F64ZJPZDQ4,truck,CONFIRMED,0.726,1269,223,1360,311,,
2026-09-03T07:13:18.293627+00:00,cam13,CN Vidhyalaya,Ahmedabad,—,TR01M1K1TQ66CCMR7ZZYXP4NHQ7Q,vehicle,CONFIRMED,0.391,924,204,1080,432,,
2026-09-03T07:13:18.293627+00:00,cam13,CN Vidhyalaya,Ahmedabad,—,TR01M1K1TQGY9537NYF3ZXHQMPXE,truck,CONFIRMED,0.572,1304,656,1904,1070,,
2026-09-03T07:13:18.293627+00:00,cam13,CN Vidhyalaya,Ahmedabad,—,TR01M1K1TQGYJF4JW6GVP1XT7VSY,car,CONFIRMED,0.524,747,142,787,173,,
2026-09-03T07:13:18.293627+00:00,cam13,CN Vidhyalaya,Ahmedabad,—,TR01M1K1TR2X039HWJEYVZED4GPM,truck,CONFIRMED,0.422,239,407,347,499,,
2026-09-03T07:13:18.293627+00:00,cam13,CN Vidhyalaya,Ahmedabad,—,TR01M1K1TS25PMJ7MKDXH8RWA2Q9,car,CONFIRMED,0.420,1269,223,1360,311,,
2026-09-03T07:13:18.293627+00:00,cam13,CN Vidhyalaya,Ahmedabad,—,TR01M1K1TS25EAAY5KJ1SEXEW4RT,vehicle,CONFIRMED,0.464,1272,144,1584,336,,
2026-09-03T07:13:18.293627+00:00,cam13,CN Vidhyalaya,Ahmedabad,—,TR01M1K1TSRY0GEPDXT8PR51KY41,car,CONFIRMED,0.671,1456,186,1540,238,,
2026-09-03T07:13:18.293627+00:00,cam13,CN Vidhyalaya,Ahmedabad,—,TR01M1K1TTP8VFEJKXC50JHCJAKE,car,CONFIRMED,0.461,1213,152,1311,205,,
2026-09-03T07:13:18.293627+00:00,cam13,CN Vidhyalaya,Ahmedabad,—,TR01M1K1TV9G1B77CZCBSR2HGHGJ,car,CONFIRMED,0.444,1867,191,1914,253,,
2026-09-03T07:13:18.293627+00:00,cam13,CN Vidhyalaya,Ahmedabad,—,TR01M1K1TWCG4NJFHV97GDYV7JGM,truck,CONFIRMED,0.543,1696,165,1804,259,,
2026-09-03T07:13:18.293627+00:00,cam13,CN Vidhyalaya,Ahmedabad,—,TR01M1K1TWCG4H8VMG31FQAE6894,car,CONFIRMED,0.408,1452,191,1496,235,,
2026-09-03T07:13:18.494627+00:00,cam13,CN Vidhyalaya,Ahmedabad,—,TR01M1K1TQ6615CR0PSDH61X4ZXM,bus,CONFIRMED,0.676,1671,163,1815,259,,
2026-09-03T07:13:18.494627+00:00,cam13,CN Vidhyalaya,Ahmedabad,—,TR01M1K1TQ66EZX9SFJHBQ1MN1EY,car,CONFIRMED,0.909,532,155,614,206,,
2026-09-03T07:13:18.494627+00:00,cam13,CN Vidhyalaya,Ahmedabad,—,TR01M1K1TQ66V4ZRCCY37AB1TPK9,car,CONFIRMED,0.421,1880,212,1918,254,,
2026-09-03T07:13:18.494627+00:00,cam13,CN Vidhyalaya,Ahmedabad,—,TR01M1K1TQ668SYPFGTHVZ7K443R,bus,CONFIRMED,0.468,1285,55,1500,154,,
2026-09-03T07:13:18.494627+00:00,cam13,CN Vidhyalaya,Ahmedabad,—,TR01M1K1TQ66EHT298F64ZJPZDQ4,car,CONFIRMED,0.486,1291,221,1382,307,,
2026-09-03T07:13:18.494627+00:00,cam13,CN Vidhyalaya,Ahmedabad,—,TR01M1K1TQ66CCMR7ZZYXP4NHQ7Q,vehicle,CONFIRMED,0.439,948,264,1080,432,,
2026-09-03T07:13:18.494627+00:00,cam13,CN Vidhyalaya,Ahmedabad,—,TR01M1K1TQGY9537NYF3ZXHQMPXE,truck,CONFIRMED,0.582,1304,661,1903,1070,,
2026-09-03T07:13:18.494627+00:00,cam13,CN Vidhyalaya,Ahmedabad,—,TR01M1K1TQGYJF4JW6GVP1XT7VSY,car,CONFIRMED,0.531,746,141,788,173,,
2026-09-03T07:13:18.494627+00:00,cam13,CN Vidhyalaya,Ahmedabad,—,TR01M1K1TR2X039HWJEYVZED4GPM,truck,CONFIRMED,0.422,239,407,347,499,,
2026-09-03T07:13:18.494627+00:00,cam13,CN Vidhyalaya,Ahmedabad,—,TR01M1K1TS25PMJ7MKDXH8RWA2Q9,truck,CONFIRMED,0.566,1291,221,1382,307,,
2026-09-03T07:13:18.494627+00:00,cam13,CN Vidhyalaya,Ahmedabad,—,TR01M1K1TS25EAAY5KJ1SEXEW4RT,vehicle,CONFIRMED,0.479,1296,144,1584,324,,
2026-09-03T07:13:18.494627+00:00,cam13,CN Vidhyalaya,Ahmedabad,—,TR01M1K1TSRY0GEPDXT8PR51KY41,car,CONFIRMED,0.754,1462,191,1541,237,,
2026-09-03T07:13:18.494627+00:00,cam13,CN Vidhyalaya,Ahmedabad,—,TR01M1K1TTP8VFEJKXC50JHCJAKE,car,CONFIRMED,0.435,1211,156,1259,193,,
2026-09-03T07:13:18.494627+00:00,cam13,CN Vidhyalaya,Ahmedabad,—,TR01M1K1TV9G1B77CZCBSR2HGHGJ,car,CONFIRMED,0.450,1869,189,1918,254,,
2026-09-03T07:13:18.494627+00:00,cam13,CN Vidhyalaya,Ahmedabad,—,TR01M1K1TWCG4NJFHV97GDYV7JGM,truck,CONFIRMED,0.613,1671,163,1815,259,,
2026-09-03T07:13:18.494627+00:00,cam13,CN Vidhyalaya,Ahmedabad,—,TR01M1K1TWCG4H8VMG31FQAE6894,truck,CONFIRMED,0.407,1458,189,1542,238,,
2026-09-03T07:13:18.694627+00:00,cam13,CN Vidhyalaya,Ahmedabad,—,TR01M1K1TQ6615CR0PSDH61X4ZXM,bus,CONFIRMED,0.672,1689,164,1824,258,,
2026-09-03T07:13:18.694627+00:00,cam13,CN Vidhyalaya,Ahmedabad,—,TR01M1K1TQ66EZX9SFJHBQ1MN1EY,car,CONFIRMED,0.909,532,155,614,206,,
2026-09-03T07:13:18.694627+00:00,cam13,CN Vidhyalaya,Ahmedabad,—,TR01M1K1TQ66V4ZRCCY37AB1TPK9,car,CONFIRMED,0.438,1888,216,1919,253,,
2026-09-03T07:13:18.694627+00:00,cam13,CN Vidhyalaya,Ahmedabad,—,TR01M1K1TQ668SYPFGTHVZ7K443R,bus,CONFIRMED,0.431,1285,55,1501,154,,
2026-09-03T07:13:18.694627+00:00,cam13,CN Vidhyalaya,Ahmedabad,—,TR01M1K1TQ66EHT298F64ZJPZDQ4,truck,CONFIRMED,0.585,1312,221,1401,304,,
2026-09-03T07:13:18.694627+00:00,cam13,CN Vidhyalaya,Ahmedabad,—,TR01M1K1TQ66CCMR7ZZYXP4NHQ7Q,vehicle,CONFIRMED,0.439,948,264,1080,432,,
2026-09-03T07:13:18.694627+00:00,cam13,CN Vidhyalaya,Ahmedabad,—,TR01M1K1TQGY9537NYF3ZXHQMPXE,truck,CONFIRMED,0.445,1304,667,1907,1071,,
2026-09-03T07:13:18.694627+00:00,cam13,CN Vidhyalaya,Ahmedabad,—,TR01M1K1TQGYJF4JW6GVP1XT7VSY,car,CONFIRMED,0.538,746,141,788,173,,
2026-09-03T07:13:18.694627+00:00,cam13,CN Vidhyalaya,Ahmedabad,—,TR01M1K1TR2X039HWJEYVZED4GPM,truck,CONFIRMED,0.422,239,407,347,499,,
2026-09-03T07:13:18.694627+00:00,cam13,CN Vidhyalaya,Ahmedabad,—,TR01M1K1TS25PMJ7MKDXH8RWA2Q9,car,CONFIRMED,0.554,1312,221,1401,304,,
2026-09-03T07:13:18.694627+00:00,cam13,CN Vidhyalaya,Ahmedabad,—,TR01M1K1TS25EAAY5KJ1SEXEW4RT,vehicle,CONFIRMED,0.461,1296,144,1584,324,,
2026-09-03T07:13:18.694627+00:00,cam13,CN Vidhyalaya,Ahmedabad,—,TR01M1K1TSRY0GEPDXT8PR51KY41,car,CONFIRMED,0.797,1463,191,1542,237,,
2026-09-03T07:13:18.694627+00:00,cam13,CN Vidhyalaya,Ahmedabad,—,TR01M1K1TTP8VFEJKXC50JHCJAKE,car,CONFIRMED,0.449,1211,156,1259,193,,
2026-09-03T07:13:18.694627+00:00,cam13,CN Vidhyalaya,Ahmedabad,—,TR01M1K1TV9G1B77CZCBSR2HGHGJ,car,CONFIRMED,0.450,1869,189,1918,254,,
2026-09-03T07:13:18.694627+00:00,cam13,CN Vidhyalaya,Ahmedabad,—,TR01M1K1TWCG4NJFHV97GDYV7JGM,truck,CONFIRMED,0.559,1689,164,1824,258,,
2026-09-03T07:13:18.694627+00:00,cam13,CN Vidhyalaya,Ahmedabad,—,TR01M1K1TWCG4H8VMG31FQAE6894,truck,CONFIRMED,0.407,1458,189,1542,238,,
2026-09-03T07:13:18.894627+00:00,cam13,CN Vidhyalaya,Ahmedabad,—,TR01M1K1TQ6615CR0PSDH61X4ZXM,car,CONFIRMED,0.521,1703,165,1835,258,,
2026-09-03T07:13:18.894627+00:00,cam13,CN Vidhyalaya,Ahmedabad,—,TR01M1K1TQ66EZX9SFJHBQ1MN1EY,car,CONFIRMED,0.909,532,154,614,206,,
2026-09-03T07:13:18.894627+00:00,cam13,CN Vidhyalaya,Ahmedabad,—,TR01M1K1TQ66V4ZRCCY37AB1TPK9,car,CONFIRMED,0.438,1888,216,1919,253,,
2026-09-03T07:13:18.894627+00:00,cam13,CN Vidhyalaya,Ahmedabad,—,TR01M1K1TQ668SYPFGTHVZ7K443R,truck,CONFIRMED,0.440,1285,55,1500,155,,
2026-09-03T07:13:18.894627+00:00,cam13,CN Vidhyalaya,Ahmedabad,—,TR01M1K1TQ66EHT298F64ZJPZDQ4,truck,CONFIRMED,0.626,1332,221,1422,302,,
2026-09-03T07:13:18.894627+00:00,cam13,CN Vidhyalaya,Ahmedabad,—,TR01M1K1TQ66CCMR7ZZYXP4NHQ7Q,vehicle,CONFIRMED,0.439,948,264,1080,432,,
2026-09-03T07:13:18.894627+00:00,cam13,CN Vidhyalaya,Ahmedabad,—,TR01M1K1TQGY9537NYF3ZXHQMPXE,truck,CONFIRMED,0.495,1304,661,1905,1071,,
2026-09-03T07:13:18.894627+00:00,cam13,CN Vidhyalaya,Ahmedabad,—,TR01M1K1TQGYJF4JW6GVP1XT7VSY,car,CONFIRMED,0.554,746,141,788,173,,
2026-09-03T07:13:18.894627+00:00,cam13,CN Vidhyalaya,Ahmedabad,—,TR01M1K1TR2X039HWJEYVZED4GPM,truck,CONFIRMED,0.422,239,407,347,499,,
2026-09-03T07:13:18.894627+00:00,cam13,CN Vidhyalaya,Ahmedabad,—,TR01M1K1TS25PMJ7MKDXH8RWA2Q9,car,CONFIRMED,0.583,1332,221,1422,302,,
2026-09-03T07:13:18.894627+00:00,cam13,CN Vidhyalaya,Ahmedabad,—,TR01M1K1TS25EAAY5KJ1SEXEW4RT,vehicle,CONFIRMED,0.450,1296,144,1560,336,,
2026-09-03T07:13:18.894627+00:00,cam13,CN Vidhyalaya,Ahmedabad,—,TR01M1K1TSRY0GEPDXT8PR51KY41,car,CONFIRMED,0.803,1464,191,1543,237,,
2026-09-03T07:13:18.894627+00:00,cam13,CN Vidhyalaya,Ahmedabad,—,TR01M1K1TTP8VFEJKXC50JHCJAKE,car,CONFIRMED,0.529,1211,156,1258,192,,
2026-09-03T07:13:18.894627+00:00,cam13,CN Vidhyalaya,Ahmedabad,—,TR01M1K1TV9G1B77CZCBSR2HGHGJ,car,CONFIRMED,0.450,1869,189,1918,254,,
2026-09-03T07:13:18.894627+00:00,cam13,CN Vidhyalaya,Ahmedabad,—,TR01M1K1TWCG4NJFHV97GDYV7JGM,truck,CONFIRMED,0.626,1703,165,1835,258,,
2026-09-03T07:13:18.894627+00:00,cam13,CN Vidhyalaya,Ahmedabad,—,TR01M1K1TWCG4H8VMG31FQAE6894,truck,CONFIRMED,0.407,1458,189,1542,238,,
2026-09-03T07:13:19.174627+00:00,cam13,CN Vidhyalaya,Ahmedabad,—,TR01M1K1TQ6615CR0PSDH61X4ZXM,truck,CONFIRMED,0.524,1720,166,1854,256,,
2026-09-03T07:13:19.174627+00:00,cam13,CN Vidhyalaya,Ahmedabad,—,TR01M1K1TQ66EZX9SFJHBQ1MN1EY,car,CONFIRMED,0.903,533,155,614,206,,
2026-09-03T07:13:19.174627+00:00,cam13,CN Vidhyalaya,Ahmedabad,—,TR01M1K1TQ66V4ZRCCY37AB1TPK9,car,CONFIRMED,0.438,1888,216,1919,253,,
2026-09-03T07:13:19.174627+00:00,cam13,CN Vidhyalaya,Ahmedabad,—,TR01M1K1TQ668SYPFGTHVZ7K443R,truck,CONFIRMED,0.440,1285,55,1500,155,,
2026-09-03T07:13:19.174627+00:00,cam13,CN Vidhyalaya,Ahmedabad,—,TR01M1K1TQ66EHT298F64ZJPZDQ4,car,CONFIRMED,0.547,1362,221,1449,296,,
2026-09-03T07:13:19.174627+00:00,cam13,CN Vidhyalaya,Ahmedabad,—,TR01M1K1TQ66CCMR7ZZYXP4NHQ7Q,vehicle,CONFIRMED,0.439,948,264,1080,432,,
2026-09-03T07:13:19.174627+00:00,cam13,CN Vidhyalaya,Ahmedabad,—,TR01M1K1TQGY9537NYF3ZXHQMPXE,truck,CONFIRMED,0.601,1302,666,1907,1071,,
2026-09-03T07:13:19.174627+00:00,cam13,CN Vidhyalaya,Ahmedabad,—,TR01M1K1TQGYJF4JW6GVP1XT7VSY,car,CONFIRMED,0.614,746,143,789,173,,
2026-09-03T07:13:19.174627+00:00,cam13,CN Vidhyalaya,Ahmedabad,—,TR01M1K1TR2X039HWJEYVZED4GPM,truck,CONFIRMED,0.422,240,407,348,499,,
2026-09-03T07:13:19.174627+00:00,cam13,CN Vidhyalaya,Ahmedabad,—,TR01M1K1TS25PMJ7MKDXH8RWA2Q9,truck,CONFIRMED,0.626,1362,221,1449,296,,
2026-09-03T07:13:19.174627+00:00,cam13,CN Vidhyalaya,Ahmedabad,—,TR01M1K1TS25EAAY5KJ1SEXEW4RT,vehicle,CONFIRMED,0.414,1296,144,1584,336,,
2026-09-03T07:13:19.174627+00:00,cam13,CN Vidhyalaya,Ahmedabad,—,TR01M1K1TSRY0GEPDXT8PR51KY41,car,CONFIRMED,0.707,1469,190,1548,236,,
2026-09-03T07:13:19.174627+00:00,cam13,CN Vidhyalaya,Ahmedabad,—,TR01M1K1TTP8VFEJKXC50JHCJAKE,car,CONFIRMED,0.529,1211,156,1258,192,,
2026-09-03T07:13:19.174627+00:00,cam13,CN Vidhyalaya,Ahmedabad,—,TR01M1K1TV9G1B77CZCBSR2HGHGJ,car,CONFIRMED,0.450,1869,189,1918,254,,
2026-09-03T07:13:19.174627+00:00,cam13,CN Vidhyalaya,Ahmedabad,—,TR01M1K1TWCG4NJFHV97GDYV7JGM,car,CONFIRMED,0.532,1720,166,1854,256,,
2026-09-03T07:13:19.174627+00:00,cam13,CN Vidhyalaya,Ahmedabad,—,TR01M1K1TWCG4H8VMG31FQAE6894,car,CONFIRMED,0.774,1470,192,1549,236,,
2026-09-03T07:13:19.294627+00:00,cam13,CN Vidhyalaya,Ahmedabad,—,TR01M1K1TQ6615CR0PSDH61X4ZXM,car,CONFIRMED,0.609,1734,169,1858,255,,
2026-09-03T07:13:19.294627+00:00,cam13,CN Vidhyalaya,Ahmedabad,—,TR01M1K1TQ66EZX9SFJHBQ1MN1EY,car,CONFIRMED,0.901,533,155,614,206,,
2026-09-03T07:13:19.294627+00:00,cam13,CN Vidhyalaya,Ahmedabad,—,TR01M1K1TQ66V4ZRCCY37AB1TPK9,car,CONFIRMED,0.438,1888,216,1919,253,,
2026-09-03T07:13:19.294627+00:00,cam13,CN Vidhyalaya,Ahmedabad,—,TR01M1K1TQ668SYPFGTHVZ7K443R,truck,CONFIRMED,0.440,1285,55,1500,155,,
2026-09-03T07:13:19.294627+00:00,cam13,CN Vidhyalaya,Ahmedabad,—,TR01M1K1TQ66EHT298F64ZJPZDQ4,car,CONFIRMED,0.498,1371,222,1456,294,,
2026-09-03T07:13:19.294627+00:00,cam13,CN Vidhyalaya,Ahmedabad,—,TR01M1K1TQ66CCMR7ZZYXP4NHQ7Q,vehicle,CONFIRMED,0.439,948,264,1080,432,,
2026-09-03T07:13:19.294627+00:00,cam13,CN Vidhyalaya,Ahmedabad,—,TR01M1K1TQGY9537NYF3ZXHQMPXE,truck,CONFIRMED,0.599,1303,669,1909,1071,,
2026-09-03T07:13:19.294627+00:00,cam13,CN Vidhyalaya,Ahmedabad,—,TR01M1K1TQGYJF4JW6GVP1XT7VSY,car,CONFIRMED,0.621,746,143,789,173,,
2026-09-03T07:13:19.294627+00:00,cam13,CN Vidhyalaya,Ahmedabad,—,TR01M1K1TR2X039HWJEYVZED4GPM,truck,CONFIRMED,0.417,240,407,347,499,,
2026-09-03T07:13:19.294627+00:00,cam13,CN Vidhyalaya,Ahmedabad,—,TR01M1K1TS25PMJ7MKDXH8RWA2Q9,truck,CONFIRMED,0.676,1371,222,1456,294,,
2026-09-03T07:13:19.294627+00:00,cam13,CN Vidhyalaya,Ahmedabad,—,TR01M1K1TS25EAAY5KJ1SEXEW4RT,vehicle,CONFIRMED,0.409,1296,144,1584,336,,
2026-09-03T07:13:19.294627+00:00,cam13,CN Vidhyalaya,Ahmedabad,—,TR01M1K1TSRY0GEPDXT8PR51KY41,car,CONFIRMED,0.707,1469,190,1548,236,,
2026-09-03T07:13:19.294627+00:00,cam13,CN Vidhyalaya,Ahmedabad,—,TR01M1K1TTP8VFEJKXC50JHCJAKE,car,CONFIRMED,0.529,1211,156,1258,192,,
2026-09-03T07:13:19.294627+00:00,cam13,CN Vidhyalaya,Ahmedabad,—,TR01M1K1TV9G1B77CZCBSR2HGHGJ,car,CONFIRMED,0.450,1869,189,1918,254,,
2026-09-03T07:13:19.294627+00:00,cam13,CN Vidhyalaya,Ahmedabad,—,TR01M1K1TWCG4NJFHV97GDYV7JGM,truck,CONFIRMED,0.463,1734,168,1858,255,,
2026-09-03T07:13:19.294627+00:00,cam13,CN Vidhyalaya,Ahmedabad,—,TR01M1K1TWCG4H8VMG31FQAE6894,car,CONFIRMED,0.767,1472,191,1550,236,,
2026-09-03T07:13:19.694627+00:00,cam13,CN Vidhyalaya,Ahmedabad,—,TR01M1K1TQ6615CR0PSDH61X4ZXM,truck,CONFIRMED,0.633,1755,169,1869,254,,
2026-09-03T07:13:19.694627+00:00,cam13,CN Vidhyalaya,Ahmedabad,—,TR01M1K1TQ66EZX9SFJHBQ1MN1EY,car,CONFIRMED,0.908,533,155,613,206,,
2026-09-03T07:13:19.694627+00:00,cam13,CN Vidhyalaya,Ahmedabad,—,TR01M1K1TQ66V4ZRCCY37AB1TPK9,car,CONFIRMED,0.438,1888,216,1919,253,,
2026-09-03T07:13:19.694627+00:00,cam13,CN Vidhyalaya,Ahmedabad,—,TR01M1K1TQ668SYPFGTHVZ7K443R,bus,CONFIRMED,0.480,1284,54,1496,155,,
2026-09-03T07:13:19.694627+00:00,cam13,CN Vidhyalaya,Ahmedabad,—,TR01M1K1TQ66EHT298F64ZJPZDQ4,truck,CONFIRMED,0.446,1407,217,1488,290,,
2026-09-03T07:13:19.694627+00:00,cam13,CN Vidhyalaya,Ahmedabad,—,TR01M1K1TQ66CCMR7ZZYXP4NHQ7Q,vehicle,CONFIRMED,0.439,948,264,1080,432,,
2026-09-03T07:13:19.694627+00:00,cam13,CN Vidhyalaya,Ahmedabad,—,TR01M1K1TQGY9537NYF3ZXHQMPXE,truck,CONFIRMED,0.671,1302,662,1910,1072,,
2026-09-03T07:13:19.694627+00:00,cam13,CN Vidhyalaya,Ahmedabad,—,TR01M1K1TQGYJF4JW6GVP1XT7VSY,car,CONFIRMED,0.617,747,142,787,172,,
2026-09-03T07:13:19.694627+00:00,cam13,CN Vidhyalaya,Ahmedabad,—,TR01M1K1TR2X039HWJEYVZED4GPM,truck,CONFIRMED,0.430,240,408,345,499,,
2026-09-03T07:13:19.694627+00:00,cam13,CN Vidhyalaya,Ahmedabad,—,TR01M1K1TS25PMJ7MKDXH8RWA2Q9,car,CONFIRMED,0.592,1407,217,1488,290,,
2026-09-03T07:13:19.694627+00:00,cam13,CN Vidhyalaya,Ahmedabad,—,TR01M1K1TS25EAAY5KJ1SEXEW4RT,vehicle,CONFIRMED,0.435,1296,144,1560,336,,
2026-09-03T07:13:19.694627+00:00,cam13,CN Vidhyalaya,Ahmedabad,—,TR01M1K1TSRY0GEPDXT8PR51KY41,truck,CONFIRMED,0.417,1481,191,1555,236,,
2026-09-03T07:13:19.694627+00:00,cam13,CN Vidhyalaya,Ahmedabad,—,TR01M1K1TTP8VFEJKXC50JHCJAKE,car,CONFIRMED,0.529,1211,156,1258,192,,
2026-09-03T07:13:19.694627+00:00,cam13,CN Vidhyalaya,Ahmedabad,—,TR01M1K1TV9G1B77CZCBSR2HGHGJ,car,CONFIRMED,0.450,1869,189,1918,254,,
2026-09-03T07:13:19.694627+00:00,cam13,CN Vidhyalaya,Ahmedabad,—,TR01M1K1TWCG4NJFHV97GDYV7JGM,car,CONFIRMED,0.603,1755,169,1869,254,,
2026-09-03T07:13:19.694627+00:00,cam13,CN Vidhyalaya,Ahmedabad,—,TR01M1K1TWCG4H8VMG31FQAE6894,car,CONFIRMED,0.747,1481,188,1554,236,,
2026-09-03T07:13:19.894627+00:00,cam13,CN Vidhyalaya,Ahmedabad,—,TR01M1K1TQ6615CR0PSDH61X4ZXM,bus,CONFIRMED,0.485,1759,169,1876,252,,
2026-09-03T07:13:19.894627+00:00,cam13,CN Vidhyalaya,Ahmedabad,—,TR01M1K1TQ66EZX9SFJHBQ1MN1EY,car,CONFIRMED,0.910,533,155,613,206,,
2026-09-03T07:13:19.894627+00:00,cam13,CN Vidhyalaya,Ahmedabad,—,TR01M1K1TQ66V4ZRCCY37AB1TPK9,car,CONFIRMED,0.438,1888,216,1919,253,,
2026-09-03T07:13:19.894627+00:00,cam13,CN Vidhyalaya,Ahmedabad,—,TR01M1K1TQ668SYPFGTHVZ7K443R,bus,CONFIRMED,0.564,1284,56,1496,155,,
2026-09-03T07:13:19.894627+00:00,cam13,CN Vidhyalaya,Ahmedabad,—,TR01M1K1TQ66EHT298F64ZJPZDQ4,car,CONFIRMED,0.645,1426,216,1504,286,,
2026-09-03T07:13:19.894627+00:00,cam13,CN Vidhyalaya,Ahmedabad,—,TR01M1K1TQGY9537NYF3ZXHQMPXE,truck,CONFIRMED,0.635,1302,660,1909,1070,,
2026-09-03T07:13:19.894627+00:00,cam13,CN Vidhyalaya,Ahmedabad,—,TR01M1K1TQGYJF4JW6GVP1XT7VSY,car,CONFIRMED,0.640,746,143,788,172,,
2026-09-03T07:13:19.894627+00:00,cam13,CN Vidhyalaya,Ahmedabad,—,TR01M1K1TR2X039HWJEYVZED4GPM,truck,CONFIRMED,0.430,240,408,345,499,,
2026-09-03T07:13:19.894627+00:00,cam13,CN Vidhyalaya,Ahmedabad,—,TR01M1K1TS25PMJ7MKDXH8RWA2Q9,truck,CONFIRMED,0.427,1426,216,1504,286,,
2026-09-03T07:13:19.894627+00:00,cam13,CN Vidhyalaya,Ahmedabad,—,TR01M1K1TS25EAAY5KJ1SEXEW4RT,vehicle,CONFIRMED,0.408,1296,144,1560,336,,
2026-09-03T07:13:19.894627+00:00,cam13,CN Vidhyalaya,Ahmedabad,—,TR01M1K1TSRY0GEPDXT8PR51KY41,truck,CONFIRMED,0.439,1483,188,1556,236,,
2026-09-03T07:13:19.894627+00:00,cam13,CN Vidhyalaya,Ahmedabad,—,TR01M1K1TTP8VFEJKXC50JHCJAKE,car,CONFIRMED,0.529,1211,156,1258,192,,
2026-09-03T07:13:19.894627+00:00,cam13,CN Vidhyalaya,Ahmedabad,—,TR01M1K1TWCG4NJFHV97GDYV7JGM,truck,CONFIRMED,0.559,1759,169,1876,252,,
2026-09-03T07:13:19.894627+00:00,cam13,CN Vidhyalaya,Ahmedabad,—,TR01M1K1TWCG4H8VMG31FQAE6894,car,CONFIRMED,0.744,1485,189,1556,236,,
2026-09-03T07:13:20.174627+00:00,cam13,CN Vidhyalaya,Ahmedabad,—,TR01M1K1TQ6615CR0PSDH61X4ZXM,truck,CONFIRMED,0.504,1792,174,1894,250,,
2026-09-03T07:13:20.174627+00:00,cam13,CN Vidhyalaya,Ahmedabad,—,TR01M1K1TQ66EZX9SFJHBQ1MN1EY,car,CONFIRMED,0.907,532,155,613,206,,
2026-09-03T07:13:20.174627+00:00,cam13,CN Vidhyalaya,Ahmedabad,—,TR01M1K1TQ66V4ZRCCY37AB1TPK9,car,CONFIRMED,0.438,1888,216,1919,253,,
2026-09-03T07:13:20.174627+00:00,cam13,CN Vidhyalaya,Ahmedabad,—,TR01M1K1TQ668SYPFGTHVZ7K443R,bus,CONFIRMED,0.431,1283,55,1495,158,,
2026-09-03T07:13:20.174627+00:00,cam13,CN Vidhyalaya,Ahmedabad,—,TR01M1K1TQ66EHT298F64ZJPZDQ4,car,CONFIRMED,0.645,1426,216,1504,286,,
2026-09-03T07:13:20.174627+00:00,cam13,CN Vidhyalaya,Ahmedabad,—,TR01M1K1TQGY9537NYF3ZXHQMPXE,truck,CONFIRMED,0.542,1304,668,1900,1070,,
2026-09-03T07:13:20.174627+00:00,cam13,CN Vidhyalaya,Ahmedabad,—,TR01M1K1TQGYJF4JW6GVP1XT7VSY,car,CONFIRMED,0.631,746,142,787,172,,
2026-09-03T07:13:20.174627+00:00,cam13,CN Vidhyalaya,Ahmedabad,—,TR01M1K1TR2X039HWJEYVZED4GPM,truck,CONFIRMED,0.430,240,408,345,499,,
2026-09-03T07:13:20.174627+00:00,cam13,CN Vidhyalaya,Ahmedabad,—,TR01M1K1TS25PMJ7MKDXH8RWA2Q9,truck,CONFIRMED,0.427,1426,216,1504,286,,
2026-09-03T07:13:20.174627+00:00,cam13,CN Vidhyalaya,Ahmedabad,—,TR01M1K1TS25EAAY5KJ1SEXEW4RT,vehicle,CONFIRMED,0.400,1284,144,1572,336,,
2026-09-03T07:13:20.174627+00:00,cam13,CN Vidhyalaya,Ahmedabad,—,TR01M1K1TSRY0GEPDXT8PR51KY41,car,CONFIRMED,0.669,1490,187,1564,234,,
2026-09-03T07:13:20.174627+00:00,cam13,CN Vidhyalaya,Ahmedabad,—,TR01M1K1TTP8VFEJKXC50JHCJAKE,car,CONFIRMED,0.529,1211,156,1258,192,,
2026-09-03T07:13:20.174627+00:00,cam13,CN Vidhyalaya,Ahmedabad,—,TR01M1K1TWCG4NJFHV97GDYV7JGM,car,CONFIRMED,0.525,1792,174,1894,250,,
2026-09-03T07:13:20.174627+00:00,cam13,CN Vidhyalaya,Ahmedabad,—,TR01M1K1TWCG4H8VMG31FQAE6894,car,CONFIRMED,0.744,1485,189,1556,236,,
2026-09-03T07:13:20.294627+00:00,cam13,CN Vidhyalaya,Ahmedabad,—,TR01M1K1TQ6615CR0PSDH61X4ZXM,truck,CONFIRMED,0.414,1792,174,1896,250,,
2026-09-03T07:13:20.294627+00:00,cam13,CN Vidhyalaya,Ahmedabad,—,TR01M1K1TQ66EZX9SFJHBQ1MN1EY,car,CONFIRMED,0.907,532,155,613,206,,
2026-09-03T07:13:20.294627+00:00,cam13,CN Vidhyalaya,Ahmedabad,—,TR01M1K1TQ668SYPFGTHVZ7K443R,bus,CONFIRMED,0.431,1283,55,1495,158,,
2026-09-03T07:13:20.294627+00:00,cam13,CN Vidhyalaya,Ahmedabad,—,TR01M1K1TQ66EHT298F64ZJPZDQ4,car,CONFIRMED,0.645,1426,216,1504,286,,
2026-09-03T07:13:20.294627+00:00,cam13,CN Vidhyalaya,Ahmedabad,—,TR01M1K1TQGY9537NYF3ZXHQMPXE,truck,CONFIRMED,0.546,1304,665,1899,1069,,
2026-09-03T07:13:20.294627+00:00,cam13,CN Vidhyalaya,Ahmedabad,—,TR01M1K1TQGYJF4JW6GVP1XT7VSY,car,CONFIRMED,0.628,746,142,787,172,,
2026-09-03T07:13:20.294627+00:00,cam13,CN Vidhyalaya,Ahmedabad,—,TR01M1K1TR2X039HWJEYVZED4GPM,truck,CONFIRMED,0.430,240,408,345,499,,
2026-09-03T07:13:20.294627+00:00,cam13,CN Vidhyalaya,Ahmedabad,—,TR01M1K1TS25PMJ7MKDXH8RWA2Q9,truck,CONFIRMED,0.427,1426,216,1504,286,,
2026-09-03T07:13:20.294627+00:00,cam13,CN Vidhyalaya,Ahmedabad,—,TR01M1K1TS25EAAY5KJ1SEXEW4RT,vehicle,CONFIRMED,0.308,1200,144,1572,384,,
2026-09-03T07:13:20.294627+00:00,cam13,CN Vidhyalaya,Ahmedabad,—,TR01M1K1TSRY0GEPDXT8PR51KY41,car,CONFIRMED,0.636,1490,187,1564,234,,
2026-09-03T07:13:20.294627+00:00,cam13,CN Vidhyalaya,Ahmedabad,—,TR01M1K1TTP8VFEJKXC50JHCJAKE,car,CONFIRMED,0.529,1211,156,1258,192,,
2026-09-03T07:13:20.294627+00:00,cam13,CN Vidhyalaya,Ahmedabad,—,TR01M1K1TWCG4NJFHV97GDYV7JGM,vehicle,CONFIRMED,0.424,1800,180,1872,252,,
2026-09-03T07:13:20.294627+00:00,cam13,CN Vidhyalaya,Ahmedabad,—,TR01M1K1TWCG4H8VMG31FQAE6894,car,CONFIRMED,0.744,1485,189,1556,236,,
2026-09-03T07:13:20.494627+00:00,cam13,CN Vidhyalaya,Ahmedabad,—,TR01M1K1TQ6615CR0PSDH61X4ZXM,car,CONFIRMED,0.582,1812,177,1901,249,,
2026-09-03T07:13:20.494627+00:00,cam13,CN Vidhyalaya,Ahmedabad,—,TR01M1K1TQ66EZX9SFJHBQ1MN1EY,car,CONFIRMED,0.900,533,154,614,206,,
2026-09-03T07:13:20.494627+00:00,cam13,CN Vidhyalaya,Ahmedabad,—,TR01M1K1TQ668SYPFGTHVZ7K443R,bus,CONFIRMED,0.431,1283,55,1495,158,,
2026-09-03T07:13:20.494627+00:00,cam13,CN Vidhyalaya,Ahmedabad,—,TR01M1K1TQ66EHT298F64ZJPZDQ4,car,CONFIRMED,0.512,1476,214,1547,261,,
2026-09-03T07:13:20.494627+00:00,cam13,CN Vidhyalaya,Ahmedabad,—,TR01M1K1TQGY9537NYF3ZXHQMPXE,truck,CONFIRMED,0.639,1302,612,1901,1071,,
2026-09-03T07:13:20.494627+00:00,cam13,CN Vidhyalaya,Ahmedabad,—,TR01M1K1TQGYJF4JW6GVP1XT7VSY,car,CONFIRMED,0.609,746,142,788,173,,
2026-09-03T07:13:20.494627+00:00,cam13,CN Vidhyalaya,Ahmedabad,—,TR01M1K1TR2X039HWJEYVZED4GPM,truck,CONFIRMED,0.430,240,408,345,499,,
2026-09-03T07:13:20.494627+00:00,cam13,CN Vidhyalaya,Ahmedabad,—,TR01M1K1TS25PMJ7MKDXH8RWA2Q9,truck,CONFIRMED,0.427,1426,216,1504,286,,
2026-09-03T07:13:20.494627+00:00,cam13,CN Vidhyalaya,Ahmedabad,—,TR01M1K1TS25EAAY5KJ1SEXEW4RT,vehicle,CONFIRMED,0.358,1272,144,1572,360,,
2026-09-03T07:13:20.494627+00:00,cam13,CN Vidhyalaya,Ahmedabad,—,TR01M1K1TSRY0GEPDXT8PR51KY41,car,CONFIRMED,0.672,1496,185,1571,229,,
2026-09-03T07:13:20.494627+00:00,cam13,CN Vidhyalaya,Ahmedabad,—,TR01M1K1TWCG4NJFHV97GDYV7JGM,vehicle,CONFIRMED,0.352,1824,180,1896,264,,
2026-09-03T07:13:20.494627+00:00,cam13,CN Vidhyalaya,Ahmedabad,—,TR01M1K1TWCG4H8VMG31FQAE6894,car,CONFIRMED,0.744,1485,189,1556,236,,
2026-09-03T07:13:20.694627+00:00,cam13,CN Vidhyalaya,Ahmedabad,—,TR01M1K1TQ6615CR0PSDH61X4ZXM,car,CONFIRMED,0.609,1818,179,1904,249,,
2026-09-03T07:13:20.694627+00:00,cam13,CN Vidhyalaya,Ahmedabad,—,TR01M1K1TQ66EZX9SFJHBQ1MN1EY,car,CONFIRMED,0.899,533,154,614,206,,
2026-09-03T07:13:20.694627+00:00,cam13,CN Vidhyalaya,Ahmedabad,—,TR01M1K1TQ668SYPFGTHVZ7K443R,bus,CONFIRMED,0.431,1283,55,1495,158,,
2026-09-03T07:13:20.694627+00:00,cam13,CN Vidhyalaya,Ahmedabad,—,TR01M1K1TQ66EHT298F64ZJPZDQ4,car,CONFIRMED,0.504,1493,214,1560,263,,
2026-09-03T07:13:20.694627+00:00,cam13,CN Vidhyalaya,Ahmedabad,—,TR01M1K1TQGY9537NYF3ZXHQMPXE,truck,CONFIRMED,0.641,1303,613,1902,1071,,
2026-09-03T07:13:20.694627+00:00,cam13,CN Vidhyalaya,Ahmedabad,—,TR01M1K1TQGYJF4JW6GVP1XT7VSY,car,CONFIRMED,0.616,746,142,787,173,,
2026-09-03T07:13:20.694627+00:00,cam13,CN Vidhyalaya,Ahmedabad,—,TR01M1K1TR2X039HWJEYVZED4GPM,truck,CONFIRMED,0.430,240,408,345,499,,
2026-09-03T07:13:20.694627+00:00,cam13,CN Vidhyalaya,Ahmedabad,—,TR01M1K1TS25PMJ7MKDXH8RWA2Q9,truck,CONFIRMED,0.427,1426,216,1504,286,,
2026-09-03T07:13:20.694627+00:00,cam13,CN Vidhyalaya,Ahmedabad,—,TR01M1K1TS25EAAY5KJ1SEXEW4RT,vehicle,CONFIRMED,0.375,1296,144,1584,348,,
2026-09-03T07:13:20.694627+00:00,cam13,CN Vidhyalaya,Ahmedabad,—,TR01M1K1TSRY0GEPDXT8PR51KY41,car,CONFIRMED,0.697,1499,181,1575,225,,
2026-09-03T07:13:20.694627+00:00,cam13,CN Vidhyalaya,Ahmedabad,—,TR01M1K1TWCG4NJFHV97GDYV7JGM,truck,CONFIRMED,0.416,1818,179,1904,249,,
2026-09-03T07:13:20.694627+00:00,cam13,CN Vidhyalaya,Ahmedabad,—,TR01M1K1TWCG4H8VMG31FQAE6894,car,CONFIRMED,0.744,1485,189,1556,236,,
2026-09-03T07:13:20.894627+00:00,cam13,CN Vidhyalaya,Ahmedabad,—,TR01M1K1TQ6615CR0PSDH61X4ZXM,truck,CONFIRMED,0.420,1828,180,1907,249,,
2026-09-03T07:13:20.894627+00:00,cam13,CN Vidhyalaya,Ahmedabad,—,TR01M1K1TQ66EZX9SFJHBQ1MN1EY,car,CONFIRMED,0.901,533,154,614,206,,
2026-09-03T07:13:20.894627+00:00,cam13,CN Vidhyalaya,Ahmedabad,—,TR01M1K1TQ668SYPFGTHVZ7K443R,bus,CONFIRMED,0.461,1285,56,1497,153,,
2026-09-03T07:13:20.894627+00:00,cam13,CN Vidhyalaya,Ahmedabad,—,TR01M1K1TQ66EHT298F64ZJPZDQ4,car,CONFIRMED,0.452,1503,213,1570,257,,
2026-09-03T07:13:20.894627+00:00,cam13,CN Vidhyalaya,Ahmedabad,—,TR01M1K1TQGY9537NYF3ZXHQMPXE,truck,CONFIRMED,0.649,1303,616,1902,1070,,
2026-09-03T07:13:20.894627+00:00,cam13,CN Vidhyalaya,Ahmedabad,—,TR01M1K1TQGYJF4JW6GVP1XT7VSY,car,CONFIRMED,0.642,746,142,787,173,,
2026-09-03T07:13:20.894627+00:00,cam13,CN Vidhyalaya,Ahmedabad,—,TR01M1K1TS25PMJ7MKDXH8RWA2Q9,truck,CONFIRMED,0.427,1426,216,1504,286,,
2026-09-03T07:13:20.894627+00:00,cam13,CN Vidhyalaya,Ahmedabad,—,TR01M1K1TS25EAAY5KJ1SEXEW4RT,vehicle,CONFIRMED,0.381,1308,144,1584,336,,
2026-09-03T07:13:20.894627+00:00,cam13,CN Vidhyalaya,Ahmedabad,—,TR01M1K1TSRY0GEPDXT8PR51KY41,car,CONFIRMED,0.736,1499,180,1577,225,,
2026-09-03T07:13:20.894627+00:00,cam13,CN Vidhyalaya,Ahmedabad,—,TR01M1K1TWCG4NJFHV97GDYV7JGM,car,CONFIRMED,0.668,1827,180,1908,249,,
2026-09-03T07:13:20.894627+00:00,cam13,CN Vidhyalaya,Ahmedabad,—,TR01M1K1TWCG4H8VMG31FQAE6894,car,CONFIRMED,0.744,1485,189,1556,236,,
2026-09-03T07:13:21.174627+00:00,cam13,CN Vidhyalaya,Ahmedabad,—,TR01M1K1TQ6615CR0PSDH61X4ZXM,car,CONFIRMED,0.761,1846,183,1919,247,,
2026-09-03T07:13:21.174627+00:00,cam13,CN Vidhyalaya,Ahmedabad,—,TR01M1K1TQ66EZX9SFJHBQ1MN1EY,car,CONFIRMED,0.905,532,155,613,206,,
2026-09-03T07:13:21.174627+00:00,cam13,CN Vidhyalaya,Ahmedabad,—,TR01M1K1TQ668SYPFGTHVZ7K443R,bus,CONFIRMED,0.461,1285,56,1497,153,,
2026-09-03T07:13:21.174627+00:00,cam13,CN Vidhyalaya,Ahmedabad,—,TR01M1K1TQ66EHT298F64ZJPZDQ4,car,CONFIRMED,0.417,1526,216,1573,254,,
2026-09-03T07:13:21.174627+00:00,cam13,CN Vidhyalaya,Ahmedabad,—,TR01M1K1TQGY9537NYF3ZXHQMPXE,truck,CONFIRMED,0.669,1303,618,1909,1071,,
2026-09-03T07:13:21.174627+00:00,cam13,CN Vidhyalaya,Ahmedabad,—,TR01M1K1TQGYJF4JW6GVP1XT7VSY,car,CONFIRMED,0.645,746,142,787,172,,
2026-09-03T07:13:21.174627+00:00,cam13,CN Vidhyalaya,Ahmedabad,—,TR01M1K1TS25PMJ7MKDXH8RWA2Q9,car,CONFIRMED,0.465,1529,211,1648,258,,
2026-09-03T07:13:21.174627+00:00,cam13,CN Vidhyalaya,Ahmedabad,—,TR01M1K1TS25EAAY5KJ1SEXEW4RT,vehicle,CONFIRMED,0.390,1308,156,1584,324,,
2026-09-03T07:13:21.174627+00:00,cam13,CN Vidhyalaya,Ahmedabad,—,TR01M1K1TSRY0GEPDXT8PR51KY41,car,CONFIRMED,0.667,1499,180,1580,231,,
2026-09-03T07:13:21.174627+00:00,cam13,CN Vidhyalaya,Ahmedabad,—,TR01M1K1TWCG4NJFHV97GDYV7JGM,car,CONFIRMED,0.737,1837,180,1918,248,,
2026-09-03T07:13:21.174627+00:00,cam13,CN Vidhyalaya,Ahmedabad,—,TR01M1K1TWCG4H8VMG31FQAE6894,car,CONFIRMED,0.744,1485,189,1556,236,,
2026-09-03T07:13:21.294627+00:00,cam13,CN Vidhyalaya,Ahmedabad,—,TR01M1K1TQ6615CR0PSDH61X4ZXM,car,CONFIRMED,0.735,1847,183,1919,246,,
2026-09-03T07:13:21.294627+00:00,cam13,CN Vidhyalaya,Ahmedabad,—,TR01M1K1TQ66EZX9SFJHBQ1MN1EY,car,CONFIRMED,0.905,532,155,613,206,,
2026-09-03T07:13:21.294627+00:00,cam13,CN Vidhyalaya,Ahmedabad,—,TR01M1K1TQ668SYPFGTHVZ7K443R,bus,CONFIRMED,0.461,1285,56,1497,153,,
2026-09-03T07:13:21.294627+00:00,cam13,CN Vidhyalaya,Ahmedabad,—,TR01M1K1TQ66EHT298F64ZJPZDQ4,car,CONFIRMED,0.417,1526,216,1573,254,,
2026-09-03T07:13:21.294627+00:00,cam13,CN Vidhyalaya,Ahmedabad,—,TR01M1K1TQGY9537NYF3ZXHQMPXE,truck,CONFIRMED,0.669,1304,620,1909,1071,,
2026-09-03T07:13:21.294627+00:00,cam13,CN Vidhyalaya,Ahmedabad,—,TR01M1K1TQGYJF4JW6GVP1XT7VSY,car,CONFIRMED,0.632,746,142,787,172,,
2026-09-03T07:13:21.294627+00:00,cam13,CN Vidhyalaya,Ahmedabad,—,TR01M1K1TS25PMJ7MKDXH8RWA2Q9,car,CONFIRMED,0.437,1537,211,1648,258,,
2026-09-03T07:13:21.294627+00:00,cam13,CN Vidhyalaya,Ahmedabad,—,TR01M1K1TS25EAAY5KJ1SEXEW4RT,vehicle,CONFIRMED,0.388,1308,156,1584,324,,
2026-09-03T07:13:21.294627+00:00,cam13,CN Vidhyalaya,Ahmedabad,—,TR01M1K1TSRY0GEPDXT8PR51KY41,car,CONFIRMED,0.681,1501,180,1582,231,,
2026-09-03T07:13:21.294627+00:00,cam13,CN Vidhyalaya,Ahmedabad,—,TR01M1K1TWCG4NJFHV97GDYV7JGM,car,CONFIRMED,0.737,1837,180,1918,248,,
2026-09-03T07:13:21.294627+00:00,cam13,CN Vidhyalaya,Ahmedabad,—,TR01M1K1TWCG4H8VMG31FQAE6894,car,CONFIRMED,0.744,1485,189,1556,236,,
2026-09-03T07:13:21.494627+00:00,cam13,CN Vidhyalaya,Ahmedabad,—,TR01M1K1TQ6615CR0PSDH61X4ZXM,car,CONFIRMED,0.553,1864,182,1919,245,,
2026-09-03T07:13:21.494627+00:00,cam13,CN Vidhyalaya,Ahmedabad,—,TR01M1K1TQ66EZX9SFJHBQ1MN1EY,car,CONFIRMED,0.908,532,154,615,206,,
2026-09-03T07:13:21.494627+00:00,cam13,CN Vidhyalaya,Ahmedabad,—,TR01M1K1TQ668SYPFGTHVZ7K443R,bus,CONFIRMED,0.461,1285,56,1497,153,,
2026-09-03T07:13:21.494627+00:00,cam13,CN Vidhyalaya,Ahmedabad,—,TR01M1K1TQ66EHT298F64ZJPZDQ4,car,CONFIRMED,0.417,1526,216,1573,254,,
2026-09-03T07:13:21.494627+00:00,cam13,CN Vidhyalaya,Ahmedabad,—,TR01M1K1TQGY9537NYF3ZXHQMPXE,truck,CONFIRMED,0.672,1304,617,1909,1071,,
2026-09-03T07:13:21.494627+00:00,cam13,CN Vidhyalaya,Ahmedabad,—,TR01M1K1TQGYJF4JW6GVP1XT7VSY,car,CONFIRMED,0.534,747,141,788,172,,
2026-09-03T07:13:21.494627+00:00,cam13,CN Vidhyalaya,Ahmedabad,—,TR01M1K1TS25PMJ7MKDXH8RWA2Q9,car,CONFIRMED,0.437,1537,211,1648,258,,
2026-09-03T07:13:21.494627+00:00,cam13,CN Vidhyalaya,Ahmedabad,—,TR01M1K1TS25EAAY5KJ1SEXEW4RT,vehicle,CONFIRMED,0.386,1308,156,1572,324,,
2026-09-03T07:13:21.494627+00:00,cam13,CN Vidhyalaya,Ahmedabad,—,TR01M1K1TSRY0GEPDXT8PR51KY41,car,CONFIRMED,0.695,1494,183,1577,235,,
2026-09-03T07:13:21.494627+00:00,cam13,CN Vidhyalaya,Ahmedabad,—,TR01M1K1TWCG4NJFHV97GDYV7JGM,car,CONFIRMED,0.737,1837,180,1918,248,,
2026-09-03T07:13:21.694627+00:00,cam13,CN Vidhyalaya,Ahmedabad,—,TR01M1K1TQ6615CR0PSDH61X4ZXM,car,CONFIRMED,0.670,1863,185,1919,246,,
2026-09-03T07:13:21.694627+00:00,cam13,CN Vidhyalaya,Ahmedabad,—,TR01M1K1TQ66EZX9SFJHBQ1MN1EY,car,CONFIRMED,0.906,532,154,615,206,,
2026-09-03T07:13:21.694627+00:00,cam13,CN Vidhyalaya,Ahmedabad,—,TR01M1K1TQ668SYPFGTHVZ7K443R,bus,CONFIRMED,0.461,1285,56,1497,153,,
2026-09-03T07:13:21.694627+00:00,cam13,CN Vidhyalaya,Ahmedabad,—,TR01M1K1TQ66EHT298F64ZJPZDQ4,car,CONFIRMED,0.417,1526,216,1573,254,,
2026-09-03T07:13:21.694627+00:00,cam13,CN Vidhyalaya,Ahmedabad,—,TR01M1K1TQGY9537NYF3ZXHQMPXE,truck,CONFIRMED,0.672,1304,617,1909,1071,,
2026-09-03T07:13:21.694627+00:00,cam13,CN Vidhyalaya,Ahmedabad,—,TR01M1K1TQGYJF4JW6GVP1XT7VSY,car,CONFIRMED,0.499,747,141,788,172,,
2026-09-03T07:13:21.694627+00:00,cam13,CN Vidhyalaya,Ahmedabad,—,TR01M1K1TS25PMJ7MKDXH8RWA2Q9,car,CONFIRMED,0.437,1537,211,1648,258,,
2026-09-03T07:13:21.694627+00:00,cam13,CN Vidhyalaya,Ahmedabad,—,TR01M1K1TS25EAAY5KJ1SEXEW4RT,vehicle,CONFIRMED,0.357,1308,156,1596,324,,
2026-09-03T07:13:21.694627+00:00,cam13,CN Vidhyalaya,Ahmedabad,—,TR01M1K1TSRY0GEPDXT8PR51KY41,car,CONFIRMED,0.596,1498,183,1580,231,,
2026-09-03T07:13:21.694627+00:00,cam13,CN Vidhyalaya,Ahmedabad,—,TR01M1K1TWCG4NJFHV97GDYV7JGM,car,CONFIRMED,0.737,1837,180,1918,248,,
2026-09-03T07:13:21.894627+00:00,cam13,CN Vidhyalaya,Ahmedabad,—,TR01M1K1TQ6615CR0PSDH61X4ZXM,car,CONFIRMED,0.680,1863,186,1919,244,,
2026-09-03T07:13:21.894627+00:00,cam13,CN Vidhyalaya,Ahmedabad,—,TR01M1K1TQ66EZX9SFJHBQ1MN1EY,car,CONFIRMED,0.906,532,154,615,206,,
2026-09-03T07:13:21.894627+00:00,cam13,CN Vidhyalaya,Ahmedabad,—,TR01M1K1TQ668SYPFGTHVZ7K443R,bus,CONFIRMED,0.461,1285,56,1497,153,,
2026-09-03T07:13:21.894627+00:00,cam13,CN Vidhyalaya,Ahmedabad,—,TR01M1K1TQ66EHT298F64ZJPZDQ4,car,CONFIRMED,0.417,1526,216,1573,254,,
2026-09-03T07:13:21.894627+00:00,cam13,CN Vidhyalaya,Ahmedabad,—,TR01M1K1TQGY9537NYF3ZXHQMPXE,truck,CONFIRMED,0.454,1307,613,1897,1069,,
2026-09-03T07:13:21.894627+00:00,cam13,CN Vidhyalaya,Ahmedabad,—,TR01M1K1TQGYJF4JW6GVP1XT7VSY,car,CONFIRMED,0.519,747,141,788,172,,
2026-09-03T07:13:21.894627+00:00,cam13,CN Vidhyalaya,Ahmedabad,—,TR01M1K1TS25PMJ7MKDXH8RWA2Q9,car,CONFIRMED,0.437,1537,211,1648,258,,
2026-09-03T07:13:21.894627+00:00,cam13,CN Vidhyalaya,Ahmedabad,—,TR01M1K1TS25EAAY5KJ1SEXEW4RT,vehicle,CONFIRMED,0.354,1308,156,1596,324,,
2026-09-03T07:13:21.894627+00:00,cam13,CN Vidhyalaya,Ahmedabad,—,TR01M1K1TSRY0GEPDXT8PR51KY41,car,CONFIRMED,0.711,1501,183,1576,230,,
2026-09-03T07:13:21.894627+00:00,cam13,CN Vidhyalaya,Ahmedabad,—,TR01M1K1TWCG4NJFHV97GDYV7JGM,car,CONFIRMED,0.737,1837,180,1918,248,,
2026-09-03T07:13:22.175627+00:00,cam13,CN Vidhyalaya,Ahmedabad,—,TR01M1K1TQ6615CR0PSDH61X4ZXM,car,CONFIRMED,0.559,1874,187,1919,245,,
2026-09-03T07:13:22.175627+00:00,cam13,CN Vidhyalaya,Ahmedabad,—,TR01M1K1TQ66EZX9SFJHBQ1MN1EY,car,CONFIRMED,0.906,533,155,612,206,,
2026-09-03T07:13:22.175627+00:00,cam13,CN Vidhyalaya,Ahmedabad,—,TR01M1K1TQ668SYPFGTHVZ7K443R,bus,CONFIRMED,0.461,1285,56,1497,153,,
2026-09-03T07:13:22.175627+00:00,cam13,CN Vidhyalaya,Ahmedabad,—,TR01M1K1TQ66EHT298F64ZJPZDQ4,car,CONFIRMED,0.417,1526,216,1573,254,,
2026-09-03T07:13:22.175627+00:00,cam13,CN Vidhyalaya,Ahmedabad,—,TR01M1K1TQGY9537NYF3ZXHQMPXE,truck,CONFIRMED,0.581,1307,618,1901,1071,,
2026-09-03T07:13:22.175627+00:00,cam13,CN Vidhyalaya,Ahmedabad,—,TR01M1K1TQGYJF4JW6GVP1XT7VSY,car,CONFIRMED,0.630,748,142,788,173,,
2026-09-03T07:13:22.175627+00:00,cam13,CN Vidhyalaya,Ahmedabad,—,TR01M1K1TS25PMJ7MKDXH8RWA2Q9,car,CONFIRMED,0.437,1537,211,1648,258,,
2026-09-03T07:13:22.175627+00:00,cam13,CN Vidhyalaya,Ahmedabad,—,TR01M1K1TS25EAAY5KJ1SEXEW4RT,vehicle,CONFIRMED,0.324,1308,156,1608,324,,
2026-09-03T07:13:22.175627+00:00,cam13,CN Vidhyalaya,Ahmedabad,—,TR01M1K1TSRY0GEPDXT8PR51KY41,car,CONFIRMED,0.803,1503,183,1589,234,,
2026-09-03T07:13:22.175627+00:00,cam13,CN Vidhyalaya,Ahmedabad,—,TR01M1K1TWCG4NJFHV97GDYV7JGM,car,CONFIRMED,0.737,1837,180,1918,248,,
2026-09-03T07:13:22.295627+00:00,cam13,CN Vidhyalaya,Ahmedabad,—,TR01M1K1TQ6615CR0PSDH61X4ZXM,car,CONFIRMED,0.464,1875,186,1919,245,,
2026-09-03T07:13:22.295627+00:00,cam13,CN Vidhyalaya,Ahmedabad,—,TR01M1K1TQ66EZX9SFJHBQ1MN1EY,car,CONFIRMED,0.908,533,155,612,206,,
2026-09-03T07:13:22.295627+00:00,cam13,CN Vidhyalaya,Ahmedabad,—,TR01M1K1TQ66EHT298F64ZJPZDQ4,car,CONFIRMED,0.417,1526,216,1573,254,,
2026-09-03T07:13:22.295627+00:00,cam13,CN Vidhyalaya,Ahmedabad,—,TR01M1K1TQGY9537NYF3ZXHQMPXE,truck,CONFIRMED,0.581,1307,618,1901,1071,,
2026-09-03T07:13:22.295627+00:00,cam13,CN Vidhyalaya,Ahmedabad,—,TR01M1K1TQGYJF4JW6GVP1XT7VSY,car,CONFIRMED,0.599,748,142,788,173,,
2026-09-03T07:13:22.295627+00:00,cam13,CN Vidhyalaya,Ahmedabad,—,TR01M1K1TS25PMJ7MKDXH8RWA2Q9,car,CONFIRMED,0.437,1537,211,1648,258,,
2026-09-03T07:13:22.295627+00:00,cam13,CN Vidhyalaya,Ahmedabad,—,TR01M1K1TS25EAAY5KJ1SEXEW4RT,vehicle,CONFIRMED,0.341,1248,168,1488,324,,
2026-09-03T07:13:22.295627+00:00,cam13,CN Vidhyalaya,Ahmedabad,—,TR01M1K1TSRY0GEPDXT8PR51KY41,car,CONFIRMED,0.803,1503,183,1595,234,,
2026-09-03T07:13:22.295627+00:00,cam13,CN Vidhyalaya,Ahmedabad,—,TR01M1K1TWCG4NJFHV97GDYV7JGM,car,CONFIRMED,0.737,1837,180,1918,248,,
2026-09-03T07:13:22.695627+00:00,cam13,CN Vidhyalaya,Ahmedabad,—,TR01M1K1TQ6615CR0PSDH61X4ZXM,car,CONFIRMED,0.464,1875,186,1919,245,,
2026-09-03T07:13:22.695627+00:00,cam13,CN Vidhyalaya,Ahmedabad,—,TR01M1K1TQ66EZX9SFJHBQ1MN1EY,car,CONFIRMED,0.906,531,155,614,206,,
2026-09-03T07:13:22.695627+00:00,cam13,CN Vidhyalaya,Ahmedabad,—,TR01M1K1TQGY9537NYF3ZXHQMPXE,truck,CONFIRMED,0.534,1304,655,1900,1068,,
2026-09-03T07:13:22.695627+00:00,cam13,CN Vidhyalaya,Ahmedabad,—,TR01M1K1TQGYJF4JW6GVP1XT7VSY,car,CONFIRMED,0.442,747,141,788,172,,
2026-09-03T07:13:22.695627+00:00,cam13,CN Vidhyalaya,Ahmedabad,—,TR01M1K1TS25PMJ7MKDXH8RWA2Q9,car,CONFIRMED,0.437,1537,211,1648,258,,
2026-09-03T07:13:22.695627+00:00,cam13,CN Vidhyalaya,Ahmedabad,—,TR01M1K1TS25EAAY5KJ1SEXEW4RT,vehicle,CONFIRMED,0.330,1308,156,1596,324,,
2026-09-03T07:13:22.695627+00:00,cam13,CN Vidhyalaya,Ahmedabad,—,TR01M1K1TSRY0GEPDXT8PR51KY41,car,CONFIRMED,0.846,1500,183,1579,232,,
2026-09-03T07:13:22.895627+00:00,cam13,CN Vidhyalaya,Ahmedabad,—,TR01M1K1TQ6615CR0PSDH61X4ZXM,car,CONFIRMED,0.464,1875,186,1919,245,,
2026-09-03T07:13:22.895627+00:00,cam13,CN Vidhyalaya,Ahmedabad,—,TR01M1K1TQ66EZX9SFJHBQ1MN1EY,car,CONFIRMED,0.907,531,155,614,206,,
2026-09-03T07:13:22.895627+00:00,cam13,CN Vidhyalaya,Ahmedabad,—,TR01M1K1TQGY9537NYF3ZXHQMPXE,truck,CONFIRMED,0.591,1303,651,1898,1068,,
2026-09-03T07:13:22.895627+00:00,cam13,CN Vidhyalaya,Ahmedabad,—,TR01M1K1TQGYJF4JW6GVP1XT7VSY,car,CONFIRMED,0.448,747,141,788,173,,
2026-09-03T07:13:22.895627+00:00,cam13,CN Vidhyalaya,Ahmedabad,—,TR01M1K1TS25EAAY5KJ1SEXEW4RT,vehicle,CONFIRMED,0.388,1308,192,1476,324,,
2026-09-03T07:13:22.895627+00:00,cam13,CN Vidhyalaya,Ahmedabad,—,TR01M1K1TSRY0GEPDXT8PR51KY41,car,CONFIRMED,0.846,1500,183,1580,232,,
2026-09-03T07:13:22.895627+00:00,cam13,CN Vidhyalaya,Ahmedabad,—,TR01M1K1V54BGYQ5B73C0VQXBEQ7,car,TENTATIVE,0.555,1075,483,1131,551,,
2026-09-03T07:13:23.175627+00:00,cam13,CN Vidhyalaya,Ahmedabad,—,TR01M1K1TQ6615CR0PSDH61X4ZXM,car,CONFIRMED,0.464,1875,186,1919,245,,
2026-09-03T07:13:23.175627+00:00,cam13,CN Vidhyalaya,Ahmedabad,—,TR01M1K1TQ66EZX9SFJHBQ1MN1EY,car,CONFIRMED,0.906,533,155,614,206,,
2026-09-03T07:13:23.175627+00:00,cam13,CN Vidhyalaya,Ahmedabad,—,TR01M1K1TQGY9537NYF3ZXHQMPXE,truck,CONFIRMED,0.649,1301,625,1909,1070,,
2026-09-03T07:13:23.175627+00:00,cam13,CN Vidhyalaya,Ahmedabad,—,TR01M1K1TQGYJF4JW6GVP1XT7VSY,car,CONFIRMED,0.621,746,142,787,172,,
2026-09-03T07:13:23.175627+00:00,cam13,CN Vidhyalaya,Ahmedabad,—,TR01M1K1TS25EAAY5KJ1SEXEW4RT,vehicle,CONFIRMED,0.357,1308,204,1488,324,,
2026-09-03T07:13:23.175627+00:00,cam13,CN Vidhyalaya,Ahmedabad,—,TR01M1K1TSRY0GEPDXT8PR51KY41,car,CONFIRMED,0.845,1499,182,1580,234,,
2026-09-03T07:13:23.175627+00:00,cam13,CN Vidhyalaya,Ahmedabad,—,TR01M1K1V54BGYQ5B73C0VQXBEQ7,car,TENTATIVE,0.555,1075,483,1131,551,,
2026-09-03T07:13:23.175627+00:00,cam13,CN Vidhyalaya,Ahmedabad,—,TR01M1K1V5C2ZTQRGERNK049QFY1,car,TENTATIVE,0.646,1140,410,1188,463,,
2026-09-03T07:13:23.295627+00:00,cam13,CN Vidhyalaya,Ahmedabad,—,TR01M1K1TQ6615CR0PSDH61X4ZXM,car,CONFIRMED,0.464,1875,186,1919,245,,
2026-09-03T07:13:23.295627+00:00,cam13,CN Vidhyalaya,Ahmedabad,—,TR01M1K1TQ66EZX9SFJHBQ1MN1EY,car,CONFIRMED,0.908,533,155,614,206,,
2026-09-03T07:13:23.295627+00:00,cam13,CN Vidhyalaya,Ahmedabad,—,TR01M1K1TQGY9537NYF3ZXHQMPXE,truck,CONFIRMED,0.604,1303,659,1908,1070,,
2026-09-03T07:13:23.295627+00:00,cam13,CN Vidhyalaya,Ahmedabad,—,TR01M1K1TQGYJF4JW6GVP1XT7VSY,car,CONFIRMED,0.605,746,142,787,172,,
2026-09-03T07:13:23.295627+00:00,cam13,CN Vidhyalaya,Ahmedabad,—,TR01M1K1TS25EAAY5KJ1SEXEW4RT,vehicle,CONFIRMED,0.340,1308,204,1488,324,,
2026-09-03T07:13:23.295627+00:00,cam13,CN Vidhyalaya,Ahmedabad,—,TR01M1K1TSRY0GEPDXT8PR51KY41,car,CONFIRMED,0.843,1500,182,1580,234,,
2026-09-03T07:13:23.295627+00:00,cam13,CN Vidhyalaya,Ahmedabad,—,TR01M1K1V54BGYQ5B73C0VQXBEQ7,car,TENTATIVE,0.555,1075,483,1131,551,,
2026-09-03T07:13:23.295627+00:00,cam13,CN Vidhyalaya,Ahmedabad,—,TR01M1K1V5C2ZTQRGERNK049QFY1,car,CONFIRMED,0.532,1157,392,1203,445,,
2026-09-03T07:13:23.295627+00:00,cam13,CN Vidhyalaya,Ahmedabad,—,TR01M1K1V5KFB4D3KKDQTH2054XA,car,TENTATIVE,0.512,1548,214,1677,313,,
2026-09-03T07:13:23.495627+00:00,cam13,CN Vidhyalaya,Ahmedabad,—,TR01M1K1TQ6615CR0PSDH61X4ZXM,car,CONFIRMED,0.464,1875,186,1919,245,,
2026-09-03T07:13:23.495627+00:00,cam13,CN Vidhyalaya,Ahmedabad,—,TR01M1K1TQ66EZX9SFJHBQ1MN1EY,car,CONFIRMED,0.898,533,156,613,206,,
2026-09-03T07:13:23.495627+00:00,cam13,CN Vidhyalaya,Ahmedabad,—,TR01M1K1TQGY9537NYF3ZXHQMPXE,truck,CONFIRMED,0.643,1302,614,1909,1072,,
2026-09-03T07:13:23.495627+00:00,cam13,CN Vidhyalaya,Ahmedabad,—,TR01M1K1TQGYJF4JW6GVP1XT7VSY,car,CONFIRMED,0.614,747,142,787,172,,
2026-09-03T07:13:23.495627+00:00,cam13,CN Vidhyalaya,Ahmedabad,—,TR01M1K1TS25EAAY5KJ1SEXEW4RT,vehicle,CONFIRMED,0.327,1308,168,1476,324,,
2026-09-03T07:13:23.495627+00:00,cam13,CN Vidhyalaya,Ahmedabad,—,TR01M1K1TSRY0GEPDXT8PR51KY41,car,CONFIRMED,0.853,1501,183,1580,233,,
2026-09-03T07:13:23.495627+00:00,cam13,CN Vidhyalaya,Ahmedabad,—,TR01M1K1V54BGYQ5B73C0VQXBEQ7,car,TENTATIVE,0.555,1075,483,1131,551,,
2026-09-03T07:13:23.495627+00:00,cam13,CN Vidhyalaya,Ahmedabad,—,TR01M1K1V5C2ZTQRGERNK049QFY1,car,CONFIRMED,0.532,1157,392,1203,445,,
2026-09-03T07:13:23.495627+00:00,cam13,CN Vidhyalaya,Ahmedabad,—,TR01M1K1V5KFB4D3KKDQTH2054XA,car,CONFIRMED,0.448,1548,215,1677,314,,
2026-09-03T07:13:23.495627+00:00,cam13,CN Vidhyalaya,Ahmedabad,—,TR01M1K1V62J05MNT8D64STPW2WS,bus,TENTATIVE,0.518,1284,51,1496,155,,
2026-09-03T07:13:23.695627+00:00,cam13,CN Vidhyalaya,Ahmedabad,—,TR01M1K1TQ6615CR0PSDH61X4ZXM,car,CONFIRMED,0.464,1875,186,1919,245,,
2026-09-03T07:13:23.695627+00:00,cam13,CN Vidhyalaya,Ahmedabad,—,TR01M1K1TQ66EZX9SFJHBQ1MN1EY,car,CONFIRMED,0.899,533,156,613,206,,
2026-09-03T07:13:23.695627+00:00,cam13,CN Vidhyalaya,Ahmedabad,—,TR01M1K1TQGY9537NYF3ZXHQMPXE,truck,CONFIRMED,0.643,1302,614,1908,1071,,
2026-09-03T07:13:23.695627+00:00,cam13,CN Vidhyalaya,Ahmedabad,—,TR01M1K1TQGYJF4JW6GVP1XT7VSY,car,CONFIRMED,0.620,747,142,787,172,,
2026-09-03T07:13:23.695627+00:00,cam13,CN Vidhyalaya,Ahmedabad,—,TR01M1K1TS25EAAY5KJ1SEXEW4RT,vehicle,CONFIRMED,0.332,1308,168,1464,324,,
2026-09-03T07:13:23.695627+00:00,cam13,CN Vidhyalaya,Ahmedabad,—,TR01M1K1TSRY0GEPDXT8PR51KY41,car,CONFIRMED,0.845,1500,183,1581,234,,
2026-09-03T07:13:23.695627+00:00,cam13,CN Vidhyalaya,Ahmedabad,—,TR01M1K1V54BGYQ5B73C0VQXBEQ7,car,TENTATIVE,0.555,1075,483,1131,551,,
2026-09-03T07:13:23.695627+00:00,cam13,CN Vidhyalaya,Ahmedabad,—,TR01M1K1V5C2ZTQRGERNK049QFY1,car,CONFIRMED,0.532,1157,392,1203,445,,
2026-09-03T07:13:23.695627+00:00,cam13,CN Vidhyalaya,Ahmedabad,—,TR01M1K1V5KFB4D3KKDQTH2054XA,car,CONFIRMED,0.448,1548,215,1677,314,,
2026-09-03T07:13:23.695627+00:00,cam13,CN Vidhyalaya,Ahmedabad,—,TR01M1K1V62J05MNT8D64STPW2WS,bus,CONFIRMED,0.534,1284,52,1496,156,,
2026-09-03T07:13:23.895627+00:00,cam13,CN Vidhyalaya,Ahmedabad,—,TR01M1K1TQ66EZX9SFJHBQ1MN1EY,car,CONFIRMED,0.899,533,156,613,206,,
2026-09-03T07:13:23.895627+00:00,cam13,CN Vidhyalaya,Ahmedabad,—,TR01M1K1TQGY9537NYF3ZXHQMPXE,truck,CONFIRMED,0.636,1301,612,1910,1071,,
2026-09-03T07:13:23.895627+00:00,cam13,CN Vidhyalaya,Ahmedabad,—,TR01M1K1TQGYJF4JW6GVP1XT7VSY,car,CONFIRMED,0.624,747,142,787,172,,
2026-09-03T07:13:23.895627+00:00,cam13,CN Vidhyalaya,Ahmedabad,—,TR01M1K1TS25EAAY5KJ1SEXEW4RT,vehicle,CONFIRMED,0.284,1260,204,1464,384,,
2026-09-03T07:13:23.895627+00:00,cam13,CN Vidhyalaya,Ahmedabad,—,TR01M1K1TSRY0GEPDXT8PR51KY41,car,CONFIRMED,0.848,1500,183,1580,234,,
2026-09-03T07:13:23.895627+00:00,cam13,CN Vidhyalaya,Ahmedabad,—,TR01M1K1V54BGYQ5B73C0VQXBEQ7,car,TENTATIVE,0.555,1075,483,1131,551,,
2026-09-03T07:13:23.895627+00:00,cam13,CN Vidhyalaya,Ahmedabad,—,TR01M1K1V5C2ZTQRGERNK049QFY1,car,CONFIRMED,0.532,1157,392,1203,445,,
2026-09-03T07:13:23.895627+00:00,cam13,CN Vidhyalaya,Ahmedabad,—,TR01M1K1V5KFB4D3KKDQTH2054XA,car,CONFIRMED,0.448,1548,215,1677,314,,
2026-09-03T07:13:23.895627+00:00,cam13,CN Vidhyalaya,Ahmedabad,—,TR01M1K1V62J05MNT8D64STPW2WS,bus,CONFIRMED,0.626,1284,55,1495,156,,
2026-09-03T07:13:24.175627+00:00,cam13,CN Vidhyalaya,Ahmedabad,—,TR01M1K1TQ66EZX9SFJHBQ1MN1EY,car,CONFIRMED,0.901,532,155,613,206,,
2026-09-03T07:13:24.175627+00:00,cam13,CN Vidhyalaya,Ahmedabad,—,TR01M1K1TQGY9537NYF3ZXHQMPXE,truck,CONFIRMED,0.550,1302,627,1897,1068,,
2026-09-03T07:13:24.175627+00:00,cam13,CN Vidhyalaya,Ahmedabad,—,TR01M1K1TQGYJF4JW6GVP1XT7VSY,car,CONFIRMED,0.581,746,141,789,172,,
2026-09-03T07:13:24.175627+00:00,cam13,CN Vidhyalaya,Ahmedabad,—,TR01M1K1TS25EAAY5KJ1SEXEW4RT,vehicle,CONFIRMED,0.284,1260,204,1464,384,,
2026-09-03T07:13:24.175627+00:00,cam13,CN Vidhyalaya,Ahmedabad,—,TR01M1K1TSRY0GEPDXT8PR51KY41,car,CONFIRMED,0.855,1502,182,1580,233,,
2026-09-03T07:13:24.175627+00:00,cam13,CN Vidhyalaya,Ahmedabad,—,TR01M1K1V54BGYQ5B73C0VQXBEQ7,car,TENTATIVE,0.555,1075,483,1131,551,,
2026-09-03T07:13:24.175627+00:00,cam13,CN Vidhyalaya,Ahmedabad,—,TR01M1K1V5C2ZTQRGERNK049QFY1,car,CONFIRMED,0.532,1157,392,1203,445,,
2026-09-03T07:13:24.175627+00:00,cam13,CN Vidhyalaya,Ahmedabad,—,TR01M1K1V5KFB4D3KKDQTH2054XA,car,CONFIRMED,0.448,1548,215,1677,314,,
2026-09-03T07:13:24.175627+00:00,cam13,CN Vidhyalaya,Ahmedabad,—,TR01M1K1V62J05MNT8D64STPW2WS,bus,CONFIRMED,0.420,1286,53,1499,152,,
2026-09-03T07:13:24.295627+00:00,cam13,CN Vidhyalaya,Ahmedabad,—,TR01M1K1TQ66EZX9SFJHBQ1MN1EY,car,CONFIRMED,0.902,532,155,613,206,,
2026-09-03T07:13:24.295627+00:00,cam13,CN Vidhyalaya,Ahmedabad,—,TR01M1K1TQGY9537NYF3ZXHQMPXE,truck,CONFIRMED,0.525,1302,630,1897,1068,,
2026-09-03T07:13:24.295627+00:00,cam13,CN Vidhyalaya,Ahmedabad,—,TR01M1K1TQGYJF4JW6GVP1XT7VSY,car,CONFIRMED,0.591,746,141,789,172,,
2026-09-03T07:13:24.295627+00:00,cam13,CN Vidhyalaya,Ahmedabad,—,TR01M1K1TS25EAAY5KJ1SEXEW4RT,vehicle,CONFIRMED,0.284,1260,204,1464,384,,
2026-09-03T07:13:24.295627+00:00,cam13,CN Vidhyalaya,Ahmedabad,—,TR01M1K1TSRY0GEPDXT8PR51KY41,car,CONFIRMED,0.856,1501,182,1581,233,,
2026-09-03T07:13:24.295627+00:00,cam13,CN Vidhyalaya,Ahmedabad,—,TR01M1K1V54BGYQ5B73C0VQXBEQ7,car,TENTATIVE,0.555,1075,483,1131,551,,
2026-09-03T07:13:24.295627+00:00,cam13,CN Vidhyalaya,Ahmedabad,—,TR01M1K1V5C2ZTQRGERNK049QFY1,car,CONFIRMED,0.532,1157,392,1203,445,,
2026-09-03T07:13:24.295627+00:00,cam13,CN Vidhyalaya,Ahmedabad,—,TR01M1K1V5KFB4D3KKDQTH2054XA,car,CONFIRMED,0.448,1548,215,1677,314,,
2026-09-03T07:13:24.295627+00:00,cam13,CN Vidhyalaya,Ahmedabad,—,TR01M1K1V62J05MNT8D64STPW2WS,bus,CONFIRMED,0.420,1286,53,1499,152,,
2026-09-03T07:13:24.495627+00:00,cam13,CN Vidhyalaya,Ahmedabad,—,TR01M1K1TQ66EZX9SFJHBQ1MN1EY,car,CONFIRMED,0.904,533,155,613,206,,
2026-09-03T07:13:24.495627+00:00,cam13,CN Vidhyalaya,Ahmedabad,—,TR01M1K1TQGY9537NYF3ZXHQMPXE,truck,CONFIRMED,0.403,1305,669,1898,1070,,
2026-09-03T07:13:24.495627+00:00,cam13,CN Vidhyalaya,Ahmedabad,—,TR01M1K1TQGYJF4JW6GVP1XT7VSY,car,CONFIRMED,0.589,747,141,786,172,,
2026-09-03T07:13:24.495627+00:00,cam13,CN Vidhyalaya,Ahmedabad,—,TR01M1K1TS25EAAY5KJ1SEXEW4RT,vehicle,CONFIRMED,0.284,1260,204,1464,384,,
2026-09-03T07:13:24.495627+00:00,cam13,CN Vidhyalaya,Ahmedabad,—,TR01M1K1TSRY0GEPDXT8PR51KY41,car,CONFIRMED,0.842,1498,182,1580,233,,
2026-09-03T07:13:24.495627+00:00,cam13,CN Vidhyalaya,Ahmedabad,—,TR01M1K1V5C2ZTQRGERNK049QFY1,car,CONFIRMED,0.532,1157,392,1203,445,,
2026-09-03T07:13:24.495627+00:00,cam13,CN Vidhyalaya,Ahmedabad,—,TR01M1K1V5KFB4D3KKDQTH2054XA,car,CONFIRMED,0.448,1548,215,1677,314,,
2026-09-03T07:13:24.495627+00:00,cam13,CN Vidhyalaya,Ahmedabad,—,TR01M1K1V62J05MNT8D64STPW2WS,bus,CONFIRMED,0.420,1286,53,1499,152,,
2026-09-03T07:13:24.695627+00:00,cam13,CN Vidhyalaya,Ahmedabad,—,TR01M1K1TQ66EZX9SFJHBQ1MN1EY,car,CONFIRMED,0.906,533,155,613,206,,
2026-09-03T07:13:24.695627+00:00,cam13,CN Vidhyalaya,Ahmedabad,—,TR01M1K1TQGY9537NYF3ZXHQMPXE,truck,CONFIRMED,0.423,1305,671,1899,1070,,
2026-09-03T07:13:24.695627+00:00,cam13,CN Vidhyalaya,Ahmedabad,—,TR01M1K1TQGYJF4JW6GVP1XT7VSY,car,CONFIRMED,0.587,747,141,786,172,,
2026-09-03T07:13:24.695627+00:00,cam13,CN Vidhyalaya,Ahmedabad,—,TR01M1K1TS25EAAY5KJ1SEXEW4RT,vehicle,CONFIRMED,0.284,1260,204,1464,384,,
2026-09-03T07:13:24.695627+00:00,cam13,CN Vidhyalaya,Ahmedabad,—,TR01M1K1TSRY0GEPDXT8PR51KY41,car,CONFIRMED,0.843,1498,182,1580,233,,
2026-09-03T07:13:24.695627+00:00,cam13,CN Vidhyalaya,Ahmedabad,—,TR01M1K1V5C2ZTQRGERNK049QFY1,car,CONFIRMED,0.532,1157,392,1203,445,,
2026-09-03T07:13:24.695627+00:00,cam13,CN Vidhyalaya,Ahmedabad,—,TR01M1K1V5KFB4D3KKDQTH2054XA,car,CONFIRMED,0.443,1547,214,1676,312,,
2026-09-03T07:13:24.695627+00:00,cam13,CN Vidhyalaya,Ahmedabad,—,TR01M1K1V62J05MNT8D64STPW2WS,bus,CONFIRMED,0.442,1282,53,1497,155,,
2026-09-03T07:13:24.695627+00:00,cam13,CN Vidhyalaya,Ahmedabad,—,TR01M1K1V87B2RTM4VTSR3EZ1VAP,car,TENTATIVE,0.549,1722,217,1766,259,,
2026-09-03T07:13:24.895627+00:00,cam13,CN Vidhyalaya,Ahmedabad,—,TR01M1K1TQ66EZX9SFJHBQ1MN1EY,car,CONFIRMED,0.904,533,155,613,206,,
2026-09-03T07:13:24.895627+00:00,cam13,CN Vidhyalaya,Ahmedabad,—,TR01M1K1TQGY9537NYF3ZXHQMPXE,truck,CONFIRMED,0.472,1306,669,1897,1070,,
2026-09-03T07:13:24.895627+00:00,cam13,CN Vidhyalaya,Ahmedabad,—,TR01M1K1TQGYJF4JW6GVP1XT7VSY,car,CONFIRMED,0.602,747,141,787,172,,
2026-09-03T07:13:24.895627+00:00,cam13,CN Vidhyalaya,Ahmedabad,—,TR01M1K1TS25EAAY5KJ1SEXEW4RT,vehicle,CONFIRMED,0.284,1260,204,1464,384,,
2026-09-03T07:13:24.895627+00:00,cam13,CN Vidhyalaya,Ahmedabad,—,TR01M1K1TSRY0GEPDXT8PR51KY41,car,CONFIRMED,0.844,1498,182,1580,233,,
2026-09-03T07:13:24.895627+00:00,cam13,CN Vidhyalaya,Ahmedabad,—,TR01M1K1V5KFB4D3KKDQTH2054XA,car,CONFIRMED,0.404,1547,214,1676,312,,
2026-09-03T07:13:24.895627+00:00,cam13,CN Vidhyalaya,Ahmedabad,—,TR01M1K1V62J05MNT8D64STPW2WS,bus,CONFIRMED,0.515,1282,53,1496,153,,
2026-09-03T07:13:24.895627+00:00,cam13,CN Vidhyalaya,Ahmedabad,—,TR01M1K1V87B2RTM4VTSR3EZ1VAP,car,CONFIRMED,0.605,1731,217,1773,259,,
2026-09-03T07:13:25.175627+00:00,cam13,CN Vidhyalaya,Ahmedabad,—,TR01M1K1TQ66EZX9SFJHBQ1MN1EY,car,CONFIRMED,0.900,533,155,613,206,,
2026-09-03T07:13:25.175627+00:00,cam13,CN Vidhyalaya,Ahmedabad,—,TR01M1K1TQGY9537NYF3ZXHQMPXE,truck,CONFIRMED,0.539,1302,668,1900,1070,,
2026-09-03T07:13:25.175627+00:00,cam13,CN Vidhyalaya,Ahmedabad,—,TR01M1K1TQGYJF4JW6GVP1XT7VSY,car,CONFIRMED,0.579,746,142,788,172,,
2026-09-03T07:13:25.175627+00:00,cam13,CN Vidhyalaya,Ahmedabad,—,TR01M1K1TS25EAAY5KJ1SEXEW4RT,vehicle,CONFIRMED,0.284,1260,204,1464,384,,
2026-09-03T07:13:25.175627+00:00,cam13,CN Vidhyalaya,Ahmedabad,—,TR01M1K1TSRY0GEPDXT8PR51KY41,car,CONFIRMED,0.849,1502,184,1581,233,,
2026-09-03T07:13:25.175627+00:00,cam13,CN Vidhyalaya,Ahmedabad,—,TR01M1K1V5KFB4D3KKDQTH2054XA,car,CONFIRMED,0.404,1547,214,1676,312,,
2026-09-03T07:13:25.175627+00:00,cam13,CN Vidhyalaya,Ahmedabad,—,TR01M1K1V62J05MNT8D64STPW2WS,bus,CONFIRMED,0.515,1282,53,1496,153,,
2026-09-03T07:13:25.175627+00:00,cam13,CN Vidhyalaya,Ahmedabad,—,TR01M1K1V87B2RTM4VTSR3EZ1VAP,car,CONFIRMED,0.512,1742,216,1785,263,,
2026-09-03T07:13:25.295627+00:00,cam13,CN Vidhyalaya,Ahmedabad,—,TR01M1K1TQ66EZX9SFJHBQ1MN1EY,car,CONFIRMED,0.901,533,155,613,206,,
2026-09-03T07:13:25.295627+00:00,cam13,CN Vidhyalaya,Ahmedabad,—,TR01M1K1TQGY9537NYF3ZXHQMPXE,truck,CONFIRMED,0.497,1302,668,1900,1070,,
2026-09-03T07:13:25.295627+00:00,cam13,CN Vidhyalaya,Ahmedabad,—,TR01M1K1TQGYJF4JW6GVP1XT7VSY,car,CONFIRMED,0.560,746,141,788,172,,
2026-09-03T07:13:25.295627+00:00,cam13,CN Vidhyalaya,Ahmedabad,—,TR01M1K1TSRY0GEPDXT8PR51KY41,car,CONFIRMED,0.854,1501,184,1581,233,,
2026-09-03T07:13:25.295627+00:00,cam13,CN Vidhyalaya,Ahmedabad,—,TR01M1K1V5KFB4D3KKDQTH2054XA,car,CONFIRMED,0.404,1547,214,1676,312,,
2026-09-03T07:13:25.295627+00:00,cam13,CN Vidhyalaya,Ahmedabad,—,TR01M1K1V62J05MNT8D64STPW2WS,bus,CONFIRMED,0.515,1282,53,1496,153,,
2026-09-03T07:13:25.295627+00:00,cam13,CN Vidhyalaya,Ahmedabad,—,TR01M1K1V87B2RTM4VTSR3EZ1VAP,car,CONFIRMED,0.532,1745,217,1788,263,,
2026-09-03T07:13:25.495627+00:00,cam13,CN Vidhyalaya,Ahmedabad,—,TR01M1K1TQ66EZX9SFJHBQ1MN1EY,car,CONFIRMED,0.908,531,155,613,206,,
2026-09-03T07:13:25.495627+00:00,cam13,CN Vidhyalaya,Ahmedabad,—,TR01M1K1TQGY9537NYF3ZXHQMPXE,truck,CONFIRMED,0.600,1302,613,1900,1071,,
2026-09-03T07:13:25.495627+00:00,cam13,CN Vidhyalaya,Ahmedabad,—,TR01M1K1TQGYJF4JW6GVP1XT7VSY,car,CONFIRMED,0.474,746,141,787,173,,
2026-09-03T07:13:25.495627+00:00,cam13,CN Vidhyalaya,Ahmedabad,—,TR01M1K1TSRY0GEPDXT8PR51KY41,car,CONFIRMED,0.810,1500,182,1582,232,,
2026-09-03T07:13:25.495627+00:00,cam13,CN Vidhyalaya,Ahmedabad,—,TR01M1K1V5KFB4D3KKDQTH2054XA,car,CONFIRMED,0.404,1547,214,1676,312,,
2026-09-03T07:13:25.495627+00:00,cam13,CN Vidhyalaya,Ahmedabad,—,TR01M1K1V62J05MNT8D64STPW2WS,bus,CONFIRMED,0.515,1282,53,1496,153,,
2026-09-03T07:13:25.495627+00:00,cam13,CN Vidhyalaya,Ahmedabad,—,TR01M1K1V87B2RTM4VTSR3EZ1VAP,car,CONFIRMED,0.618,1754,215,1796,262,,
2026-09-03T07:13:25.695627+00:00,cam13,CN Vidhyalaya,Ahmedabad,—,TR01M1K1TQ66EZX9SFJHBQ1MN1EY,car,CONFIRMED,0.908,531,155,613,206,,
2026-09-03T07:13:25.695627+00:00,cam13,CN Vidhyalaya,Ahmedabad,—,TR01M1K1TQGY9537NYF3ZXHQMPXE,truck,CONFIRMED,0.619,1302,614,1901,1071,,
2026-09-03T07:13:25.695627+00:00,cam13,CN Vidhyalaya,Ahmedabad,—,TR01M1K1TQGYJF4JW6GVP1XT7VSY,car,CONFIRMED,0.480,746,141,787,173,,
2026-09-03T07:13:25.695627+00:00,cam13,CN Vidhyalaya,Ahmedabad,—,TR01M1K1TSRY0GEPDXT8PR51KY41,car,CONFIRMED,0.828,1500,183,1582,232,,
2026-09-03T07:13:25.695627+00:00,cam13,CN Vidhyalaya,Ahmedabad,—,TR01M1K1V5KFB4D3KKDQTH2054XA,car,CONFIRMED,0.507,1545,217,1676,311,,
2026-09-03T07:13:25.695627+00:00,cam13,CN Vidhyalaya,Ahmedabad,—,TR01M1K1V62J05MNT8D64STPW2WS,bus,CONFIRMED,0.515,1282,53,1496,153,,
2026-09-03T07:13:25.695627+00:00,cam13,CN Vidhyalaya,Ahmedabad,—,TR01M1K1V87B2RTM4VTSR3EZ1VAP,car,CONFIRMED,0.622,1759,215,1801,263,,
2026-09-03T07:13:25.896627+00:00,cam13,CN Vidhyalaya,Ahmedabad,—,TR01M1K1TQ66EZX9SFJHBQ1MN1EY,car,CONFIRMED,0.909,531,155,613,206,,
2026-09-03T07:13:25.896627+00:00,cam13,CN Vidhyalaya,Ahmedabad,—,TR01M1K1TQGY9537NYF3ZXHQMPXE,truck,CONFIRMED,0.671,1302,611,1901,1070,,
2026-09-03T07:13:25.896627+00:00,cam13,CN Vidhyalaya,Ahmedabad,—,TR01M1K1TQGYJF4JW6GVP1XT7VSY,car,CONFIRMED,0.502,746,141,787,173,,
2026-09-03T07:13:25.896627+00:00,cam13,CN Vidhyalaya,Ahmedabad,—,TR01M1K1TSRY0GEPDXT8PR51KY41,car,CONFIRMED,0.838,1500,182,1583,233,,
2026-09-03T07:13:25.896627+00:00,cam13,CN Vidhyalaya,Ahmedabad,—,TR01M1K1V5KFB4D3KKDQTH2054XA,car,CONFIRMED,0.557,1548,216,1676,312,,
2026-09-03T07:13:25.896627+00:00,cam13,CN Vidhyalaya,Ahmedabad,—,TR01M1K1V62J05MNT8D64STPW2WS,bus,CONFIRMED,0.440,1286,55,1491,151,,
2026-09-03T07:13:25.896627+00:00,cam13,CN Vidhyalaya,Ahmedabad,—,TR01M1K1V87B2RTM4VTSR3EZ1VAP,car,CONFIRMED,0.625,1766,215,1807,262,,
2026-09-03T07:13:25.896627+00:00,cam13,CN Vidhyalaya,Ahmedabad,—,TR01M1K1VA7TT84F89X4GD4M31N3,car,CONFIRMED,0.448,1556,213,1652,259,,
2026-09-03T07:13:26.176627+00:00,cam13,CN Vidhyalaya,Ahmedabad,—,TR01M1K1TQ66EZX9SFJHBQ1MN1EY,car,CONFIRMED,0.899,532,155,613,206,,
2026-09-03T07:13:26.176627+00:00,cam13,CN Vidhyalaya,Ahmedabad,—,TR01M1K1TQGY9537NYF3ZXHQMPXE,truck,CONFIRMED,0.524,1304,668,1900,1070,,
2026-09-03T07:13:26.176627+00:00,cam13,CN Vidhyalaya,Ahmedabad,—,TR01M1K1TQGYJF4JW6GVP1XT7VSY,car,CONFIRMED,0.511,747,141,788,172,,
2026-09-03T07:13:26.176627+00:00,cam13,CN Vidhyalaya,Ahmedabad,—,TR01M1K1TSRY0GEPDXT8PR51KY41,car,CONFIRMED,0.844,1499,183,1581,233,,
2026-09-03T07:13:26.176627+00:00,cam13,CN Vidhyalaya,Ahmedabad,—,TR01M1K1V5KFB4D3KKDQTH2054XA,car,CONFIRMED,0.557,1548,216,1676,312,,
2026-09-03T07:13:26.176627+00:00,cam13,CN Vidhyalaya,Ahmedabad,—,TR01M1K1V62J05MNT8D64STPW2WS,bus,CONFIRMED,0.558,1284,50,1494,152,,
2026-09-03T07:13:26.176627+00:00,cam13,CN Vidhyalaya,Ahmedabad,—,TR01M1K1V87B2RTM4VTSR3EZ1VAP,car,CONFIRMED,0.560,1778,215,1819,261,,
2026-09-03T07:13:26.176627+00:00,cam13,CN Vidhyalaya,Ahmedabad,—,TR01M1K1VA7TT84F89X4GD4M31N3,car,CONFIRMED,0.484,1551,212,1659,261,,
2026-09-03T07:13:26.296627+00:00,cam13,CN Vidhyalaya,Ahmedabad,—,TR01M1K1TQ66EZX9SFJHBQ1MN1EY,car,CONFIRMED,0.899,532,155,613,206,,
2026-09-03T07:13:26.296627+00:00,cam13,CN Vidhyalaya,Ahmedabad,—,TR01M1K1TQGY9537NYF3ZXHQMPXE,truck,CONFIRMED,0.527,1304,668,1900,1070,,
2026-09-03T07:13:26.296627+00:00,cam13,CN Vidhyalaya,Ahmedabad,—,TR01M1K1TQGYJF4JW6GVP1XT7VSY,car,CONFIRMED,0.505,746,141,788,172,,
2026-09-03T07:13:26.296627+00:00,cam13,CN Vidhyalaya,Ahmedabad,—,TR01M1K1TSRY0GEPDXT8PR51KY41,car,CONFIRMED,0.844,1499,183,1581,233,,
2026-09-03T07:13:26.296627+00:00,cam13,CN Vidhyalaya,Ahmedabad,—,TR01M1K1V5KFB4D3KKDQTH2054XA,car,CONFIRMED,0.557,1548,216,1676,312,,
2026-09-03T07:13:26.296627+00:00,cam13,CN Vidhyalaya,Ahmedabad,—,TR01M1K1V62J05MNT8D64STPW2WS,bus,CONFIRMED,0.555,1284,50,1494,152,,
2026-09-03T07:13:26.296627+00:00,cam13,CN Vidhyalaya,Ahmedabad,—,TR01M1K1V87B2RTM4VTSR3EZ1VAP,car,CONFIRMED,0.497,1780,215,1821,261,,
2026-09-03T07:13:26.296627+00:00,cam13,CN Vidhyalaya,Ahmedabad,—,TR01M1K1VA7TT84F89X4GD4M31N3,car,CONFIRMED,0.484,1551,212,1659,261,,
2026-09-03T07:13:26.496627+00:00,cam13,CN Vidhyalaya,Ahmedabad,—,TR01M1K1TQ66EZX9SFJHBQ1MN1EY,car,CONFIRMED,0.901,533,154,614,206,,
2026-09-03T07:13:26.496627+00:00,cam13,CN Vidhyalaya,Ahmedabad,—,TR01M1K1TQGY9537NYF3ZXHQMPXE,truck,CONFIRMED,0.410,1302,671,1902,1071,,
2026-09-03T07:13:26.496627+00:00,cam13,CN Vidhyalaya,Ahmedabad,—,TR01M1K1TQGYJF4JW6GVP1XT7VSY,car,CONFIRMED,0.684,747,143,787,173,,
2026-09-03T07:13:26.496627+00:00,cam13,CN Vidhyalaya,Ahmedabad,—,TR01M1K1TSRY0GEPDXT8PR51KY41,car,CONFIRMED,0.846,1500,183,1580,233,,
2026-09-03T07:13:26.496627+00:00,cam13,CN Vidhyalaya,Ahmedabad,—,TR01M1K1V5KFB4D3KKDQTH2054XA,car,CONFIRMED,0.557,1548,216,1676,312,,
2026-09-03T07:13:26.496627+00:00,cam13,CN Vidhyalaya,Ahmedabad,—,TR01M1K1V62J05MNT8D64STPW2WS,bus,CONFIRMED,0.481,1286,50,1498,153,,
2026-09-03T07:13:26.496627+00:00,cam13,CN Vidhyalaya,Ahmedabad,—,TR01M1K1V87B2RTM4VTSR3EZ1VAP,car,CONFIRMED,0.467,1789,215,1826,260,,
2026-09-03T07:13:26.496627+00:00,cam13,CN Vidhyalaya,Ahmedabad,—,TR01M1K1VA7TT84F89X4GD4M31N3,car,CONFIRMED,0.484,1551,212,1659,261,,
2026-09-03T07:13:26.696627+00:00,cam13,CN Vidhyalaya,Ahmedabad,—,TR01M1K1TQ66EZX9SFJHBQ1MN1EY,car,CONFIRMED,0.900,533,154,614,206,,
2026-09-03T07:13:26.696627+00:00,cam13,CN Vidhyalaya,Ahmedabad,—,TR01M1K1TQGY9537NYF3ZXHQMPXE,truck,CONFIRMED,0.429,1302,671,1902,1071,,
2026-09-03T07:13:26.696627+00:00,cam13,CN Vidhyalaya,Ahmedabad,—,TR01M1K1TQGYJF4JW6GVP1XT7VSY,car,CONFIRMED,0.682,747,143,787,173,,
2026-09-03T07:13:26.696627+00:00,cam13,CN Vidhyalaya,Ahmedabad,—,TR01M1K1TSRY0GEPDXT8PR51KY41,car,CONFIRMED,0.842,1501,183,1581,233,,
2026-09-03T07:13:26.696627+00:00,cam13,CN Vidhyalaya,Ahmedabad,—,TR01M1K1V5KFB4D3KKDQTH2054XA,car,CONFIRMED,0.446,1547,214,1677,312,,
2026-09-03T07:13:26.696627+00:00,cam13,CN Vidhyalaya,Ahmedabad,—,TR01M1K1V62J05MNT8D64STPW2WS,bus,CONFIRMED,0.492,1286,49,1498,153,,
2026-09-03T07:13:26.696627+00:00,cam13,CN Vidhyalaya,Ahmedabad,—,TR01M1K1V87B2RTM4VTSR3EZ1VAP,car,CONFIRMED,0.454,1795,215,1831,260,,
2026-09-03T07:13:26.696627+00:00,cam13,CN Vidhyalaya,Ahmedabad,—,TR01M1K1VA7TT84F89X4GD4M31N3,car,CONFIRMED,0.484,1551,212,1659,261,,
2026-09-03T07:13:46.905654+00:00,cam14,Delight RLVD,Ahmedabad,—,TR01M1K1VNZDWM3VZFF7HD0GGEN9,car,TENTATIVE,0.926,1391,508,1602,614,,
2026-09-03T07:13:46.905654+00:00,cam14,Delight RLVD,Ahmedabad,—,TR01M1K1VNZD4TH84JH0CWWYWMFN,car,TENTATIVE,0.602,1137,289,1184,335,,
2026-09-03T07:13:46.905654+00:00,cam14,Delight RLVD,Ahmedabad,—,TR01M1K1VNZDP3XPCZBR8DETJCF5,car,TENTATIVE,0.594,444,150,473,171,,
2026-09-03T07:13:46.905654+00:00,cam14,Delight RLVD,Ahmedabad,—,TR01M1K1VNZDAGPAHGFDR7AX2ZNY,bicycle,TENTATIVE,0.578,1402,624,1494,695,,
2026-09-03T07:13:46.905654+00:00,cam14,Delight RLVD,Ahmedabad,—,TR01M1K1VNZDBSJVTTR4S5V4V3KV,car,TENTATIVE,0.553,441,141,473,171,,
2026-09-03T07:13:46.905654+00:00,cam14,Delight RLVD,Ahmedabad,—,TR01M1K1VNZDGZ8BRNBVM2X8YV8F,car,TENTATIVE,0.546,1811,789,1916,895,,
2026-09-03T07:13:47.025654+00:00,cam14,Delight RLVD,Ahmedabad,—,TR01M1K1VNZDWM3VZFF7HD0GGEN9,car,CONFIRMED,0.898,1383,507,1594,614,,
2026-09-03T07:13:47.025654+00:00,cam14,Delight RLVD,Ahmedabad,—,TR01M1K1VNZD4TH84JH0CWWYWMFN,car,CONFIRMED,0.541,1137,289,1184,335,,
2026-09-03T07:13:47.025654+00:00,cam14,Delight RLVD,Ahmedabad,—,TR01M1K1VNZDP3XPCZBR8DETJCF5,car,CONFIRMED,0.675,438,150,469,170,,
2026-09-03T07:13:47.025654+00:00,cam14,Delight RLVD,Ahmedabad,—,TR01M1K1VNZDAGPAHGFDR7AX2ZNY,bicycle,CONFIRMED,0.522,1416,631,1510,696,,
2026-09-03T07:13:47.025654+00:00,cam14,Delight RLVD,Ahmedabad,—,TR01M1K1VNZDBSJVTTR4S5V4V3KV,car,CONFIRMED,0.401,436,139,469,170,,
2026-09-03T07:13:47.025654+00:00,cam14,Delight RLVD,Ahmedabad,—,TR01M1K1VNZDGZ8BRNBVM2X8YV8F,car,CONFIRMED,0.589,1867,768,1919,903,,
2026-09-03T07:13:47.225654+00:00,cam14,Delight RLVD,Ahmedabad,—,TR01M1K1VNZDWM3VZFF7HD0GGEN9,car,CONFIRMED,0.768,1371,506,1582,613,,
2026-09-03T07:13:47.225654+00:00,cam14,Delight RLVD,Ahmedabad,—,TR01M1K1VNZD4TH84JH0CWWYWMFN,car,CONFIRMED,0.598,1137,289,1185,335,,
2026-09-03T07:13:47.225654+00:00,cam14,Delight RLVD,Ahmedabad,—,TR01M1K1VNZDP3XPCZBR8DETJCF5,car,CONFIRMED,0.487,434,148,460,168,,
2026-09-03T07:13:47.225654+00:00,cam14,Delight RLVD,Ahmedabad,—,TR01M1K1VNZDAGPAHGFDR7AX2ZNY,bicycle,CONFIRMED,0.407,1442,643,1538,697,,
2026-09-03T07:13:47.225654+00:00,cam14,Delight RLVD,Ahmedabad,—,TR01M1K1VNZDBSJVTTR4S5V4V3KV,car,CONFIRMED,0.483,432,140,460,167,,
2026-09-03T07:13:47.225654+00:00,cam14,Delight RLVD,Ahmedabad,—,TR01M1K1VNZDGZ8BRNBVM2X8YV8F,car,CONFIRMED,0.589,1867,768,1919,903,,
2026-09-03T07:13:47.225654+00:00,cam14,Delight RLVD,Ahmedabad,—,TR01M1K1VPR9TBXB09CXMNAQE4JM,bicycle,TENTATIVE,0.592,1424,628,1522,696,,
2026-09-03T07:13:47.225654+00:00,cam14,Delight RLVD,Ahmedabad,—,TR01M1K1VPR927S407XY7Q0NP01C,truck,CONFIRMED,0.515,1370,505,1582,614,,
2026-09-03T07:13:47.225654+00:00,cam14,Delight RLVD,Ahmedabad,—,TR01M1K1VPZH6E0X1TEWYGT5K38Q,bus,TENTATIVE,0.684,816,667,1642,1069,,
2026-09-03T07:13:47.425654+00:00,cam14,Delight RLVD,Ahmedabad,—,TR01M1K1VNZDWM3VZFF7HD0GGEN9,truck,CONFIRMED,0.457,1354,503,1569,608,,
2026-09-03T07:13:47.425654+00:00,cam14,Delight RLVD,Ahmedabad,—,TR01M1K1VNZD4TH84JH0CWWYWMFN,car,CONFIRMED,0.613,1137,289,1184,335,,
2026-09-03T07:13:47.425654+00:00,cam14,Delight RLVD,Ahmedabad,—,TR01M1K1VNZDP3XPCZBR8DETJCF5,car,CONFIRMED,0.458,433,149,457,167,,
2026-09-03T07:13:47.425654+00:00,cam14,Delight RLVD,Ahmedabad,—,TR01M1K1VNZDAGPAHGFDR7AX2ZNY,bicycle,CONFIRMED,0.617,1467,637,1569,700,,
2026-09-03T07:13:47.425654+00:00,cam14,Delight RLVD,Ahmedabad,—,TR01M1K1VNZDBSJVTTR4S5V4V3KV,car,CONFIRMED,0.522,427,138,452,165,,
2026-09-03T07:13:47.425654+00:00,cam14,Delight RLVD,Ahmedabad,—,TR01M1K1VNZDGZ8BRNBVM2X8YV8F,car,CONFIRMED,0.589,1867,768,1919,903,,
2026-09-03T07:13:47.425654+00:00,cam14,Delight RLVD,Ahmedabad,—,TR01M1K1VPR9TBXB09CXMNAQE4JM,bicycle,CONFIRMED,0.410,1451,631,1550,699,,
2026-09-03T07:13:47.425654+00:00,cam14,Delight RLVD,Ahmedabad,—,TR01M1K1VPR927S407XY7Q0NP01C,car,CONFIRMED,0.887,1356,504,1569,607,,
2026-09-03T07:13:47.425654+00:00,cam14,Delight RLVD,Ahmedabad,—,TR01M1K1VPZH6E0X1TEWYGT5K38Q,bus,CONFIRMED,0.693,785,615,1638,1070,,
2026-09-03T07:13:47.625654+00:00,cam14,Delight RLVD,Ahmedabad,—,TR01M1K1VNZDWM3VZFF7HD0GGEN9,truck,CONFIRMED,0.576,1353,503,1560,611,,
2026-09-03T07:13:47.625654+00:00,cam14,Delight RLVD,Ahmedabad,—,TR01M1K1VNZD4TH84JH0CWWYWMFN,car,CONFIRMED,0.569,1137,289,1184,335,,
2026-09-03T07:13:47.625654+00:00,cam14,Delight RLVD,Ahmedabad,—,TR01M1K1VNZDP3XPCZBR8DETJCF5,car,CONFIRMED,0.458,433,149,457,167,,
2026-09-03T07:13:47.625654+00:00,cam14,Delight RLVD,Ahmedabad,—,TR01M1K1VNZDAGPAHGFDR7AX2ZNY,bicycle,CONFIRMED,0.587,1496,632,1599,705,,
2026-09-03T07:13:47.625654+00:00,cam14,Delight RLVD,Ahmedabad,—,TR01M1K1VNZDBSJVTTR4S5V4V3KV,car,CONFIRMED,0.637,419,137,446,163,,
2026-09-03T07:13:47.625654+00:00,cam14,Delight RLVD,Ahmedabad,—,TR01M1K1VNZDGZ8BRNBVM2X8YV8F,car,CONFIRMED,0.589,1867,768,1919,903,,
2026-09-03T07:13:47.625654+00:00,cam14,Delight RLVD,Ahmedabad,—,TR01M1K1VPR9TBXB09CXMNAQE4JM,bicycle,CONFIRMED,0.410,1451,631,1550,699,,
2026-09-03T07:13:47.625654+00:00,cam14,Delight RLVD,Ahmedabad,—,TR01M1K1VPR927S407XY7Q0NP01C,car,CONFIRMED,0.614,1353,503,1560,611,,
2026-09-03T07:13:47.625654+00:00,cam14,Delight RLVD,Ahmedabad,—,TR01M1K1VPZH6E0X1TEWYGT5K38Q,bus,CONFIRMED,0.592,719,473,1613,1069,,
2026-09-03T07:13:47.625654+00:00,cam14,Delight RLVD,Ahmedabad,—,TR01M1K1VRBMTTXWH2TA4X861RMX,car,TENTATIVE,0.544,1399,503,1589,586,,
2026-09-03T07:13:47.625654+00:00,cam14,Delight RLVD,Ahmedabad,—,TR01M1K1VRBMBBZ5QRC1WE0X45DM,truck,TENTATIVE,0.501,719,473,1613,1069,,
2026-09-03T07:13:47.825654+00:00,cam14,Delight RLVD,Ahmedabad,—,TR01M1K1VNZDWM3VZFF7HD0GGEN9,truck,CONFIRMED,0.733,1354,501,1538,611,,
2026-09-03T07:13:47.825654+00:00,cam14,Delight RLVD,Ahmedabad,—,TR01M1K1VNZD4TH84JH0CWWYWMFN,car,CONFIRMED,0.543,1137,289,1184,335,,
2026-09-03T07:13:47.825654+00:00,cam14,Delight RLVD,Ahmedabad,—,TR01M1K1VNZDP3XPCZBR8DETJCF5,car,CONFIRMED,0.458,433,149,457,167,,
2026-09-03T07:13:47.825654+00:00,cam14,Delight RLVD,Ahmedabad,—,TR01M1K1VNZDAGPAHGFDR7AX2ZNY,bicycle,CONFIRMED,0.471,1529,629,1629,707,,
2026-09-03T07:13:47.825654+00:00,cam14,Delight RLVD,Ahmedabad,—,TR01M1K1VNZDBSJVTTR4S5V4V3KV,car,CONFIRMED,0.621,409,137,440,161,,
2026-09-03T07:13:47.825654+00:00,cam14,Delight RLVD,Ahmedabad,—,TR01M1K1VNZDGZ8BRNBVM2X8YV8F,car,CONFIRMED,0.589,1867,768,1919,903,,
2026-09-03T07:13:47.825654+00:00,cam14,Delight RLVD,Ahmedabad,—,TR01M1K1VPR9TBXB09CXMNAQE4JM,bicycle,CONFIRMED,0.410,1451,631,1550,699,,
2026-09-03T07:13:47.825654+00:00,cam14,Delight RLVD,Ahmedabad,—,TR01M1K1VPR927S407XY7Q0NP01C,car,CONFIRMED,0.557,1356,501,1538,610,,
2026-09-03T07:13:47.825654+00:00,cam14,Delight RLVD,Ahmedabad,—,TR01M1K1VPZH6E0X1TEWYGT5K38Q,truck,CONFIRMED,0.508,693,413,1330,1074,,
2026-09-03T07:13:47.825654+00:00,cam14,Delight RLVD,Ahmedabad,—,TR01M1K1VRBMTTXWH2TA4X861RMX,car,CONFIRMED,0.439,1354,501,1538,611,,
2026-09-03T07:13:47.825654+00:00,cam14,Delight RLVD,Ahmedabad,—,TR01M1K1VRBMBBZ5QRC1WE0X45DM,bus,CONFIRMED,0.926,693,415,1330,1071,,
2026-09-03T07:14:19.552500+00:00,cam16,Visat P2,Ahmedabad,—,TR01M1K1WFYCCS98BB59NZE1TSTY,bus,TENTATIVE,0.893,1628,270,1831,421,,
2026-09-03T07:14:19.552500+00:00,cam16,Visat P2,Ahmedabad,—,TR01M1K1WFYC6Q832Y5VMQ7KV8BM,car,TENTATIVE,0.874,1530,277,1618,347,,
2026-09-03T07:14:19.552500+00:00,cam16,Visat P2,Ahmedabad,—,TR01M1K1WFYCJQW150A4PTP83J2W,car,TENTATIVE,0.809,664,219,724,268,,
2026-09-03T07:14:19.552500+00:00,cam16,Visat P2,Ahmedabad,—,TR01M1K1WFYC5Q4E31M51SD3PK7M,car,TENTATIVE,0.746,586,154,623,188,,
2026-09-03T07:14:19.552500+00:00,cam16,Visat P2,Ahmedabad,—,TR01M1K1WFYCZ0R53MWRMD3E40MV,car,TENTATIVE,0.659,894,142,937,177,,
2026-09-03T07:14:19.552500+00:00,cam16,Visat P2,Ahmedabad,—,TR01M1K1WFYCMT7NDYAZFYCHQE1D,car,TENTATIVE,0.577,463,222,513,254,,
2026-09-03T07:14:19.552500+00:00,cam16,Visat P2,Ahmedabad,—,TR01M1K1WFYC0T8G35HS3SR3YAXG,car,TENTATIVE,0.547,430,201,464,243,,
2026-09-03T07:14:19.552500+00:00,cam16,Visat P2,Ahmedabad,—,TR01M1K1WFYCVZW8WQX0YDRSN5DG,car,TENTATIVE,0.529,322,260,382,320,,
2026-09-03T07:14:19.552500+00:00,cam16,Visat P2,Ahmedabad,—,TR01M1K1WFYCKNPCQNDA911RDP3F,car,TENTATIVE,0.519,741,142,772,171,,
2026-09-03T07:14:19.952500+00:00,cam16,Visat P2,Ahmedabad,—,TR01M1K1WFYCCS98BB59NZE1TSTY,bus,CONFIRMED,0.872,1639,273,1838,426,,
2026-09-03T07:14:19.952500+00:00,cam16,Visat P2,Ahmedabad,—,TR01M1K1WFYC6Q832Y5VMQ7KV8BM,car,CONFIRMED,0.887,1537,280,1630,352,,
2026-09-03T07:14:19.952500+00:00,cam16,Visat P2,Ahmedabad,—,TR01M1K1WFYCJQW150A4PTP83J2W,car,CONFIRMED,0.808,665,219,724,268,,
2026-09-03T07:14:19.952500+00:00,cam16,Visat P2,Ahmedabad,—,TR01M1K1WFYC5Q4E31M51SD3PK7M,car,CONFIRMED,0.755,586,154,623,188,,
2026-09-03T07:14:19.952500+00:00,cam16,Visat P2,Ahmedabad,—,TR01M1K1WFYCZ0R53MWRMD3E40MV,car,CONFIRMED,0.724,893,142,936,175,,
2026-09-03T07:14:19.952500+00:00,cam16,Visat P2,Ahmedabad,—,TR01M1K1WFYCMT7NDYAZFYCHQE1D,car,CONFIRMED,0.567,462,222,513,254,,
2026-09-03T07:14:19.952500+00:00,cam16,Visat P2,Ahmedabad,—,TR01M1K1WFYC0T8G35HS3SR3YAXG,car,CONFIRMED,0.569,430,201,463,243,,
2026-09-03T07:14:19.952500+00:00,cam16,Visat P2,Ahmedabad,—,TR01M1K1WFYCVZW8WQX0YDRSN5DG,car,CONFIRMED,0.542,322,262,383,320,,
2026-09-03T07:14:19.952500+00:00,cam16,Visat P2,Ahmedabad,—,TR01M1K1WFYCKNPCQNDA911RDP3F,car,CONFIRMED,0.523,741,143,772,171,,
2026-09-03T07:14:19.952500+00:00,cam16,Visat P2,Ahmedabad,—,TR01M1K1WGEPT1JBDXC076XQJ731,car,TENTATIVE,0.528,878,126,897,144,,
2026-09-03T07:14:20.352500+00:00,cam16,Visat P2,Ahmedabad,—,TR01M1K1WFYCCS98BB59NZE1TSTY,bus,CONFIRMED,0.813,1657,278,1861,428,,
2026-09-03T07:14:20.352500+00:00,cam16,Visat P2,Ahmedabad,—,TR01M1K1WFYC6Q832Y5VMQ7KV8BM,car,CONFIRMED,0.861,1550,285,1645,359,,
2026-09-03T07:14:20.352500+00:00,cam16,Visat P2,Ahmedabad,—,TR01M1K1WFYCJQW150A4PTP83J2W,car,CONFIRMED,0.813,665,219,724,268,,
2026-09-03T07:14:20.352500+00:00,cam16,Visat P2,Ahmedabad,—,TR01M1K1WFYC5Q4E31M51SD3PK7M,car,CONFIRMED,0.749,586,154,623,188,,
2026-09-03T07:14:20.352500+00:00,cam16,Visat P2,Ahmedabad,—,TR01M1K1WFYCZ0R53MWRMD3E40MV,car,CONFIRMED,0.657,893,143,935,174,,
2026-09-03T07:14:20.352500+00:00,cam16,Visat P2,Ahmedabad,—,TR01M1K1WFYCMT7NDYAZFYCHQE1D,car,CONFIRMED,0.572,462,222,513,254,,
2026-09-03T07:14:20.352500+00:00,cam16,Visat P2,Ahmedabad,—,TR01M1K1WFYC0T8G35HS3SR3YAXG,car,CONFIRMED,0.575,430,201,463,243,,
2026-09-03T07:14:20.352500+00:00,cam16,Visat P2,Ahmedabad,—,TR01M1K1WFYCVZW8WQX0YDRSN5DG,car,CONFIRMED,0.476,324,272,380,320,,
2026-09-03T07:14:20.352500+00:00,cam16,Visat P2,Ahmedabad,—,TR01M1K1WFYCKNPCQNDA911RDP3F,car,CONFIRMED,0.513,741,143,772,171,,
2026-09-03T07:14:20.352500+00:00,cam16,Visat P2,Ahmedabad,—,TR01M1K1WGEPT1JBDXC076XQJ731,car,CONFIRMED,0.455,877,125,895,143,,
2026-09-03T07:14:20.352500+00:00,cam16,Visat P2,Ahmedabad,—,TR01M1K1WGT1H98JKSR48D65VCEY,car,TENTATIVE,0.525,893,132,936,173,,
2026-09-03T07:14:20.952500+00:00,cam16,Visat P2,Ahmedabad,—,TR01M1K1WFYCCS98BB59NZE1TSTY,bus,CONFIRMED,0.816,1669,281,1867,428,,
2026-09-03T07:14:20.952500+00:00,cam16,Visat P2,Ahmedabad,—,TR01M1K1WFYC6Q832Y5VMQ7KV8BM,car,CONFIRMED,0.912,1560,290,1657,366,,
2026-09-03T07:14:20.952500+00:00,cam16,Visat P2,Ahmedabad,—,TR01M1K1WFYCJQW150A4PTP83J2W,car,CONFIRMED,0.810,665,219,724,268,,
2026-09-03T07:14:20.952500+00:00,cam16,Visat P2,Ahmedabad,—,TR01M1K1WFYC5Q4E31M51SD3PK7M,car,CONFIRMED,0.744,586,154,622,188,,
2026-09-03T07:14:20.952500+00:00,cam16,Visat P2,Ahmedabad,—,TR01M1K1WFYCZ0R53MWRMD3E40MV,car,CONFIRMED,0.633,894,144,934,173,,
2026-09-03T07:14:20.952500+00:00,cam16,Visat P2,Ahmedabad,—,TR01M1K1WFYCMT7NDYAZFYCHQE1D,car,CONFIRMED,0.589,462,222,513,254,,
2026-09-03T07:14:20.952500+00:00,cam16,Visat P2,Ahmedabad,—,TR01M1K1WFYC0T8G35HS3SR3YAXG,car,CONFIRMED,0.587,430,201,464,243,,
2026-09-03T07:14:20.952500+00:00,cam16,Visat P2,Ahmedabad,—,TR01M1K1WFYCVZW8WQX0YDRSN5DG,car,CONFIRMED,0.459,324,274,379,320,,
2026-09-03T07:14:20.952500+00:00,cam16,Visat P2,Ahmedabad,—,TR01M1K1WFYCKNPCQNDA911RDP3F,car,CONFIRMED,0.526,741,142,772,171,,
2026-09-03T07:14:20.952500+00:00,cam16,Visat P2,Ahmedabad,—,TR01M1K1WGEPT1JBDXC076XQJ731,car,CONFIRMED,0.462,876,125,894,142,,
2026-09-03T07:14:20.952500+00:00,cam16,Visat P2,Ahmedabad,—,TR01M1K1WGT1H98JKSR48D65VCEY,car,CONFIRMED,0.552,894,133,936,173,,
2026-09-03T07:14:20.952500+00:00,cam16,Visat P2,Ahmedabad,—,TR01M1K1WH7T18WWYAQ3SVGEXC9Z,car,TENTATIVE,0.547,1662,255,1722,284,,
2026-09-03T07:14:21.272500+00:00,cam16,Visat P2,Ahmedabad,—,TR01M1K1WFYCCS98BB59NZE1TSTY,bus,CONFIRMED,0.566,1689,289,1912,440,,
2026-09-03T07:14:21.272500+00:00,cam16,Visat P2,Ahmedabad,—,TR01M1K1WFYC6Q832Y5VMQ7KV8BM,car,CONFIRMED,0.859,1573,295,1675,374,,
2026-09-03T07:14:21.272500+00:00,cam16,Visat P2,Ahmedabad,—,TR01M1K1WFYCJQW150A4PTP83J2W,car,CONFIRMED,0.820,665,219,725,268,,
2026-09-03T07:14:21.272500+00:00,cam16,Visat P2,Ahmedabad,—,TR01M1K1WFYC5Q4E31M51SD3PK7M,car,CONFIRMED,0.742,586,154,623,188,,
2026-09-03T07:14:21.272500+00:00,cam16,Visat P2,Ahmedabad,—,TR01M1K1WFYCZ0R53MWRMD3E40MV,car,CONFIRMED,0.638,894,139,933,170,,
2026-09-03T07:14:21.272500+00:00,cam16,Visat P2,Ahmedabad,—,TR01M1K1WFYCMT7NDYAZFYCHQE1D,car,CONFIRMED,0.575,462,222,513,254,,
2026-09-03T07:14:21.272500+00:00,cam16,Visat P2,Ahmedabad,—,TR01M1K1WFYC0T8G35HS3SR3YAXG,car,CONFIRMED,0.594,430,201,463,243,,
2026-09-03T07:14:21.272500+00:00,cam16,Visat P2,Ahmedabad,—,TR01M1K1WFYCVZW8WQX0YDRSN5DG,car,CONFIRMED,0.414,324,273,379,320,,
2026-09-03T07:14:21.272500+00:00,cam16,Visat P2,Ahmedabad,—,TR01M1K1WFYCKNPCQNDA911RDP3F,car,CONFIRMED,0.506,741,142,772,171,,
2026-09-03T07:14:21.272500+00:00,cam16,Visat P2,Ahmedabad,—,TR01M1K1WGEPT1JBDXC076XQJ731,car,CONFIRMED,0.501,875,125,892,142,,
2026-09-03T07:14:21.272500+00:00,cam16,Visat P2,Ahmedabad,—,TR01M1K1WGT1H98JKSR48D65VCEY,truck,CONFIRMED,0.449,892,126,938,170,,
2026-09-03T07:14:21.272500+00:00,cam16,Visat P2,Ahmedabad,—,TR01M1K1WH7T18WWYAQ3SVGEXC9Z,car,CONFIRMED,0.514,1663,255,1721,284,,
2026-09-03T07:14:21.872500+00:00,cam16,Visat P2,Ahmedabad,—,TR01M1K1WFYCCS98BB59NZE1TSTY,truck,CONFIRMED,0.538,1704,291,1919,475,,
2026-09-03T07:14:21.872500+00:00,cam16,Visat P2,Ahmedabad,—,TR01M1K1WFYC6Q832Y5VMQ7KV8BM,car,CONFIRMED,0.878,1583,298,1687,379,,
2026-09-03T07:14:21.872500+00:00,cam16,Visat P2,Ahmedabad,—,TR01M1K1WFYCJQW150A4PTP83J2W,car,CONFIRMED,0.818,664,219,725,268,,
2026-09-03T07:14:21.872500+00:00,cam16,Visat P2,Ahmedabad,—,TR01M1K1WFYC5Q4E31M51SD3PK7M,car,CONFIRMED,0.737,586,154,623,188,,
2026-09-03T07:14:21.872500+00:00,cam16,Visat P2,Ahmedabad,—,TR01M1K1WFYCZ0R53MWRMD3E40MV,car,CONFIRMED,0.658,893,138,932,169,,
2026-09-03T07:14:21.872500+00:00,cam16,Visat P2,Ahmedabad,—,TR01M1K1WFYCMT7NDYAZFYCHQE1D,car,CONFIRMED,0.608,462,222,513,254,,
2026-09-03T07:14:21.872500+00:00,cam16,Visat P2,Ahmedabad,—,TR01M1K1WFYC0T8G35HS3SR3YAXG,car,CONFIRMED,0.598,430,201,463,243,,
2026-09-03T07:14:21.872500+00:00,cam16,Visat P2,Ahmedabad,—,TR01M1K1WFYCVZW8WQX0YDRSN5DG,car,CONFIRMED,0.412,324,274,379,320,,
2026-09-03T07:14:21.872500+00:00,cam16,Visat P2,Ahmedabad,—,TR01M1K1WFYCKNPCQNDA911RDP3F,car,CONFIRMED,0.504,741,142,772,171,,
2026-09-03T07:14:21.872500+00:00,cam16,Visat P2,Ahmedabad,—,TR01M1K1WGEPT1JBDXC076XQJ731,car,CONFIRMED,0.501,875,125,892,142,,
2026-09-03T07:14:21.872500+00:00,cam16,Visat P2,Ahmedabad,—,TR01M1K1WGT1H98JKSR48D65VCEY,truck,CONFIRMED,0.470,892,125,937,169,,
2026-09-03T07:14:21.872500+00:00,cam16,Visat P2,Ahmedabad,—,TR01M1K1WH7T18WWYAQ3SVGEXC9Z,car,CONFIRMED,0.438,1663,255,1722,284,,
2026-09-03T07:14:21.872500+00:00,cam16,Visat P2,Ahmedabad,—,TR01M1K1WJ7K0EH9983KWV485BE2,bus,TENTATIVE,0.634,1705,293,1865,429,,
2026-09-03T07:14:21.872500+00:00,cam16,Visat P2,Ahmedabad,—,TR01M1K1WJ7KJNNPTTV9ZEV2X4HQ,bus,TENTATIVE,0.511,1704,291,1919,475,,
2026-09-03T07:14:22.272500+00:00,cam16,Visat P2,Ahmedabad,—,TR01M1K1WFYCCS98BB59NZE1TSTY,truck,CONFIRMED,0.519,1724,302,1918,484,,
2026-09-03T07:14:22.272500+00:00,cam16,Visat P2,Ahmedabad,—,TR01M1K1WFYC6Q832Y5VMQ7KV8BM,car,CONFIRMED,0.911,1601,306,1705,389,,
2026-09-03T07:14:22.272500+00:00,cam16,Visat P2,Ahmedabad,—,TR01M1K1WFYCJQW150A4PTP83J2W,car,CONFIRMED,0.832,664,219,725,268,,
2026-09-03T07:14:22.272500+00:00,cam16,Visat P2,Ahmedabad,—,TR01M1K1WFYC5Q4E31M51SD3PK7M,car,CONFIRMED,0.735,586,154,623,189,,
2026-09-03T07:14:22.272500+00:00,cam16,Visat P2,Ahmedabad,—,TR01M1K1WFYCZ0R53MWRMD3E40MV,car,CONFIRMED,0.536,894,134,931,167,,
2026-09-03T07:14:22.272500+00:00,cam16,Visat P2,Ahmedabad,—,TR01M1K1WFYCMT7NDYAZFYCHQE1D,car,CONFIRMED,0.576,462,222,513,254,,
2026-09-03T07:14:22.272500+00:00,cam16,Visat P2,Ahmedabad,—,TR01M1K1WFYC0T8G35HS3SR3YAXG,car,CONFIRMED,0.545,430,200,463,243,,
2026-09-03T07:14:22.272500+00:00,cam16,Visat P2,Ahmedabad,—,TR01M1K1WFYCVZW8WQX0YDRSN5DG,car,CONFIRMED,0.474,321,260,383,320,,
2026-09-03T07:14:22.272500+00:00,cam16,Visat P2,Ahmedabad,—,TR01M1K1WFYCKNPCQNDA911RDP3F,car,CONFIRMED,0.502,741,142,772,171,,
2026-09-03T07:14:22.272500+00:00,cam16,Visat P2,Ahmedabad,—,TR01M1K1WGEPT1JBDXC076XQJ731,car,CONFIRMED,0.439,874,125,891,142,,
2026-09-03T07:14:22.272500+00:00,cam16,Visat P2,Ahmedabad,—,TR01M1K1WGT1H98JKSR48D65VCEY,truck,CONFIRMED,0.528,892,122,936,168,,
2026-09-03T07:14:22.272500+00:00,cam16,Visat P2,Ahmedabad,—,TR01M1K1WH7T18WWYAQ3SVGEXC9Z,car,CONFIRMED,0.458,1663,255,1722,284,,
2026-09-03T07:14:22.272500+00:00,cam16,Visat P2,Ahmedabad,—,TR01M1K1WJ7K0EH9983KWV485BE2,bus,TENTATIVE,0.634,1705,293,1865,429,,
2026-09-03T07:14:22.272500+00:00,cam16,Visat P2,Ahmedabad,—,TR01M1K1WJ7KJNNPTTV9ZEV2X4HQ,bus,TENTATIVE,0.511,1704,291,1919,475,,
2026-09-03T07:14:22.753500+00:00,cam16,Visat P2,Ahmedabad,—,TR01M1K1WFYCCS98BB59NZE1TSTY,truck,CONFIRMED,0.410,1827,332,1919,472,,
2026-09-03T07:14:22.753500+00:00,cam16,Visat P2,Ahmedabad,—,TR01M1K1WFYC6Q832Y5VMQ7KV8BM,truck,CONFIRMED,0.507,1629,312,1737,405,,
2026-09-03T07:14:22.753500+00:00,cam16,Visat P2,Ahmedabad,—,TR01M1K1WFYCJQW150A4PTP83J2W,car,CONFIRMED,0.831,664,219,725,268,,
2026-09-03T07:14:22.753500+00:00,cam16,Visat P2,Ahmedabad,—,TR01M1K1WFYC5Q4E31M51SD3PK7M,car,CONFIRMED,0.733,586,154,623,189,,
2026-09-03T07:14:22.753500+00:00,cam16,Visat P2,Ahmedabad,—,TR01M1K1WFYCZ0R53MWRMD3E40MV,car,CONFIRMED,0.576,893,135,928,165,,
2026-09-03T07:14:22.753500+00:00,cam16,Visat P2,Ahmedabad,—,TR01M1K1WFYCMT7NDYAZFYCHQE1D,car,CONFIRMED,0.584,463,222,513,254,,
2026-09-03T07:14:22.753500+00:00,cam16,Visat P2,Ahmedabad,—,TR01M1K1WFYC0T8G35HS3SR3YAXG,car,CONFIRMED,0.546,430,200,463,243,,
2026-09-03T07:14:22.753500+00:00,cam16,Visat P2,Ahmedabad,—,TR01M1K1WFYCVZW8WQX0YDRSN5DG,car,CONFIRMED,0.489,322,260,382,320,,
2026-09-03T07:14:22.753500+00:00,cam16,Visat P2,Ahmedabad,—,TR01M1K1WFYCKNPCQNDA911RDP3F,car,CONFIRMED,0.488,741,142,772,171,,
2026-09-03T07:14:22.753500+00:00,cam16,Visat P2,Ahmedabad,—,TR01M1K1WGEPT1JBDXC076XQJ731,car,CONFIRMED,0.448,873,123,891,141,,
2026-09-03T07:14:22.753500+00:00,cam16,Visat P2,Ahmedabad,—,TR01M1K1WGT1H98JKSR48D65VCEY,bus,CONFIRMED,0.496,892,121,931,165,,
2026-09-03T07:14:22.753500+00:00,cam16,Visat P2,Ahmedabad,—,TR01M1K1WH7T18WWYAQ3SVGEXC9Z,car,CONFIRMED,0.409,1663,255,1722,284,,
2026-09-03T07:14:22.753500+00:00,cam16,Visat P2,Ahmedabad,—,TR01M1K1WJ7K0EH9983KWV485BE2,car,CONFIRMED,0.458,1758,310,1838,445,,
2026-09-03T07:14:22.753500+00:00,cam16,Visat P2,Ahmedabad,—,TR01M1K1WJ7KJNNPTTV9ZEV2X4HQ,vehicle,CONFIRMED,0.433,1536,276,1920,540,,
2026-09-03T07:14:22.753500+00:00,cam16,Visat P2,Ahmedabad,—,TR01M1K1WK3H371N16NJGTV3504S,truck,CONFIRMED,0.542,892,121,931,165,,
2026-09-03T07:14:22.753500+00:00,cam16,Visat P2,Ahmedabad,—,TR01M1K1WKJ21NN5JVBPGH8WEG7D,car,TENTATIVE,0.852,1629,313,1737,404,,
2026-09-03T07:14:23.273500+00:00,cam16,Visat P2,Ahmedabad,—,TR01M1K1WFYCCS98BB59NZE1TSTY,truck,CONFIRMED,0.410,1827,332,1919,472,,
2026-09-03T07:14:23.273500+00:00,cam16,Visat P2,Ahmedabad,—,TR01M1K1WFYC6Q832Y5VMQ7KV8BM,truck,CONFIRMED,0.433,1639,322,1753,413,,
2026-09-03T07:14:23.273500+00:00,cam16,Visat P2,Ahmedabad,—,TR01M1K1WFYCJQW150A4PTP83J2W,car,CONFIRMED,0.829,664,219,725,268,,
2026-09-03T07:14:23.273500+00:00,cam16,Visat P2,Ahmedabad,—,TR01M1K1WFYC5Q4E31M51SD3PK7M,car,CONFIRMED,0.730,586,154,623,189,,
2026-09-03T07:14:23.273500+00:00,cam16,Visat P2,Ahmedabad,—,TR01M1K1WFYCZ0R53MWRMD3E40MV,car,CONFIRMED,0.518,892,135,928,164,,
2026-09-03T07:14:23.273500+00:00,cam16,Visat P2,Ahmedabad,—,TR01M1K1WFYCMT7NDYAZFYCHQE1D,car,CONFIRMED,0.588,463,222,513,254,,
2026-09-03T07:14:23.273500+00:00,cam16,Visat P2,Ahmedabad,—,TR01M1K1WFYC0T8G35HS3SR3YAXG,car,CONFIRMED,0.541,430,200,463,243,,
2026-09-03T07:14:23.273500+00:00,cam16,Visat P2,Ahmedabad,—,TR01M1K1WFYCVZW8WQX0YDRSN5DG,car,CONFIRMED,0.496,322,260,383,320,,
2026-09-03T07:14:23.273500+00:00,cam16,Visat P2,Ahmedabad,—,TR01M1K1WFYCKNPCQNDA911RDP3F,car,CONFIRMED,0.487,741,142,772,171,,
2026-09-03T07:14:23.273500+00:00,cam16,Visat P2,Ahmedabad,—,TR01M1K1WGEPT1JBDXC076XQJ731,car,CONFIRMED,0.443,873,123,890,141,,
2026-09-03T07:14:23.273500+00:00,cam16,Visat P2,Ahmedabad,—,TR01M1K1WGT1H98JKSR48D65VCEY,truck,CONFIRMED,0.559,891,121,931,164,,
2026-09-03T07:14:23.273500+00:00,cam16,Visat P2,Ahmedabad,—,TR01M1K1WH7T18WWYAQ3SVGEXC9Z,car,CONFIRMED,0.409,1663,255,1722,284,,
2026-09-03T07:14:23.273500+00:00,cam16,Visat P2,Ahmedabad,—,TR01M1K1WJ7K0EH9983KWV485BE2,car,CONFIRMED,0.458,1758,310,1838,445,,
2026-09-03T07:14:23.273500+00:00,cam16,Visat P2,Ahmedabad,—,TR01M1K1WJ7KJNNPTTV9ZEV2X4HQ,vehicle,CONFIRMED,0.444,1536,276,1920,540,,
2026-09-03T07:14:23.273500+00:00,cam16,Visat P2,Ahmedabad,—,TR01M1K1WK3H371N16NJGTV3504S,bus,CONFIRMED,0.560,891,121,931,164,,
2026-09-03T07:14:23.273500+00:00,cam16,Visat P2,Ahmedabad,—,TR01M1K1WKJ21NN5JVBPGH8WEG7D,car,CONFIRMED,0.873,1639,322,1752,412,,
2026-09-03T07:14:23.873500+00:00,cam16,Visat P2,Ahmedabad,—,TR01M1K1WFYCCS98BB59NZE1TSTY,truck,CONFIRMED,0.410,1827,332,1919,472,,
2026-09-03T07:14:23.873500+00:00,cam16,Visat P2,Ahmedabad,—,TR01M1K1WFYC6Q832Y5VMQ7KV8BM,car,CONFIRMED,0.799,1660,330,1773,424,,
2026-09-03T07:14:23.873500+00:00,cam16,Visat P2,Ahmedabad,—,TR01M1K1WFYCJQW150A4PTP83J2W,car,CONFIRMED,0.824,664,219,725,268,,
2026-09-03T07:14:23.873500+00:00,cam16,Visat P2,Ahmedabad,—,TR01M1K1WFYC5Q4E31M51SD3PK7M,car,CONFIRMED,0.729,586,154,623,188,,
2026-09-03T07:14:23.873500+00:00,cam16,Visat P2,Ahmedabad,—,TR01M1K1WFYCZ0R53MWRMD3E40MV,car,CONFIRMED,0.563,891,138,925,163,,
2026-09-03T07:14:23.873500+00:00,cam16,Visat P2,Ahmedabad,—,TR01M1K1WFYCMT7NDYAZFYCHQE1D,car,CONFIRMED,0.584,462,222,513,254,,
2026-09-03T07:14:23.873500+00:00,cam16,Visat P2,Ahmedabad,—,TR01M1K1WFYC0T8G35HS3SR3YAXG,car,CONFIRMED,0.536,430,200,464,243,,
2026-09-03T07:14:23.873500+00:00,cam16,Visat P2,Ahmedabad,—,TR01M1K1WFYCVZW8WQX0YDRSN5DG,car,CONFIRMED,0.522,322,260,383,320,,
2026-09-03T07:14:23.873500+00:00,cam16,Visat P2,Ahmedabad,—,TR01M1K1WFYCKNPCQNDA911RDP3F,car,CONFIRMED,0.499,741,142,772,171,,
2026-09-03T07:14:23.873500+00:00,cam16,Visat P2,Ahmedabad,—,TR01M1K1WGEPT1JBDXC076XQJ731,car,CONFIRMED,0.453,873,123,890,140,,
2026-09-03T07:14:23.873500+00:00,cam16,Visat P2,Ahmedabad,—,TR01M1K1WGT1H98JKSR48D65VCEY,bus,CONFIRMED,0.518,890,120,929,163,,
2026-09-03T07:14:23.873500+00:00,cam16,Visat P2,Ahmedabad,—,TR01M1K1WJ7K0EH9983KWV485BE2,truck,CONFIRMED,0.626,1818,332,1919,489,,
2026-09-03T07:14:23.873500+00:00,cam16,Visat P2,Ahmedabad,—,TR01M1K1WJ7KJNNPTTV9ZEV2X4HQ,vehicle,CONFIRMED,0.475,1536,276,1920,540,,
2026-09-03T07:14:23.873500+00:00,cam16,Visat P2,Ahmedabad,—,TR01M1K1WK3H371N16NJGTV3504S,truck,CONFIRMED,0.566,890,120,929,163,,
2026-09-03T07:14:23.873500+00:00,cam16,Visat P2,Ahmedabad,—,TR01M1K1WKJ21NN5JVBPGH8WEG7D,truck,CONFIRMED,0.626,1660,330,1773,424,,
2026-09-03T07:14:23.873500+00:00,cam16,Visat P2,Ahmedabad,—,TR01M1K1WMJDG617BGRBY0V3NXRB,car,TENTATIVE,0.774,1540,927,1919,1077,,
2026-09-03T07:14:24.073500+00:00,cam16,Visat P2,Ahmedabad,—,TR01M1K1WFYCCS98BB59NZE1TSTY,truck,CONFIRMED,0.410,1827,332,1919,472,,
2026-09-03T07:14:24.073500+00:00,cam16,Visat P2,Ahmedabad,—,TR01M1K1WFYC6Q832Y5VMQ7KV8BM,car,CONFIRMED,0.887,1673,335,1788,430,,
2026-09-03T07:14:24.073500+00:00,cam16,Visat P2,Ahmedabad,—,TR01M1K1WFYCJQW150A4PTP83J2W,car,CONFIRMED,0.820,664,219,725,268,,
2026-09-03T07:14:24.073500+00:00,cam16,Visat P2,Ahmedabad,—,TR01M1K1WFYC5Q4E31M51SD3PK7M,car,CONFIRMED,0.730,586,154,623,188,,
2026-09-03T07:14:24.073500+00:00,cam16,Visat P2,Ahmedabad,—,TR01M1K1WFYCZ0R53MWRMD3E40MV,car,CONFIRMED,0.486,891,137,925,162,,
2026-09-03T07:14:24.073500+00:00,cam16,Visat P2,Ahmedabad,—,TR01M1K1WFYCMT7NDYAZFYCHQE1D,car,CONFIRMED,0.601,462,222,513,254,,
2026-09-03T07:14:24.073500+00:00,cam16,Visat P2,Ahmedabad,—,TR01M1K1WFYC0T8G35HS3SR3YAXG,car,CONFIRMED,0.530,430,200,464,243,,
2026-09-03T07:14:24.073500+00:00,cam16,Visat P2,Ahmedabad,—,TR01M1K1WFYCVZW8WQX0YDRSN5DG,car,CONFIRMED,0.503,322,260,383,320,,
2026-09-03T07:14:24.073500+00:00,cam16,Visat P2,Ahmedabad,—,TR01M1K1WFYCKNPCQNDA911RDP3F,car,CONFIRMED,0.500,741,142,772,171,,
2026-09-03T07:14:24.073500+00:00,cam16,Visat P2,Ahmedabad,—,TR01M1K1WGEPT1JBDXC076XQJ731,car,CONFIRMED,0.487,872,122,890,139,,
2026-09-03T07:14:24.073500+00:00,cam16,Visat P2,Ahmedabad,—,TR01M1K1WGT1H98JKSR48D65VCEY,truck,CONFIRMED,0.529,890,121,927,162,,
2026-09-03T07:14:24.073500+00:00,cam16,Visat P2,Ahmedabad,—,TR01M1K1WJ7K0EH9983KWV485BE2,truck,CONFIRMED,0.609,1824,333,1918,490,,
2026-09-03T07:14:24.073500+00:00,cam16,Visat P2,Ahmedabad,—,TR01M1K1WJ7KJNNPTTV9ZEV2X4HQ,vehicle,CONFIRMED,0.490,1536,276,1920,540,,
2026-09-03T07:14:24.073500+00:00,cam16,Visat P2,Ahmedabad,—,TR01M1K1WK3H371N16NJGTV3504S,car,CONFIRMED,0.509,890,121,927,162,,
2026-09-03T07:14:24.073500+00:00,cam16,Visat P2,Ahmedabad,—,TR01M1K1WKJ21NN5JVBPGH8WEG7D,truck,CONFIRMED,0.482,1673,335,1788,430,,
2026-09-03T07:14:24.073500+00:00,cam16,Visat P2,Ahmedabad,—,TR01M1K1WMJDG617BGRBY0V3NXRB,car,CONFIRMED,0.653,1506,871,1916,1078,,
2026-09-03T07:14:24.073500+00:00,cam16,Visat P2,Ahmedabad,—,TR01M1K1WN3G07GQRFK5X7JRPWPC,bus,TENTATIVE,0.506,1824,333,1918,490,,
2026-09-03T07:14:24.673500+00:00,cam16,Visat P2,Ahmedabad,—,TR01M1K1WFYC6Q832Y5VMQ7KV8BM,truck,CONFIRMED,0.483,1693,344,1813,442,,
2026-09-03T07:14:24.673500+00:00,cam16,Visat P2,Ahmedabad,—,TR01M1K1WFYCJQW150A4PTP83J2W,car,CONFIRMED,0.829,664,219,725,268,,
2026-09-03T07:14:24.673500+00:00,cam16,Visat P2,Ahmedabad,—,TR01M1K1WFYC5Q4E31M51SD3PK7M,car,CONFIRMED,0.740,586,154,623,188,,
2026-09-03T07:14:24.673500+00:00,cam16,Visat P2,Ahmedabad,—,TR01M1K1WFYCZ0R53MWRMD3E40MV,car,CONFIRMED,0.461,890,121,926,159,,
2026-09-03T07:14:24.673500+00:00,cam16,Visat P2,Ahmedabad,—,TR01M1K1WFYCMT7NDYAZFYCHQE1D,car,CONFIRMED,0.555,462,222,513,254,,
2026-09-03T07:14:24.673500+00:00,cam16,Visat P2,Ahmedabad,—,TR01M1K1WFYC0T8G35HS3SR3YAXG,car,CONFIRMED,0.560,430,200,464,243,,
2026-09-03T07:14:24.673500+00:00,cam16,Visat P2,Ahmedabad,—,TR01M1K1WFYCVZW8WQX0YDRSN5DG,car,CONFIRMED,0.525,322,260,383,320,,
2026-09-03T07:14:24.673500+00:00,cam16,Visat P2,Ahmedabad,—,TR01M1K1WFYCKNPCQNDA911RDP3F,car,CONFIRMED,0.506,742,142,772,171,,
2026-09-03T07:14:24.673500+00:00,cam16,Visat P2,Ahmedabad,—,TR01M1K1WGEPT1JBDXC076XQJ731,car,CONFIRMED,0.455,872,122,889,138,,
2026-09-03T07:14:24.673500+00:00,cam16,Visat P2,Ahmedabad,—,TR01M1K1WGT1H98JKSR48D65VCEY,bus,CONFIRMED,0.504,890,121,926,159,,
2026-09-03T07:14:24.673500+00:00,cam16,Visat P2,Ahmedabad,—,TR01M1K1WJ7K0EH9983KWV485BE2,truck,CONFIRMED,0.609,1824,333,1918,490,,
2026-09-03T07:14:24.673500+00:00,cam16,Visat P2,Ahmedabad,—,TR01M1K1WJ7KJNNPTTV9ZEV2X4HQ,vehicle,CONFIRMED,0.490,1536,276,1920,540,,
2026-09-03T07:14:24.673500+00:00,cam16,Visat P2,Ahmedabad,—,TR01M1K1WK3H371N16NJGTV3504S,truck,CONFIRMED,0.554,890,121,926,159,,
2026-09-03T07:14:24.673500+00:00,cam16,Visat P2,Ahmedabad,—,TR01M1K1WKJ21NN5JVBPGH8WEG7D,car,CONFIRMED,0.865,1693,345,1812,441,,
2026-09-03T07:14:24.673500+00:00,cam16,Visat P2,Ahmedabad,—,TR01M1K1WMJDG617BGRBY0V3NXRB,car,CONFIRMED,0.877,1435,805,1866,1076,,
2026-09-03T07:14:24.673500+00:00,cam16,Visat P2,Ahmedabad,—,TR01M1K1WN3G07GQRFK5X7JRPWPC,truck,CONFIRMED,0.518,1832,333,1919,463,,
2026-09-03T07:14:24.673500+00:00,cam16,Visat P2,Ahmedabad,—,TR01M1K1WNJQ81SKF4VQQSBT6620,car,TENTATIVE,0.530,324,274,379,320,,
2026-09-03T07:14:25.153500+00:00,cam16,Visat P2,Ahmedabad,—,TR01M1K1WFYC6Q832Y5VMQ7KV8BM,truck,CONFIRMED,0.454,1705,350,1820,449,,
2026-09-03T07:14:25.153500+00:00,cam16,Visat P2,Ahmedabad,—,TR01M1K1WFYCJQW150A4PTP83J2W,car,CONFIRMED,0.828,664,219,725,268,,
2026-09-03T07:14:25.153500+00:00,cam16,Visat P2,Ahmedabad,—,TR01M1K1WFYC5Q4E31M51SD3PK7M,car,CONFIRMED,0.741,586,154,623,188,,
2026-09-03T07:14:25.153500+00:00,cam16,Visat P2,Ahmedabad,—,TR01M1K1WFYCZ0R53MWRMD3E40MV,bus,CONFIRMED,0.455,889,120,925,158,,
2026-09-03T07:14:25.153500+00:00,cam16,Visat P2,Ahmedabad,—,TR01M1K1WFYCMT7NDYAZFYCHQE1D,car,CONFIRMED,0.552,462,222,513,254,,
2026-09-03T07:14:25.153500+00:00,cam16,Visat P2,Ahmedabad,—,TR01M1K1WFYC0T8G35HS3SR3YAXG,car,CONFIRMED,0.561,430,201,463,243,,
2026-09-03T07:14:25.153500+00:00,cam16,Visat P2,Ahmedabad,—,TR01M1K1WFYCVZW8WQX0YDRSN5DG,car,CONFIRMED,0.598,322,261,382,320,,
2026-09-03T07:14:25.153500+00:00,cam16,Visat P2,Ahmedabad,—,TR01M1K1WFYCKNPCQNDA911RDP3F,car,CONFIRMED,0.514,741,142,772,171,,
2026-09-03T07:14:25.153500+00:00,cam16,Visat P2,Ahmedabad,—,TR01M1K1WGEPT1JBDXC076XQJ731,car,CONFIRMED,0.495,871,122,889,138,,
2026-09-03T07:14:25.153500+00:00,cam16,Visat P2,Ahmedabad,—,TR01M1K1WGT1H98JKSR48D65VCEY,truck,CONFIRMED,0.526,889,120,925,158,,
2026-09-03T07:14:25.153500+00:00,cam16,Visat P2,Ahmedabad,—,TR01M1K1WJ7K0EH9983KWV485BE2,truck,CONFIRMED,0.609,1824,333,1918,490,,
2026-09-03T07:14:25.153500+00:00,cam16,Visat P2,Ahmedabad,—,TR01M1K1WJ7KJNNPTTV9ZEV2X4HQ,vehicle,CONFIRMED,0.490,1536,276,1920,540,,
2026-09-03T07:14:25.153500+00:00,cam16,Visat P2,Ahmedabad,—,TR01M1K1WK3H371N16NJGTV3504S,car,CONFIRMED,0.481,889,120,925,158,,
2026-09-03T07:14:25.153500+00:00,cam16,Visat P2,Ahmedabad,—,TR01M1K1WKJ21NN5JVBPGH8WEG7D,car,CONFIRMED,0.857,1705,350,1819,448,,
2026-09-03T07:14:25.153500+00:00,cam16,Visat P2,Ahmedabad,—,TR01M1K1WMJDG617BGRBY0V3NXRB,car,CONFIRMED,0.920,1401,763,1814,1076,,
2026-09-03T07:14:25.153500+00:00,cam16,Visat P2,Ahmedabad,—,TR01M1K1WN3G07GQRFK5X7JRPWPC,truck,CONFIRMED,0.518,1832,333,1919,463,,
2026-09-03T07:14:25.153500+00:00,cam16,Visat P2,Ahmedabad,—,TR01M1K1WNJQ81SKF4VQQSBT6620,car,CONFIRMED,0.502,324,276,379,320,,
2026-09-03T07:14:25.473500+00:00,cam16,Visat P2,Ahmedabad,—,TR01M1K1WFYC6Q832Y5VMQ7KV8BM,truck,CONFIRMED,0.535,1728,361,1851,458,,
2026-09-03T07:14:25.473500+00:00,cam16,Visat P2,Ahmedabad,—,TR01M1K1WFYCJQW150A4PTP83J2W,car,CONFIRMED,0.817,664,219,725,268,,
2026-09-03T07:14:25.473500+00:00,cam16,Visat P2,Ahmedabad,—,TR01M1K1WFYC5Q4E31M51SD3PK7M,car,CONFIRMED,0.740,586,154,623,188,,
2026-09-03T07:14:25.473500+00:00,cam16,Visat P2,Ahmedabad,—,TR01M1K1WFYCZ0R53MWRMD3E40MV,car,CONFIRMED,0.487,889,120,926,156,,
2026-09-03T07:14:25.473500+00:00,cam16,Visat P2,Ahmedabad,—,TR01M1K1WFYCMT7NDYAZFYCHQE1D,car,CONFIRMED,0.545,462,222,513,254,,
2026-09-03T07:14:25.473500+00:00,cam16,Visat P2,Ahmedabad,—,TR01M1K1WFYC0T8G35HS3SR3YAXG,car,CONFIRMED,0.569,429,201,463,243,,
2026-09-03T07:14:25.473500+00:00,cam16,Visat P2,Ahmedabad,—,TR01M1K1WFYCVZW8WQX0YDRSN5DG,car,CONFIRMED,0.614,322,265,382,321,,
2026-09-03T07:14:25.473500+00:00,cam16,Visat P2,Ahmedabad,—,TR01M1K1WFYCKNPCQNDA911RDP3F,car,CONFIRMED,0.523,741,142,772,171,,
2026-09-03T07:14:25.473500+00:00,cam16,Visat P2,Ahmedabad,—,TR01M1K1WGEPT1JBDXC076XQJ731,car,CONFIRMED,0.565,870,121,888,138,,
2026-09-03T07:14:25.473500+00:00,cam16,Visat P2,Ahmedabad,—,TR01M1K1WGT1H98JKSR48D65VCEY,bus,CONFIRMED,0.448,889,120,926,156,,
2026-09-03T07:14:25.473500+00:00,cam16,Visat P2,Ahmedabad,—,TR01M1K1WJ7K0EH9983KWV485BE2,truck,CONFIRMED,0.609,1824,333,1918,490,,
2026-09-03T07:14:25.473500+00:00,cam16,Visat P2,Ahmedabad,—,TR01M1K1WJ7KJNNPTTV9ZEV2X4HQ,vehicle,CONFIRMED,0.490,1536,276,1848,480,,
2026-09-03T07:14:25.473500+00:00,cam16,Visat P2,Ahmedabad,—,TR01M1K1WK3H371N16NJGTV3504S,truck,CONFIRMED,0.454,889,120,926,156,,
2026-09-03T07:14:25.473500+00:00,cam16,Visat P2,Ahmedabad,—,TR01M1K1WKJ21NN5JVBPGH8WEG7D,car,CONFIRMED,0.515,1728,361,1851,458,,
2026-09-03T07:14:25.473500+00:00,cam16,Visat P2,Ahmedabad,—,TR01M1K1WMJDG617BGRBY0V3NXRB,car,CONFIRMED,0.934,1364,709,1740,1020,,
2026-09-03T07:14:25.473500+00:00,cam16,Visat P2,Ahmedabad,—,TR01M1K1WN3G07GQRFK5X7JRPWPC,truck,CONFIRMED,0.492,1729,326,1919,474,,
2026-09-03T07:14:25.473500+00:00,cam16,Visat P2,Ahmedabad,—,TR01M1K1WNJQ81SKF4VQQSBT6620,car,CONFIRMED,0.407,325,279,379,320,,
2026-09-03T07:14:26.073500+00:00,cam16,Visat P2,Ahmedabad,—,TR01M1K1WFYC6Q832Y5VMQ7KV8BM,truck,CONFIRMED,0.535,1728,361,1851,458,,
2026-09-03T07:14:26.073500+00:00,cam16,Visat P2,Ahmedabad,—,TR01M1K1WFYCJQW150A4PTP83J2W,car,CONFIRMED,0.823,664,219,725,268,,
2026-09-03T07:14:26.073500+00:00,cam16,Visat P2,Ahmedabad,—,TR01M1K1WFYC5Q4E31M51SD3PK7M,car,CONFIRMED,0.742,586,154,623,188,,
2026-09-03T07:14:26.073500+00:00,cam16,Visat P2,Ahmedabad,—,TR01M1K1WFYCZ0R53MWRMD3E40MV,bus,CONFIRMED,0.462,890,120,925,155,,
2026-09-03T07:14:26.073500+00:00,cam16,Visat P2,Ahmedabad,—,TR01M1K1WFYCMT7NDYAZFYCHQE1D,car,CONFIRMED,0.541,462,222,513,254,,
2026-09-03T07:14:26.073500+00:00,cam16,Visat P2,Ahmedabad,—,TR01M1K1WFYC0T8G35HS3SR3YAXG,car,CONFIRMED,0.565,430,201,464,243,,
2026-09-03T07:14:26.073500+00:00,cam16,Visat P2,Ahmedabad,—,TR01M1K1WFYCVZW8WQX0YDRSN5DG,car,CONFIRMED,0.608,322,266,382,321,,
2026-09-03T07:14:26.073500+00:00,cam16,Visat P2,Ahmedabad,—,TR01M1K1WFYCKNPCQNDA911RDP3F,car,CONFIRMED,0.523,742,142,772,171,,
2026-09-03T07:14:26.073500+00:00,cam16,Visat P2,Ahmedabad,—,TR01M1K1WGEPT1JBDXC076XQJ731,car,CONFIRMED,0.522,871,121,888,137,,
2026-09-03T07:14:26.073500+00:00,cam16,Visat P2,Ahmedabad,—,TR01M1K1WGT1H98JKSR48D65VCEY,truck,CONFIRMED,0.468,890,120,925,155,,
2026-09-03T07:14:26.073500+00:00,cam16,Visat P2,Ahmedabad,—,TR01M1K1WJ7KJNNPTTV9ZEV2X4HQ,vehicle,CONFIRMED,0.468,1536,276,1920,540,,
2026-09-03T07:14:26.073500+00:00,cam16,Visat P2,Ahmedabad,—,TR01M1K1WK3H371N16NJGTV3504S,car,CONFIRMED,0.490,890,120,925,155,,
2026-09-03T07:14:26.073500+00:00,cam16,Visat P2,Ahmedabad,—,TR01M1K1WKJ21NN5JVBPGH8WEG7D,car,CONFIRMED,0.515,1728,361,1851,458,,
2026-09-03T07:14:26.073500+00:00,cam16,Visat P2,Ahmedabad,—,TR01M1K1WMJDG617BGRBY0V3NXRB,car,CONFIRMED,0.930,1335,672,1694,963,,
2026-09-03T07:14:26.073500+00:00,cam16,Visat P2,Ahmedabad,—,TR01M1K1WN3G07GQRFK5X7JRPWPC,truck,CONFIRMED,0.616,1744,327,1919,475,,
2026-09-03T07:14:26.073500+00:00,cam16,Visat P2,Ahmedabad,—,TR01M1K1WNJQ81SKF4VQQSBT6620,car,CONFIRMED,0.407,325,279,379,320,,
2026-09-03T07:14:26.554500+00:00,cam16,Visat P2,Ahmedabad,—,TR01M1K1WFYC6Q832Y5VMQ7KV8BM,truck,CONFIRMED,0.535,1728,361,1851,458,,
2026-09-03T07:14:26.554500+00:00,cam16,Visat P2,Ahmedabad,—,TR01M1K1WFYCJQW150A4PTP83J2W,car,CONFIRMED,0.829,664,219,725,268,,
2026-09-03T07:14:26.554500+00:00,cam16,Visat P2,Ahmedabad,—,TR01M1K1WFYC5Q4E31M51SD3PK7M,car,CONFIRMED,0.739,586,154,623,188,,
2026-09-03T07:14:26.554500+00:00,cam16,Visat P2,Ahmedabad,—,TR01M1K1WFYCZ0R53MWRMD3E40MV,truck,CONFIRMED,0.529,888,117,921,152,,
2026-09-03T07:14:26.554500+00:00,cam16,Visat P2,Ahmedabad,—,TR01M1K1WFYCMT7NDYAZFYCHQE1D,car,CONFIRMED,0.557,463,222,513,254,,
2026-09-03T07:14:26.554500+00:00,cam16,Visat P2,Ahmedabad,—,TR01M1K1WFYC0T8G35HS3SR3YAXG,car,CONFIRMED,0.534,430,201,464,243,,
2026-09-03T07:14:26.554500+00:00,cam16,Visat P2,Ahmedabad,—,TR01M1K1WFYCVZW8WQX0YDRSN5DG,car,CONFIRMED,0.496,321,259,383,321,,
2026-09-03T07:14:26.554500+00:00,cam16,Visat P2,Ahmedabad,—,TR01M1K1WFYCKNPCQNDA911RDP3F,car,CONFIRMED,0.519,742,142,772,171,,
2026-09-03T07:14:26.554500+00:00,cam16,Visat P2,Ahmedabad,—,TR01M1K1WGEPT1JBDXC076XQJ731,car,CONFIRMED,0.456,870,121,887,136,,
2026-09-03T07:14:26.554500+00:00,cam16,Visat P2,Ahmedabad,—,TR01M1K1WGT1H98JKSR48D65VCEY,car,CONFIRMED,0.545,888,117,921,152,,
2026-09-03T07:14:26.554500+00:00,cam16,Visat P2,Ahmedabad,—,TR01M1K1WJ7KJNNPTTV9ZEV2X4HQ,vehicle,CONFIRMED,0.467,1536,276,1920,528,,
2026-09-03T07:14:26.554500+00:00,cam16,Visat P2,Ahmedabad,—,TR01M1K1WK3H371N16NJGTV3504S,car,CONFIRMED,0.418,888,132,919,154,,
2026-09-03T07:14:26.554500+00:00,cam16,Visat P2,Ahmedabad,—,TR01M1K1WKJ21NN5JVBPGH8WEG7D,car,CONFIRMED,0.515,1728,361,1851,458,,
2026-09-03T07:14:26.554500+00:00,cam16,Visat P2,Ahmedabad,—,TR01M1K1WMJDG617BGRBY0V3NXRB,car,CONFIRMED,0.915,1292,631,1625,900,,
2026-09-03T07:14:26.554500+00:00,cam16,Visat P2,Ahmedabad,—,TR01M1K1WN3G07GQRFK5X7JRPWPC,truck,CONFIRMED,0.822,1812,331,1919,504,,
2026-09-03T07:14:26.554500+00:00,cam16,Visat P2,Ahmedabad,—,TR01M1K1WNJQ81SKF4VQQSBT6620,car,CONFIRMED,0.407,325,279,379,320,,
2026-09-03T07:14:26.554500+00:00,cam16,Visat P2,Ahmedabad,—,TR01M1K1WRD482MVFRS18Y1KDES4,car,TENTATIVE,0.923,1269,598,1583,847,,
2026-09-03T07:14:26.954500+00:00,cam16,Visat P2,Ahmedabad,—,TR01M1K1WFYC6Q832Y5VMQ7KV8BM,truck,CONFIRMED,0.535,1728,361,1851,458,,
2026-09-03T07:14:26.954500+00:00,cam16,Visat P2,Ahmedabad,—,TR01M1K1WFYCJQW150A4PTP83J2W,car,CONFIRMED,0.819,664,219,725,268,,
2026-09-03T07:14:26.954500+00:00,cam16,Visat P2,Ahmedabad,—,TR01M1K1WFYC5Q4E31M51SD3PK7M,car,CONFIRMED,0.740,586,154,622,188,,
2026-09-03T07:14:26.954500+00:00,cam16,Visat P2,Ahmedabad,—,TR01M1K1WFYCZ0R53MWRMD3E40MV,car,CONFIRMED,0.512,887,116,919,151,,
2026-09-03T07:14:26.954500+00:00,cam16,Visat P2,Ahmedabad,—,TR01M1K1WFYCMT7NDYAZFYCHQE1D,car,CONFIRMED,0.578,463,222,513,254,,
2026-09-03T07:14:26.954500+00:00,cam16,Visat P2,Ahmedabad,—,TR01M1K1WFYC0T8G35HS3SR3YAXG,car,CONFIRMED,0.544,430,201,464,243,,
2026-09-03T07:14:26.954500+00:00,cam16,Visat P2,Ahmedabad,—,TR01M1K1WFYCVZW8WQX0YDRSN5DG,car,CONFIRMED,0.566,321,259,383,321,,
2026-09-03T07:14:26.954500+00:00,cam16,Visat P2,Ahmedabad,—,TR01M1K1WFYCKNPCQNDA911RDP3F,car,CONFIRMED,0.516,742,143,772,171,,
2026-09-03T07:14:26.954500+00:00,cam16,Visat P2,Ahmedabad,—,TR01M1K1WGEPT1JBDXC076XQJ731,car,CONFIRMED,0.456,870,121,887,136,,
2026-09-03T07:14:26.954500+00:00,cam16,Visat P2,Ahmedabad,—,TR01M1K1WGT1H98JKSR48D65VCEY,truck,CONFIRMED,0.576,887,116,919,151,,
2026-09-03T07:14:26.954500+00:00,cam16,Visat P2,Ahmedabad,—,TR01M1K1WJ7KJNNPTTV9ZEV2X4HQ,vehicle,CONFIRMED,0.437,1536,276,1920,540,,
2026-09-03T07:14:26.954500+00:00,cam16,Visat P2,Ahmedabad,—,TR01M1K1WK3H371N16NJGTV3504S,car,CONFIRMED,0.418,888,132,919,154,,
2026-09-03T07:14:26.954500+00:00,cam16,Visat P2,Ahmedabad,—,TR01M1K1WKJ21NN5JVBPGH8WEG7D,car,CONFIRMED,0.515,1728,361,1851,458,,
2026-09-03T07:14:26.954500+00:00,cam16,Visat P2,Ahmedabad,—,TR01M1K1WMJDG617BGRBY0V3NXRB,car,CONFIRMED,0.915,1292,631,1625,900,,
2026-09-03T07:14:26.954500+00:00,cam16,Visat P2,Ahmedabad,—,TR01M1K1WN3G07GQRFK5X7JRPWPC,truck,CONFIRMED,0.856,1824,333,1919,512,,
2026-09-03T07:14:26.954500+00:00,cam16,Visat P2,Ahmedabad,—,TR01M1K1WNJQ81SKF4VQQSBT6620,car,CONFIRMED,0.407,325,279,379,320,,
2026-09-03T07:14:26.954500+00:00,cam16,Visat P2,Ahmedabad,—,TR01M1K1WRD482MVFRS18Y1KDES4,car,CONFIRMED,0.921,1236,563,1528,785,,
2026-09-03T07:14:26.954500+00:00,cam16,Visat P2,Ahmedabad,—,TR01M1K1WRQVFHF6A36V5C911A13,bus,TENTATIVE,0.506,887,116,919,151,,
2026-09-03T07:14:27.354500+00:00,cam16,Visat P2,Ahmedabad,—,TR01M1K1WFYCJQW150A4PTP83J2W,car,CONFIRMED,0.814,665,219,725,268,,
2026-09-03T07:14:27.354500+00:00,cam16,Visat P2,Ahmedabad,—,TR01M1K1WFYC5Q4E31M51SD3PK7M,car,CONFIRMED,0.740,586,154,622,188,,
2026-09-03T07:14:27.354500+00:00,cam16,Visat P2,Ahmedabad,—,TR01M1K1WFYCZ0R53MWRMD3E40MV,car,CONFIRMED,0.503,886,116,919,151,,
2026-09-03T07:14:27.354500+00:00,cam16,Visat P2,Ahmedabad,—,TR01M1K1WFYCMT7NDYAZFYCHQE1D,car,CONFIRMED,0.566,463,222,513,254,,
2026-09-03T07:14:27.354500+00:00,cam16,Visat P2,Ahmedabad,—,TR01M1K1WFYC0T8G35HS3SR3YAXG,car,CONFIRMED,0.538,430,201,464,243,,
2026-09-03T07:14:27.354500+00:00,cam16,Visat P2,Ahmedabad,—,TR01M1K1WFYCVZW8WQX0YDRSN5DG,car,CONFIRMED,0.581,321,259,383,321,,
2026-09-03T07:14:27.354500+00:00,cam16,Visat P2,Ahmedabad,—,TR01M1K1WFYCKNPCQNDA911RDP3F,car,CONFIRMED,0.518,742,143,772,171,,
2026-09-03T07:14:27.354500+00:00,cam16,Visat P2,Ahmedabad,—,TR01M1K1WGEPT1JBDXC076XQJ731,car,CONFIRMED,0.456,870,121,887,136,,
2026-09-03T07:14:27.354500+00:00,cam16,Visat P2,Ahmedabad,—,TR01M1K1WGT1H98JKSR48D65VCEY,bus,CONFIRMED,0.510,886,116,919,151,,
2026-09-03T07:14:27.354500+00:00,cam16,Visat P2,Ahmedabad,—,TR01M1K1WJ7KJNNPTTV9ZEV2X4HQ,vehicle,CONFIRMED,0.424,1536,276,1920,540,,
2026-09-03T07:14:27.354500+00:00,cam16,Visat P2,Ahmedabad,—,TR01M1K1WK3H371N16NJGTV3504S,car,CONFIRMED,0.418,888,132,919,154,,
2026-09-03T07:14:27.354500+00:00,cam16,Visat P2,Ahmedabad,—,TR01M1K1WMJDG617BGRBY0V3NXRB,car,CONFIRMED,0.915,1292,631,1625,900,,
2026-09-03T07:14:27.354500+00:00,cam16,Visat P2,Ahmedabad,—,TR01M1K1WN3G07GQRFK5X7JRPWPC,truck,CONFIRMED,0.682,1831,332,1919,524,,
2026-09-03T07:14:27.354500+00:00,cam16,Visat P2,Ahmedabad,—,TR01M1K1WRD482MVFRS18Y1KDES4,car,CONFIRMED,0.918,1215,536,1493,750,,
2026-09-03T07:14:27.354500+00:00,cam16,Visat P2,Ahmedabad,—,TR01M1K1WRQVFHF6A36V5C911A13,truck,CONFIRMED,0.561,886,116,919,151,,
2026-09-03T07:14:27.954500+00:00,cam16,Visat P2,Ahmedabad,—,TR01M1K1WFYCJQW150A4PTP83J2W,car,CONFIRMED,0.812,665,219,725,268,,
2026-09-03T07:14:27.954500+00:00,cam16,Visat P2,Ahmedabad,—,TR01M1K1WFYC5Q4E31M51SD3PK7M,car,CONFIRMED,0.746,586,154,622,188,,
2026-09-03T07:14:27.954500+00:00,cam16,Visat P2,Ahmedabad,—,TR01M1K1WFYCZ0R53MWRMD3E40MV,bus,CONFIRMED,0.416,885,116,919,151,,
2026-09-03T07:14:27.954500+00:00,cam16,Visat P2,Ahmedabad,—,TR01M1K1WFYCMT7NDYAZFYCHQE1D,car,CONFIRMED,0.579,463,222,513,254,,
2026-09-03T07:14:27.954500+00:00,cam16,Visat P2,Ahmedabad,—,TR01M1K1WFYC0T8G35HS3SR3YAXG,car,CONFIRMED,0.551,430,201,464,243,,
2026-09-03T07:14:27.954500+00:00,cam16,Visat P2,Ahmedabad,—,TR01M1K1WFYCVZW8WQX0YDRSN5DG,car,CONFIRMED,0.645,321,259,382,321,,
2026-09-03T07:14:27.954500+00:00,cam16,Visat P2,Ahmedabad,—,TR01M1K1WFYCKNPCQNDA911RDP3F,car,CONFIRMED,0.510,742,142,772,171,,
2026-09-03T07:14:27.954500+00:00,cam16,Visat P2,Ahmedabad,—,TR01M1K1WGT1H98JKSR48D65VCEY,truck,CONFIRMED,0.465,885,116,919,151,,
2026-09-03T07:14:27.954500+00:00,cam16,Visat P2,Ahmedabad,—,TR01M1K1WJ7KJNNPTTV9ZEV2X4HQ,vehicle,CONFIRMED,0.389,1536,276,1920,552,,
2026-09-03T07:14:27.954500+00:00,cam16,Visat P2,Ahmedabad,—,TR01M1K1WN3G07GQRFK5X7JRPWPC,truck,CONFIRMED,0.682,1831,332,1919,524,,
2026-09-03T07:14:27.954500+00:00,cam16,Visat P2,Ahmedabad,—,TR01M1K1WRD482MVFRS18Y1KDES4,car,CONFIRMED,0.938,1189,506,1446,700,,
2026-09-03T07:14:27.954500+00:00,cam16,Visat P2,Ahmedabad,—,TR01M1K1WRQVFHF6A36V5C911A13,car,CONFIRMED,0.611,885,116,919,151,,
2026-09-03T07:14:28.274500+00:00,cam16,Visat P2,Ahmedabad,—,TR01M1K1WFYCJQW150A4PTP83J2W,car,CONFIRMED,0.813,665,219,725,268,,
2026-09-03T07:14:28.274500+00:00,cam16,Visat P2,Ahmedabad,—,TR01M1K1WFYC5Q4E31M51SD3PK7M,car,CONFIRMED,0.745,586,154,622,188,,
2026-09-03T07:14:28.274500+00:00,cam16,Visat P2,Ahmedabad,—,TR01M1K1WFYCZ0R53MWRMD3E40MV,truck,CONFIRMED,0.426,884,117,918,150,,
2026-09-03T07:14:28.274500+00:00,cam16,Visat P2,Ahmedabad,—,TR01M1K1WFYCMT7NDYAZFYCHQE1D,car,CONFIRMED,0.584,463,222,513,254,,
2026-09-03T07:14:28.274500+00:00,cam16,Visat P2,Ahmedabad,—,TR01M1K1WFYC0T8G35HS3SR3YAXG,car,CONFIRMED,0.541,430,201,464,243,,
2026-09-03T07:14:28.274500+00:00,cam16,Visat P2,Ahmedabad,—,TR01M1K1WFYCVZW8WQX0YDRSN5DG,car,CONFIRMED,0.639,321,259,382,320,,
2026-09-03T07:14:28.274500+00:00,cam16,Visat P2,Ahmedabad,—,TR01M1K1WFYCKNPCQNDA911RDP3F,car,CONFIRMED,0.512,742,142,772,171,,
2026-09-03T07:14:28.274500+00:00,cam16,Visat P2,Ahmedabad,—,TR01M1K1WGT1H98JKSR48D65VCEY,car,CONFIRMED,0.642,884,117,918,150,,
2026-09-03T07:14:28.274500+00:00,cam16,Visat P2,Ahmedabad,—,TR01M1K1WJ7KJNNPTTV9ZEV2X4HQ,vehicle,CONFIRMED,0.490,1536,276,1848,480,,
2026-09-03T07:14:28.274500+00:00,cam16,Visat P2,Ahmedabad,—,TR01M1K1WN3G07GQRFK5X7JRPWPC,truck,CONFIRMED,0.682,1831,332,1919,524,,
2026-09-03T07:14:28.274500+00:00,cam16,Visat P2,Ahmedabad,—,TR01M1K1WRD482MVFRS18Y1KDES4,truck,CONFIRMED,0.560,1171,485,1416,673,,
2026-09-03T07:14:28.274500+00:00,cam16,Visat P2,Ahmedabad,—,TR01M1K1WRQVFHF6A36V5C911A13,car,CONFIRMED,0.450,884,127,916,151,,
2026-09-03T07:14:28.274500+00:00,cam16,Visat P2,Ahmedabad,—,TR01M1K1WT9620EFY7TQ0EMSAP0Q,car,TENTATIVE,0.900,1172,486,1416,672,,
2026-09-03T07:14:28.274500+00:00,cam16,Visat P2,Ahmedabad,—,TR01M1K1WT96398TED56EJGEP0WS,car,TENTATIVE,0.573,1099,159,1128,183,,
2026-09-03T07:14:28.674500+00:00,cam16,Visat P2,Ahmedabad,—,TR01M1K1WFYCJQW150A4PTP83J2W,car,CONFIRMED,0.813,665,219,725,268,,
2026-09-03T07:14:28.674500+00:00,cam16,Visat P2,Ahmedabad,—,TR01M1K1WFYC5Q4E31M51SD3PK7M,car,CONFIRMED,0.750,586,154,622,188,,
2026-09-03T07:14:28.674500+00:00,cam16,Visat P2,Ahmedabad,—,TR01M1K1WFYCZ0R53MWRMD3E40MV,car,CONFIRMED,0.680,884,117,917,149,,
2026-09-03T07:14:28.674500+00:00,cam16,Visat P2,Ahmedabad,—,TR01M1K1WFYCMT7NDYAZFYCHQE1D,car,CONFIRMED,0.569,462,222,513,254,,
2026-09-03T07:14:28.674500+00:00,cam16,Visat P2,Ahmedabad,—,TR01M1K1WFYC0T8G35HS3SR3YAXG,car,CONFIRMED,0.578,429,201,464,243,,
2026-09-03T07:14:28.674500+00:00,cam16,Visat P2,Ahmedabad,—,TR01M1K1WFYCVZW8WQX0YDRSN5DG,car,CONFIRMED,0.628,321,261,382,320,,
2026-09-03T07:14:28.674500+00:00,cam16,Visat P2,Ahmedabad,—,TR01M1K1WFYCKNPCQNDA911RDP3F,car,CONFIRMED,0.519,742,142,772,171,,
2026-09-03T07:14:28.674500+00:00,cam16,Visat P2,Ahmedabad,—,TR01M1K1WGT1H98JKSR48D65VCEY,car,CONFIRMED,0.543,883,127,916,150,,
2026-09-03T07:14:28.674500+00:00,cam16,Visat P2,Ahmedabad,—,TR01M1K1WJ7KJNNPTTV9ZEV2X4HQ,vehicle,CONFIRMED,0.490,1536,276,1848,480,,
2026-09-03T07:14:28.674500+00:00,cam16,Visat P2,Ahmedabad,—,TR01M1K1WN3G07GQRFK5X7JRPWPC,truck,CONFIRMED,0.682,1831,332,1919,524,,
2026-09-03T07:14:28.674500+00:00,cam16,Visat P2,Ahmedabad,—,TR01M1K1WRD482MVFRS18Y1KDES4,car,CONFIRMED,0.924,1149,461,1376,631,,
2026-09-03T07:14:28.674500+00:00,cam16,Visat P2,Ahmedabad,—,TR01M1K1WRQVFHF6A36V5C911A13,car,CONFIRMED,0.450,884,127,916,151,,
2026-09-03T07:14:28.674500+00:00,cam16,Visat P2,Ahmedabad,—,TR01M1K1WT9620EFY7TQ0EMSAP0Q,vehicle,CONFIRMED,0.490,1128,468,1404,732,,
2026-09-03T07:14:28.674500+00:00,cam16,Visat P2,Ahmedabad,—,TR01M1K1WT96398TED56EJGEP0WS,car,CONFIRMED,0.593,1100,160,1131,185,,
2026-09-03T07:14:29.074500+00:00,cam16,Visat P2,Ahmedabad,—,TR01M1K1WFYCJQW150A4PTP83J2W,car,CONFIRMED,0.817,665,219,725,268,,
2026-09-03T07:14:29.074500+00:00,cam16,Visat P2,Ahmedabad,—,TR01M1K1WFYC5Q4E31M51SD3PK7M,car,CONFIRMED,0.753,586,154,622,188,,
2026-09-03T07:14:29.074500+00:00,cam16,Visat P2,Ahmedabad,—,TR01M1K1WFYCZ0R53MWRMD3E40MV,car,CONFIRMED,0.707,884,117,916,148,,
2026-09-03T07:14:29.074500+00:00,cam16,Visat P2,Ahmedabad,—,TR01M1K1WFYCMT7NDYAZFYCHQE1D,car,CONFIRMED,0.554,462,222,513,254,,
2026-09-03T07:14:29.074500+00:00,cam16,Visat P2,Ahmedabad,—,TR01M1K1WFYC0T8G35HS3SR3YAXG,car,CONFIRMED,0.585,429,201,463,243,,
2026-09-03T07:14:29.074500+00:00,cam16,Visat P2,Ahmedabad,—,TR01M1K1WFYCVZW8WQX0YDRSN5DG,car,CONFIRMED,0.578,321,260,382,320,,
2026-09-03T07:14:29.074500+00:00,cam16,Visat P2,Ahmedabad,—,TR01M1K1WFYCKNPCQNDA911RDP3F,car,CONFIRMED,0.522,741,142,772,171,,
2026-09-03T07:14:29.074500+00:00,cam16,Visat P2,Ahmedabad,—,TR01M1K1WGT1H98JKSR48D65VCEY,car,CONFIRMED,0.448,883,126,915,149,,
2026-09-03T07:14:29.074500+00:00,cam16,Visat P2,Ahmedabad,—,TR01M1K1WJ7KJNNPTTV9ZEV2X4HQ,vehicle,CONFIRMED,0.490,1536,276,1848,480,,
2026-09-03T07:14:29.074500+00:00,cam16,Visat P2,Ahmedabad,—,TR01M1K1WRD482MVFRS18Y1KDES4,car,CONFIRMED,0.913,1138,445,1353,608,,
2026-09-03T07:14:29.074500+00:00,cam16,Visat P2,Ahmedabad,—,TR01M1K1WRQVFHF6A36V5C911A13,car,CONFIRMED,0.450,884,127,916,151,,
2026-09-03T07:14:29.074500+00:00,cam16,Visat P2,Ahmedabad,—,TR01M1K1WT9620EFY7TQ0EMSAP0Q,vehicle,CONFIRMED,0.490,1128,456,1368,696,,
2026-09-03T07:14:29.074500+00:00,cam16,Visat P2,Ahmedabad,—,TR01M1K1WT96398TED56EJGEP0WS,car,CONFIRMED,0.608,1100,160,1132,185,,
2026-09-03T07:14:29.474500+00:00,cam16,Visat P2,Ahmedabad,—,TR01M1K1WFYCJQW150A4PTP83J2W,car,CONFIRMED,0.811,665,219,724,268,,
2026-09-03T07:14:29.474500+00:00,cam16,Visat P2,Ahmedabad,—,TR01M1K1WFYC5Q4E31M51SD3PK7M,car,CONFIRMED,0.756,586,154,622,188,,
2026-09-03T07:14:29.474500+00:00,cam16,Visat P2,Ahmedabad,—,TR01M1K1WFYCZ0R53MWRMD3E40MV,car,CONFIRMED,0.704,882,116,916,148,,
2026-09-03T07:14:29.474500+00:00,cam16,Visat P2,Ahmedabad,—,TR01M1K1WFYCMT7NDYAZFYCHQE1D,car,CONFIRMED,0.548,462,222,513,254,,
2026-09-03T07:14:29.474500+00:00,cam16,Visat P2,Ahmedabad,—,TR01M1K1WFYC0T8G35HS3SR3YAXG,car,CONFIRMED,0.585,430,201,463,243,,
2026-09-03T07:14:29.474500+00:00,cam16,Visat P2,Ahmedabad,—,TR01M1K1WFYCVZW8WQX0YDRSN5DG,car,CONFIRMED,0.501,322,262,380,321,,
2026-09-03T07:14:29.474500+00:00,cam16,Visat P2,Ahmedabad,—,TR01M1K1WFYCKNPCQNDA911RDP3F,car,CONFIRMED,0.521,741,142,772,171,,
2026-09-03T07:14:29.474500+00:00,cam16,Visat P2,Ahmedabad,—,TR01M1K1WGT1H98JKSR48D65VCEY,truck,CONFIRMED,0.442,882,116,916,148,,
2026-09-03T07:14:29.474500+00:00,cam16,Visat P2,Ahmedabad,—,TR01M1K1WJ7KJNNPTTV9ZEV2X4HQ,vehicle,CONFIRMED,0.490,1536,276,1848,480,,
2026-09-03T07:14:29.474500+00:00,cam16,Visat P2,Ahmedabad,—,TR01M1K1WRD482MVFRS18Y1KDES4,car,CONFIRMED,0.928,1120,423,1322,578,,
2026-09-03T07:14:29.474500+00:00,cam16,Visat P2,Ahmedabad,—,TR01M1K1WRQVFHF6A36V5C911A13,car,CONFIRMED,0.450,884,127,916,151,,
2026-09-03T07:14:29.474500+00:00,cam16,Visat P2,Ahmedabad,—,TR01M1K1WT9620EFY7TQ0EMSAP0Q,vehicle,CONFIRMED,0.490,1104,432,1344,672,,
2026-09-03T07:14:29.474500+00:00,cam16,Visat P2,Ahmedabad,—,TR01M1K1WT96398TED56EJGEP0WS,car,CONFIRMED,0.487,1102,160,1133,187,,
2026-09-03T07:14:29.875500+00:00,cam16,Visat P2,Ahmedabad,—,TR01M1K1WFYCJQW150A4PTP83J2W,car,CONFIRMED,0.821,665,219,724,268,,
2026-09-03T07:14:29.875500+00:00,cam16,Visat P2,Ahmedabad,—,TR01M1K1WFYC5Q4E31M51SD3PK7M,car,CONFIRMED,0.756,586,154,622,188,,
2026-09-03T07:14:29.875500+00:00,cam16,Visat P2,Ahmedabad,—,TR01M1K1WFYCZ0R53MWRMD3E40MV,car,CONFIRMED,0.684,882,116,915,147,,
2026-09-03T07:14:29.875500+00:00,cam16,Visat P2,Ahmedabad,—,TR01M1K1WFYCMT7NDYAZFYCHQE1D,car,CONFIRMED,0.549,462,222,513,254,,
2026-09-03T07:14:29.875500+00:00,cam16,Visat P2,Ahmedabad,—,TR01M1K1WFYC0T8G35HS3SR3YAXG,car,CONFIRMED,0.583,430,201,463,243,,
2026-09-03T07:14:29.875500+00:00,cam16,Visat P2,Ahmedabad,—,TR01M1K1WFYCVZW8WQX0YDRSN5DG,car,CONFIRMED,0.451,321,263,378,321,,
2026-09-03T07:14:29.875500+00:00,cam16,Visat P2,Ahmedabad,—,TR01M1K1WFYCKNPCQNDA911RDP3F,car,CONFIRMED,0.524,742,142,772,171,,
2026-09-03T07:14:29.875500+00:00,cam16,Visat P2,Ahmedabad,—,TR01M1K1WGT1H98JKSR48D65VCEY,truck,CONFIRMED,0.469,882,116,915,148,,
2026-09-03T07:14:29.875500+00:00,cam16,Visat P2,Ahmedabad,—,TR01M1K1WJ7KJNNPTTV9ZEV2X4HQ,vehicle,CONFIRMED,0.490,1536,276,1848,480,,
2026-09-03T07:14:29.875500+00:00,cam16,Visat P2,Ahmedabad,—,TR01M1K1WRD482MVFRS18Y1KDES4,car,CONFIRMED,0.927,1109,411,1302,558,,
2026-09-03T07:14:29.875500+00:00,cam16,Visat P2,Ahmedabad,—,TR01M1K1WT9620EFY7TQ0EMSAP0Q,vehicle,CONFIRMED,0.490,1104,420,1308,636,,
2026-09-03T07:14:29.875500+00:00,cam16,Visat P2,Ahmedabad,—,TR01M1K1WT96398TED56EJGEP0WS,car,CONFIRMED,0.641,1105,159,1136,186,,
