timestamp_utc_normalised,camera_id,camera_name,district,department,track_id,object_type,track_state,detection_confidence,bbox_x1,bbox_y1,bbox_x2,bbox_y2,registration_mark,mark_confidence
2026-09-01T16:12:40.746077+00:00,C-014,Naroda Circle Junction,Ahmedabad,Home (Traffic),TR01M1K1DJNT6EG3WERJTHPRM2V5,vehicle,TENTATIVE,0.514,0,448,128,608,,
2026-09-01T16:12:40.879410+00:00,C-014,Naroda Circle Junction,Ahmedabad,Home (Traffic),TR01M1K1DJNT6EG3WERJTHPRM2V5,vehicle,CONFIRMED,0.575,0,448,176,608,,
2026-09-01T16:12:41.012744+00:00,C-014,Naroda Circle Junction,Ahmedabad,Home (Traffic),TR01M1K1DJNT6EG3WERJTHPRM2V5,vehicle,CONFIRMED,0.568,0,448,216,608,,
2026-09-01T16:12:41.146077+00:00,C-014,Naroda Circle Junction,Ahmedabad,Home (Traffic),TR01M1K1DJNT6EG3WERJTHPRM2V5,vehicle,CONFIRMED,0.783,0,448,256,608,,
2026-09-01T16:12:41.279410+00:00,C-014,Naroda Circle Junction,Ahmedabad,Home (Traffic),TR01M1K1DJNT6EG3WERJTHPRM2V5,vehicle,CONFIRMED,0.767,0,448,296,608,,
2026-09-01T16:12:41.412744+00:00,C-014,Naroda Circle Junction,Ahmedabad,Home (Traffic),TR01M1K1DJNT6EG3WERJTHPRM2V5,vehicle,CONFIRMED,0.817,0,448,344,608,,
2026-09-01T16:12:41.546077+00:00,C-014,Naroda Circle Junction,Ahmedabad,Home (Traffic),TR01M1K1DJNT6EG3WERJTHPRM2V5,vehicle,CONFIRMED,0.784,0,448,384,608,,
2026-09-01T16:12:41.679410+00:00,C-014,Naroda Circle Junction,Ahmedabad,Home (Traffic),TR01M1K1DJNT6EG3WERJTHPRM2V5,vehicle,CONFIRMED,0.788,0,448,424,608,,
2026-09-01T16:12:41.812744+00:00,C-014,Naroda Circle Junction,Ahmedabad,Home (Traffic),TR01M1K1DJNT6EG3WERJTHPRM2V5,vehicle,CONFIRMED,0.812,0,448,464,608,,
2026-09-01T16:12:41.946077+00:00,C-014,Naroda Circle Junction,Ahmedabad,Home (Traffic),TR01M1K1DJNT6EG3WERJTHPRM2V5,vehicle,CONFIRMED,0.744,0,448,512,608,,
2026-09-01T16:12:41.946077+00:00,C-014,Naroda Circle Junction,Ahmedabad,Home (Traffic),TR01M1K1DMBSHZZP5NTZ6DG18P0N,vehicle,TENTATIVE,0.724,0,448,512,608,,
2026-09-01T16:12:42.079410+00:00,C-014,Naroda Circle Junction,Ahmedabad,Home (Traffic),TR01M1K1DJNT6EG3WERJTHPRM2V5,vehicle,CONFIRMED,0.630,0,448,528,608,,
2026-09-01T16:12:42.079410+00:00,C-014,Naroda Circle Junction,Ahmedabad,Home (Traffic),TR01M1K1DMBSHZZP5NTZ6DG18P0N,vehicle,CONFIRMED,0.633,0,448,552,608,,
2026-09-01T16:12:42.212744+00:00,C-014,Naroda Circle Junction,Ahmedabad,Home (Traffic),TR01M1K1DJNT6EG3WERJTHPRM2V5,vehicle,CONFIRMED,0.551,0,448,592,608,,
2026-09-01T16:12:42.212744+00:00,C-014,Naroda Circle Junction,Ahmedabad,Home (Traffic),TR01M1K1DMBSHZZP5NTZ6DG18P0N,vehicle,CONFIRMED,0.755,0,448,592,608,,
2026-09-01T16:12:42.346077+00:00,C-014,Naroda Circle Junction,Ahmedabad,Home (Traffic),TR01M1K1DJNT6EG3WERJTHPRM2V5,vehicle,CONFIRMED,0.752,0,448,640,608,,
2026-09-01T16:12:42.346077+00:00,C-014,Naroda Circle Junction,Ahmedabad,Home (Traffic),TR01M1K1DMBSHZZP5NTZ6DG18P0N,vehicle,CONFIRMED,0.818,0,448,640,608,,
2026-09-01T16:12:42.479410+00:00,C-014,Naroda Circle Junction,Ahmedabad,Home (Traffic),TR01M1K1DJNT6EG3WERJTHPRM2V5,vehicle,CONFIRMED,0.831,0,448,680,608,,
2026-09-01T16:12:42.479410+00:00,C-014,Naroda Circle Junction,Ahmedabad,Home (Traffic),TR01M1K1DMBSHZZP5NTZ6DG18P0N,vehicle,CONFIRMED,0.734,0,448,680,608,,
2026-09-01T16:12:42.612744+00:00,C-014,Naroda Circle Junction,Ahmedabad,Home (Traffic),TR01M1K1DJNT6EG3WERJTHPRM2V5,vehicle,CONFIRMED,0.838,0,448,720,608,,
2026-09-01T16:12:42.612744+00:00,C-014,Naroda Circle Junction,Ahmedabad,Home (Traffic),TR01M1K1DMBSHZZP5NTZ6DG18P0N,vehicle,CONFIRMED,0.763,0,448,720,608,,
2026-09-01T16:12:42.746077+00:00,C-014,Naroda Circle Junction,Ahmedabad,Home (Traffic),TR01M1K1DJNT6EG3WERJTHPRM2V5,vehicle,CONFIRMED,0.833,0,448,760,608,,
2026-09-01T16:12:42.746077+00:00,C-014,Naroda Circle Junction,Ahmedabad,Home (Traffic),TR01M1K1DMBSHZZP5NTZ6DG18P0N,vehicle,CONFIRMED,0.730,0,448,760,608,,
2026-09-01T16:12:42.879410+00:00,C-014,Naroda Circle Junction,Ahmedabad,Home (Traffic),TR01M1K1DJNT6EG3WERJTHPRM2V5,vehicle,CONFIRMED,0.838,0,448,808,608,,
2026-09-01T16:12:42.879410+00:00,C-014,Naroda Circle Junction,Ahmedabad,Home (Traffic),TR01M1K1DMBSHZZP5NTZ6DG18P0N,vehicle,CONFIRMED,0.802,0,448,808,608,,
2026-09-01T16:12:43.012744+00:00,C-014,Naroda Circle Junction,Ahmedabad,Home (Traffic),TR01M1K1DJNT6EG3WERJTHPRM2V5,vehicle,CONFIRMED,0.825,0,448,848,608,,
2026-09-01T16:12:43.012744+00:00,C-014,Naroda Circle Junction,Ahmedabad,Home (Traffic),TR01M1K1DMBSHZZP5NTZ6DG18P0N,vehicle,CONFIRMED,0.706,0,448,848,608,,
2026-09-01T16:12:43.146077+00:00,C-014,Naroda Circle Junction,Ahmedabad,Home (Traffic),TR01M1K1DJNT6EG3WERJTHPRM2V5,vehicle,CONFIRMED,0.833,0,448,888,608,,
2026-09-01T16:12:43.146077+00:00,C-014,Naroda Circle Junction,Ahmedabad,Home (Traffic),TR01M1K1DMBSHZZP5NTZ6DG18P0N,vehicle,CONFIRMED,0.774,0,448,888,608,,
2026-09-01T16:12:43.279410+00:00,C-014,Naroda Circle Junction,Ahmedabad,Home (Traffic),TR01M1K1DJNT6EG3WERJTHPRM2V5,vehicle,CONFIRMED,0.844,0,448,928,608,,
2026-09-01T16:12:43.279410+00:00,C-014,Naroda Circle Junction,Ahmedabad,Home (Traffic),TR01M1K1DMBSHZZP5NTZ6DG18P0N,vehicle,CONFIRMED,0.786,0,448,928,608,,
2026-09-01T16:12:43.412744+00:00,C-014,Naroda Circle Junction,Ahmedabad,Home (Traffic),TR01M1K1DJNT6EG3WERJTHPRM2V5,vehicle,CONFIRMED,0.835,123,307,761,643,,
2026-09-01T16:12:43.412744+00:00,C-014,Naroda Circle Junction,Ahmedabad,Home (Traffic),TR01M1K1DMBSHZZP5NTZ6DG18P0N,vehicle,CONFIRMED,0.755,0,448,952,608,,
2026-09-01T16:12:43.412744+00:00,C-014,Naroda Circle Junction,Ahmedabad,Home (Traffic),TR01M1K1DPQRHQKGMG0NCMZDXDGZ,vehicle,TENTATIVE,0.771,518,306,1156,642,,
2026-09-01T16:12:43.546077+00:00,C-014,Naroda Circle Junction,Ahmedabad,Home (Traffic),TR01M1K1DJNT6EG3WERJTHPRM2V5,vehicle,CONFIRMED,0.840,167,309,800,643,,
2026-09-01T16:12:43.546077+00:00,C-014,Naroda Circle Junction,Ahmedabad,Home (Traffic),TR01M1K1DMBSHZZP5NTZ6DG18P0N,vehicle,CONFIRMED,0.755,0,448,952,608,,
2026-09-01T16:12:43.546077+00:00,C-014,Naroda Circle Junction,Ahmedabad,Home (Traffic),TR01M1K1DPQRHQKGMG0NCMZDXDGZ,vehicle,CONFIRMED,0.792,564,308,1197,642,,
2026-09-01T16:12:43.679410+00:00,C-014,Naroda Circle Junction,Ahmedabad,Home (Traffic),TR01M1K1DJNT6EG3WERJTHPRM2V5,vehicle,CONFIRMED,0.847,204,306,845,643,,
2026-09-01T16:12:43.679410+00:00,C-014,Naroda Circle Junction,Ahmedabad,Home (Traffic),TR01M1K1DMBSHZZP5NTZ6DG18P0N,vehicle,CONFIRMED,0.755,0,448,952,608,,
2026-09-01T16:12:43.679410+00:00,C-014,Naroda Circle Junction,Ahmedabad,Home (Traffic),TR01M1K1DPQRHQKGMG0NCMZDXDGZ,vehicle,CONFIRMED,0.802,602,306,1240,642,,
2026-09-01T16:12:43.812744+00:00,C-014,Naroda Circle Junction,Ahmedabad,Home (Traffic),TR01M1K1DJNT6EG3WERJTHPRM2V5,vehicle,CONFIRMED,0.842,248,309,881,643,,
2026-09-01T16:12:43.812744+00:00,C-014,Naroda Circle Junction,Ahmedabad,Home (Traffic),TR01M1K1DMBSHZZP5NTZ6DG18P0N,vehicle,CONFIRMED,0.755,0,448,952,608,,
2026-09-01T16:12:43.812744+00:00,C-014,Naroda Circle Junction,Ahmedabad,Home (Traffic),TR01M1K1DPQRHQKGMG0NCMZDXDGZ,vehicle,CONFIRMED,0.811,643,306,1280,643,,
2026-09-01T16:12:43.946077+00:00,C-014,Naroda Circle Junction,Ahmedabad,Home (Traffic),TR01M1K1DJNT6EG3WERJTHPRM2V5,vehicle,CONFIRMED,0.796,0,448,1144,688,,
2026-09-01T16:12:43.946077+00:00,C-014,Naroda Circle Junction,Ahmedabad,Home (Traffic),TR01M1K1DMBSHZZP5NTZ6DG18P0N,vehicle,CONFIRMED,0.834,0,448,1144,688,,
2026-09-01T16:12:43.946077+00:00,C-014,Naroda Circle Junction,Ahmedabad,Home (Traffic),TR01M1K1DPQRHQKGMG0NCMZDXDGZ,vehicle,CONFIRMED,0.811,643,306,1280,643,,
2026-09-01T16:12:44.079410+00:00,C-014,Naroda Circle Junction,Ahmedabad,Home (Traffic),TR01M1K1DJNT6EG3WERJTHPRM2V5,vehicle,CONFIRMED,0.799,0,448,1184,688,,
2026-09-01T16:12:44.079410+00:00,C-014,Naroda Circle Junction,Ahmedabad,Home (Traffic),TR01M1K1DMBSHZZP5NTZ6DG18P0N,vehicle,CONFIRMED,0.843,0,448,1184,688,,
2026-09-01T16:12:44.079410+00:00,C-014,Naroda Circle Junction,Ahmedabad,Home (Traffic),TR01M1K1DPQRHQKGMG0NCMZDXDGZ,vehicle,CONFIRMED,0.811,643,306,1280,643,,
2026-09-01T16:12:44.079410+00:00,C-014,Naroda Circle Junction,Ahmedabad,Home (Traffic),TR01M1K1DQW87KQ20ZJC43Z9CYZE,vehicle,TENTATIVE,0.553,0,448,1184,688,,
2026-09-01T16:12:44.212744+00:00,C-014,Naroda Circle Junction,Ahmedabad,Home (Traffic),TR01M1K1DJNT6EG3WERJTHPRM2V5,vehicle,CONFIRMED,0.799,0,448,1184,688,,
2026-09-01T16:12:44.212744+00:00,C-014,Naroda Circle Junction,Ahmedabad,Home (Traffic),TR01M1K1DMBSHZZP5NTZ6DG18P0N,vehicle,CONFIRMED,0.783,0,448,1224,688,,
2026-09-01T16:12:44.212744+00:00,C-014,Naroda Circle Junction,Ahmedabad,Home (Traffic),TR01M1K1DPQRHQKGMG0NCMZDXDGZ,vehicle,CONFIRMED,0.811,643,306,1280,643,,
2026-09-01T16:12:44.212744+00:00,C-014,Naroda Circle Junction,Ahmedabad,Home (Traffic),TR01M1K1DQW87KQ20ZJC43Z9CYZE,vehicle,CONFIRMED,0.834,0,448,1224,688,,
2026-09-01T16:12:44.346077+00:00,C-014,Naroda Circle Junction,Ahmedabad,Home (Traffic),TR01M1K1DJNT6EG3WERJTHPRM2V5,vehicle,CONFIRMED,0.799,0,448,1184,688,,
2026-09-01T16:12:44.346077+00:00,C-014,Naroda Circle Junction,Ahmedabad,Home (Traffic),TR01M1K1DMBSHZZP5NTZ6DG18P0N,vehicle,CONFIRMED,0.819,0,448,1272,688,,
2026-09-01T16:12:44.346077+00:00,C-014,Naroda Circle Junction,Ahmedabad,Home (Traffic),TR01M1K1DPQRHQKGMG0NCMZDXDGZ,vehicle,CONFIRMED,0.811,643,306,1280,643,,
2026-09-01T16:12:44.346077+00:00,C-014,Naroda Circle Junction,Ahmedabad,Home (Traffic),TR01M1K1DQW87KQ20ZJC43Z9CYZE,vehicle,CONFIRMED,0.847,0,448,1272,688,,
2026-09-01T16:12:44.479410+00:00,C-014,Naroda Circle Junction,Ahmedabad,Home (Traffic),TR01M1K1DJNT6EG3WERJTHPRM2V5,vehicle,CONFIRMED,0.799,0,448,1184,688,,
2026-09-01T16:12:44.479410+00:00,C-014,Naroda Circle Junction,Ahmedabad,Home (Traffic),TR01M1K1DMBSHZZP5NTZ6DG18P0N,vehicle,CONFIRMED,0.846,0,448,1280,688,,
2026-09-01T16:12:44.479410+00:00,C-014,Naroda Circle Junction,Ahmedabad,Home (Traffic),TR01M1K1DPQRHQKGMG0NCMZDXDGZ,vehicle,CONFIRMED,0.811,643,306,1280,643,,
2026-09-01T16:12:44.479410+00:00,C-014,Naroda Circle Junction,Ahmedabad,Home (Traffic),TR01M1K1DQW87KQ20ZJC43Z9CYZE,vehicle,CONFIRMED,0.630,0,448,1280,688,,
2026-09-01T16:12:44.612744+00:00,C-014,Naroda Circle Junction,Ahmedabad,Home (Traffic),TR01M1K1DJNT6EG3WERJTHPRM2V5,vehicle,CONFIRMED,0.799,0,448,1184,688,,
2026-09-01T16:12:44.612744+00:00,C-014,Naroda Circle Junction,Ahmedabad,Home (Traffic),TR01M1K1DMBSHZZP5NTZ6DG18P0N,vehicle,CONFIRMED,0.834,0,448,1280,688,,
2026-09-01T16:12:44.612744+00:00,C-014,Naroda Circle Junction,Ahmedabad,Home (Traffic),TR01M1K1DPQRHQKGMG0NCMZDXDGZ,vehicle,CONFIRMED,0.811,643,306,1280,643,,
2026-09-01T16:12:44.612744+00:00,C-014,Naroda Circle Junction,Ahmedabad,Home (Traffic),TR01M1K1DQW87KQ20ZJC43Z9CYZE,vehicle,CONFIRMED,0.490,0,448,1280,688,,
2026-09-01T16:12:44.746077+00:00,C-014,Naroda Circle Junction,Ahmedabad,Home (Traffic),TR01M1K1DJNT6EG3WERJTHPRM2V5,vehicle,CONFIRMED,0.799,0,448,1184,688,,
2026-09-01T16:12:44.746077+00:00,C-014,Naroda Circle Junction,Ahmedabad,Home (Traffic),TR01M1K1DMBSHZZP5NTZ6DG18P0N,vehicle,CONFIRMED,0.857,0,448,1280,688,,
2026-09-01T16:12:44.746077+00:00,C-014,Naroda Circle Junction,Ahmedabad,Home (Traffic),TR01M1K1DPQRHQKGMG0NCMZDXDGZ,vehicle,CONFIRMED,0.811,643,306,1280,643,,
2026-09-01T16:12:44.746077+00:00,C-014,Naroda Circle Junction,Ahmedabad,Home (Traffic),TR01M1K1DQW87KQ20ZJC43Z9CYZE,vehicle,CONFIRMED,0.580,0,448,1280,688,,
2026-09-01T16:12:44.879410+00:00,C-014,Naroda Circle Junction,Ahmedabad,Home (Traffic),TR01M1K1DJNT6EG3WERJTHPRM2V5,vehicle,CONFIRMED,0.799,0,448,1184,688,,
2026-09-01T16:12:44.879410+00:00,C-014,Naroda Circle Junction,Ahmedabad,Home (Traffic),TR01M1K1DMBSHZZP5NTZ6DG18P0N,vehicle,CONFIRMED,0.840,0,448,1280,688,,
2026-09-01T16:12:44.879410+00:00,C-014,Naroda Circle Junction,Ahmedabad,Home (Traffic),TR01M1K1DPQRHQKGMG0NCMZDXDGZ,vehicle,CONFIRMED,0.811,643,306,1280,643,,
2026-09-01T16:12:44.879410+00:00,C-014,Naroda Circle Junction,Ahmedabad,Home (Traffic),TR01M1K1DQW87KQ20ZJC43Z9CYZE,vehicle,CONFIRMED,0.580,0,448,1280,688,,
2026-09-01T16:12:45.012744+00:00,C-014,Naroda Circle Junction,Ahmedabad,Home (Traffic),TR01M1K1DJNT6EG3WERJTHPRM2V5,vehicle,CONFIRMED,0.799,0,448,1184,688,,
2026-09-01T16:12:45.012744+00:00,C-014,Naroda Circle Junction,Ahmedabad,Home (Traffic),TR01M1K1DMBSHZZP5NTZ6DG18P0N,vehicle,CONFIRMED,0.847,0,448,1280,688,,
2026-09-01T16:12:45.012744+00:00,C-014,Naroda Circle Junction,Ahmedabad,Home (Traffic),TR01M1K1DPQRHQKGMG0NCMZDXDGZ,vehicle,CONFIRMED,0.811,643,306,1280,643,,
2026-09-01T16:12:45.012744+00:00,C-014,Naroda Circle Junction,Ahmedabad,Home (Traffic),TR01M1K1DQW87KQ20ZJC43Z9CYZE,vehicle,CONFIRMED,0.580,0,448,1280,688,,
2026-09-01T16:12:45.146077+00:00,C-014,Naroda Circle Junction,Ahmedabad,Home (Traffic),TR01M1K1DJNT6EG3WERJTHPRM2V5,vehicle,CONFIRMED,0.799,0,448,1184,688,,
2026-09-01T16:12:45.146077+00:00,C-014,Naroda Circle Junction,Ahmedabad,Home (Traffic),TR01M1K1DMBSHZZP5NTZ6DG18P0N,vehicle,CONFIRMED,0.846,0,448,1280,688,,
2026-09-01T16:12:45.146077+00:00,C-014,Naroda Circle Junction,Ahmedabad,Home (Traffic),TR01M1K1DPQRHQKGMG0NCMZDXDGZ,vehicle,CONFIRMED,0.811,643,306,1280,643,,
2026-09-01T16:12:45.146077+00:00,C-014,Naroda Circle Junction,Ahmedabad,Home (Traffic),TR01M1K1DQW87KQ20ZJC43Z9CYZE,vehicle,CONFIRMED,0.580,0,448,1280,688,,
2026-09-01T16:12:45.279410+00:00,C-014,Naroda Circle Junction,Ahmedabad,Home (Traffic),TR01M1K1DJNT6EG3WERJTHPRM2V5,vehicle,CONFIRMED,0.799,0,448,1184,688,,
2026-09-01T16:12:45.279410+00:00,C-014,Naroda Circle Junction,Ahmedabad,Home (Traffic),TR01M1K1DMBSHZZP5NTZ6DG18P0N,vehicle,CONFIRMED,0.849,0,448,1280,688,,
2026-09-01T16:12:45.279410+00:00,C-014,Naroda Circle Junction,Ahmedabad,Home (Traffic),TR01M1K1DPQRHQKGMG0NCMZDXDGZ,vehicle,CONFIRMED,0.811,643,306,1280,643,,
2026-09-01T16:12:45.279410+00:00,C-014,Naroda Circle Junction,Ahmedabad,Home (Traffic),TR01M1K1DQW87KQ20ZJC43Z9CYZE,vehicle,CONFIRMED,0.580,0,448,1280,688,,
2026-09-01T16:12:45.412744+00:00,C-014,Naroda Circle Junction,Ahmedabad,Home (Traffic),TR01M1K1DJNT6EG3WERJTHPRM2V5,vehicle,CONFIRMED,0.799,0,448,1184,688,,
2026-09-01T16:12:45.412744+00:00,C-014,Naroda Circle Junction,Ahmedabad,Home (Traffic),TR01M1K1DMBSHZZP5NTZ6DG18P0N,vehicle,CONFIRMED,0.877,0,448,1280,688,,
2026-09-01T16:12:45.412744+00:00,C-014,Naroda Circle Junction,Ahmedabad,Home (Traffic),TR01M1K1DQW87KQ20ZJC43Z9CYZE,vehicle,CONFIRMED,0.580,0,448,1280,688,,
2026-09-01T16:12:45.546077+00:00,C-014,Naroda Circle Junction,Ahmedabad,Home (Traffic),TR01M1K1DJNT6EG3WERJTHPRM2V5,vehicle,CONFIRMED,0.799,0,448,1184,688,,
2026-09-01T16:12:45.546077+00:00,C-014,Naroda Circle Junction,Ahmedabad,Home (Traffic),TR01M1K1DMBSHZZP5NTZ6DG18P0N,vehicle,CONFIRMED,0.847,0,448,1280,688,,
2026-09-01T16:12:45.546077+00:00,C-014,Naroda Circle Junction,Ahmedabad,Home (Traffic),TR01M1K1DQW87KQ20ZJC43Z9CYZE,vehicle,CONFIRMED,0.580,0,448,1280,688,,
2026-09-01T16:12:45.679410+00:00,C-014,Naroda Circle Junction,Ahmedabad,Home (Traffic),TR01M1K1DMBSHZZP5NTZ6DG18P0N,vehicle,CONFIRMED,0.849,0,448,1280,688,,
2026-09-01T16:12:45.679410+00:00,C-014,Naroda Circle Junction,Ahmedabad,Home (Traffic),TR01M1K1DQW87KQ20ZJC43Z9CYZE,vehicle,CONFIRMED,0.580,0,448,1280,688,,
2026-09-01T16:12:45.812744+00:00,C-014,Naroda Circle Junction,Ahmedabad,Home (Traffic),TR01M1K1DMBSHZZP5NTZ6DG18P0N,vehicle,CONFIRMED,0.861,0,448,1280,688,,
2026-09-01T16:12:45.812744+00:00,C-014,Naroda Circle Junction,Ahmedabad,Home (Traffic),TR01M1K1DQW87KQ20ZJC43Z9CYZE,vehicle,CONFIRMED,0.580,0,448,1280,688,,
2026-09-01T16:12:45.946077+00:00,C-014,Naroda Circle Junction,Ahmedabad,Home (Traffic),TR01M1K1DMBSHZZP5NTZ6DG18P0N,vehicle,CONFIRMED,0.813,0,448,1280,688,,
2026-09-01T16:12:45.946077+00:00,C-014,Naroda Circle Junction,Ahmedabad,Home (Traffic),TR01M1K1DQW87KQ20ZJC43Z9CYZE,vehicle,CONFIRMED,0.580,0,448,1280,688,,
2026-09-01T16:12:46.079410+00:00,C-014,Naroda Circle Junction,Ahmedabad,Home (Traffic),TR01M1K1DMBSHZZP5NTZ6DG18P0N,vehicle,CONFIRMED,0.826,0,448,1280,688,,
2026-09-01T16:12:46.079410+00:00,C-014,Naroda Circle Junction,Ahmedabad,Home (Traffic),TR01M1K1DQW87KQ20ZJC43Z9CYZE,vehicle,CONFIRMED,0.580,0,448,1280,688,,
2026-09-01T16:12:46.212744+00:00,C-014,Naroda Circle Junction,Ahmedabad,Home (Traffic),TR01M1K1DMBSHZZP5NTZ6DG18P0N,vehicle,CONFIRMED,0.634,0,448,1280,688,,
2026-09-01T16:12:46.212744+00:00,C-014,Naroda Circle Junction,Ahmedabad,Home (Traffic),TR01M1K1DQW87KQ20ZJC43Z9CYZE,vehicle,CONFIRMED,0.580,0,448,1280,688,,
2026-09-01T16:12:46.346077+00:00,C-014,Naroda Circle Junction,Ahmedabad,Home (Traffic),TR01M1K1DMBSHZZP5NTZ6DG18P0N,vehicle,CONFIRMED,0.490,0,448,1280,688,,
2026-09-01T16:12:46.479410+00:00,C-014,Naroda Circle Junction,Ahmedabad,Home (Traffic),TR01M1K1DMBSHZZP5NTZ6DG18P0N,vehicle,CONFIRMED,0.490,0,448,1280,688,,
2026-09-01T16:12:46.612744+00:00,C-014,Naroda Circle Junction,Ahmedabad,Home (Traffic),TR01M1K1DMBSHZZP5NTZ6DG18P0N,vehicle,CONFIRMED,0.490,0,448,1280,688,,
2026-09-01T16:12:46.746077+00:00,C-014,Naroda Circle Junction,Ahmedabad,Home (Traffic),TR01M1K1DMBSHZZP5NTZ6DG18P0N,vehicle,CONFIRMED,0.490,0,448,1280,688,,
2026-09-01T16:12:46.879410+00:00,C-014,Naroda Circle Junction,Ahmedabad,Home (Traffic),TR01M1K1DMBSHZZP5NTZ6DG18P0N,vehicle,CONFIRMED,0.490,0,448,1280,688,,
2026-09-01T16:12:47.012744+00:00,C-014,Naroda Circle Junction,Ahmedabad,Home (Traffic),TR01M1K1DMBSHZZP5NTZ6DG18P0N,vehicle,CONFIRMED,0.490,0,448,1280,688,,
2026-09-01T16:12:47.146077+00:00,C-014,Naroda Circle Junction,Ahmedabad,Home (Traffic),TR01M1K1DMBSHZZP5NTZ6DG18P0N,vehicle,CONFIRMED,0.490,0,448,1280,688,,
2026-09-01T16:12:47.279410+00:00,C-014,Naroda Circle Junction,Ahmedabad,Home (Traffic),TR01M1K1DMBSHZZP5NTZ6DG18P0N,vehicle,CONFIRMED,0.490,0,448,1280,688,,
2026-09-01T16:12:47.412744+00:00,C-014,Naroda Circle Junction,Ahmedabad,Home (Traffic),TR01M1K1DMBSHZZP5NTZ6DG18P0N,vehicle,CONFIRMED,0.490,0,448,1280,688,,
2026-09-01T16:12:47.546077+00:00,C-014,Naroda Circle Junction,Ahmedabad,Home (Traffic),TR01M1K1DMBSHZZP5NTZ6DG18P0N,vehicle,CONFIRMED,0.490,0,448,1280,688,,
2026-09-01T16:12:47.679410+00:00,C-014,Naroda Circle Junction,Ahmedabad,Home (Traffic),TR01M1K1DMBSHZZP5NTZ6DG18P0N,vehicle,CONFIRMED,0.490,0,448,1280,688,,
2026-09-01T16:12:47.812744+00:00,C-014,Naroda Circle Junction,Ahmedabad,Home (Traffic),TR01M1K1DMBSHZZP5NTZ6DG18P0N,vehicle,CONFIRMED,0.490,0,448,1280,688,,
2026-09-01T16:12:47.946077+00:00,C-014,Naroda Circle Junction,Ahmedabad,Home (Traffic),TR01M1K1DMBSHZZP5NTZ6DG18P0N,vehicle,CONFIRMED,0.490,0,448,1280,688,,
2026-09-01T16:12:48.079410+00:00,C-014,Naroda Circle Junction,Ahmedabad,Home (Traffic),TR01M1K1DMBSHZZP5NTZ6DG18P0N,vehicle,CONFIRMED,0.490,0,448,1280,688,,
2026-09-01T16:12:48.212744+00:00,C-014,Naroda Circle Junction,Ahmedabad,Home (Traffic),TR01M1K1DMBSHZZP5NTZ6DG18P0N,vehicle,CONFIRMED,0.490,0,448,1280,688,,
2026-09-01T16:12:48.346077+00:00,C-014,Naroda Circle Junction,Ahmedabad,Home (Traffic),TR01M1K1DMBSHZZP5NTZ6DG18P0N,vehicle,CONFIRMED,0.490,0,448,1280,688,,
2026-09-01T16:12:48.479410+00:00,C-014,Naroda Circle Junction,Ahmedabad,Home (Traffic),TR01M1K1DMBSHZZP5NTZ6DG18P0N,vehicle,CONFIRMED,0.490,0,448,1280,688,,
2026-09-01T16:12:48.612744+00:00,C-014,Naroda Circle Junction,Ahmedabad,Home (Traffic),TR01M1K1DMBSHZZP5NTZ6DG18P0N,vehicle,CONFIRMED,0.490,0,448,1280,688,,
2026-09-01T16:12:48.746077+00:00,C-014,Naroda Circle Junction,Ahmedabad,Home (Traffic),TR01M1K1DMBSHZZP5NTZ6DG18P0N,vehicle,CONFIRMED,0.490,0,448,1280,688,,
2026-09-01T16:12:48.879410+00:00,C-014,Naroda Circle Junction,Ahmedabad,Home (Traffic),TR01M1K1DMBSHZZP5NTZ6DG18P0N,vehicle,CONFIRMED,0.490,0,448,1280,688,,
2026-09-01T16:12:49.012744+00:00,C-014,Naroda Circle Junction,Ahmedabad,Home (Traffic),TR01M1K1DMBSHZZP5NTZ6DG18P0N,vehicle,CONFIRMED,0.490,0,448,1280,688,,
2026-09-01T16:12:49.146077+00:00,C-014,Naroda Circle Junction,Ahmedabad,Home (Traffic),TR01M1K1DMBSHZZP5NTZ6DG18P0N,vehicle,CONFIRMED,0.490,0,448,1280,688,,
2026-09-01T16:12:49.279410+00:00,C-014,Naroda Circle Junction,Ahmedabad,Home (Traffic),TR01M1K1DMBSHZZP5NTZ6DG18P0N,vehicle,CONFIRMED,0.490,0,448,1280,688,,
2026-09-01T16:12:49.412744+00:00,C-014,Naroda Circle Junction,Ahmedabad,Home (Traffic),TR01M1K1DMBSHZZP5NTZ6DG18P0N,vehicle,CONFIRMED,0.490,0,448,1280,688,,
2026-09-01T16:12:49.546077+00:00,C-014,Naroda Circle Junction,Ahmedabad,Home (Traffic),TR01M1K1DMBSHZZP5NTZ6DG18P0N,vehicle,CONFIRMED,0.490,0,448,1280,688,,
2026-09-01T16:12:49.679410+00:00,C-014,Naroda Circle Junction,Ahmedabad,Home (Traffic),TR01M1K1DMBSHZZP5NTZ6DG18P0N,vehicle,CONFIRMED,0.490,0,448,1280,688,,
2026-09-01T16:12:49.812744+00:00,C-014,Naroda Circle Junction,Ahmedabad,Home (Traffic),TR01M1K1DMBSHZZP5NTZ6DG18P0N,vehicle,CONFIRMED,0.490,16,448,1280,688,,
2026-09-01T16:12:49.946077+00:00,C-014,Naroda Circle Junction,Ahmedabad,Home (Traffic),TR01M1K1DMBSHZZP5NTZ6DG18P0N,vehicle,CONFIRMED,0.490,16,448,1280,688,,
2026-09-01T16:12:50.079410+00:00,C-014,Naroda Circle Junction,Ahmedabad,Home (Traffic),TR01M1K1DMBSHZZP5NTZ6DG18P0N,vehicle,CONFIRMED,0.490,32,448,1280,688,,
2026-09-01T16:12:50.212744+00:00,C-014,Naroda Circle Junction,Ahmedabad,Home (Traffic),TR01M1K1DMBSHZZP5NTZ6DG18P0N,vehicle,CONFIRMED,0.490,48,448,1280,688,,
2026-09-01T16:12:50.346077+00:00,C-014,Naroda Circle Junction,Ahmedabad,Home (Traffic),TR01M1K1DMBSHZZP5NTZ6DG18P0N,vehicle,CONFIRMED,0.490,64,448,1280,664,,
2026-09-01T16:12:50.479410+00:00,C-014,Naroda Circle Junction,Ahmedabad,Home (Traffic),TR01M1K1DMBSHZZP5NTZ6DG18P0N,vehicle,CONFIRMED,0.490,64,448,1280,664,,
2026-09-01T16:12:50.612744+00:00,C-014,Naroda Circle Junction,Ahmedabad,Home (Traffic),TR01M1K1DMBSHZZP5NTZ6DG18P0N,vehicle,CONFIRMED,0.490,88,448,1280,648,,
2026-09-01T16:12:50.746077+00:00,C-014,Naroda Circle Junction,Ahmedabad,Home (Traffic),TR01M1K1DMBSHZZP5NTZ6DG18P0N,vehicle,CONFIRMED,0.490,104,448,1280,648,,
2026-09-01T16:12:50.879410+00:00,C-014,Naroda Circle Junction,Ahmedabad,Home (Traffic),TR01M1K1DMBSHZZP5NTZ6DG18P0N,vehicle,CONFIRMED,0.479,120,448,1280,648,,
2026-09-01T16:12:51.012744+00:00,C-014,Naroda Circle Junction,Ahmedabad,Home (Traffic),TR01M1K1DMBSHZZP5NTZ6DG18P0N,vehicle,CONFIRMED,0.471,168,448,1280,648,,
2026-09-01T16:12:51.146077+00:00,C-014,Naroda Circle Junction,Ahmedabad,Home (Traffic),TR01M1K1DMBSHZZP5NTZ6DG18P0N,vehicle,CONFIRMED,0.456,184,448,1280,648,,
2026-09-01T16:12:51.279410+00:00,C-014,Naroda Circle Junction,Ahmedabad,Home (Traffic),TR01M1K1DMBSHZZP5NTZ6DG18P0N,vehicle,CONFIRMED,0.443,208,448,1280,648,,
2026-09-01T16:12:51.412744+00:00,C-014,Naroda Circle Junction,Ahmedabad,Home (Traffic),TR01M1K1DMBSHZZP5NTZ6DG18P0N,vehicle,CONFIRMED,0.434,248,448,1280,648,,
2026-09-01T16:12:51.546077+00:00,C-014,Naroda Circle Junction,Ahmedabad,Home (Traffic),TR01M1K1DMBSHZZP5NTZ6DG18P0N,vehicle,CONFIRMED,0.425,288,448,1280,648,,
2026-09-01T16:12:51.679410+00:00,C-014,Naroda Circle Junction,Ahmedabad,Home (Traffic),TR01M1K1DMBSHZZP5NTZ6DG18P0N,vehicle,CONFIRMED,0.415,320,448,1280,648,,
2026-09-01T16:12:51.812744+00:00,C-014,Naroda Circle Junction,Ahmedabad,Home (Traffic),TR01M1K1DMBSHZZP5NTZ6DG18P0N,vehicle,CONFIRMED,0.403,344,448,1280,648,,
2026-09-01T16:12:51.946077+00:00,C-014,Naroda Circle Junction,Ahmedabad,Home (Traffic),TR01M1K1DMBSHZZP5NTZ6DG18P0N,vehicle,CONFIRMED,0.397,392,448,1280,648,,
2026-09-01T16:12:52.079410+00:00,C-014,Naroda Circle Junction,Ahmedabad,Home (Traffic),TR01M1K1DMBSHZZP5NTZ6DG18P0N,vehicle,CONFIRMED,0.389,432,448,1280,648,,
2026-09-01T16:12:52.212744+00:00,C-014,Naroda Circle Junction,Ahmedabad,Home (Traffic),TR01M1K1DMBSHZZP5NTZ6DG18P0N,vehicle,CONFIRMED,0.376,440,448,1280,648,,
2026-09-01T16:12:52.346077+00:00,C-014,Naroda Circle Junction,Ahmedabad,Home (Traffic),TR01M1K1DMBSHZZP5NTZ6DG18P0N,vehicle,CONFIRMED,0.415,488,504,1280,640,,
2026-09-01T16:12:52.479410+00:00,C-014,Naroda Circle Junction,Ahmedabad,Home (Traffic),TR01M1K1DMBSHZZP5NTZ6DG18P0N,vehicle,CONFIRMED,0.416,512,512,1280,640,,
2026-09-01T16:12:52.612744+00:00,C-014,Naroda Circle Junction,Ahmedabad,Home (Traffic),TR01M1K1DMBSHZZP5NTZ6DG18P0N,vehicle,CONFIRMED,0.406,544,512,1280,640,,
2026-09-01T16:12:52.746077+00:00,C-014,Naroda Circle Junction,Ahmedabad,Home (Traffic),TR01M1K1DMBSHZZP5NTZ6DG18P0N,vehicle,CONFIRMED,0.399,584,512,1280,640,,
2026-09-01T16:12:52.879410+00:00,C-014,Naroda Circle Junction,Ahmedabad,Home (Traffic),TR01M1K1DMBSHZZP5NTZ6DG18P0N,vehicle,CONFIRMED,0.392,624,512,1280,640,,
2026-09-01T16:12:52.879410+00:00,C-014,Naroda Circle Junction,Ahmedabad,Home (Traffic),TR01M1K1E3EN9R6QHGX2TJS7XG9Z,vehicle,CONFIRMED,0.646,0,552,144,720,,
2026-09-01T16:12:53.012744+00:00,C-014,Naroda Circle Junction,Ahmedabad,Home (Traffic),TR01M1K1DMBSHZZP5NTZ6DG18P0N,vehicle,CONFIRMED,0.381,648,512,1280,640,,
2026-09-01T16:12:53.012744+00:00,C-014,Naroda Circle Junction,Ahmedabad,Home (Traffic),TR01M1K1E3EN9R6QHGX2TJS7XG9Z,vehicle,CONFIRMED,0.801,0,552,184,720,,
2026-09-01T16:12:53.146077+00:00,C-014,Naroda Circle Junction,Ahmedabad,Home (Traffic),TR01M1K1DMBSHZZP5NTZ6DG18P0N,vehicle,CONFIRMED,0.371,672,512,1280,640,,
2026-09-01T16:12:53.146077+00:00,C-014,Naroda Circle Junction,Ahmedabad,Home (Traffic),TR01M1K1E3EN9R6QHGX2TJS7XG9Z,vehicle,CONFIRMED,0.828,0,552,216,720,,
2026-09-01T16:12:53.279410+00:00,C-014,Naroda Circle Junction,Ahmedabad,Home (Traffic),TR01M1K1DMBSHZZP5NTZ6DG18P0N,vehicle,CONFIRMED,0.364,712,512,1280,640,,
2026-09-01T16:12:53.279410+00:00,C-014,Naroda Circle Junction,Ahmedabad,Home (Traffic),TR01M1K1E3EN9R6QHGX2TJS7XG9Z,vehicle,CONFIRMED,0.847,0,552,248,720,,
2026-09-01T16:12:53.412744+00:00,C-014,Naroda Circle Junction,Ahmedabad,Home (Traffic),TR01M1K1DMBSHZZP5NTZ6DG18P0N,vehicle,CONFIRMED,0.380,744,536,1280,640,,
2026-09-01T16:12:53.412744+00:00,C-014,Naroda Circle Junction,Ahmedabad,Home (Traffic),TR01M1K1E3EN9R6QHGX2TJS7XG9Z,vehicle,CONFIRMED,0.848,0,552,288,720,,
2026-09-01T16:12:53.546077+00:00,C-014,Naroda Circle Junction,Ahmedabad,Home (Traffic),TR01M1K1DMBSHZZP5NTZ6DG18P0N,vehicle,CONFIRMED,0.372,776,536,1280,640,,
2026-09-01T16:12:53.546077+00:00,C-014,Naroda Circle Junction,Ahmedabad,Home (Traffic),TR01M1K1E3EN9R6QHGX2TJS7XG9Z,vehicle,CONFIRMED,0.840,0,552,320,720,,
2026-09-01T16:12:53.679410+00:00,C-014,Naroda Circle Junction,Ahmedabad,Home (Traffic),TR01M1K1DMBSHZZP5NTZ6DG18P0N,vehicle,CONFIRMED,0.374,816,536,1280,616,,
2026-09-01T16:12:53.679410+00:00,C-014,Naroda Circle Junction,Ahmedabad,Home (Traffic),TR01M1K1E3EN9R6QHGX2TJS7XG9Z,vehicle,CONFIRMED,0.850,0,552,352,720,,
2026-09-01T16:12:53.812744+00:00,C-014,Naroda Circle Junction,Ahmedabad,Home (Traffic),TR01M1K1DMBSHZZP5NTZ6DG18P0N,vehicle,CONFIRMED,0.366,848,536,1280,616,,
2026-09-01T16:12:53.812744+00:00,C-014,Naroda Circle Junction,Ahmedabad,Home (Traffic),TR01M1K1E3EN9R6QHGX2TJS7XG9Z,vehicle,CONFIRMED,0.858,0,552,392,720,,
2026-09-01T16:12:53.946077+00:00,C-014,Naroda Circle Junction,Ahmedabad,Home (Traffic),TR01M1K1DMBSHZZP5NTZ6DG18P0N,vehicle,CONFIRMED,0.358,880,536,1280,616,,
2026-09-01T16:12:53.946077+00:00,C-014,Naroda Circle Junction,Ahmedabad,Home (Traffic),TR01M1K1E3EN9R6QHGX2TJS7XG9Z,vehicle,CONFIRMED,0.846,0,552,424,720,,
2026-09-01T16:12:54.079410+00:00,C-014,Naroda Circle Junction,Ahmedabad,Home (Traffic),TR01M1K1DMBSHZZP5NTZ6DG18P0N,vehicle,CONFIRMED,0.349,904,536,1280,616,,
2026-09-01T16:12:54.079410+00:00,C-014,Naroda Circle Junction,Ahmedabad,Home (Traffic),TR01M1K1E3EN9R6QHGX2TJS7XG9Z,vehicle,CONFIRMED,0.859,0,552,464,720,,
2026-09-01T16:12:54.212744+00:00,C-014,Naroda Circle Junction,Ahmedabad,Home (Traffic),TR01M1K1DMBSHZZP5NTZ6DG18P0N,vehicle,CONFIRMED,0.342,936,536,1280,616,,
2026-09-01T16:12:54.212744+00:00,C-014,Naroda Circle Junction,Ahmedabad,Home (Traffic),TR01M1K1E3EN9R6QHGX2TJS7XG9Z,vehicle,CONFIRMED,0.859,0,448,496,720,,
2026-09-01T16:12:54.346077+00:00,C-014,Naroda Circle Junction,Ahmedabad,Home (Traffic),TR01M1K1DMBSHZZP5NTZ6DG18P0N,vehicle,CONFIRMED,0.335,968,536,1280,616,,
2026-09-01T16:12:54.346077+00:00,C-014,Naroda Circle Junction,Ahmedabad,Home (Traffic),TR01M1K1E3EN9R6QHGX2TJS7XG9Z,vehicle,CONFIRMED,0.855,0,448,528,720,,
2026-09-01T16:12:54.479410+00:00,C-014,Naroda Circle Junction,Ahmedabad,Home (Traffic),TR01M1K1DMBSHZZP5NTZ6DG18P0N,vehicle,CONFIRMED,0.359,1008,536,1280,592,,
2026-09-01T16:12:54.479410+00:00,C-014,Naroda Circle Junction,Ahmedabad,Home (Traffic),TR01M1K1E3EN9R6QHGX2TJS7XG9Z,vehicle,CONFIRMED,0.857,0,448,568,720,,
2026-09-01T16:12:54.612744+00:00,C-014,Naroda Circle Junction,Ahmedabad,Home (Traffic),TR01M1K1DMBSHZZP5NTZ6DG18P0N,vehicle,CONFIRMED,0.354,1048,536,1280,592,,
2026-09-01T16:12:54.612744+00:00,C-014,Naroda Circle Junction,Ahmedabad,Home (Traffic),TR01M1K1E3EN9R6QHGX2TJS7XG9Z,vehicle,CONFIRMED,0.729,0,448,600,720,,
2026-09-01T16:12:54.612744+00:00,C-014,Naroda Circle Junction,Ahmedabad,Home (Traffic),TR01M1K1E5Y9G96SNNX8Z2XTZ91D,vehicle,CONFIRMED,0.842,0,448,600,720,,
2026-09-01T16:12:54.746077+00:00,C-014,Naroda Circle Junction,Ahmedabad,Home (Traffic),TR01M1K1DMBSHZZP5NTZ6DG18P0N,vehicle,CONFIRMED,0.345,1072,536,1280,592,,
2026-09-01T16:12:54.746077+00:00,C-014,Naroda Circle Junction,Ahmedabad,Home (Traffic),TR01M1K1E3EN9R6QHGX2TJS7XG9Z,vehicle,CONFIRMED,0.492,0,448,632,720,,
2026-09-01T16:12:54.746077+00:00,C-014,Naroda Circle Junction,Ahmedabad,Home (Traffic),TR01M1K1E5Y9G96SNNX8Z2XTZ91D,vehicle,CONFIRMED,0.838,0,448,632,720,,
2026-09-01T16:12:54.879410+00:00,C-014,Naroda Circle Junction,Ahmedabad,Home (Traffic),TR01M1K1DMBSHZZP5NTZ6DG18P0N,vehicle,CONFIRMED,0.346,1112,544,1280,592,,
2026-09-01T16:12:54.879410+00:00,C-014,Naroda Circle Junction,Ahmedabad,Home (Traffic),TR01M1K1E3EN9R6QHGX2TJS7XG9Z,vehicle,CONFIRMED,0.801,0,448,672,720,,
2026-09-01T16:12:54.879410+00:00,C-014,Naroda Circle Junction,Ahmedabad,Home (Traffic),TR01M1K1E5Y9G96SNNX8Z2XTZ91D,vehicle,CONFIRMED,0.852,0,448,672,720,,
2026-09-01T16:12:55.012744+00:00,C-014,Naroda Circle Junction,Ahmedabad,Home (Traffic),TR01M1K1DMBSHZZP5NTZ6DG18P0N,vehicle,CONFIRMED,0.342,1152,544,1280,576,,
2026-09-01T16:12:55.012744+00:00,C-014,Naroda Circle Junction,Ahmedabad,Home (Traffic),TR01M1K1E3EN9R6QHGX2TJS7XG9Z,vehicle,CONFIRMED,0.490,0,448,704,720,,
2026-09-01T16:12:55.012744+00:00,C-014,Naroda Circle Junction,Ahmedabad,Home (Traffic),TR01M1K1E5Y9G96SNNX8Z2XTZ91D,vehicle,CONFIRMED,0.844,0,448,704,720,,
2026-09-01T16:12:55.146077+00:00,C-014,Naroda Circle Junction,Ahmedabad,Home (Traffic),TR01M1K1DMBSHZZP5NTZ6DG18P0N,vehicle,CONFIRMED,0.334,1184,544,1280,576,,
2026-09-01T16:12:55.146077+00:00,C-014,Naroda Circle Junction,Ahmedabad,Home (Traffic),TR01M1K1E3EN9R6QHGX2TJS7XG9Z,vehicle,CONFIRMED,0.778,0,448,744,720,,
2026-09-01T16:12:55.146077+00:00,C-014,Naroda Circle Junction,Ahmedabad,Home (Traffic),TR01M1K1E5Y9G96SNNX8Z2XTZ91D,vehicle,CONFIRMED,0.857,0,448,744,720,,
2026-09-01T16:12:55.279410+00:00,C-014,Naroda Circle Junction,Ahmedabad,Home (Traffic),TR01M1K1DMBSHZZP5NTZ6DG18P0N,vehicle,CONFIRMED,0.334,1184,544,1280,576,,
2026-09-01T16:12:55.279410+00:00,C-014,Naroda Circle Junction,Ahmedabad,Home (Traffic),TR01M1K1E3EN9R6QHGX2TJS7XG9Z,vehicle,CONFIRMED,0.490,0,448,760,720,,
2026-09-01T16:12:55.279410+00:00,C-014,Naroda Circle Junction,Ahmedabad,Home (Traffic),TR01M1K1E5Y9G96SNNX8Z2XTZ91D,vehicle,CONFIRMED,0.839,0,448,776,720,,
2026-09-01T16:12:55.412744+00:00,C-014,Naroda Circle Junction,Ahmedabad,Home (Traffic),TR01M1K1DMBSHZZP5NTZ6DG18P0N,vehicle,CONFIRMED,0.334,1184,544,1280,576,,
2026-09-01T16:12:55.412744+00:00,C-014,Naroda Circle Junction,Ahmedabad,Home (Traffic),TR01M1K1E3EN9R6QHGX2TJS7XG9Z,vehicle,CONFIRMED,0.590,0,448,792,720,,
2026-09-01T16:12:55.412744+00:00,C-014,Naroda Circle Junction,Ahmedabad,Home (Traffic),TR01M1K1E5Y9G96SNNX8Z2XTZ91D,vehicle,CONFIRMED,0.852,0,448,808,720,,
2026-09-01T16:12:55.546077+00:00,C-014,Naroda Circle Junction,Ahmedabad,Home (Traffic),TR01M1K1DMBSHZZP5NTZ6DG18P0N,vehicle,CONFIRMED,0.334,1184,544,1280,576,,
2026-09-01T16:12:55.546077+00:00,C-014,Naroda Circle Junction,Ahmedabad,Home (Traffic),TR01M1K1E3EN9R6QHGX2TJS7XG9Z,vehicle,CONFIRMED,0.617,0,448,848,720,,
2026-09-01T16:12:55.546077+00:00,C-014,Naroda Circle Junction,Ahmedabad,Home (Traffic),TR01M1K1E5Y9G96SNNX8Z2XTZ91D,vehicle,CONFIRMED,0.863,0,448,848,720,,
2026-09-01T16:12:55.679410+00:00,C-014,Naroda Circle Junction,Ahmedabad,Home (Traffic),TR01M1K1DMBSHZZP5NTZ6DG18P0N,vehicle,CONFIRMED,0.334,1184,544,1280,576,,
2026-09-01T16:12:55.679410+00:00,C-014,Naroda Circle Junction,Ahmedabad,Home (Traffic),TR01M1K1E3EN9R6QHGX2TJS7XG9Z,vehicle,CONFIRMED,0.856,0,448,880,720,,
2026-09-01T16:12:55.679410+00:00,C-014,Naroda Circle Junction,Ahmedabad,Home (Traffic),TR01M1K1E5Y9G96SNNX8Z2XTZ91D,vehicle,CONFIRMED,0.711,0,448,880,720,,
2026-09-01T16:12:55.812744+00:00,C-014,Naroda Circle Junction,Ahmedabad,Home (Traffic),TR01M1K1DMBSHZZP5NTZ6DG18P0N,vehicle,CONFIRMED,0.334,1184,544,1280,576,,
2026-09-01T16:12:55.812744+00:00,C-014,Naroda Circle Junction,Ahmedabad,Home (Traffic),TR01M1K1E3EN9R6QHGX2TJS7XG9Z,vehicle,CONFIRMED,0.853,0,448,920,720,,
2026-09-01T16:12:55.812744+00:00,C-014,Naroda Circle Junction,Ahmedabad,Home (Traffic),TR01M1K1E5Y9G96SNNX8Z2XTZ91D,vehicle,CONFIRMED,0.573,0,448,920,720,,
2026-09-01T16:12:55.946077+00:00,C-014,Naroda Circle Junction,Ahmedabad,Home (Traffic),TR01M1K1DMBSHZZP5NTZ6DG18P0N,vehicle,CONFIRMED,0.334,1184,544,1280,576,,
2026-09-01T16:12:55.946077+00:00,C-014,Naroda Circle Junction,Ahmedabad,Home (Traffic),TR01M1K1E3EN9R6QHGX2TJS7XG9Z,vehicle,CONFIRMED,0.843,0,448,952,720,,
2026-09-01T16:12:55.946077+00:00,C-014,Naroda Circle Junction,Ahmedabad,Home (Traffic),TR01M1K1E5Y9G96SNNX8Z2XTZ91D,vehicle,CONFIRMED,0.726,0,448,952,720,,
2026-09-01T16:12:56.079410+00:00,C-014,Naroda Circle Junction,Ahmedabad,Home (Traffic),TR01M1K1DMBSHZZP5NTZ6DG18P0N,vehicle,CONFIRMED,0.334,1184,544,1280,576,,
2026-09-01T16:12:56.079410+00:00,C-014,Naroda Circle Junction,Ahmedabad,Home (Traffic),TR01M1K1E3EN9R6QHGX2TJS7XG9Z,vehicle,CONFIRMED,0.851,0,448,984,720,,
2026-09-01T16:12:56.079410+00:00,C-014,Naroda Circle Junction,Ahmedabad,Home (Traffic),TR01M1K1E5Y9G96SNNX8Z2XTZ91D,vehicle,CONFIRMED,0.777,0,448,984,720,,
2026-09-01T16:12:56.212744+00:00,C-014,Naroda Circle Junction,Ahmedabad,Home (Traffic),TR01M1K1DMBSHZZP5NTZ6DG18P0N,vehicle,CONFIRMED,0.334,1184,544,1280,576,,
2026-09-01T16:12:56.212744+00:00,C-014,Naroda Circle Junction,Ahmedabad,Home (Traffic),TR01M1K1E3EN9R6QHGX2TJS7XG9Z,vehicle,CONFIRMED,0.844,0,448,1024,720,,
2026-09-01T16:12:56.212744+00:00,C-014,Naroda Circle Junction,Ahmedabad,Home (Traffic),TR01M1K1E5Y9G96SNNX8Z2XTZ91D,vehicle,CONFIRMED,0.721,0,448,1024,720,,
2026-09-01T16:12:56.346077+00:00,C-014,Naroda Circle Junction,Ahmedabad,Home (Traffic),TR01M1K1DMBSHZZP5NTZ6DG18P0N,vehicle,CONFIRMED,0.334,1184,544,1280,576,,
2026-09-01T16:12:56.346077+00:00,C-014,Naroda Circle Junction,Ahmedabad,Home (Traffic),TR01M1K1E3EN9R6QHGX2TJS7XG9Z,vehicle,CONFIRMED,0.852,0,448,1056,720,,
2026-09-01T16:12:56.346077+00:00,C-014,Naroda Circle Junction,Ahmedabad,Home (Traffic),TR01M1K1E5Y9G96SNNX8Z2XTZ91D,vehicle,CONFIRMED,0.736,0,448,1056,720,,
2026-09-01T16:12:56.479410+00:00,C-014,Naroda Circle Junction,Ahmedabad,Home (Traffic),TR01M1K1DMBSHZZP5NTZ6DG18P0N,vehicle,CONFIRMED,0.334,1184,544,1280,576,,
2026-09-01T16:12:56.479410+00:00,C-014,Naroda Circle Junction,Ahmedabad,Home (Traffic),TR01M1K1E3EN9R6QHGX2TJS7XG9Z,vehicle,CONFIRMED,0.842,0,448,1096,720,,
2026-09-01T16:12:56.479410+00:00,C-014,Naroda Circle Junction,Ahmedabad,Home (Traffic),TR01M1K1E5Y9G96SNNX8Z2XTZ91D,vehicle,CONFIRMED,0.745,0,448,1096,720,,
2026-09-01T16:12:56.479410+00:00,C-014,Naroda Circle Junction,Ahmedabad,Home (Traffic),TR01M1K1E9B62NNS0HQNN3RQY8A6,vehicle,TENTATIVE,0.673,0,448,1096,720,,
2026-09-01T16:12:56.612744+00:00,C-014,Naroda Circle Junction,Ahmedabad,Home (Traffic),TR01M1K1DMBSHZZP5NTZ6DG18P0N,vehicle,CONFIRMED,0.334,1184,544,1280,576,,
2026-09-01T16:12:56.612744+00:00,C-014,Naroda Circle Junction,Ahmedabad,Home (Traffic),TR01M1K1E3EN9R6QHGX2TJS7XG9Z,vehicle,CONFIRMED,0.850,0,448,1128,720,,
2026-09-01T16:12:56.612744+00:00,C-014,Naroda Circle Junction,Ahmedabad,Home (Traffic),TR01M1K1E5Y9G96SNNX8Z2XTZ91D,vehicle,CONFIRMED,0.634,0,448,1128,720,,
2026-09-01T16:12:56.612744+00:00,C-014,Naroda Circle Junction,Ahmedabad,Home (Traffic),TR01M1K1E9B62NNS0HQNN3RQY8A6,vehicle,CONFIRMED,0.510,0,448,1112,720,,
2026-09-01T16:12:56.746077+00:00,C-014,Naroda Circle Junction,Ahmedabad,Home (Traffic),TR01M1K1E3EN9R6QHGX2TJS7XG9Z,vehicle,CONFIRMED,0.843,0,448,1160,720,,
2026-09-01T16:12:56.746077+00:00,C-014,Naroda Circle Junction,Ahmedabad,Home (Traffic),TR01M1K1E5Y9G96SNNX8Z2XTZ91D,vehicle,CONFIRMED,0.780,0,448,1160,720,,
2026-09-01T16:12:56.746077+00:00,C-014,Naroda Circle Junction,Ahmedabad,Home (Traffic),TR01M1K1E9B62NNS0HQNN3RQY8A6,vehicle,CONFIRMED,0.780,0,448,1160,720,,
2026-09-01T16:12:56.879410+00:00,C-014,Naroda Circle Junction,Ahmedabad,Home (Traffic),TR01M1K1E3EN9R6QHGX2TJS7XG9Z,vehicle,CONFIRMED,0.858,0,448,1200,720,,
2026-09-01T16:12:56.879410+00:00,C-014,Naroda Circle Junction,Ahmedabad,Home (Traffic),TR01M1K1E5Y9G96SNNX8Z2XTZ91D,vehicle,CONFIRMED,0.783,0,448,1200,720,,
2026-09-01T16:12:56.879410+00:00,C-014,Naroda Circle Junction,Ahmedabad,Home (Traffic),TR01M1K1E9B62NNS0HQNN3RQY8A6,vehicle,CONFIRMED,0.720,0,448,1200,720,,
2026-09-01T16:12:57.012744+00:00,C-014,Naroda Circle Junction,Ahmedabad,Home (Traffic),TR01M1K1E3EN9R6QHGX2TJS7XG9Z,vehicle,CONFIRMED,0.855,0,448,1232,720,,
2026-09-01T16:12:57.012744+00:00,C-014,Naroda Circle Junction,Ahmedabad,Home (Traffic),TR01M1K1E5Y9G96SNNX8Z2XTZ91D,vehicle,CONFIRMED,0.812,0,448,1232,720,,
2026-09-01T16:12:57.012744+00:00,C-014,Naroda Circle Junction,Ahmedabad,Home (Traffic),TR01M1K1E9B62NNS0HQNN3RQY8A6,vehicle,CONFIRMED,0.578,0,448,1232,720,,
2026-09-01T16:12:57.146077+00:00,C-014,Naroda Circle Junction,Ahmedabad,Home (Traffic),TR01M1K1E3EN9R6QHGX2TJS7XG9Z,vehicle,CONFIRMED,0.862,0,448,1272,720,,
2026-09-01T16:12:57.146077+00:00,C-014,Naroda Circle Junction,Ahmedabad,Home (Traffic),TR01M1K1E5Y9G96SNNX8Z2XTZ91D,vehicle,CONFIRMED,0.797,0,448,1272,720,,
2026-09-01T16:12:57.146077+00:00,C-014,Naroda Circle Junction,Ahmedabad,Home (Traffic),TR01M1K1E9B62NNS0HQNN3RQY8A6,vehicle,CONFIRMED,0.652,0,448,1272,720,,
2026-09-01T16:12:57.279410+00:00,C-014,Naroda Circle Junction,Ahmedabad,Home (Traffic),TR01M1K1E3EN9R6QHGX2TJS7XG9Z,vehicle,CONFIRMED,0.797,0,448,1280,720,,
2026-09-01T16:12:57.279410+00:00,C-014,Naroda Circle Junction,Ahmedabad,Home (Traffic),TR01M1K1E5Y9G96SNNX8Z2XTZ91D,vehicle,CONFIRMED,0.589,0,448,1280,720,,
2026-09-01T16:12:57.279410+00:00,C-014,Naroda Circle Junction,Ahmedabad,Home (Traffic),TR01M1K1E9B62NNS0HQNN3RQY8A6,vehicle,CONFIRMED,0.855,0,448,1280,720,,
2026-09-01T16:12:57.412744+00:00,C-014,Naroda Circle Junction,Ahmedabad,Home (Traffic),TR01M1K1E3EN9R6QHGX2TJS7XG9Z,vehicle,CONFIRMED,0.821,0,448,1280,720,,
2026-09-01T16:12:57.412744+00:00,C-014,Naroda Circle Junction,Ahmedabad,Home (Traffic),TR01M1K1E5Y9G96SNNX8Z2XTZ91D,vehicle,CONFIRMED,0.780,0,448,1280,720,,
2026-09-01T16:12:57.412744+00:00,C-014,Naroda Circle Junction,Ahmedabad,Home (Traffic),TR01M1K1E9B62NNS0HQNN3RQY8A6,vehicle,CONFIRMED,0.838,0,448,1280,720,,
2026-09-01T16:12:57.546077+00:00,C-014,Naroda Circle Junction,Ahmedabad,Home (Traffic),TR01M1K1E3EN9R6QHGX2TJS7XG9Z,vehicle,CONFIRMED,0.837,0,448,1280,720,,
2026-09-01T16:12:57.546077+00:00,C-014,Naroda Circle Junction,Ahmedabad,Home (Traffic),TR01M1K1E5Y9G96SNNX8Z2XTZ91D,vehicle,CONFIRMED,0.796,0,448,1280,720,,
2026-09-01T16:12:57.546077+00:00,C-014,Naroda Circle Junction,Ahmedabad,Home (Traffic),TR01M1K1E9B62NNS0HQNN3RQY8A6,vehicle,CONFIRMED,0.692,0,448,1280,720,,
2026-09-01T16:12:57.679410+00:00,C-014,Naroda Circle Junction,Ahmedabad,Home (Traffic),TR01M1K1E3EN9R6QHGX2TJS7XG9Z,vehicle,CONFIRMED,0.815,0,448,1280,720,,
2026-09-01T16:12:57.679410+00:00,C-014,Naroda Circle Junction,Ahmedabad,Home (Traffic),TR01M1K1E5Y9G96SNNX8Z2XTZ91D,vehicle,CONFIRMED,0.751,0,448,1280,720,,
2026-09-01T16:12:57.679410+00:00,C-014,Naroda Circle Junction,Ahmedabad,Home (Traffic),TR01M1K1E9B62NNS0HQNN3RQY8A6,vehicle,CONFIRMED,0.702,0,448,1280,720,,
2026-09-01T16:12:57.812744+00:00,C-014,Naroda Circle Junction,Ahmedabad,Home (Traffic),TR01M1K1E3EN9R6QHGX2TJS7XG9Z,vehicle,CONFIRMED,0.836,0,448,1280,720,,
2026-09-01T16:12:57.812744+00:00,C-014,Naroda Circle Junction,Ahmedabad,Home (Traffic),TR01M1K1E5Y9G96SNNX8Z2XTZ91D,vehicle,CONFIRMED,0.805,0,448,1280,720,,
2026-09-01T16:12:57.812744+00:00,C-014,Naroda Circle Junction,Ahmedabad,Home (Traffic),TR01M1K1E9B62NNS0HQNN3RQY8A6,vehicle,CONFIRMED,0.719,0,448,1280,720,,
2026-09-01T16:12:57.946077+00:00,C-014,Naroda Circle Junction,Ahmedabad,Home (Traffic),TR01M1K1E3EN9R6QHGX2TJS7XG9Z,vehicle,CONFIRMED,0.833,0,448,1280,720,,
2026-09-01T16:12:57.946077+00:00,C-014,Naroda Circle Junction,Ahmedabad,Home (Traffic),TR01M1K1E5Y9G96SNNX8Z2XTZ91D,vehicle,CONFIRMED,0.826,0,448,1280,720,,
2026-09-01T16:12:57.946077+00:00,C-014,Naroda Circle Junction,Ahmedabad,Home (Traffic),TR01M1K1E9B62NNS0HQNN3RQY8A6,vehicle,CONFIRMED,0.719,0,448,1280,720,,
2026-09-01T16:12:58.079410+00:00,C-014,Naroda Circle Junction,Ahmedabad,Home (Traffic),TR01M1K1E3EN9R6QHGX2TJS7XG9Z,vehicle,CONFIRMED,0.838,0,448,1280,720,,
2026-09-01T16:12:58.079410+00:00,C-014,Naroda Circle Junction,Ahmedabad,Home (Traffic),TR01M1K1E5Y9G96SNNX8Z2XTZ91D,vehicle,CONFIRMED,0.782,0,448,1280,720,,
2026-09-01T16:12:58.079410+00:00,C-014,Naroda Circle Junction,Ahmedabad,Home (Traffic),TR01M1K1E9B62NNS0HQNN3RQY8A6,vehicle,CONFIRMED,0.719,0,448,1280,720,,
2026-09-01T16:12:58.212744+00:00,C-014,Naroda Circle Junction,Ahmedabad,Home (Traffic),TR01M1K1E3EN9R6QHGX2TJS7XG9Z,vehicle,CONFIRMED,0.832,0,448,1280,720,,
2026-09-01T16:12:58.212744+00:00,C-014,Naroda Circle Junction,Ahmedabad,Home (Traffic),TR01M1K1E5Y9G96SNNX8Z2XTZ91D,vehicle,CONFIRMED,0.579,0,448,1280,720,,
2026-09-01T16:12:58.212744+00:00,C-014,Naroda Circle Junction,Ahmedabad,Home (Traffic),TR01M1K1E9B62NNS0HQNN3RQY8A6,vehicle,CONFIRMED,0.719,0,448,1280,720,,
2026-09-01T16:12:58.346077+00:00,C-014,Naroda Circle Junction,Ahmedabad,Home (Traffic),TR01M1K1E3EN9R6QHGX2TJS7XG9Z,vehicle,CONFIRMED,0.824,0,448,1280,720,,
2026-09-01T16:12:58.346077+00:00,C-014,Naroda Circle Junction,Ahmedabad,Home (Traffic),TR01M1K1E5Y9G96SNNX8Z2XTZ91D,vehicle,CONFIRMED,0.793,0,448,1280,720,,
2026-09-01T16:12:58.346077+00:00,C-014,Naroda Circle Junction,Ahmedabad,Home (Traffic),TR01M1K1E9B62NNS0HQNN3RQY8A6,vehicle,CONFIRMED,0.719,0,448,1280,720,,
2026-09-01T16:14:23.060457+00:00,C-021,GSRTC Depot Gate 2,Ahmedabad,GSRTC,TR01M1K1EFSTF94YXWNSH7A7FJ93,vehicle,TENTATIVE,0.646,0,552,152,720,,
2026-09-01T16:14:23.143790+00:00,C-021,GSRTC Depot Gate 2,Ahmedabad,GSRTC,TR01M1K1EFSTF94YXWNSH7A7FJ93,vehicle,CONFIRMED,0.664,0,552,176,720,,
2026-09-01T16:14:23.310457+00:00,C-021,GSRTC Depot Gate 2,Ahmedabad,GSRTC,TR01M1K1EFSTF94YXWNSH7A7FJ93,vehicle,CONFIRMED,0.822,0,552,216,720,,
2026-09-01T16:14:23.393790+00:00,C-021,GSRTC Depot Gate 2,Ahmedabad,GSRTC,TR01M1K1EFSTF94YXWNSH7A7FJ93,vehicle,CONFIRMED,0.835,0,552,240,720,,
2026-09-01T16:14:23.560457+00:00,C-021,GSRTC Depot Gate 2,Ahmedabad,GSRTC,TR01M1K1EFSTF94YXWNSH7A7FJ93,vehicle,CONFIRMED,0.852,0,552,288,720,,
2026-09-01T16:14:23.643790+00:00,C-021,GSRTC Depot Gate 2,Ahmedabad,GSRTC,TR01M1K1EFSTF94YXWNSH7A7FJ93,vehicle,CONFIRMED,0.833,0,552,312,720,,
2026-09-01T16:14:23.810457+00:00,C-021,GSRTC Depot Gate 2,Ahmedabad,GSRTC,TR01M1K1EFSTF94YXWNSH7A7FJ93,vehicle,CONFIRMED,0.851,0,552,360,720,,
2026-09-01T16:14:23.893790+00:00,C-021,GSRTC Depot Gate 2,Ahmedabad,GSRTC,TR01M1K1EFSTF94YXWNSH7A7FJ93,vehicle,CONFIRMED,0.836,0,552,384,720,,
2026-09-01T16:14:24.060457+00:00,C-021,GSRTC Depot Gate 2,Ahmedabad,GSRTC,TR01M1K1EFSTF94YXWNSH7A7FJ93,vehicle,CONFIRMED,0.858,0,552,432,720,,
2026-09-01T16:14:24.143790+00:00,C-021,GSRTC Depot Gate 2,Ahmedabad,GSRTC,TR01M1K1EFSTF94YXWNSH7A7FJ93,vehicle,CONFIRMED,0.849,0,552,456,720,,
2026-09-01T16:14:24.310457+00:00,C-021,GSRTC Depot Gate 2,Ahmedabad,GSRTC,TR01M1K1EFSTF94YXWNSH7A7FJ93,vehicle,CONFIRMED,0.839,0,552,504,720,,
2026-09-01T16:14:24.393790+00:00,C-021,GSRTC Depot Gate 2,Ahmedabad,GSRTC,TR01M1K1EFSTF94YXWNSH7A7FJ93,vehicle,CONFIRMED,0.855,0,552,528,720,,
2026-09-01T16:14:24.560457+00:00,C-021,GSRTC Depot Gate 2,Ahmedabad,GSRTC,TR01M1K1EFSTF94YXWNSH7A7FJ93,vehicle,CONFIRMED,0.849,32,552,576,720,,
2026-09-01T16:14:24.727124+00:00,C-021,GSRTC Depot Gate 2,Ahmedabad,GSRTC,TR01M1K1EFSTF94YXWNSH7A7FJ93,vehicle,CONFIRMED,0.853,0,552,624,720,,
2026-09-01T16:14:24.893790+00:00,C-021,GSRTC Depot Gate 2,Ahmedabad,GSRTC,TR01M1K1EFSTF94YXWNSH7A7FJ93,vehicle,CONFIRMED,0.852,8,552,672,720,,
2026-09-01T16:14:24.977124+00:00,C-021,GSRTC Depot Gate 2,Ahmedabad,GSRTC,TR01M1K1EFSTF94YXWNSH7A7FJ93,vehicle,CONFIRMED,0.837,0,552,696,720,,
2026-09-01T16:14:25.143790+00:00,C-021,GSRTC Depot Gate 2,Ahmedabad,GSRTC,TR01M1K1EFSTF94YXWNSH7A7FJ93,vehicle,CONFIRMED,0.848,40,552,744,720,,
2026-09-01T16:14:25.227124+00:00,C-021,GSRTC Depot Gate 2,Ahmedabad,GSRTC,TR01M1K1EFSTF94YXWNSH7A7FJ93,vehicle,CONFIRMED,0.843,48,552,768,720,,
2026-09-01T16:14:25.393790+00:00,C-021,GSRTC Depot Gate 2,Ahmedabad,GSRTC,TR01M1K1EFSTF94YXWNSH7A7FJ93,vehicle,CONFIRMED,0.853,104,552,816,720,,
2026-09-01T16:14:25.477124+00:00,C-021,GSRTC Depot Gate 2,Ahmedabad,GSRTC,TR01M1K1EFSTF94YXWNSH7A7FJ93,vehicle,CONFIRMED,0.845,280,552,840,720,,
2026-09-01T16:14:25.643790+00:00,C-021,GSRTC Depot Gate 2,Ahmedabad,GSRTC,TR01M1K1EFSTF94YXWNSH7A7FJ93,vehicle,CONFIRMED,0.844,208,552,888,720,,
2026-09-01T16:14:25.727124+00:00,C-021,GSRTC Depot Gate 2,Ahmedabad,GSRTC,TR01M1K1EFSTF94YXWNSH7A7FJ93,vehicle,CONFIRMED,0.853,208,552,912,720,,
2026-09-01T16:14:25.893790+00:00,C-021,GSRTC Depot Gate 2,Ahmedabad,GSRTC,TR01M1K1EFSTF94YXWNSH7A7FJ93,vehicle,CONFIRMED,0.847,296,552,960,720,,
2026-09-01T16:14:25.977124+00:00,C-021,GSRTC Depot Gate 2,Ahmedabad,GSRTC,TR01M1K1EFSTF94YXWNSH7A7FJ93,vehicle,CONFIRMED,0.847,296,552,984,720,,
2026-09-01T16:14:26.143790+00:00,C-021,GSRTC Depot Gate 2,Ahmedabad,GSRTC,TR01M1K1EFSTF94YXWNSH7A7FJ93,vehicle,CONFIRMED,0.843,400,552,1032,720,,
2026-09-01T16:14:26.227124+00:00,C-021,GSRTC Depot Gate 2,Ahmedabad,GSRTC,TR01M1K1EFSTF94YXWNSH7A7FJ93,vehicle,CONFIRMED,0.851,416,552,1056,720,,
2026-09-01T16:14:26.393790+00:00,C-021,GSRTC Depot Gate 2,Ahmedabad,GSRTC,TR01M1K1EFSTF94YXWNSH7A7FJ93,vehicle,CONFIRMED,0.850,488,552,1104,720,,
2026-09-01T16:14:26.477124+00:00,C-021,GSRTC Depot Gate 2,Ahmedabad,GSRTC,TR01M1K1EFSTF94YXWNSH7A7FJ93,vehicle,CONFIRMED,0.848,416,552,1128,720,,
2026-09-01T16:14:26.643790+00:00,C-021,GSRTC Depot Gate 2,Ahmedabad,GSRTC,TR01M1K1EFSTF94YXWNSH7A7FJ93,vehicle,CONFIRMED,0.845,488,552,1176,720,,
2026-09-01T16:14:26.727124+00:00,C-021,GSRTC Depot Gate 2,Ahmedabad,GSRTC,TR01M1K1EFSTF94YXWNSH7A7FJ93,vehicle,CONFIRMED,0.864,512,552,1200,720,,
2026-09-01T16:14:26.893790+00:00,C-021,GSRTC Depot Gate 2,Ahmedabad,GSRTC,TR01M1K1EFSTF94YXWNSH7A7FJ93,vehicle,CONFIRMED,0.849,512,552,1248,720,,
2026-09-01T16:14:26.977124+00:00,C-021,GSRTC Depot Gate 2,Ahmedabad,GSRTC,TR01M1K1EFSTF94YXWNSH7A7FJ93,vehicle,CONFIRMED,0.848,600,552,1272,720,,
2026-09-01T16:14:27.143790+00:00,C-021,GSRTC Depot Gate 2,Ahmedabad,GSRTC,TR01M1K1EFSTF94YXWNSH7A7FJ93,vehicle,CONFIRMED,0.844,624,552,1280,720,,
2026-09-01T16:14:27.227124+00:00,C-021,GSRTC Depot Gate 2,Ahmedabad,GSRTC,TR01M1K1EFSTF94YXWNSH7A7FJ93,vehicle,CONFIRMED,0.827,680,552,1280,720,,
2026-09-01T16:14:27.393790+00:00,C-021,GSRTC Depot Gate 2,Ahmedabad,GSRTC,TR01M1K1EFSTF94YXWNSH7A7FJ93,vehicle,CONFIRMED,0.833,656,552,1280,720,,
2026-09-01T16:14:27.477124+00:00,C-021,GSRTC Depot Gate 2,Ahmedabad,GSRTC,TR01M1K1EFSTF94YXWNSH7A7FJ93,vehicle,CONFIRMED,0.817,728,552,1280,720,,
2026-09-01T16:14:27.643790+00:00,C-021,GSRTC Depot Gate 2,Ahmedabad,GSRTC,TR01M1K1EFSTF94YXWNSH7A7FJ93,vehicle,CONFIRMED,0.356,752,552,1280,720,,
2026-09-01T16:14:27.727124+00:00,C-021,GSRTC Depot Gate 2,Ahmedabad,GSRTC,TR01M1K1EFSTF94YXWNSH7A7FJ93,vehicle,CONFIRMED,0.307,752,552,1280,720,,
2026-09-01T16:14:27.893790+00:00,C-021,GSRTC Depot Gate 2,Ahmedabad,GSRTC,TR01M1K1EFSTF94YXWNSH7A7FJ93,vehicle,CONFIRMED,0.248,760,560,1280,688,,
2026-09-01T16:14:27.977124+00:00,C-021,GSRTC Depot Gate 2,Ahmedabad,GSRTC,TR01M1K1EFSTF94YXWNSH7A7FJ93,vehicle,CONFIRMED,0.248,760,560,1280,688,,
2026-09-01T16:14:28.143790+00:00,C-021,GSRTC Depot Gate 2,Ahmedabad,GSRTC,TR01M1K1EFSTF94YXWNSH7A7FJ93,vehicle,CONFIRMED,0.248,760,560,1280,688,,
2026-09-01T16:14:28.227124+00:00,C-021,GSRTC Depot Gate 2,Ahmedabad,GSRTC,TR01M1K1EFSTF94YXWNSH7A7FJ93,vehicle,CONFIRMED,0.248,760,560,1280,688,,
2026-09-01T16:14:28.393790+00:00,C-021,GSRTC Depot Gate 2,Ahmedabad,GSRTC,TR01M1K1EFSTF94YXWNSH7A7FJ93,vehicle,CONFIRMED,0.248,760,560,1280,688,,
2026-09-01T16:14:28.477124+00:00,C-021,GSRTC Depot Gate 2,Ahmedabad,GSRTC,TR01M1K1EFSTF94YXWNSH7A7FJ93,vehicle,CONFIRMED,0.248,760,560,1280,688,,
2026-09-01T16:14:28.643790+00:00,C-021,GSRTC Depot Gate 2,Ahmedabad,GSRTC,TR01M1K1EFSTF94YXWNSH7A7FJ93,vehicle,CONFIRMED,0.248,760,560,1280,688,,
2026-09-01T16:14:28.810457+00:00,C-021,GSRTC Depot Gate 2,Ahmedabad,GSRTC,TR01M1K1EFSTF94YXWNSH7A7FJ93,vehicle,CONFIRMED,0.248,760,560,1280,688,,
2026-09-01T16:14:28.893790+00:00,C-021,GSRTC Depot Gate 2,Ahmedabad,GSRTC,TR01M1K1EFSTF94YXWNSH7A7FJ93,vehicle,CONFIRMED,0.248,760,560,1280,688,,
2026-09-01T16:14:29.060457+00:00,C-021,GSRTC Depot Gate 2,Ahmedabad,GSRTC,TR01M1K1EFSTF94YXWNSH7A7FJ93,vehicle,CONFIRMED,0.248,760,560,1280,688,,
2026-09-01T16:14:29.060457+00:00,C-021,GSRTC Depot Gate 2,Ahmedabad,GSRTC,TR01M1K1EQ1CM6TMVTK5B3MWA4YY,vehicle,TENTATIVE,0.669,0,552,136,720,,
2026-09-01T16:14:29.143790+00:00,C-021,GSRTC Depot Gate 2,Ahmedabad,GSRTC,TR01M1K1EFSTF94YXWNSH7A7FJ93,vehicle,CONFIRMED,0.248,760,560,1280,688,,
2026-09-01T16:14:29.143790+00:00,C-021,GSRTC Depot Gate 2,Ahmedabad,GSRTC,TR01M1K1EQ1CM6TMVTK5B3MWA4YY,vehicle,CONFIRMED,0.796,0,552,160,720,,
2026-09-01T16:14:29.310457+00:00,C-021,GSRTC Depot Gate 2,Ahmedabad,GSRTC,TR01M1K1EFSTF94YXWNSH7A7FJ93,vehicle,CONFIRMED,0.248,760,560,1280,688,,
2026-09-01T16:14:29.310457+00:00,C-021,GSRTC Depot Gate 2,Ahmedabad,GSRTC,TR01M1K1EQ1CM6TMVTK5B3MWA4YY,vehicle,CONFIRMED,0.760,0,552,200,720,,
2026-09-01T16:14:29.393790+00:00,C-021,GSRTC Depot Gate 2,Ahmedabad,GSRTC,TR01M1K1EQ1CM6TMVTK5B3MWA4YY,vehicle,CONFIRMED,0.861,0,552,224,720,,
2026-09-01T16:14:29.560457+00:00,C-021,GSRTC Depot Gate 2,Ahmedabad,GSRTC,TR01M1K1EQ1CM6TMVTK5B3MWA4YY,vehicle,CONFIRMED,0.859,0,552,264,720,,
2026-09-01T16:14:29.643790+00:00,C-021,GSRTC Depot Gate 2,Ahmedabad,GSRTC,TR01M1K1EQ1CM6TMVTK5B3MWA4YY,vehicle,CONFIRMED,0.854,0,552,288,720,,
2026-09-01T16:14:29.810457+00:00,C-021,GSRTC Depot Gate 2,Ahmedabad,GSRTC,TR01M1K1EQ1CM6TMVTK5B3MWA4YY,vehicle,CONFIRMED,0.855,0,552,336,720,,
2026-09-01T16:14:29.893790+00:00,C-021,GSRTC Depot Gate 2,Ahmedabad,GSRTC,TR01M1K1EQ1CM6TMVTK5B3MWA4YY,vehicle,CONFIRMED,0.849,0,552,352,720,,
2026-09-01T16:14:30.060457+00:00,C-021,GSRTC Depot Gate 2,Ahmedabad,GSRTC,TR01M1K1EQ1CM6TMVTK5B3MWA4YY,vehicle,CONFIRMED,0.858,0,552,400,720,,
2026-09-01T16:14:30.143790+00:00,C-021,GSRTC Depot Gate 2,Ahmedabad,GSRTC,TR01M1K1EQ1CM6TMVTK5B3MWA4YY,vehicle,CONFIRMED,0.851,0,552,424,720,,
2026-09-01T16:14:30.310457+00:00,C-021,GSRTC Depot Gate 2,Ahmedabad,GSRTC,TR01M1K1EQ1CM6TMVTK5B3MWA4YY,vehicle,CONFIRMED,0.855,0,448,464,720,,
2026-09-01T16:14:30.393790+00:00,C-021,GSRTC Depot Gate 2,Ahmedabad,GSRTC,TR01M1K1EQ1CM6TMVTK5B3MWA4YY,vehicle,CONFIRMED,0.871,0,448,488,720,,
2026-09-01T16:14:30.560457+00:00,C-021,GSRTC Depot Gate 2,Ahmedabad,GSRTC,TR01M1K1EQ1CM6TMVTK5B3MWA4YY,vehicle,CONFIRMED,0.850,0,448,528,720,,
2026-09-01T16:14:30.643790+00:00,C-021,GSRTC Depot Gate 2,Ahmedabad,GSRTC,TR01M1K1EQ1CM6TMVTK5B3MWA4YY,vehicle,CONFIRMED,0.850,0,448,552,720,,
2026-09-01T16:14:30.643790+00:00,C-021,GSRTC Depot Gate 2,Ahmedabad,GSRTC,TR01M1K1ES1XTSCT3A10RX61WS9H,vehicle,TENTATIVE,0.677,0,448,552,720,,
2026-09-01T16:14:30.810457+00:00,C-021,GSRTC Depot Gate 2,Ahmedabad,GSRTC,TR01M1K1EQ1CM6TMVTK5B3MWA4YY,vehicle,CONFIRMED,0.682,0,448,600,720,,
2026-09-01T16:14:30.810457+00:00,C-021,GSRTC Depot Gate 2,Ahmedabad,GSRTC,TR01M1K1ES1XTSCT3A10RX61WS9H,vehicle,CONFIRMED,0.851,0,448,600,720,,
2026-09-01T16:14:30.893790+00:00,C-021,GSRTC Depot Gate 2,Ahmedabad,GSRTC,TR01M1K1EQ1CM6TMVTK5B3MWA4YY,vehicle,CONFIRMED,0.830,0,448,616,720,,
2026-09-01T16:14:30.893790+00:00,C-021,GSRTC Depot Gate 2,Ahmedabad,GSRTC,TR01M1K1ES1XTSCT3A10RX61WS9H,vehicle,CONFIRMED,0.855,0,448,616,720,,
2026-09-01T16:14:31.060457+00:00,C-021,GSRTC Depot Gate 2,Ahmedabad,GSRTC,TR01M1K1EQ1CM6TMVTK5B3MWA4YY,vehicle,CONFIRMED,0.814,0,448,664,720,,
2026-09-01T16:14:31.060457+00:00,C-021,GSRTC Depot Gate 2,Ahmedabad,GSRTC,TR01M1K1ES1XTSCT3A10RX61WS9H,vehicle,CONFIRMED,0.853,0,448,664,720,,
2026-09-01T16:14:31.143790+00:00,C-021,GSRTC Depot Gate 2,Ahmedabad,GSRTC,TR01M1K1EQ1CM6TMVTK5B3MWA4YY,vehicle,CONFIRMED,0.820,0,448,688,720,,
2026-09-01T16:14:31.143790+00:00,C-021,GSRTC Depot Gate 2,Ahmedabad,GSRTC,TR01M1K1ES1XTSCT3A10RX61WS9H,vehicle,CONFIRMED,0.865,0,448,688,720,,
2026-09-01T16:14:31.310457+00:00,C-021,GSRTC Depot Gate 2,Ahmedabad,GSRTC,TR01M1K1EQ1CM6TMVTK5B3MWA4YY,vehicle,CONFIRMED,0.833,0,448,728,720,,
2026-09-01T16:14:31.310457+00:00,C-021,GSRTC Depot Gate 2,Ahmedabad,GSRTC,TR01M1K1ES1XTSCT3A10RX61WS9H,vehicle,CONFIRMED,0.841,0,448,728,720,,
2026-09-01T16:14:31.393790+00:00,C-021,GSRTC Depot Gate 2,Ahmedabad,GSRTC,TR01M1K1EQ1CM6TMVTK5B3MWA4YY,vehicle,CONFIRMED,0.831,0,448,752,720,,
2026-09-01T16:14:31.393790+00:00,C-021,GSRTC Depot Gate 2,Ahmedabad,GSRTC,TR01M1K1ES1XTSCT3A10RX61WS9H,vehicle,CONFIRMED,0.856,0,448,752,720,,
2026-09-01T16:14:31.560457+00:00,C-021,GSRTC Depot Gate 2,Ahmedabad,GSRTC,TR01M1K1EQ1CM6TMVTK5B3MWA4YY,vehicle,CONFIRMED,0.824,0,448,792,720,,
2026-09-01T16:14:31.560457+00:00,C-021,GSRTC Depot Gate 2,Ahmedabad,GSRTC,TR01M1K1ES1XTSCT3A10RX61WS9H,vehicle,CONFIRMED,0.848,0,448,792,720,,
2026-09-01T16:14:31.643790+00:00,C-021,GSRTC Depot Gate 2,Ahmedabad,GSRTC,TR01M1K1EQ1CM6TMVTK5B3MWA4YY,vehicle,CONFIRMED,0.787,0,448,816,720,,
2026-09-01T16:14:31.643790+00:00,C-021,GSRTC Depot Gate 2,Ahmedabad,GSRTC,TR01M1K1ES1XTSCT3A10RX61WS9H,vehicle,CONFIRMED,0.863,0,448,816,720,,
2026-09-01T16:14:31.810457+00:00,C-021,GSRTC Depot Gate 2,Ahmedabad,GSRTC,TR01M1K1EQ1CM6TMVTK5B3MWA4YY,vehicle,CONFIRMED,0.850,0,448,856,720,,
2026-09-01T16:14:31.810457+00:00,C-021,GSRTC Depot Gate 2,Ahmedabad,GSRTC,TR01M1K1ES1XTSCT3A10RX61WS9H,vehicle,CONFIRMED,0.812,0,448,856,720,,
2026-09-01T16:14:31.893790+00:00,C-021,GSRTC Depot Gate 2,Ahmedabad,GSRTC,TR01M1K1EQ1CM6TMVTK5B3MWA4YY,vehicle,CONFIRMED,0.718,0,448,880,720,,
2026-09-01T16:14:31.893790+00:00,C-021,GSRTC Depot Gate 2,Ahmedabad,GSRTC,TR01M1K1ES1XTSCT3A10RX61WS9H,vehicle,CONFIRMED,0.853,0,448,880,720,,
2026-09-01T16:14:32.060457+00:00,C-021,GSRTC Depot Gate 2,Ahmedabad,GSRTC,TR01M1K1EQ1CM6TMVTK5B3MWA4YY,vehicle,CONFIRMED,0.854,0,448,928,720,,
2026-09-01T16:14:32.060457+00:00,C-021,GSRTC Depot Gate 2,Ahmedabad,GSRTC,TR01M1K1ES1XTSCT3A10RX61WS9H,vehicle,CONFIRMED,0.787,0,448,928,720,,
2026-09-01T16:14:32.060457+00:00,C-021,GSRTC Depot Gate 2,Ahmedabad,GSRTC,TR01M1K1EV3Q2X0D1WR5SW2QB1CJ,vehicle,TENTATIVE,0.543,0,448,904,720,,
2026-09-01T16:14:32.143790+00:00,C-021,GSRTC Depot Gate 2,Ahmedabad,GSRTC,TR01M1K1EQ1CM6TMVTK5B3MWA4YY,vehicle,CONFIRMED,0.856,0,448,944,720,,
2026-09-01T16:14:32.143790+00:00,C-021,GSRTC Depot Gate 2,Ahmedabad,GSRTC,TR01M1K1ES1XTSCT3A10RX61WS9H,vehicle,CONFIRMED,0.783,0,448,944,720,,
2026-09-01T16:14:32.143790+00:00,C-021,GSRTC Depot Gate 2,Ahmedabad,GSRTC,TR01M1K1EV3Q2X0D1WR5SW2QB1CJ,vehicle,CONFIRMED,0.524,0,448,944,720,,
2026-09-01T16:14:32.310457+00:00,C-021,GSRTC Depot Gate 2,Ahmedabad,GSRTC,TR01M1K1EQ1CM6TMVTK5B3MWA4YY,vehicle,CONFIRMED,0.851,0,448,992,720,,
2026-09-01T16:14:32.310457+00:00,C-021,GSRTC Depot Gate 2,Ahmedabad,GSRTC,TR01M1K1ES1XTSCT3A10RX61WS9H,vehicle,CONFIRMED,0.750,0,448,992,720,,
2026-09-01T16:14:32.310457+00:00,C-021,GSRTC Depot Gate 2,Ahmedabad,GSRTC,TR01M1K1EV3Q2X0D1WR5SW2QB1CJ,vehicle,CONFIRMED,0.684,0,448,992,720,,
2026-09-01T16:14:32.393790+00:00,C-021,GSRTC Depot Gate 2,Ahmedabad,GSRTC,TR01M1K1EQ1CM6TMVTK5B3MWA4YY,vehicle,CONFIRMED,0.849,0,448,1016,720,,
2026-09-01T16:14:32.393790+00:00,C-021,GSRTC Depot Gate 2,Ahmedabad,GSRTC,TR01M1K1ES1XTSCT3A10RX61WS9H,vehicle,CONFIRMED,0.796,0,448,1016,720,,
2026-09-01T16:14:32.393790+00:00,C-021,GSRTC Depot Gate 2,Ahmedabad,GSRTC,TR01M1K1EV3Q2X0D1WR5SW2QB1CJ,vehicle,CONFIRMED,0.781,0,448,1016,720,,
2026-09-01T16:14:32.560457+00:00,C-021,GSRTC Depot Gate 2,Ahmedabad,GSRTC,TR01M1K1EQ1CM6TMVTK5B3MWA4YY,vehicle,CONFIRMED,0.847,0,448,1056,720,,
2026-09-01T16:14:32.560457+00:00,C-021,GSRTC Depot Gate 2,Ahmedabad,GSRTC,TR01M1K1ES1XTSCT3A10RX61WS9H,vehicle,CONFIRMED,0.788,0,448,1056,720,,
2026-09-01T16:14:32.560457+00:00,C-021,GSRTC Depot Gate 2,Ahmedabad,GSRTC,TR01M1K1EV3Q2X0D1WR5SW2QB1CJ,vehicle,CONFIRMED,0.781,0,448,1056,720,,
2026-09-01T16:14:32.643790+00:00,C-021,GSRTC Depot Gate 2,Ahmedabad,GSRTC,TR01M1K1EQ1CM6TMVTK5B3MWA4YY,vehicle,CONFIRMED,0.825,0,448,1080,720,,
2026-09-01T16:14:32.643790+00:00,C-021,GSRTC Depot Gate 2,Ahmedabad,GSRTC,TR01M1K1ES1XTSCT3A10RX61WS9H,vehicle,CONFIRMED,0.807,0,448,1080,720,,
2026-09-01T16:14:32.643790+00:00,C-021,GSRTC Depot Gate 2,Ahmedabad,GSRTC,TR01M1K1EV3Q2X0D1WR5SW2QB1CJ,vehicle,CONFIRMED,0.731,0,448,1080,720,,
2026-09-01T16:14:32.810457+00:00,C-021,GSRTC Depot Gate 2,Ahmedabad,GSRTC,TR01M1K1EQ1CM6TMVTK5B3MWA4YY,vehicle,CONFIRMED,0.842,0,448,1120,720,,
2026-09-01T16:14:32.810457+00:00,C-021,GSRTC Depot Gate 2,Ahmedabad,GSRTC,TR01M1K1ES1XTSCT3A10RX61WS9H,vehicle,CONFIRMED,0.794,0,448,1120,720,,
2026-09-01T16:14:32.810457+00:00,C-021,GSRTC Depot Gate 2,Ahmedabad,GSRTC,TR01M1K1EV3Q2X0D1WR5SW2QB1CJ,vehicle,CONFIRMED,0.663,0,448,1120,720,,
2026-09-01T16:14:32.893790+00:00,C-021,GSRTC Depot Gate 2,Ahmedabad,GSRTC,TR01M1K1EQ1CM6TMVTK5B3MWA4YY,vehicle,CONFIRMED,0.833,0,448,1144,720,,
2026-09-01T16:14:32.893790+00:00,C-021,GSRTC Depot Gate 2,Ahmedabad,GSRTC,TR01M1K1ES1XTSCT3A10RX61WS9H,vehicle,CONFIRMED,0.799,0,448,1144,720,,
2026-09-01T16:14:32.893790+00:00,C-021,GSRTC Depot Gate 2,Ahmedabad,GSRTC,TR01M1K1EV3Q2X0D1WR5SW2QB1CJ,vehicle,CONFIRMED,0.682,0,448,1144,720,,
2026-09-01T16:14:33.060457+00:00,C-021,GSRTC Depot Gate 2,Ahmedabad,GSRTC,TR01M1K1EQ1CM6TMVTK5B3MWA4YY,vehicle,CONFIRMED,0.854,0,448,1192,720,,
2026-09-01T16:14:33.060457+00:00,C-021,GSRTC Depot Gate 2,Ahmedabad,GSRTC,TR01M1K1ES1XTSCT3A10RX61WS9H,vehicle,CONFIRMED,0.795,0,448,1192,720,,
2026-09-01T16:14:33.060457+00:00,C-021,GSRTC Depot Gate 2,Ahmedabad,GSRTC,TR01M1K1EV3Q2X0D1WR5SW2QB1CJ,vehicle,CONFIRMED,0.671,0,448,1192,720,,
2026-09-01T16:14:33.143790+00:00,C-021,GSRTC Depot Gate 2,Ahmedabad,GSRTC,TR01M1K1EQ1CM6TMVTK5B3MWA4YY,vehicle,CONFIRMED,0.842,0,448,1208,720,,
2026-09-01T16:14:33.143790+00:00,C-021,GSRTC Depot Gate 2,Ahmedabad,GSRTC,TR01M1K1ES1XTSCT3A10RX61WS9H,vehicle,CONFIRMED,0.795,0,448,1208,720,,
2026-09-01T16:14:33.143790+00:00,C-021,GSRTC Depot Gate 2,Ahmedabad,GSRTC,TR01M1K1EV3Q2X0D1WR5SW2QB1CJ,vehicle,CONFIRMED,0.642,0,448,1208,720,,
2026-09-01T16:14:33.310457+00:00,C-021,GSRTC Depot Gate 2,Ahmedabad,GSRTC,TR01M1K1EQ1CM6TMVTK5B3MWA4YY,vehicle,CONFIRMED,0.858,0,448,1256,720,,
2026-09-01T16:14:33.310457+00:00,C-021,GSRTC Depot Gate 2,Ahmedabad,GSRTC,TR01M1K1ES1XTSCT3A10RX61WS9H,vehicle,CONFIRMED,0.761,0,448,1256,720,,
2026-09-01T16:14:33.310457+00:00,C-021,GSRTC Depot Gate 2,Ahmedabad,GSRTC,TR01M1K1EV3Q2X0D1WR5SW2QB1CJ,vehicle,CONFIRMED,0.726,0,448,1256,720,,
2026-09-01T16:14:33.393790+00:00,C-021,GSRTC Depot Gate 2,Ahmedabad,GSRTC,TR01M1K1EQ1CM6TMVTK5B3MWA4YY,vehicle,CONFIRMED,0.849,0,448,1280,720,,
2026-09-01T16:14:33.393790+00:00,C-021,GSRTC Depot Gate 2,Ahmedabad,GSRTC,TR01M1K1ES1XTSCT3A10RX61WS9H,vehicle,CONFIRMED,0.753,0,448,1280,720,,
2026-09-01T16:14:33.393790+00:00,C-021,GSRTC Depot Gate 2,Ahmedabad,GSRTC,TR01M1K1EV3Q2X0D1WR5SW2QB1CJ,vehicle,CONFIRMED,0.720,0,448,1280,720,,
2026-09-01T16:14:33.560457+00:00,C-021,GSRTC Depot Gate 2,Ahmedabad,GSRTC,TR01M1K1EQ1CM6TMVTK5B3MWA4YY,vehicle,CONFIRMED,0.842,0,448,1280,720,,
2026-09-01T16:14:33.560457+00:00,C-021,GSRTC Depot Gate 2,Ahmedabad,GSRTC,TR01M1K1ES1XTSCT3A10RX61WS9H,vehicle,CONFIRMED,0.804,0,448,1280,720,,
2026-09-01T16:14:33.560457+00:00,C-021,GSRTC Depot Gate 2,Ahmedabad,GSRTC,TR01M1K1EV3Q2X0D1WR5SW2QB1CJ,vehicle,CONFIRMED,0.685,0,448,1280,720,,
2026-09-01T16:14:33.643790+00:00,C-021,GSRTC Depot Gate 2,Ahmedabad,GSRTC,TR01M1K1EQ1CM6TMVTK5B3MWA4YY,vehicle,CONFIRMED,0.806,0,448,1280,720,,
2026-09-01T16:14:33.643790+00:00,C-021,GSRTC Depot Gate 2,Ahmedabad,GSRTC,TR01M1K1ES1XTSCT3A10RX61WS9H,vehicle,CONFIRMED,0.760,0,448,1280,720,,
2026-09-01T16:14:33.643790+00:00,C-021,GSRTC Depot Gate 2,Ahmedabad,GSRTC,TR01M1K1EV3Q2X0D1WR5SW2QB1CJ,vehicle,CONFIRMED,0.711,0,448,1280,720,,
2026-09-01T16:14:33.810457+00:00,C-021,GSRTC Depot Gate 2,Ahmedabad,GSRTC,TR01M1K1EQ1CM6TMVTK5B3MWA4YY,vehicle,CONFIRMED,0.833,0,448,1280,720,,
2026-09-01T16:14:33.810457+00:00,C-021,GSRTC Depot Gate 2,Ahmedabad,GSRTC,TR01M1K1ES1XTSCT3A10RX61WS9H,vehicle,CONFIRMED,0.801,0,448,1280,720,,
2026-09-01T16:14:33.810457+00:00,C-021,GSRTC Depot Gate 2,Ahmedabad,GSRTC,TR01M1K1EV3Q2X0D1WR5SW2QB1CJ,vehicle,CONFIRMED,0.721,0,448,1280,720,,
2026-09-01T16:14:33.893790+00:00,C-021,GSRTC Depot Gate 2,Ahmedabad,GSRTC,TR01M1K1EQ1CM6TMVTK5B3MWA4YY,vehicle,CONFIRMED,0.807,0,448,1280,720,,
2026-09-01T16:14:33.893790+00:00,C-021,GSRTC Depot Gate 2,Ahmedabad,GSRTC,TR01M1K1ES1XTSCT3A10RX61WS9H,vehicle,CONFIRMED,0.792,0,448,1280,720,,
2026-09-01T16:14:33.893790+00:00,C-021,GSRTC Depot Gate 2,Ahmedabad,GSRTC,TR01M1K1EV3Q2X0D1WR5SW2QB1CJ,vehicle,CONFIRMED,0.687,0,448,1280,720,,
2026-09-01T16:14:34.060457+00:00,C-021,GSRTC Depot Gate 2,Ahmedabad,GSRTC,TR01M1K1EQ1CM6TMVTK5B3MWA4YY,vehicle,CONFIRMED,0.765,0,448,1280,720,,
2026-09-01T16:14:34.060457+00:00,C-021,GSRTC Depot Gate 2,Ahmedabad,GSRTC,TR01M1K1ES1XTSCT3A10RX61WS9H,vehicle,CONFIRMED,0.762,0,448,1280,720,,
2026-09-01T16:14:34.060457+00:00,C-021,GSRTC Depot Gate 2,Ahmedabad,GSRTC,TR01M1K1EV3Q2X0D1WR5SW2QB1CJ,vehicle,CONFIRMED,0.671,0,448,1280,720,,
2026-09-01T16:14:34.143790+00:00,C-021,GSRTC Depot Gate 2,Ahmedabad,GSRTC,TR01M1K1EQ1CM6TMVTK5B3MWA4YY,vehicle,CONFIRMED,0.815,0,448,1280,720,,
2026-09-01T16:14:34.143790+00:00,C-021,GSRTC Depot Gate 2,Ahmedabad,GSRTC,TR01M1K1ES1XTSCT3A10RX61WS9H,vehicle,CONFIRMED,0.715,0,448,1280,720,,
2026-09-01T16:14:34.143790+00:00,C-021,GSRTC Depot Gate 2,Ahmedabad,GSRTC,TR01M1K1EV3Q2X0D1WR5SW2QB1CJ,vehicle,CONFIRMED,0.671,0,448,1280,720,,
2026-09-01T16:14:34.310457+00:00,C-021,GSRTC Depot Gate 2,Ahmedabad,GSRTC,TR01M1K1EQ1CM6TMVTK5B3MWA4YY,vehicle,CONFIRMED,0.810,0,448,1280,720,,
2026-09-01T16:14:34.310457+00:00,C-021,GSRTC Depot Gate 2,Ahmedabad,GSRTC,TR01M1K1ES1XTSCT3A10RX61WS9H,vehicle,CONFIRMED,0.694,0,448,1280,720,,
2026-09-01T16:14:34.310457+00:00,C-021,GSRTC Depot Gate 2,Ahmedabad,GSRTC,TR01M1K1EV3Q2X0D1WR5SW2QB1CJ,vehicle,CONFIRMED,0.671,0,448,1280,720,,
2026-09-01T16:14:34.393790+00:00,C-021,GSRTC Depot Gate 2,Ahmedabad,GSRTC,TR01M1K1EQ1CM6TMVTK5B3MWA4YY,vehicle,CONFIRMED,0.834,0,448,1280,720,,
2026-09-01T16:14:34.393790+00:00,C-021,GSRTC Depot Gate 2,Ahmedabad,GSRTC,TR01M1K1ES1XTSCT3A10RX61WS9H,vehicle,CONFIRMED,0.753,0,448,1280,720,,
2026-09-01T16:14:34.393790+00:00,C-021,GSRTC Depot Gate 2,Ahmedabad,GSRTC,TR01M1K1EV3Q2X0D1WR5SW2QB1CJ,vehicle,CONFIRMED,0.671,0,448,1280,720,,
2026-09-01T16:14:34.560457+00:00,C-021,GSRTC Depot Gate 2,Ahmedabad,GSRTC,TR01M1K1EQ1CM6TMVTK5B3MWA4YY,vehicle,CONFIRMED,0.834,0,448,1280,720,,
2026-09-01T16:14:34.560457+00:00,C-021,GSRTC Depot Gate 2,Ahmedabad,GSRTC,TR01M1K1ES1XTSCT3A10RX61WS9H,vehicle,CONFIRMED,0.755,0,448,1280,720,,
2026-09-01T16:14:34.560457+00:00,C-021,GSRTC Depot Gate 2,Ahmedabad,GSRTC,TR01M1K1EV3Q2X0D1WR5SW2QB1CJ,vehicle,CONFIRMED,0.671,0,448,1280,720,,
2026-09-01T16:14:34.643790+00:00,C-021,GSRTC Depot Gate 2,Ahmedabad,GSRTC,TR01M1K1EQ1CM6TMVTK5B3MWA4YY,vehicle,CONFIRMED,0.805,0,448,1280,720,,
2026-09-01T16:14:34.643790+00:00,C-021,GSRTC Depot Gate 2,Ahmedabad,GSRTC,TR01M1K1ES1XTSCT3A10RX61WS9H,vehicle,CONFIRMED,0.759,0,448,1280,720,,
2026-09-01T16:14:34.643790+00:00,C-021,GSRTC Depot Gate 2,Ahmedabad,GSRTC,TR01M1K1EV3Q2X0D1WR5SW2QB1CJ,vehicle,CONFIRMED,0.671,0,448,1280,720,,
2026-09-01T16:14:34.810457+00:00,C-021,GSRTC Depot Gate 2,Ahmedabad,GSRTC,TR01M1K1EQ1CM6TMVTK5B3MWA4YY,vehicle,CONFIRMED,0.788,0,448,1280,720,,
2026-09-01T16:14:34.810457+00:00,C-021,GSRTC Depot Gate 2,Ahmedabad,GSRTC,TR01M1K1ES1XTSCT3A10RX61WS9H,vehicle,CONFIRMED,0.782,0,448,1280,720,,
2026-09-01T16:14:34.810457+00:00,C-021,GSRTC Depot Gate 2,Ahmedabad,GSRTC,TR01M1K1EV3Q2X0D1WR5SW2QB1CJ,vehicle,CONFIRMED,0.671,0,448,1280,720,,
2026-09-01T16:14:34.893790+00:00,C-021,GSRTC Depot Gate 2,Ahmedabad,GSRTC,TR01M1K1EQ1CM6TMVTK5B3MWA4YY,vehicle,CONFIRMED,0.740,0,448,1280,720,,
2026-09-01T16:14:34.893790+00:00,C-021,GSRTC Depot Gate 2,Ahmedabad,GSRTC,TR01M1K1ES1XTSCT3A10RX61WS9H,vehicle,CONFIRMED,0.782,0,448,1280,720,,
2026-09-01T16:14:34.893790+00:00,C-021,GSRTC Depot Gate 2,Ahmedabad,GSRTC,TR01M1K1EV3Q2X0D1WR5SW2QB1CJ,vehicle,CONFIRMED,0.671,0,448,1280,720,,
2026-09-01T16:14:35.060457+00:00,C-021,GSRTC Depot Gate 2,Ahmedabad,GSRTC,TR01M1K1EQ1CM6TMVTK5B3MWA4YY,vehicle,CONFIRMED,0.748,0,448,1280,720,,
2026-09-01T16:14:35.060457+00:00,C-021,GSRTC Depot Gate 2,Ahmedabad,GSRTC,TR01M1K1ES1XTSCT3A10RX61WS9H,vehicle,CONFIRMED,0.782,0,448,1280,720,,
2026-09-01T16:14:35.060457+00:00,C-021,GSRTC Depot Gate 2,Ahmedabad,GSRTC,TR01M1K1EV3Q2X0D1WR5SW2QB1CJ,vehicle,CONFIRMED,0.671,0,448,1280,720,,
2026-09-01T16:14:35.143790+00:00,C-021,GSRTC Depot Gate 2,Ahmedabad,GSRTC,TR01M1K1EQ1CM6TMVTK5B3MWA4YY,vehicle,CONFIRMED,0.743,0,448,1280,720,,
2026-09-01T16:14:35.143790+00:00,C-021,GSRTC Depot Gate 2,Ahmedabad,GSRTC,TR01M1K1ES1XTSCT3A10RX61WS9H,vehicle,CONFIRMED,0.782,0,448,1280,720,,
2026-09-01T16:14:35.143790+00:00,C-021,GSRTC Depot Gate 2,Ahmedabad,GSRTC,TR01M1K1EV3Q2X0D1WR5SW2QB1CJ,vehicle,CONFIRMED,0.671,0,448,1280,720,,
2026-09-01T16:14:35.310457+00:00,C-021,GSRTC Depot Gate 2,Ahmedabad,GSRTC,TR01M1K1EQ1CM6TMVTK5B3MWA4YY,vehicle,CONFIRMED,0.761,0,448,1280,720,,
2026-09-01T16:14:35.310457+00:00,C-021,GSRTC Depot Gate 2,Ahmedabad,GSRTC,TR01M1K1ES1XTSCT3A10RX61WS9H,vehicle,CONFIRMED,0.782,0,448,1280,720,,
2026-09-01T16:14:35.310457+00:00,C-021,GSRTC Depot Gate 2,Ahmedabad,GSRTC,TR01M1K1EV3Q2X0D1WR5SW2QB1CJ,vehicle,CONFIRMED,0.671,0,448,1280,720,,
2026-09-01T16:14:35.393790+00:00,C-021,GSRTC Depot Gate 2,Ahmedabad,GSRTC,TR01M1K1EQ1CM6TMVTK5B3MWA4YY,vehicle,CONFIRMED,0.783,623,349,1280,720,,
2026-09-01T16:14:35.393790+00:00,C-021,GSRTC Depot Gate 2,Ahmedabad,GSRTC,TR01M1K1ES1XTSCT3A10RX61WS9H,vehicle,CONFIRMED,0.782,0,448,1280,720,,
2026-09-01T16:14:35.393790+00:00,C-021,GSRTC Depot Gate 2,Ahmedabad,GSRTC,TR01M1K1EV3Q2X0D1WR5SW2QB1CJ,vehicle,CONFIRMED,0.671,0,448,1280,720,,
2026-09-01T16:14:35.560457+00:00,C-021,GSRTC Depot Gate 2,Ahmedabad,GSRTC,TR01M1K1EQ1CM6TMVTK5B3MWA4YY,vehicle,CONFIRMED,0.789,676,350,1280,720,,
2026-09-01T16:14:35.560457+00:00,C-021,GSRTC Depot Gate 2,Ahmedabad,GSRTC,TR01M1K1ES1XTSCT3A10RX61WS9H,vehicle,CONFIRMED,0.782,0,448,1280,720,,
2026-09-01T16:14:35.643790+00:00,C-021,GSRTC Depot Gate 2,Ahmedabad,GSRTC,TR01M1K1EQ1CM6TMVTK5B3MWA4YY,vehicle,CONFIRMED,0.750,707,354,1280,720,,
2026-09-01T16:14:35.643790+00:00,C-021,GSRTC Depot Gate 2,Ahmedabad,GSRTC,TR01M1K1ES1XTSCT3A10RX61WS9H,vehicle,CONFIRMED,0.782,0,448,1280,720,,
2026-09-01T16:14:35.810457+00:00,C-021,GSRTC Depot Gate 2,Ahmedabad,GSRTC,TR01M1K1EQ1CM6TMVTK5B3MWA4YY,vehicle,CONFIRMED,0.607,762,360,1280,720,,
2026-09-01T16:14:35.810457+00:00,C-021,GSRTC Depot Gate 2,Ahmedabad,GSRTC,TR01M1K1ES1XTSCT3A10RX61WS9H,vehicle,CONFIRMED,0.782,0,448,1280,720,,
2026-09-01T16:14:35.893790+00:00,C-021,GSRTC Depot Gate 2,Ahmedabad,GSRTC,TR01M1K1EQ1CM6TMVTK5B3MWA4YY,vehicle,CONFIRMED,0.629,817,398,1280,720,,
2026-09-01T16:14:35.893790+00:00,C-021,GSRTC Depot Gate 2,Ahmedabad,GSRTC,TR01M1K1ES1XTSCT3A10RX61WS9H,vehicle,CONFIRMED,0.782,0,448,1280,720,,
2026-09-01T16:14:36.060457+00:00,C-021,GSRTC Depot Gate 2,Ahmedabad,GSRTC,TR01M1K1EQ1CM6TMVTK5B3MWA4YY,vehicle,CONFIRMED,0.648,944,482,1280,720,,
2026-09-01T16:14:36.060457+00:00,C-021,GSRTC Depot Gate 2,Ahmedabad,GSRTC,TR01M1K1ES1XTSCT3A10RX61WS9H,vehicle,CONFIRMED,0.782,0,448,1280,720,,
2026-09-01T16:14:36.143790+00:00,C-021,GSRTC Depot Gate 2,Ahmedabad,GSRTC,TR01M1K1EQ1CM6TMVTK5B3MWA4YY,vehicle,CONFIRMED,0.686,1001,520,1280,720,,
2026-09-01T16:14:36.143790+00:00,C-021,GSRTC Depot Gate 2,Ahmedabad,GSRTC,TR01M1K1ES1XTSCT3A10RX61WS9H,vehicle,CONFIRMED,0.782,0,448,1280,720,,
2026-09-01T16:14:36.310457+00:00,C-021,GSRTC Depot Gate 2,Ahmedabad,GSRTC,TR01M1K1EQ1CM6TMVTK5B3MWA4YY,vehicle,CONFIRMED,0.557,1063,561,1280,720,,
2026-09-01T16:14:36.310457+00:00,C-021,GSRTC Depot Gate 2,Ahmedabad,GSRTC,TR01M1K1ES1XTSCT3A10RX61WS9H,vehicle,CONFIRMED,0.782,0,448,1280,720,,
2026-09-01T16:14:36.393790+00:00,C-021,GSRTC Depot Gate 2,Ahmedabad,GSRTC,TR01M1K1EQ1CM6TMVTK5B3MWA4YY,vehicle,CONFIRMED,0.557,1063,561,1280,720,,
2026-09-01T16:14:36.560457+00:00,C-021,GSRTC Depot Gate 2,Ahmedabad,GSRTC,TR01M1K1EQ1CM6TMVTK5B3MWA4YY,vehicle,CONFIRMED,0.557,1063,561,1280,720,,
2026-09-01T16:14:36.727124+00:00,C-021,GSRTC Depot Gate 2,Ahmedabad,GSRTC,TR01M1K1EQ1CM6TMVTK5B3MWA4YY,vehicle,CONFIRMED,0.557,1063,561,1280,720,,
2026-09-01T16:14:36.893790+00:00,C-021,GSRTC Depot Gate 2,Ahmedabad,GSRTC,TR01M1K1EQ1CM6TMVTK5B3MWA4YY,vehicle,CONFIRMED,0.557,1063,561,1280,720,,
2026-09-01T16:14:36.977124+00:00,C-021,GSRTC Depot Gate 2,Ahmedabad,GSRTC,TR01M1K1EQ1CM6TMVTK5B3MWA4YY,vehicle,CONFIRMED,0.557,1063,561,1280,720,,
2026-09-01T16:14:37.143790+00:00,C-021,GSRTC Depot Gate 2,Ahmedabad,GSRTC,TR01M1K1EQ1CM6TMVTK5B3MWA4YY,vehicle,CONFIRMED,0.557,1063,561,1280,720,,
2026-09-01T16:14:37.227124+00:00,C-021,GSRTC Depot Gate 2,Ahmedabad,GSRTC,TR01M1K1EQ1CM6TMVTK5B3MWA4YY,vehicle,CONFIRMED,0.557,1063,561,1280,720,,
2026-09-01T16:14:37.393790+00:00,C-021,GSRTC Depot Gate 2,Ahmedabad,GSRTC,TR01M1K1EQ1CM6TMVTK5B3MWA4YY,vehicle,CONFIRMED,0.557,1063,561,1280,720,,
2026-09-01T16:14:37.477124+00:00,C-021,GSRTC Depot Gate 2,Ahmedabad,GSRTC,TR01M1K1EQ1CM6TMVTK5B3MWA4YY,vehicle,CONFIRMED,0.557,1063,561,1280,720,,
2026-09-01T16:14:37.643790+00:00,C-021,GSRTC Depot Gate 2,Ahmedabad,GSRTC,TR01M1K1EQ1CM6TMVTK5B3MWA4YY,vehicle,CONFIRMED,0.557,1063,561,1280,720,,
2026-09-01T16:14:37.977124+00:00,C-021,GSRTC Depot Gate 2,Ahmedabad,GSRTC,TR01M1K1F3N2Q9AZSS67789JYGFA,vehicle,TENTATIVE,0.800,0,448,136,608,,
2026-09-01T16:14:38.143790+00:00,C-021,GSRTC Depot Gate 2,Ahmedabad,GSRTC,TR01M1K1F3N2Q9AZSS67789JYGFA,vehicle,CONFIRMED,0.593,0,448,192,608,,
2026-09-01T16:14:38.227124+00:00,C-021,GSRTC Depot Gate 2,Ahmedabad,GSRTC,TR01M1K1F3N2Q9AZSS67789JYGFA,vehicle,CONFIRMED,0.763,0,448,216,608,,
2026-09-01T16:14:38.393790+00:00,C-021,GSRTC Depot Gate 2,Ahmedabad,GSRTC,TR01M1K1F3N2Q9AZSS67789JYGFA,vehicle,CONFIRMED,0.826,0,448,272,608,,
2026-09-01T16:14:38.477124+00:00,C-021,GSRTC Depot Gate 2,Ahmedabad,GSRTC,TR01M1K1F3N2Q9AZSS67789JYGFA,vehicle,CONFIRMED,0.811,0,448,296,608,,
2026-09-01T16:14:38.643790+00:00,C-021,GSRTC Depot Gate 2,Ahmedabad,GSRTC,TR01M1K1F3N2Q9AZSS67789JYGFA,vehicle,CONFIRMED,0.818,0,448,344,616,,
2026-09-01T16:14:38.727124+00:00,C-021,GSRTC Depot Gate 2,Ahmedabad,GSRTC,TR01M1K1F3N2Q9AZSS67789JYGFA,vehicle,CONFIRMED,0.817,0,448,376,608,,
2026-09-01T16:14:38.893790+00:00,C-021,GSRTC Depot Gate 2,Ahmedabad,GSRTC,TR01M1K1F3N2Q9AZSS67789JYGFA,vehicle,CONFIRMED,0.818,0,448,424,608,,
2026-09-01T16:14:38.977124+00:00,C-021,GSRTC Depot Gate 2,Ahmedabad,GSRTC,TR01M1K1F3N2Q9AZSS67789JYGFA,vehicle,CONFIRMED,0.814,0,448,456,608,,
2026-09-01T16:14:39.143790+00:00,C-021,GSRTC Depot Gate 2,Ahmedabad,GSRTC,TR01M1K1F3N2Q9AZSS67789JYGFA,vehicle,CONFIRMED,0.812,0,448,504,688,,
2026-09-01T16:14:39.227124+00:00,C-021,GSRTC Depot Gate 2,Ahmedabad,GSRTC,TR01M1K1F3N2Q9AZSS67789JYGFA,vehicle,CONFIRMED,0.798,0,448,528,696,,
2026-09-01T16:14:39.393790+00:00,C-021,GSRTC Depot Gate 2,Ahmedabad,GSRTC,TR01M1K1F3N2Q9AZSS67789JYGFA,vehicle,CONFIRMED,0.784,0,448,584,720,,
2026-09-01T16:14:39.477124+00:00,C-021,GSRTC Depot Gate 2,Ahmedabad,GSRTC,TR01M1K1F3N2Q9AZSS67789JYGFA,vehicle,CONFIRMED,0.808,0,448,608,720,,
2026-09-01T16:14:39.643790+00:00,C-021,GSRTC Depot Gate 2,Ahmedabad,GSRTC,TR01M1K1F3N2Q9AZSS67789JYGFA,vehicle,CONFIRMED,0.799,0,448,664,720,,
2026-09-01T16:14:39.727124+00:00,C-021,GSRTC Depot Gate 2,Ahmedabad,GSRTC,TR01M1K1F3N2Q9AZSS67789JYGFA,vehicle,CONFIRMED,0.788,0,448,688,720,,
2026-09-01T16:14:39.727124+00:00,C-021,GSRTC Depot Gate 2,Ahmedabad,GSRTC,TR01M1K1F5WHVEBHBKY7H46EQ4QN,vehicle,TENTATIVE,0.532,0,448,688,720,,
2026-09-01T16:14:39.893790+00:00,C-021,GSRTC Depot Gate 2,Ahmedabad,GSRTC,TR01M1K1F3N2Q9AZSS67789JYGFA,vehicle,CONFIRMED,0.797,0,448,744,720,,
2026-09-01T16:14:39.893790+00:00,C-021,GSRTC Depot Gate 2,Ahmedabad,GSRTC,TR01M1K1F5WHVEBHBKY7H46EQ4QN,vehicle,CONFIRMED,0.804,0,448,744,720,,
2026-09-01T16:14:39.977124+00:00,C-021,GSRTC Depot Gate 2,Ahmedabad,GSRTC,TR01M1K1F3N2Q9AZSS67789JYGFA,vehicle,CONFIRMED,0.764,0,448,768,720,,
2026-09-01T16:14:39.977124+00:00,C-021,GSRTC Depot Gate 2,Ahmedabad,GSRTC,TR01M1K1F5WHVEBHBKY7H46EQ4QN,vehicle,CONFIRMED,0.780,0,448,768,720,,
2026-09-01T16:14:40.143790+00:00,C-021,GSRTC Depot Gate 2,Ahmedabad,GSRTC,TR01M1K1F3N2Q9AZSS67789JYGFA,vehicle,CONFIRMED,0.818,0,448,824,720,,
2026-09-01T16:14:40.143790+00:00,C-021,GSRTC Depot Gate 2,Ahmedabad,GSRTC,TR01M1K1F5WHVEBHBKY7H46EQ4QN,vehicle,CONFIRMED,0.846,0,448,824,720,,
2026-09-01T16:14:40.227124+00:00,C-021,GSRTC Depot Gate 2,Ahmedabad,GSRTC,TR01M1K1F3N2Q9AZSS67789JYGFA,vehicle,CONFIRMED,0.782,0,448,848,720,,
2026-09-01T16:14:40.227124+00:00,C-021,GSRTC Depot Gate 2,Ahmedabad,GSRTC,TR01M1K1F5WHVEBHBKY7H46EQ4QN,vehicle,CONFIRMED,0.850,0,448,848,720,,
2026-09-01T16:14:40.393790+00:00,C-021,GSRTC Depot Gate 2,Ahmedabad,GSRTC,TR01M1K1F3N2Q9AZSS67789JYGFA,vehicle,CONFIRMED,0.807,0,448,904,720,,
2026-09-01T16:14:40.393790+00:00,C-021,GSRTC Depot Gate 2,Ahmedabad,GSRTC,TR01M1K1F5WHVEBHBKY7H46EQ4QN,vehicle,CONFIRMED,0.852,0,448,904,720,,
2026-09-01T16:14:40.477124+00:00,C-021,GSRTC Depot Gate 2,Ahmedabad,GSRTC,TR01M1K1F3N2Q9AZSS67789JYGFA,vehicle,CONFIRMED,0.816,0,448,928,720,,
2026-09-01T16:14:40.477124+00:00,C-021,GSRTC Depot Gate 2,Ahmedabad,GSRTC,TR01M1K1F5WHVEBHBKY7H46EQ4QN,vehicle,CONFIRMED,0.847,0,448,928,720,,
2026-09-01T16:14:40.643790+00:00,C-021,GSRTC Depot Gate 2,Ahmedabad,GSRTC,TR01M1K1F3N2Q9AZSS67789JYGFA,vehicle,CONFIRMED,0.854,0,448,976,720,,
2026-09-01T16:14:40.643790+00:00,C-021,GSRTC Depot Gate 2,Ahmedabad,GSRTC,TR01M1K1F5WHVEBHBKY7H46EQ4QN,vehicle,CONFIRMED,0.822,0,448,976,720,,
2026-09-01T16:14:40.727124+00:00,C-021,GSRTC Depot Gate 2,Ahmedabad,GSRTC,TR01M1K1F3N2Q9AZSS67789JYGFA,vehicle,CONFIRMED,0.828,0,448,1016,720,,
2026-09-01T16:14:40.727124+00:00,C-021,GSRTC Depot Gate 2,Ahmedabad,GSRTC,TR01M1K1F5WHVEBHBKY7H46EQ4QN,vehicle,CONFIRMED,0.851,0,448,1016,720,,
2026-09-01T16:14:40.893790+00:00,C-021,GSRTC Depot Gate 2,Ahmedabad,GSRTC,TR01M1K1F3N2Q9AZSS67789JYGFA,vehicle,CONFIRMED,0.830,0,448,1056,720,,
2026-09-01T16:14:40.893790+00:00,C-021,GSRTC Depot Gate 2,Ahmedabad,GSRTC,TR01M1K1F5WHVEBHBKY7H46EQ4QN,vehicle,CONFIRMED,0.843,0,448,1056,720,,
2026-09-01T16:14:40.977124+00:00,C-021,GSRTC Depot Gate 2,Ahmedabad,GSRTC,TR01M1K1F3N2Q9AZSS67789JYGFA,vehicle,CONFIRMED,0.859,0,448,1096,720,,
2026-09-01T16:14:40.977124+00:00,C-021,GSRTC Depot Gate 2,Ahmedabad,GSRTC,TR01M1K1F5WHVEBHBKY7H46EQ4QN,vehicle,CONFIRMED,0.829,0,448,1096,720,,
2026-09-01T16:14:41.143790+00:00,C-021,GSRTC Depot Gate 2,Ahmedabad,GSRTC,TR01M1K1F3N2Q9AZSS67789JYGFA,vehicle,CONFIRMED,0.849,0,448,1136,720,,
2026-09-01T16:14:41.143790+00:00,C-021,GSRTC Depot Gate 2,Ahmedabad,GSRTC,TR01M1K1F5WHVEBHBKY7H46EQ4QN,vehicle,CONFIRMED,0.821,0,448,1136,720,,
2026-09-01T16:14:41.227124+00:00,C-021,GSRTC Depot Gate 2,Ahmedabad,GSRTC,TR01M1K1F3N2Q9AZSS67789JYGFA,vehicle,CONFIRMED,0.851,0,448,1160,720,,
2026-09-01T16:14:41.227124+00:00,C-021,GSRTC Depot Gate 2,Ahmedabad,GSRTC,TR01M1K1F5WHVEBHBKY7H46EQ4QN,vehicle,CONFIRMED,0.826,0,448,1160,720,,
2026-09-01T16:14:41.393790+00:00,C-021,GSRTC Depot Gate 2,Ahmedabad,GSRTC,TR01M1K1F3N2Q9AZSS67789JYGFA,vehicle,CONFIRMED,0.847,0,448,1216,720,,
2026-09-01T16:14:41.393790+00:00,C-021,GSRTC Depot Gate 2,Ahmedabad,GSRTC,TR01M1K1F5WHVEBHBKY7H46EQ4QN,vehicle,CONFIRMED,0.816,0,448,1216,720,,
2026-09-01T16:14:41.477124+00:00,C-021,GSRTC Depot Gate 2,Ahmedabad,GSRTC,TR01M1K1F3N2Q9AZSS67789JYGFA,vehicle,CONFIRMED,0.849,0,448,1240,720,,
2026-09-01T16:14:41.477124+00:00,C-021,GSRTC Depot Gate 2,Ahmedabad,GSRTC,TR01M1K1F5WHVEBHBKY7H46EQ4QN,vehicle,CONFIRMED,0.830,0,448,1240,720,,
2026-09-01T16:14:41.643790+00:00,C-021,GSRTC Depot Gate 2,Ahmedabad,GSRTC,TR01M1K1F3N2Q9AZSS67789JYGFA,vehicle,CONFIRMED,0.839,0,448,1280,720,,
2026-09-01T16:14:41.643790+00:00,C-021,GSRTC Depot Gate 2,Ahmedabad,GSRTC,TR01M1K1F5WHVEBHBKY7H46EQ4QN,vehicle,CONFIRMED,0.824,0,448,1280,720,,
2026-09-01T16:14:41.727124+00:00,C-021,GSRTC Depot Gate 2,Ahmedabad,GSRTC,TR01M1K1F3N2Q9AZSS67789JYGFA,vehicle,CONFIRMED,0.847,0,448,1280,720,,
2026-09-01T16:14:41.727124+00:00,C-021,GSRTC Depot Gate 2,Ahmedabad,GSRTC,TR01M1K1F5WHVEBHBKY7H46EQ4QN,vehicle,CONFIRMED,0.828,0,448,1280,720,,
2026-09-01T16:14:41.893790+00:00,C-021,GSRTC Depot Gate 2,Ahmedabad,GSRTC,TR01M1K1F3N2Q9AZSS67789JYGFA,vehicle,CONFIRMED,0.837,0,448,1280,720,,
2026-09-01T16:14:41.893790+00:00,C-021,GSRTC Depot Gate 2,Ahmedabad,GSRTC,TR01M1K1F5WHVEBHBKY7H46EQ4QN,vehicle,CONFIRMED,0.803,0,448,1280,720,,
2026-09-01T16:14:41.977124+00:00,C-021,GSRTC Depot Gate 2,Ahmedabad,GSRTC,TR01M1K1F3N2Q9AZSS67789JYGFA,vehicle,CONFIRMED,0.849,0,448,1280,720,,
2026-09-01T16:14:41.977124+00:00,C-021,GSRTC Depot Gate 2,Ahmedabad,GSRTC,TR01M1K1F5WHVEBHBKY7H46EQ4QN,vehicle,CONFIRMED,0.745,0,448,1280,720,,
2026-09-01T16:14:42.143790+00:00,C-021,GSRTC Depot Gate 2,Ahmedabad,GSRTC,TR01M1K1F3N2Q9AZSS67789JYGFA,vehicle,CONFIRMED,0.845,0,448,1280,720,,
2026-09-01T16:14:42.143790+00:00,C-021,GSRTC Depot Gate 2,Ahmedabad,GSRTC,TR01M1K1F5WHVEBHBKY7H46EQ4QN,vehicle,CONFIRMED,0.614,0,448,1280,720,,
2026-09-01T16:14:42.227124+00:00,C-021,GSRTC Depot Gate 2,Ahmedabad,GSRTC,TR01M1K1F3N2Q9AZSS67789JYGFA,vehicle,CONFIRMED,0.859,0,448,1280,720,,
2026-09-01T16:14:42.227124+00:00,C-021,GSRTC Depot Gate 2,Ahmedabad,GSRTC,TR01M1K1F5WHVEBHBKY7H46EQ4QN,vehicle,CONFIRMED,0.614,0,448,1280,720,,
2026-09-01T16:14:42.393790+00:00,C-021,GSRTC Depot Gate 2,Ahmedabad,GSRTC,TR01M1K1F3N2Q9AZSS67789JYGFA,vehicle,CONFIRMED,0.853,0,448,1280,720,,
2026-09-01T16:14:42.393790+00:00,C-021,GSRTC Depot Gate 2,Ahmedabad,GSRTC,TR01M1K1F5WHVEBHBKY7H46EQ4QN,vehicle,CONFIRMED,0.614,0,448,1280,720,,
2026-09-01T16:14:42.477124+00:00,C-021,GSRTC Depot Gate 2,Ahmedabad,GSRTC,TR01M1K1F3N2Q9AZSS67789JYGFA,vehicle,CONFIRMED,0.839,314,412,962,720,,
2026-09-01T16:14:42.477124+00:00,C-021,GSRTC Depot Gate 2,Ahmedabad,GSRTC,TR01M1K1F5WHVEBHBKY7H46EQ4QN,vehicle,CONFIRMED,0.614,0,448,1280,720,,
2026-09-01T16:14:42.643790+00:00,C-021,GSRTC Depot Gate 2,Ahmedabad,GSRTC,TR01M1K1F3N2Q9AZSS67789JYGFA,vehicle,CONFIRMED,0.850,356,415,997,720,,
2026-09-01T16:14:42.643790+00:00,C-021,GSRTC Depot Gate 2,Ahmedabad,GSRTC,TR01M1K1F5WHVEBHBKY7H46EQ4QN,vehicle,CONFIRMED,0.848,0,504,1280,720,,
2026-09-01T16:14:42.727124+00:00,C-021,GSRTC Depot Gate 2,Ahmedabad,GSRTC,TR01M1K1F3N2Q9AZSS67789JYGFA,vehicle,CONFIRMED,0.836,374,415,1015,720,,
2026-09-01T16:14:42.727124+00:00,C-021,GSRTC Depot Gate 2,Ahmedabad,GSRTC,TR01M1K1F5WHVEBHBKY7H46EQ4QN,vehicle,CONFIRMED,0.848,0,504,1280,720,,
2026-09-01T16:14:42.893790+00:00,C-021,GSRTC Depot Gate 2,Ahmedabad,GSRTC,TR01M1K1F3N2Q9AZSS67789JYGFA,vehicle,CONFIRMED,0.853,393,415,1034,720,,
2026-09-01T16:14:42.893790+00:00,C-021,GSRTC Depot Gate 2,Ahmedabad,GSRTC,TR01M1K1F5WHVEBHBKY7H46EQ4QN,vehicle,CONFIRMED,0.850,0,504,1280,720,,
2026-09-01T16:14:42.977124+00:00,C-021,GSRTC Depot Gate 2,Ahmedabad,GSRTC,TR01M1K1F3N2Q9AZSS67789JYGFA,vehicle,CONFIRMED,0.845,429,412,1077,720,,
2026-09-01T16:14:42.977124+00:00,C-021,GSRTC Depot Gate 2,Ahmedabad,GSRTC,TR01M1K1F5WHVEBHBKY7H46EQ4QN,vehicle,CONFIRMED,0.850,0,504,1280,720,,
2026-09-01T16:14:43.143790+00:00,C-021,GSRTC Depot Gate 2,Ahmedabad,GSRTC,TR01M1K1F3N2Q9AZSS67789JYGFA,vehicle,CONFIRMED,0.848,469,413,1113,720,,
2026-09-01T16:14:43.143790+00:00,C-021,GSRTC Depot Gate 2,Ahmedabad,GSRTC,TR01M1K1F5WHVEBHBKY7H46EQ4QN,vehicle,CONFIRMED,0.850,0,504,1280,720,,
2026-09-01T16:14:43.227124+00:00,C-021,GSRTC Depot Gate 2,Ahmedabad,GSRTC,TR01M1K1F3N2Q9AZSS67789JYGFA,vehicle,CONFIRMED,0.859,489,415,1130,720,,
2026-09-01T16:14:43.227124+00:00,C-021,GSRTC Depot Gate 2,Ahmedabad,GSRTC,TR01M1K1F5WHVEBHBKY7H46EQ4QN,vehicle,CONFIRMED,0.850,0,504,1280,720,,
2026-09-01T16:14:43.393790+00:00,C-021,GSRTC Depot Gate 2,Ahmedabad,GSRTC,TR01M1K1F3N2Q9AZSS67789JYGFA,vehicle,CONFIRMED,0.847,525,412,1173,720,,
2026-09-01T16:14:43.393790+00:00,C-021,GSRTC Depot Gate 2,Ahmedabad,GSRTC,TR01M1K1F5WHVEBHBKY7H46EQ4QN,vehicle,CONFIRMED,0.850,0,504,1280,720,,
2026-09-01T16:14:43.477124+00:00,C-021,GSRTC Depot Gate 2,Ahmedabad,GSRTC,TR01M1K1F3N2Q9AZSS67789JYGFA,vehicle,CONFIRMED,0.851,549,416,1187,720,,
2026-09-01T16:14:43.477124+00:00,C-021,GSRTC Depot Gate 2,Ahmedabad,GSRTC,TR01M1K1F5WHVEBHBKY7H46EQ4QN,vehicle,CONFIRMED,0.850,0,504,1280,720,,
2026-09-01T16:14:43.643790+00:00,C-021,GSRTC Depot Gate 2,Ahmedabad,GSRTC,TR01M1K1F3N2Q9AZSS67789JYGFA,vehicle,CONFIRMED,0.850,585,415,1226,720,,
2026-09-01T16:14:43.643790+00:00,C-021,GSRTC Depot Gate 2,Ahmedabad,GSRTC,TR01M1K1F5WHVEBHBKY7H46EQ4QN,vehicle,CONFIRMED,0.850,0,504,1280,720,,
2026-09-01T16:14:43.727124+00:00,C-021,GSRTC Depot Gate 2,Ahmedabad,GSRTC,TR01M1K1F3N2Q9AZSS67789JYGFA,vehicle,CONFIRMED,0.847,603,412,1247,720,,
2026-09-01T16:14:43.727124+00:00,C-021,GSRTC Depot Gate 2,Ahmedabad,GSRTC,TR01M1K1F5WHVEBHBKY7H46EQ4QN,vehicle,CONFIRMED,0.459,0,452,386,720,,
2026-09-01T16:14:43.893790+00:00,C-021,GSRTC Depot Gate 2,Ahmedabad,GSRTC,TR01M1K1F3N2Q9AZSS67789JYGFA,vehicle,CONFIRMED,0.838,640,412,1280,720,,
2026-09-01T16:14:43.893790+00:00,C-021,GSRTC Depot Gate 2,Ahmedabad,GSRTC,TR01M1K1F5WHVEBHBKY7H46EQ4QN,vehicle,CONFIRMED,0.730,0,393,473,720,,
2026-09-01T16:14:43.977124+00:00,C-021,GSRTC Depot Gate 2,Ahmedabad,GSRTC,TR01M1K1F3N2Q9AZSS67789JYGFA,vehicle,CONFIRMED,0.837,661,413,1280,720,,
2026-09-01T16:14:43.977124+00:00,C-021,GSRTC Depot Gate 2,Ahmedabad,GSRTC,TR01M1K1F5WHVEBHBKY7H46EQ4QN,vehicle,CONFIRMED,0.700,0,356,529,720,,
2026-09-01T16:14:44.143790+00:00,C-021,GSRTC Depot Gate 2,Ahmedabad,GSRTC,TR01M1K1F3N2Q9AZSS67789JYGFA,vehicle,CONFIRMED,0.835,700,415,1280,720,,
2026-09-01T16:14:44.143790+00:00,C-021,GSRTC Depot Gate 2,Ahmedabad,GSRTC,TR01M1K1F5WHVEBHBKY7H46EQ4QN,vehicle,CONFIRMED,0.542,0,313,600,720,,
2026-09-01T16:14:44.227124+00:00,C-021,GSRTC Depot Gate 2,Ahmedabad,GSRTC,TR01M1K1F3N2Q9AZSS67789JYGFA,vehicle,CONFIRMED,0.845,716,412,1280,720,,
2026-09-01T16:14:44.227124+00:00,C-021,GSRTC Depot Gate 2,Ahmedabad,GSRTC,TR01M1K1F5WHVEBHBKY7H46EQ4QN,vehicle,CONFIRMED,0.683,0,313,620,720,,
2026-09-01T16:14:44.393790+00:00,C-021,GSRTC Depot Gate 2,Ahmedabad,GSRTC,TR01M1K1F3N2Q9AZSS67789JYGFA,vehicle,CONFIRMED,0.852,757,415,1280,720,,
2026-09-01T16:14:44.393790+00:00,C-021,GSRTC Depot Gate 2,Ahmedabad,GSRTC,TR01M1K1F5WHVEBHBKY7H46EQ4QN,vehicle,CONFIRMED,0.627,0,306,666,720,,
2026-09-01T16:14:44.477124+00:00,C-021,GSRTC Depot Gate 2,Ahmedabad,GSRTC,TR01M1K1F3N2Q9AZSS67789JYGFA,vehicle,CONFIRMED,0.858,777,414,1280,720,,
2026-09-01T16:14:44.477124+00:00,C-021,GSRTC Depot Gate 2,Ahmedabad,GSRTC,TR01M1K1F5WHVEBHBKY7H46EQ4QN,vehicle,CONFIRMED,0.687,0,311,681,720,,
2026-09-01T16:14:56.005342+00:00,C-033,Dehgam Panchayat Office,Gandhinagar,Panchayat,TR01M1K1FG1N60E4JXJ7WCVP8EHX,truck,TENTATIVE,0.534,1,286,144,374,,
2026-09-01T16:14:56.105342+00:00,C-033,Dehgam Panchayat Office,Gandhinagar,Panchayat,TR01M1K1FG1N60E4JXJ7WCVP8EHX,truck,CONFIRMED,0.414,12,287,161,374,,
2026-09-01T16:14:56.205342+00:00,C-033,Dehgam Panchayat Office,Gandhinagar,Panchayat,TR01M1K1FG1N60E4JXJ7WCVP8EHX,vehicle,CONFIRMED,0.351,40,296,168,364,,
2026-09-01T16:14:56.305342+00:00,C-033,Dehgam Panchayat Office,Gandhinagar,Panchayat,TR01M1K1FG1N60E4JXJ7WCVP8EHX,vehicle,CONFIRMED,0.340,48,296,180,368,,
2026-09-01T16:14:56.405342+00:00,C-033,Dehgam Panchayat Office,Gandhinagar,Panchayat,TR01M1K1FG1N60E4JXJ7WCVP8EHX,vehicle,CONFIRMED,0.358,64,296,192,364,,
2026-09-01T16:14:56.505342+00:00,C-033,Dehgam Panchayat Office,Gandhinagar,Panchayat,TR01M1K1FG1N60E4JXJ7WCVP8EHX,vehicle,CONFIRMED,0.367,76,300,204,364,,
2026-09-01T16:14:56.605342+00:00,C-033,Dehgam Panchayat Office,Gandhinagar,Panchayat,TR01M1K1FG1N60E4JXJ7WCVP8EHX,vehicle,CONFIRMED,0.351,88,296,220,368,,
2026-09-01T16:14:56.705342+00:00,C-033,Dehgam Panchayat Office,Gandhinagar,Panchayat,TR01M1K1FG1N60E4JXJ7WCVP8EHX,vehicle,CONFIRMED,0.360,100,296,232,364,,
2026-09-01T16:14:56.805342+00:00,C-033,Dehgam Panchayat Office,Gandhinagar,Panchayat,TR01M1K1FG1N60E4JXJ7WCVP8EHX,vehicle,CONFIRMED,0.364,116,300,240,368,,
2026-09-01T16:14:56.905342+00:00,C-033,Dehgam Panchayat Office,Gandhinagar,Panchayat,TR01M1K1FG1N60E4JXJ7WCVP8EHX,vehicle,CONFIRMED,0.371,128,300,256,364,,
2026-09-01T16:14:57.005342+00:00,C-033,Dehgam Panchayat Office,Gandhinagar,Panchayat,TR01M1K1FG1N60E4JXJ7WCVP8EHX,vehicle,CONFIRMED,0.370,140,300,268,364,,
2026-09-01T16:14:57.105342+00:00,C-033,Dehgam Panchayat Office,Gandhinagar,Panchayat,TR01M1K1FG1N60E4JXJ7WCVP8EHX,vehicle,CONFIRMED,0.365,152,300,284,368,,
2026-09-01T16:14:57.205342+00:00,C-033,Dehgam Panchayat Office,Gandhinagar,Panchayat,TR01M1K1FG1N60E4JXJ7WCVP8EHX,vehicle,CONFIRMED,0.376,164,300,292,364,,
2026-09-01T16:14:57.305342+00:00,C-033,Dehgam Panchayat Office,Gandhinagar,Panchayat,TR01M1K1FG1N60E4JXJ7WCVP8EHX,vehicle,CONFIRMED,0.377,176,300,304,364,,
2026-09-01T16:14:57.405342+00:00,C-033,Dehgam Panchayat Office,Gandhinagar,Panchayat,TR01M1K1FG1N60E4JXJ7WCVP8EHX,vehicle,CONFIRMED,0.382,192,300,320,364,,
2026-09-01T16:14:57.505342+00:00,C-033,Dehgam Panchayat Office,Gandhinagar,Panchayat,TR01M1K1FG1N60E4JXJ7WCVP8EHX,vehicle,CONFIRMED,0.384,204,300,332,364,,
2026-09-01T16:14:57.605342+00:00,C-033,Dehgam Panchayat Office,Gandhinagar,Panchayat,TR01M1K1FG1N60E4JXJ7WCVP8EHX,vehicle,CONFIRMED,0.385,220,300,348,364,,
2026-09-01T16:14:57.705342+00:00,C-033,Dehgam Panchayat Office,Gandhinagar,Panchayat,TR01M1K1FG1N60E4JXJ7WCVP8EHX,vehicle,CONFIRMED,0.372,228,300,360,368,,
2026-09-01T16:14:57.805342+00:00,C-033,Dehgam Panchayat Office,Gandhinagar,Panchayat,TR01M1K1FG1N60E4JXJ7WCVP8EHX,vehicle,CONFIRMED,0.375,240,300,372,368,,
2026-09-01T16:14:57.905342+00:00,C-033,Dehgam Panchayat Office,Gandhinagar,Panchayat,TR01M1K1FG1N60E4JXJ7WCVP8EHX,vehicle,CONFIRMED,0.381,256,300,384,368,,
2026-09-01T16:14:58.005342+00:00,C-033,Dehgam Panchayat Office,Gandhinagar,Panchayat,TR01M1K1FG1N60E4JXJ7WCVP8EHX,vehicle,CONFIRMED,0.382,268,300,396,368,,
2026-09-01T16:14:58.105342+00:00,C-033,Dehgam Panchayat Office,Gandhinagar,Panchayat,TR01M1K1FG1N60E4JXJ7WCVP8EHX,vehicle,CONFIRMED,0.377,280,296,408,368,,
2026-09-01T16:14:58.205342+00:00,C-033,Dehgam Panchayat Office,Gandhinagar,Panchayat,TR01M1K1FG1N60E4JXJ7WCVP8EHX,vehicle,CONFIRMED,0.381,292,296,424,368,,
2026-09-01T16:14:58.305342+00:00,C-033,Dehgam Panchayat Office,Gandhinagar,Panchayat,TR01M1K1FG1N60E4JXJ7WCVP8EHX,vehicle,CONFIRMED,0.384,304,296,436,368,,
2026-09-01T16:14:58.405342+00:00,C-033,Dehgam Panchayat Office,Gandhinagar,Panchayat,TR01M1K1FG1N60E4JXJ7WCVP8EHX,vehicle,CONFIRMED,0.396,320,296,448,368,,
2026-09-01T16:14:58.505342+00:00,C-033,Dehgam Panchayat Office,Gandhinagar,Panchayat,TR01M1K1FG1N60E4JXJ7WCVP8EHX,vehicle,CONFIRMED,0.392,332,296,460,368,,
2026-09-01T16:14:58.605342+00:00,C-033,Dehgam Panchayat Office,Gandhinagar,Panchayat,TR01M1K1FG1N60E4JXJ7WCVP8EHX,vehicle,CONFIRMED,0.397,344,296,472,368,,
2026-09-01T16:14:58.705342+00:00,C-033,Dehgam Panchayat Office,Gandhinagar,Panchayat,TR01M1K1FG1N60E4JXJ7WCVP8EHX,vehicle,CONFIRMED,0.393,356,296,488,368,,
2026-09-01T16:14:58.805342+00:00,C-033,Dehgam Panchayat Office,Gandhinagar,Panchayat,TR01M1K1FG1N60E4JXJ7WCVP8EHX,vehicle,CONFIRMED,0.395,372,296,500,368,,
2026-09-01T16:14:58.905342+00:00,C-033,Dehgam Panchayat Office,Gandhinagar,Panchayat,TR01M1K1FG1N60E4JXJ7WCVP8EHX,vehicle,CONFIRMED,0.405,384,300,512,368,,
2026-09-01T16:14:59.005342+00:00,C-033,Dehgam Panchayat Office,Gandhinagar,Panchayat,TR01M1K1FG1N60E4JXJ7WCVP8EHX,bus,CONFIRMED,0.696,388,288,527,378,,
2026-09-01T16:14:59.105342+00:00,C-033,Dehgam Panchayat Office,Gandhinagar,Panchayat,TR01M1K1FG1N60E4JXJ7WCVP8EHX,bus,CONFIRMED,0.511,402,289,543,378,,
2026-09-01T16:14:59.205342+00:00,C-033,Dehgam Panchayat Office,Gandhinagar,Panchayat,TR01M1K1FG1N60E4JXJ7WCVP8EHX,bus,CONFIRMED,0.529,416,291,554,378,,
2026-09-01T16:14:59.205342+00:00,C-033,Dehgam Panchayat Office,Gandhinagar,Panchayat,TR01M1K1FJZYMJDS9B8Q3GQ34P37,truck,TENTATIVE,0.505,416,291,554,378,,
2026-09-01T16:14:59.305342+00:00,C-033,Dehgam Panchayat Office,Gandhinagar,Panchayat,TR01M1K1FG1N60E4JXJ7WCVP8EHX,bus,CONFIRMED,0.474,428,290,569,377,,
2026-09-01T16:14:59.305342+00:00,C-033,Dehgam Panchayat Office,Gandhinagar,Panchayat,TR01M1K1FJZYMJDS9B8Q3GQ34P37,vehicle,CONFIRMED,0.404,432,296,564,368,,
2026-09-01T16:14:59.405342+00:00,C-033,Dehgam Panchayat Office,Gandhinagar,Panchayat,TR01M1K1FG1N60E4JXJ7WCVP8EHX,bus,CONFIRMED,0.684,443,289,577,378,,
2026-09-01T16:14:59.405342+00:00,C-033,Dehgam Panchayat Office,Gandhinagar,Panchayat,TR01M1K1FJZYMJDS9B8Q3GQ34P37,vehicle,CONFIRMED,0.410,448,296,576,368,,
2026-09-01T16:14:59.505342+00:00,C-033,Dehgam Panchayat Office,Gandhinagar,Panchayat,TR01M1K1FG1N60E4JXJ7WCVP8EHX,bus,CONFIRMED,0.768,453,289,591,377,,
2026-09-01T16:14:59.505342+00:00,C-033,Dehgam Panchayat Office,Gandhinagar,Panchayat,TR01M1K1FJZYMJDS9B8Q3GQ34P37,vehicle,CONFIRMED,0.412,460,296,588,368,,
2026-09-01T16:14:59.605342+00:00,C-033,Dehgam Panchayat Office,Gandhinagar,Panchayat,TR01M1K1FG1N60E4JXJ7WCVP8EHX,bus,CONFIRMED,0.620,466,290,605,377,,
2026-09-01T16:14:59.605342+00:00,C-033,Dehgam Panchayat Office,Gandhinagar,Panchayat,TR01M1K1FJZYMJDS9B8Q3GQ34P37,vehicle,CONFIRMED,0.406,472,296,604,368,,
2026-09-01T16:14:59.705342+00:00,C-033,Dehgam Panchayat Office,Gandhinagar,Panchayat,TR01M1K1FG1N60E4JXJ7WCVP8EHX,bus,CONFIRMED,0.488,479,291,621,377,,
2026-09-01T16:14:59.705342+00:00,C-033,Dehgam Panchayat Office,Gandhinagar,Panchayat,TR01M1K1FJZYMJDS9B8Q3GQ34P37,vehicle,CONFIRMED,0.410,484,296,616,368,,
2026-09-01T16:14:59.805342+00:00,C-033,Dehgam Panchayat Office,Gandhinagar,Panchayat,TR01M1K1FG1N60E4JXJ7WCVP8EHX,bus,CONFIRMED,0.521,493,291,632,378,,
2026-09-01T16:14:59.805342+00:00,C-033,Dehgam Panchayat Office,Gandhinagar,Panchayat,TR01M1K1FJZYMJDS9B8Q3GQ34P37,vehicle,CONFIRMED,0.412,496,296,628,368,,
2026-09-01T16:14:59.905342+00:00,C-033,Dehgam Panchayat Office,Gandhinagar,Panchayat,TR01M1K1FG1N60E4JXJ7WCVP8EHX,bus,CONFIRMED,0.405,505,290,639,376,,
2026-09-01T16:14:59.905342+00:00,C-033,Dehgam Panchayat Office,Gandhinagar,Panchayat,TR01M1K1FJZYMJDS9B8Q3GQ34P37,vehicle,CONFIRMED,0.420,512,296,640,368,,
2026-09-01T16:14:59.905342+00:00,C-033,Dehgam Panchayat Office,Gandhinagar,Panchayat,TR01M1K1FKKV8YADYJKA0H6SJKKS,bus,TENTATIVE,0.602,0,289,115,376,,
2026-09-01T16:15:00.005342+00:00,C-033,Dehgam Panchayat Office,Gandhinagar,Panchayat,TR01M1K1FG1N60E4JXJ7WCVP8EHX,bus,CONFIRMED,0.556,518,290,639,378,,
2026-09-01T16:15:00.005342+00:00,C-033,Dehgam Panchayat Office,Gandhinagar,Panchayat,TR01M1K1FJZYMJDS9B8Q3GQ34P37,vehicle,CONFIRMED,0.415,524,296,640,368,,
2026-09-01T16:15:00.005342+00:00,C-033,Dehgam Panchayat Office,Gandhinagar,Panchayat,TR01M1K1FKKV8YADYJKA0H6SJKKS,bus,CONFIRMED,0.556,0,288,128,377,,
2026-09-01T16:15:00.105342+00:00,C-033,Dehgam Panchayat Office,Gandhinagar,Panchayat,TR01M1K1FG1N60E4JXJ7WCVP8EHX,bus,CONFIRMED,0.699,530,290,639,377,,
2026-09-01T16:15:00.105342+00:00,C-033,Dehgam Panchayat Office,Gandhinagar,Panchayat,TR01M1K1FJZYMJDS9B8Q3GQ34P37,vehicle,CONFIRMED,0.410,536,296,640,368,,
2026-09-01T16:15:00.105342+00:00,C-033,Dehgam Panchayat Office,Gandhinagar,Panchayat,TR01M1K1FKKV8YADYJKA0H6SJKKS,bus,CONFIRMED,0.569,1,289,142,376,,
2026-09-01T16:15:00.205342+00:00,C-033,Dehgam Panchayat Office,Gandhinagar,Panchayat,TR01M1K1FG1N60E4JXJ7WCVP8EHX,bus,CONFIRMED,0.545,544,291,639,377,,
2026-09-01T16:15:00.205342+00:00,C-033,Dehgam Panchayat Office,Gandhinagar,Panchayat,TR01M1K1FJZYMJDS9B8Q3GQ34P37,vehicle,CONFIRMED,0.395,548,296,640,368,,
2026-09-01T16:15:00.205342+00:00,C-033,Dehgam Panchayat Office,Gandhinagar,Panchayat,TR01M1K1FKKV8YADYJKA0H6SJKKS,bus,CONFIRMED,0.498,17,289,156,375,,
2026-09-01T16:15:00.305342+00:00,C-033,Dehgam Panchayat Office,Gandhinagar,Panchayat,TR01M1K1FG1N60E4JXJ7WCVP8EHX,bus,CONFIRMED,0.545,544,291,639,377,,
2026-09-01T16:15:00.305342+00:00,C-033,Dehgam Panchayat Office,Gandhinagar,Panchayat,TR01M1K1FJZYMJDS9B8Q3GQ34P37,vehicle,CONFIRMED,0.381,564,296,640,368,,
2026-09-01T16:15:00.305342+00:00,C-033,Dehgam Panchayat Office,Gandhinagar,Panchayat,TR01M1K1FKKV8YADYJKA0H6SJKKS,vehicle,CONFIRMED,0.490,36,296,172,368,,
2026-09-01T16:15:00.405342+00:00,C-033,Dehgam Panchayat Office,Gandhinagar,Panchayat,TR01M1K1FG1N60E4JXJ7WCVP8EHX,bus,CONFIRMED,0.407,567,291,640,376,,
2026-09-01T16:15:00.405342+00:00,C-033,Dehgam Panchayat Office,Gandhinagar,Panchayat,TR01M1K1FJZYMJDS9B8Q3GQ34P37,vehicle,CONFIRMED,0.371,572,296,640,368,,
2026-09-01T16:15:00.405342+00:00,C-033,Dehgam Panchayat Office,Gandhinagar,Panchayat,TR01M1K1FKKV8YADYJKA0H6SJKKS,vehicle,CONFIRMED,0.490,52,296,184,368,,
2026-09-01T16:15:00.505342+00:00,C-033,Dehgam Panchayat Office,Gandhinagar,Panchayat,TR01M1K1FG1N60E4JXJ7WCVP8EHX,bus,CONFIRMED,0.526,580,291,640,377,,
2026-09-01T16:15:00.505342+00:00,C-033,Dehgam Panchayat Office,Gandhinagar,Panchayat,TR01M1K1FJZYMJDS9B8Q3GQ34P37,vehicle,CONFIRMED,0.383,588,296,640,368,,
2026-09-01T16:15:00.505342+00:00,C-033,Dehgam Panchayat Office,Gandhinagar,Panchayat,TR01M1K1FKKV8YADYJKA0H6SJKKS,bus,CONFIRMED,0.537,61,290,200,378,,
2026-09-01T16:15:00.605342+00:00,C-033,Dehgam Panchayat Office,Gandhinagar,Panchayat,TR01M1K1FG1N60E4JXJ7WCVP8EHX,bus,CONFIRMED,0.526,580,291,640,377,,
2026-09-01T16:15:00.605342+00:00,C-033,Dehgam Panchayat Office,Gandhinagar,Panchayat,TR01M1K1FJZYMJDS9B8Q3GQ34P37,vehicle,CONFIRMED,0.383,588,296,640,368,,
2026-09-01T16:15:00.605342+00:00,C-033,Dehgam Panchayat Office,Gandhinagar,Panchayat,TR01M1K1FKKV8YADYJKA0H6SJKKS,car,CONFIRMED,0.512,95,340,189,379,,
2026-09-01T16:15:00.705342+00:00,C-033,Dehgam Panchayat Office,Gandhinagar,Panchayat,TR01M1K1FG1N60E4JXJ7WCVP8EHX,bus,CONFIRMED,0.526,580,291,640,377,,
2026-09-01T16:15:00.705342+00:00,C-033,Dehgam Panchayat Office,Gandhinagar,Panchayat,TR01M1K1FJZYMJDS9B8Q3GQ34P37,vehicle,CONFIRMED,0.383,588,296,640,368,,
2026-09-01T16:15:00.705342+00:00,C-033,Dehgam Panchayat Office,Gandhinagar,Panchayat,TR01M1K1FKKV8YADYJKA0H6SJKKS,car,CONFIRMED,0.512,95,340,189,379,,
2026-09-01T16:15:00.805342+00:00,C-033,Dehgam Panchayat Office,Gandhinagar,Panchayat,TR01M1K1FG1N60E4JXJ7WCVP8EHX,bus,CONFIRMED,0.526,580,291,640,377,,
2026-09-01T16:15:00.805342+00:00,C-033,Dehgam Panchayat Office,Gandhinagar,Panchayat,TR01M1K1FJZYMJDS9B8Q3GQ34P37,vehicle,CONFIRMED,0.383,588,296,640,368,,
2026-09-01T16:15:00.805342+00:00,C-033,Dehgam Panchayat Office,Gandhinagar,Panchayat,TR01M1K1FKKV8YADYJKA0H6SJKKS,car,CONFIRMED,0.512,95,340,189,379,,
2026-09-01T16:15:00.805342+00:00,C-033,Dehgam Panchayat Office,Gandhinagar,Panchayat,TR01M1K1FMEFK340Z1VBGCBH49E2,bus,TENTATIVE,0.538,103,290,243,377,,
2026-09-01T16:15:00.905342+00:00,C-033,Dehgam Panchayat Office,Gandhinagar,Panchayat,TR01M1K1FG1N60E4JXJ7WCVP8EHX,bus,CONFIRMED,0.526,580,291,640,377,,
2026-09-01T16:15:00.905342+00:00,C-033,Dehgam Panchayat Office,Gandhinagar,Panchayat,TR01M1K1FJZYMJDS9B8Q3GQ34P37,vehicle,CONFIRMED,0.383,588,296,640,368,,
2026-09-01T16:15:00.905342+00:00,C-033,Dehgam Panchayat Office,Gandhinagar,Panchayat,TR01M1K1FKKV8YADYJKA0H6SJKKS,car,CONFIRMED,0.512,95,340,189,379,,
2026-09-01T16:15:00.905342+00:00,C-033,Dehgam Panchayat Office,Gandhinagar,Panchayat,TR01M1K1FMEFK340Z1VBGCBH49E2,bus,CONFIRMED,0.620,118,290,256,378,,
2026-09-01T16:15:01.005342+00:00,C-033,Dehgam Panchayat Office,Gandhinagar,Panchayat,TR01M1K1FG1N60E4JXJ7WCVP8EHX,bus,CONFIRMED,0.526,580,291,640,377,,
2026-09-01T16:15:01.005342+00:00,C-033,Dehgam Panchayat Office,Gandhinagar,Panchayat,TR01M1K1FJZYMJDS9B8Q3GQ34P37,vehicle,CONFIRMED,0.383,588,296,640,368,,
2026-09-01T16:15:01.005342+00:00,C-033,Dehgam Panchayat Office,Gandhinagar,Panchayat,TR01M1K1FKKV8YADYJKA0H6SJKKS,car,CONFIRMED,0.512,95,340,189,379,,
2026-09-01T16:15:01.005342+00:00,C-033,Dehgam Panchayat Office,Gandhinagar,Panchayat,TR01M1K1FMEFK340Z1VBGCBH49E2,bus,CONFIRMED,0.559,131,290,271,378,,
2026-09-01T16:15:01.105342+00:00,C-033,Dehgam Panchayat Office,Gandhinagar,Panchayat,TR01M1K1FG1N60E4JXJ7WCVP8EHX,bus,CONFIRMED,0.526,580,291,640,377,,
2026-09-01T16:15:01.105342+00:00,C-033,Dehgam Panchayat Office,Gandhinagar,Panchayat,TR01M1K1FJZYMJDS9B8Q3GQ34P37,vehicle,CONFIRMED,0.383,588,296,640,368,,
2026-09-01T16:15:01.105342+00:00,C-033,Dehgam Panchayat Office,Gandhinagar,Panchayat,TR01M1K1FKKV8YADYJKA0H6SJKKS,car,CONFIRMED,0.512,95,340,189,379,,
2026-09-01T16:15:01.105342+00:00,C-033,Dehgam Panchayat Office,Gandhinagar,Panchayat,TR01M1K1FMEFK340Z1VBGCBH49E2,bus,CONFIRMED,0.448,146,289,285,377,,
2026-09-01T16:15:01.205342+00:00,C-033,Dehgam Panchayat Office,Gandhinagar,Panchayat,TR01M1K1FG1N60E4JXJ7WCVP8EHX,bus,CONFIRMED,0.526,580,291,640,377,,
2026-09-01T16:15:01.205342+00:00,C-033,Dehgam Panchayat Office,Gandhinagar,Panchayat,TR01M1K1FJZYMJDS9B8Q3GQ34P37,vehicle,CONFIRMED,0.383,588,296,640,368,,
2026-09-01T16:15:01.205342+00:00,C-033,Dehgam Panchayat Office,Gandhinagar,Panchayat,TR01M1K1FKKV8YADYJKA0H6SJKKS,car,CONFIRMED,0.512,95,340,189,379,,
2026-09-01T16:15:01.205342+00:00,C-033,Dehgam Panchayat Office,Gandhinagar,Panchayat,TR01M1K1FMEFK340Z1VBGCBH49E2,bus,CONFIRMED,0.435,160,289,299,377,,
2026-09-01T16:15:01.305342+00:00,C-033,Dehgam Panchayat Office,Gandhinagar,Panchayat,TR01M1K1FG1N60E4JXJ7WCVP8EHX,bus,CONFIRMED,0.526,580,291,640,377,,
2026-09-01T16:15:01.305342+00:00,C-033,Dehgam Panchayat Office,Gandhinagar,Panchayat,TR01M1K1FJZYMJDS9B8Q3GQ34P37,vehicle,CONFIRMED,0.383,588,296,640,368,,
2026-09-01T16:15:01.305342+00:00,C-033,Dehgam Panchayat Office,Gandhinagar,Panchayat,TR01M1K1FKKV8YADYJKA0H6SJKKS,car,CONFIRMED,0.512,95,340,189,379,,
2026-09-01T16:15:01.305342+00:00,C-033,Dehgam Panchayat Office,Gandhinagar,Panchayat,TR01M1K1FMEFK340Z1VBGCBH49E2,vehicle,CONFIRMED,0.490,180,296,312,368,,
2026-09-01T16:15:01.405342+00:00,C-033,Dehgam Panchayat Office,Gandhinagar,Panchayat,TR01M1K1FG1N60E4JXJ7WCVP8EHX,bus,CONFIRMED,0.526,580,291,640,377,,
2026-09-01T16:15:01.405342+00:00,C-033,Dehgam Panchayat Office,Gandhinagar,Panchayat,TR01M1K1FJZYMJDS9B8Q3GQ34P37,vehicle,CONFIRMED,0.383,588,296,640,368,,
2026-09-01T16:15:01.405342+00:00,C-033,Dehgam Panchayat Office,Gandhinagar,Panchayat,TR01M1K1FKKV8YADYJKA0H6SJKKS,car,CONFIRMED,0.512,95,340,189,379,,
2026-09-01T16:15:01.405342+00:00,C-033,Dehgam Panchayat Office,Gandhinagar,Panchayat,TR01M1K1FMEFK340Z1VBGCBH49E2,vehicle,CONFIRMED,0.490,196,296,328,368,,
2026-09-01T16:15:01.505342+00:00,C-033,Dehgam Panchayat Office,Gandhinagar,Panchayat,TR01M1K1FG1N60E4JXJ7WCVP8EHX,bus,CONFIRMED,0.526,580,291,640,377,,
2026-09-01T16:15:01.505342+00:00,C-033,Dehgam Panchayat Office,Gandhinagar,Panchayat,TR01M1K1FJZYMJDS9B8Q3GQ34P37,vehicle,CONFIRMED,0.383,588,296,640,368,,
2026-09-01T16:15:01.505342+00:00,C-033,Dehgam Panchayat Office,Gandhinagar,Panchayat,TR01M1K1FKKV8YADYJKA0H6SJKKS,car,CONFIRMED,0.512,95,340,189,379,,
2026-09-01T16:15:01.505342+00:00,C-033,Dehgam Panchayat Office,Gandhinagar,Panchayat,TR01M1K1FMEFK340Z1VBGCBH49E2,vehicle,CONFIRMED,0.490,208,296,340,368,,
2026-09-01T16:15:01.605342+00:00,C-033,Dehgam Panchayat Office,Gandhinagar,Panchayat,TR01M1K1FG1N60E4JXJ7WCVP8EHX,bus,CONFIRMED,0.526,580,291,640,377,,
2026-09-01T16:15:01.605342+00:00,C-033,Dehgam Panchayat Office,Gandhinagar,Panchayat,TR01M1K1FJZYMJDS9B8Q3GQ34P37,vehicle,CONFIRMED,0.383,588,296,640,368,,
2026-09-01T16:15:01.605342+00:00,C-033,Dehgam Panchayat Office,Gandhinagar,Panchayat,TR01M1K1FKKV8YADYJKA0H6SJKKS,car,CONFIRMED,0.512,95,340,189,379,,
2026-09-01T16:15:01.605342+00:00,C-033,Dehgam Panchayat Office,Gandhinagar,Panchayat,TR01M1K1FMEFK340Z1VBGCBH49E2,vehicle,CONFIRMED,0.490,224,296,356,368,,
2026-09-01T16:15:01.705342+00:00,C-033,Dehgam Panchayat Office,Gandhinagar,Panchayat,TR01M1K1FG1N60E4JXJ7WCVP8EHX,bus,CONFIRMED,0.526,580,291,640,377,,
2026-09-01T16:15:01.705342+00:00,C-033,Dehgam Panchayat Office,Gandhinagar,Panchayat,TR01M1K1FJZYMJDS9B8Q3GQ34P37,vehicle,CONFIRMED,0.383,588,296,640,368,,
2026-09-01T16:15:01.705342+00:00,C-033,Dehgam Panchayat Office,Gandhinagar,Panchayat,TR01M1K1FKKV8YADYJKA0H6SJKKS,car,CONFIRMED,0.512,95,340,189,379,,
2026-09-01T16:15:01.705342+00:00,C-033,Dehgam Panchayat Office,Gandhinagar,Panchayat,TR01M1K1FMEFK340Z1VBGCBH49E2,vehicle,CONFIRMED,0.490,236,296,368,368,,
2026-09-01T16:15:01.805342+00:00,C-033,Dehgam Panchayat Office,Gandhinagar,Panchayat,TR01M1K1FG1N60E4JXJ7WCVP8EHX,bus,CONFIRMED,0.526,580,291,640,377,,
2026-09-01T16:15:01.805342+00:00,C-033,Dehgam Panchayat Office,Gandhinagar,Panchayat,TR01M1K1FJZYMJDS9B8Q3GQ34P37,vehicle,CONFIRMED,0.383,588,296,640,368,,
2026-09-01T16:15:01.805342+00:00,C-033,Dehgam Panchayat Office,Gandhinagar,Panchayat,TR01M1K1FKKV8YADYJKA0H6SJKKS,car,CONFIRMED,0.512,95,340,189,379,,
2026-09-01T16:15:01.805342+00:00,C-033,Dehgam Panchayat Office,Gandhinagar,Panchayat,TR01M1K1FMEFK340Z1VBGCBH49E2,vehicle,CONFIRMED,0.490,252,296,384,368,,
2026-09-01T16:15:01.905342+00:00,C-033,Dehgam Panchayat Office,Gandhinagar,Panchayat,TR01M1K1FG1N60E4JXJ7WCVP8EHX,bus,CONFIRMED,0.526,580,291,640,377,,
2026-09-01T16:15:01.905342+00:00,C-033,Dehgam Panchayat Office,Gandhinagar,Panchayat,TR01M1K1FJZYMJDS9B8Q3GQ34P37,vehicle,CONFIRMED,0.383,588,296,640,368,,
2026-09-01T16:15:01.905342+00:00,C-033,Dehgam Panchayat Office,Gandhinagar,Panchayat,TR01M1K1FKKV8YADYJKA0H6SJKKS,car,CONFIRMED,0.512,95,340,189,379,,
2026-09-01T16:15:01.905342+00:00,C-033,Dehgam Panchayat Office,Gandhinagar,Panchayat,TR01M1K1FMEFK340Z1VBGCBH49E2,vehicle,CONFIRMED,0.490,264,296,400,368,,
2026-09-01T16:15:02.005342+00:00,C-033,Dehgam Panchayat Office,Gandhinagar,Panchayat,TR01M1K1FKKV8YADYJKA0H6SJKKS,car,CONFIRMED,0.512,95,340,189,379,,
2026-09-01T16:15:02.005342+00:00,C-033,Dehgam Panchayat Office,Gandhinagar,Panchayat,TR01M1K1FMEFK340Z1VBGCBH49E2,vehicle,CONFIRMED,0.490,280,296,412,368,,
2026-09-01T16:15:02.105342+00:00,C-033,Dehgam Panchayat Office,Gandhinagar,Panchayat,TR01M1K1FKKV8YADYJKA0H6SJKKS,car,CONFIRMED,0.512,95,340,189,379,,
2026-09-01T16:15:02.105342+00:00,C-033,Dehgam Panchayat Office,Gandhinagar,Panchayat,TR01M1K1FMEFK340Z1VBGCBH49E2,vehicle,CONFIRMED,0.490,292,296,428,368,,
2026-09-01T16:15:02.205342+00:00,C-033,Dehgam Panchayat Office,Gandhinagar,Panchayat,TR01M1K1FMEFK340Z1VBGCBH49E2,vehicle,CONFIRMED,0.490,308,296,440,368,,
2026-09-01T16:15:02.305342+00:00,C-033,Dehgam Panchayat Office,Gandhinagar,Panchayat,TR01M1K1FMEFK340Z1VBGCBH49E2,vehicle,CONFIRMED,0.490,324,296,456,368,,
2026-09-01T16:15:02.405342+00:00,C-033,Dehgam Panchayat Office,Gandhinagar,Panchayat,TR01M1K1FMEFK340Z1VBGCBH49E2,vehicle,CONFIRMED,0.490,336,296,468,368,,
2026-09-01T16:15:02.505342+00:00,C-033,Dehgam Panchayat Office,Gandhinagar,Panchayat,TR01M1K1FMEFK340Z1VBGCBH49E2,vehicle,CONFIRMED,0.490,352,296,484,368,,
2026-09-01T16:15:02.605342+00:00,C-033,Dehgam Panchayat Office,Gandhinagar,Panchayat,TR01M1K1FMEFK340Z1VBGCBH49E2,vehicle,CONFIRMED,0.490,364,296,500,368,,
2026-09-01T16:15:02.705342+00:00,C-033,Dehgam Panchayat Office,Gandhinagar,Panchayat,TR01M1K1FMEFK340Z1VBGCBH49E2,vehicle,CONFIRMED,0.490,380,296,512,368,,
2026-09-01T16:15:02.805342+00:00,C-033,Dehgam Panchayat Office,Gandhinagar,Panchayat,TR01M1K1FMEFK340Z1VBGCBH49E2,vehicle,CONFIRMED,0.490,392,296,528,368,,
2026-09-01T16:15:02.905342+00:00,C-033,Dehgam Panchayat Office,Gandhinagar,Panchayat,TR01M1K1FMEFK340Z1VBGCBH49E2,vehicle,CONFIRMED,0.490,408,296,540,368,,
2026-09-01T16:15:03.005342+00:00,C-033,Dehgam Panchayat Office,Gandhinagar,Panchayat,TR01M1K1FMEFK340Z1VBGCBH49E2,vehicle,CONFIRMED,0.490,424,296,556,368,,
2026-09-01T16:15:03.105342+00:00,C-033,Dehgam Panchayat Office,Gandhinagar,Panchayat,TR01M1K1FMEFK340Z1VBGCBH49E2,vehicle,CONFIRMED,0.490,436,296,568,368,,
2026-09-01T16:15:03.205342+00:00,C-033,Dehgam Panchayat Office,Gandhinagar,Panchayat,TR01M1K1FMEFK340Z1VBGCBH49E2,vehicle,CONFIRMED,0.490,452,296,584,368,,
2026-09-01T16:15:03.305342+00:00,C-033,Dehgam Panchayat Office,Gandhinagar,Panchayat,TR01M1K1FMEFK340Z1VBGCBH49E2,vehicle,CONFIRMED,0.490,464,296,596,368,,
2026-09-01T16:15:03.405342+00:00,C-033,Dehgam Panchayat Office,Gandhinagar,Panchayat,TR01M1K1FMEFK340Z1VBGCBH49E2,vehicle,CONFIRMED,0.490,480,296,612,368,,
2026-09-01T16:15:03.505342+00:00,C-033,Dehgam Panchayat Office,Gandhinagar,Panchayat,TR01M1K1FMEFK340Z1VBGCBH49E2,vehicle,CONFIRMED,0.490,492,296,628,368,,
2026-09-01T16:15:03.605342+00:00,C-033,Dehgam Panchayat Office,Gandhinagar,Panchayat,TR01M1K1FMEFK340Z1VBGCBH49E2,vehicle,CONFIRMED,0.490,508,296,640,368,,
2026-09-01T16:15:03.705342+00:00,C-033,Dehgam Panchayat Office,Gandhinagar,Panchayat,TR01M1K1FMEFK340Z1VBGCBH49E2,vehicle,CONFIRMED,0.490,520,296,640,368,,
2026-09-01T16:15:03.805342+00:00,C-033,Dehgam Panchayat Office,Gandhinagar,Panchayat,TR01M1K1FMEFK340Z1VBGCBH49E2,bus,CONFIRMED,0.510,531,290,639,374,,
2026-09-01T16:15:03.905342+00:00,C-033,Dehgam Panchayat Office,Gandhinagar,Panchayat,TR01M1K1FMEFK340Z1VBGCBH49E2,bus,CONFIRMED,0.861,545,291,639,374,,
2026-09-01T16:15:04.005342+00:00,C-033,Dehgam Panchayat Office,Gandhinagar,Panchayat,TR01M1K1FMEFK340Z1VBGCBH49E2,bus,CONFIRMED,0.479,559,290,639,372,,
2026-09-01T16:15:04.105342+00:00,C-033,Dehgam Panchayat Office,Gandhinagar,Panchayat,TR01M1K1FMEFK340Z1VBGCBH49E2,bus,CONFIRMED,0.544,573,290,639,373,,
2026-09-01T16:15:04.205342+00:00,C-033,Dehgam Panchayat Office,Gandhinagar,Panchayat,TR01M1K1FMEFK340Z1VBGCBH49E2,vehicle,CONFIRMED,0.490,592,296,640,368,,
2026-09-01T16:15:04.305342+00:00,C-033,Dehgam Panchayat Office,Gandhinagar,Panchayat,TR01M1K1FMEFK340Z1VBGCBH49E2,vehicle,CONFIRMED,0.490,592,296,640,368,,
2026-09-01T16:15:04.405342+00:00,C-033,Dehgam Panchayat Office,Gandhinagar,Panchayat,TR01M1K1FMEFK340Z1VBGCBH49E2,vehicle,CONFIRMED,0.490,592,296,640,368,,
2026-09-01T16:15:04.505342+00:00,C-033,Dehgam Panchayat Office,Gandhinagar,Panchayat,TR01M1K1FMEFK340Z1VBGCBH49E2,vehicle,CONFIRMED,0.490,592,296,640,368,,
2026-09-01T16:15:04.605342+00:00,C-033,Dehgam Panchayat Office,Gandhinagar,Panchayat,TR01M1K1FMEFK340Z1VBGCBH49E2,vehicle,CONFIRMED,0.490,592,296,640,368,,
2026-09-01T16:15:04.705342+00:00,C-033,Dehgam Panchayat Office,Gandhinagar,Panchayat,TR01M1K1FMEFK340Z1VBGCBH49E2,vehicle,CONFIRMED,0.490,592,296,640,368,,
2026-09-01T16:15:04.805342+00:00,C-033,Dehgam Panchayat Office,Gandhinagar,Panchayat,TR01M1K1FMEFK340Z1VBGCBH49E2,vehicle,CONFIRMED,0.490,592,296,640,368,,
2026-09-01T16:15:04.905342+00:00,C-033,Dehgam Panchayat Office,Gandhinagar,Panchayat,TR01M1K1FMEFK340Z1VBGCBH49E2,vehicle,CONFIRMED,0.490,592,296,640,368,,
2026-09-01T16:15:05.005342+00:00,C-033,Dehgam Panchayat Office,Gandhinagar,Panchayat,TR01M1K1FMEFK340Z1VBGCBH49E2,vehicle,CONFIRMED,0.490,592,296,640,368,,
2026-09-01T16:15:05.105342+00:00,C-033,Dehgam Panchayat Office,Gandhinagar,Panchayat,TR01M1K1FMEFK340Z1VBGCBH49E2,vehicle,CONFIRMED,0.490,592,296,640,368,,
2026-09-01T16:15:05.205342+00:00,C-033,Dehgam Panchayat Office,Gandhinagar,Panchayat,TR01M1K1FMEFK340Z1VBGCBH49E2,vehicle,CONFIRMED,0.490,592,296,640,368,,
2026-09-01T16:15:05.305342+00:00,C-033,Dehgam Panchayat Office,Gandhinagar,Panchayat,TR01M1K1FMEFK340Z1VBGCBH49E2,vehicle,CONFIRMED,0.490,592,296,640,368,,
2026-09-01T16:15:05.405342+00:00,C-033,Dehgam Panchayat Office,Gandhinagar,Panchayat,TR01M1K1FMEFK340Z1VBGCBH49E2,vehicle,CONFIRMED,0.490,592,296,640,368,,
2026-09-01T16:15:05.505342+00:00,C-033,Dehgam Panchayat Office,Gandhinagar,Panchayat,TR01M1K1FMEFK340Z1VBGCBH49E2,vehicle,CONFIRMED,0.490,592,296,640,368,,
2026-09-01T16:15:05.605342+00:00,C-033,Dehgam Panchayat Office,Gandhinagar,Panchayat,TR01M1K1FMEFK340Z1VBGCBH49E2,vehicle,CONFIRMED,0.490,592,296,640,368,,
2026-09-01T16:15:05.705342+00:00,C-033,Dehgam Panchayat Office,Gandhinagar,Panchayat,TR01M1K1FMEFK340Z1VBGCBH49E2,vehicle,CONFIRMED,0.490,592,296,640,368,,
2026-09-01T16:15:15.905342+00:00,C-033,Dehgam Panchayat Office,Gandhinagar,Panchayat,TR01M1K1G243DE84RK21707B1ZNM,bus,TENTATIVE,0.648,58,291,255,412,,
2026-09-01T16:15:16.005342+00:00,C-033,Dehgam Panchayat Office,Gandhinagar,Panchayat,TR01M1K1G243DE84RK21707B1ZNM,bus,CONFIRMED,0.455,71,290,268,412,,
2026-09-01T16:15:16.105342+00:00,C-033,Dehgam Panchayat Office,Gandhinagar,Panchayat,TR01M1K1G243DE84RK21707B1ZNM,vehicle,CONFIRMED,0.490,88,296,280,408,,
2026-09-01T16:15:16.205342+00:00,C-033,Dehgam Panchayat Office,Gandhinagar,Panchayat,TR01M1K1G243DE84RK21707B1ZNM,vehicle,CONFIRMED,0.490,100,296,292,408,,
2026-09-01T16:15:16.305342+00:00,C-033,Dehgam Panchayat Office,Gandhinagar,Panchayat,TR01M1K1G243DE84RK21707B1ZNM,vehicle,CONFIRMED,0.490,112,296,304,400,,
2026-09-01T16:15:16.405342+00:00,C-033,Dehgam Panchayat Office,Gandhinagar,Panchayat,TR01M1K1G243DE84RK21707B1ZNM,vehicle,CONFIRMED,0.490,128,296,320,400,,
2026-09-01T16:15:16.505342+00:00,C-033,Dehgam Panchayat Office,Gandhinagar,Panchayat,TR01M1K1G243DE84RK21707B1ZNM,vehicle,CONFIRMED,0.490,140,296,332,400,,
2026-09-01T16:15:16.605342+00:00,C-033,Dehgam Panchayat Office,Gandhinagar,Panchayat,TR01M1K1G243DE84RK21707B1ZNM,vehicle,CONFIRMED,0.490,152,296,344,400,,
2026-09-01T16:15:16.705342+00:00,C-033,Dehgam Panchayat Office,Gandhinagar,Panchayat,TR01M1K1G243DE84RK21707B1ZNM,vehicle,CONFIRMED,0.490,164,296,356,400,,
2026-09-01T16:16:09.123131+00:00,C-047,Gandhinagar Sector 21 Chowk,Gandhinagar,Municipal,TR01M1K1GR7WXDXWZB2G517R1RBP,vehicle,CONFIRMED,0.496,0,804,444,1080,,
2026-09-01T16:16:09.256465+00:00,C-047,Gandhinagar Sector 21 Chowk,Gandhinagar,Municipal,TR01M1K1GR7WXDXWZB2G517R1RBP,vehicle,CONFIRMED,0.696,0,804,480,1080,,
2026-09-01T16:16:09.389798+00:00,C-047,Gandhinagar Sector 21 Chowk,Gandhinagar,Municipal,TR01M1K1GR7WXDXWZB2G517R1RBP,vehicle,CONFIRMED,0.490,0,804,528,1080,,
2026-09-01T16:16:09.523131+00:00,C-047,Gandhinagar Sector 21 Chowk,Gandhinagar,Municipal,TR01M1K1GR7WXDXWZB2G517R1RBP,vehicle,CONFIRMED,0.490,0,804,576,1080,,
2026-09-01T16:16:09.656465+00:00,C-047,Gandhinagar Sector 21 Chowk,Gandhinagar,Municipal,TR01M1K1GR7WXDXWZB2G517R1RBP,vehicle,CONFIRMED,0.530,0,804,624,1080,,
2026-09-01T16:16:09.789798+00:00,C-047,Gandhinagar Sector 21 Chowk,Gandhinagar,Municipal,TR01M1K1GR7WXDXWZB2G517R1RBP,vehicle,CONFIRMED,0.534,0,804,660,1080,,
2026-09-01T16:16:09.923131+00:00,C-047,Gandhinagar Sector 21 Chowk,Gandhinagar,Municipal,TR01M1K1GR7WXDXWZB2G517R1RBP,vehicle,CONFIRMED,0.670,0,804,708,1080,,
2026-09-01T16:16:10.056465+00:00,C-047,Gandhinagar Sector 21 Chowk,Gandhinagar,Municipal,TR01M1K1GR7WXDXWZB2G517R1RBP,vehicle,CONFIRMED,0.723,0,804,756,1080,,
2026-09-01T16:16:10.056465+00:00,C-047,Gandhinagar Sector 21 Chowk,Gandhinagar,Municipal,TR01M1K1GT5QBF2XJQAWGCMTMZR7,vehicle,TENTATIVE,0.702,0,804,756,1080,,
2026-09-01T16:16:10.189798+00:00,C-047,Gandhinagar Sector 21 Chowk,Gandhinagar,Municipal,TR01M1K1GR7WXDXWZB2G517R1RBP,vehicle,CONFIRMED,0.741,0,804,804,1080,,
2026-09-01T16:16:10.189798+00:00,C-047,Gandhinagar Sector 21 Chowk,Gandhinagar,Municipal,TR01M1K1GT5QBF2XJQAWGCMTMZR7,vehicle,CONFIRMED,0.734,0,804,804,1080,,
2026-09-01T16:16:10.323131+00:00,C-047,Gandhinagar Sector 21 Chowk,Gandhinagar,Municipal,TR01M1K1GR7WXDXWZB2G517R1RBP,vehicle,CONFIRMED,0.685,0,804,840,1080,,
2026-09-01T16:16:10.323131+00:00,C-047,Gandhinagar Sector 21 Chowk,Gandhinagar,Municipal,TR01M1K1GT5QBF2XJQAWGCMTMZR7,vehicle,CONFIRMED,0.652,0,804,840,1080,,
2026-09-01T16:16:10.456465+00:00,C-047,Gandhinagar Sector 21 Chowk,Gandhinagar,Municipal,TR01M1K1GR7WXDXWZB2G517R1RBP,vehicle,CONFIRMED,0.838,0,804,888,1080,,
2026-09-01T16:16:10.456465+00:00,C-047,Gandhinagar Sector 21 Chowk,Gandhinagar,Municipal,TR01M1K1GT5QBF2XJQAWGCMTMZR7,vehicle,CONFIRMED,0.555,0,804,888,1080,,
2026-09-01T16:16:10.589798+00:00,C-047,Gandhinagar Sector 21 Chowk,Gandhinagar,Municipal,TR01M1K1GR7WXDXWZB2G517R1RBP,vehicle,CONFIRMED,0.851,0,804,936,1080,,
2026-09-01T16:16:10.589798+00:00,C-047,Gandhinagar Sector 21 Chowk,Gandhinagar,Municipal,TR01M1K1GT5QBF2XJQAWGCMTMZR7,vehicle,CONFIRMED,0.763,0,804,936,1080,,
2026-09-01T16:16:10.723131+00:00,C-047,Gandhinagar Sector 21 Chowk,Gandhinagar,Municipal,TR01M1K1GR7WXDXWZB2G517R1RBP,vehicle,CONFIRMED,0.848,0,804,984,1080,,
2026-09-01T16:16:10.723131+00:00,C-047,Gandhinagar Sector 21 Chowk,Gandhinagar,Municipal,TR01M1K1GT5QBF2XJQAWGCMTMZR7,vehicle,CONFIRMED,0.664,0,804,984,1080,,
2026-09-01T16:16:10.856465+00:00,C-047,Gandhinagar Sector 21 Chowk,Gandhinagar,Municipal,TR01M1K1GR7WXDXWZB2G517R1RBP,vehicle,CONFIRMED,0.832,0,804,1020,1080,,
2026-09-01T16:16:10.856465+00:00,C-047,Gandhinagar Sector 21 Chowk,Gandhinagar,Municipal,TR01M1K1GT5QBF2XJQAWGCMTMZR7,vehicle,CONFIRMED,0.656,0,804,1020,1080,,
2026-09-01T16:16:10.989798+00:00,C-047,Gandhinagar Sector 21 Chowk,Gandhinagar,Municipal,TR01M1K1GR7WXDXWZB2G517R1RBP,vehicle,CONFIRMED,0.842,0,804,1068,1080,,
2026-09-01T16:16:10.989798+00:00,C-047,Gandhinagar Sector 21 Chowk,Gandhinagar,Municipal,TR01M1K1GT5QBF2XJQAWGCMTMZR7,vehicle,CONFIRMED,0.584,0,804,1068,1080,,
2026-09-01T16:16:11.123131+00:00,C-047,Gandhinagar Sector 21 Chowk,Gandhinagar,Municipal,TR01M1K1GR7WXDXWZB2G517R1RBP,vehicle,CONFIRMED,0.835,0,780,1116,1080,,
2026-09-01T16:16:11.123131+00:00,C-047,Gandhinagar Sector 21 Chowk,Gandhinagar,Municipal,TR01M1K1GT5QBF2XJQAWGCMTMZR7,vehicle,CONFIRMED,0.628,0,780,1116,1080,,
2026-09-01T16:16:11.256465+00:00,C-047,Gandhinagar Sector 21 Chowk,Gandhinagar,Municipal,TR01M1K1GR7WXDXWZB2G517R1RBP,vehicle,CONFIRMED,0.846,0,780,1164,1080,,
2026-09-01T16:16:11.256465+00:00,C-047,Gandhinagar Sector 21 Chowk,Gandhinagar,Municipal,TR01M1K1GT5QBF2XJQAWGCMTMZR7,vehicle,CONFIRMED,0.736,0,780,1164,1080,,
2026-09-01T16:16:11.256465+00:00,C-047,Gandhinagar Sector 21 Chowk,Gandhinagar,Municipal,TR01M1K1GWXA5SA5J0D0DAVKC6P2,vehicle,TENTATIVE,0.521,0,780,1164,1080,,
2026-09-01T16:16:11.389798+00:00,C-047,Gandhinagar Sector 21 Chowk,Gandhinagar,Municipal,TR01M1K1GR7WXDXWZB2G517R1RBP,vehicle,CONFIRMED,0.760,0,780,1212,1080,,
2026-09-01T16:16:11.389798+00:00,C-047,Gandhinagar Sector 21 Chowk,Gandhinagar,Municipal,TR01M1K1GT5QBF2XJQAWGCMTMZR7,vehicle,CONFIRMED,0.736,0,780,1164,1080,,
2026-09-01T16:16:11.389798+00:00,C-047,Gandhinagar Sector 21 Chowk,Gandhinagar,Municipal,TR01M1K1GWXA5SA5J0D0DAVKC6P2,vehicle,CONFIRMED,0.837,0,780,1212,1080,,
2026-09-01T16:16:11.523131+00:00,C-047,Gandhinagar Sector 21 Chowk,Gandhinagar,Municipal,TR01M1K1GR7WXDXWZB2G517R1RBP,vehicle,CONFIRMED,0.550,0,780,1248,1080,,
2026-09-01T16:16:11.523131+00:00,C-047,Gandhinagar Sector 21 Chowk,Gandhinagar,Municipal,TR01M1K1GT5QBF2XJQAWGCMTMZR7,vehicle,CONFIRMED,0.736,0,780,1164,1080,,
2026-09-01T16:16:11.523131+00:00,C-047,Gandhinagar Sector 21 Chowk,Gandhinagar,Municipal,TR01M1K1GWXA5SA5J0D0DAVKC6P2,vehicle,CONFIRMED,0.820,0,780,1248,1080,,
2026-09-01T16:16:11.656465+00:00,C-047,Gandhinagar Sector 21 Chowk,Gandhinagar,Municipal,TR01M1K1GR7WXDXWZB2G517R1RBP,vehicle,CONFIRMED,0.649,0,780,1296,1080,,
2026-09-01T16:16:11.656465+00:00,C-047,Gandhinagar Sector 21 Chowk,Gandhinagar,Municipal,TR01M1K1GT5QBF2XJQAWGCMTMZR7,vehicle,CONFIRMED,0.525,0,780,1296,1080,,
2026-09-01T16:16:11.656465+00:00,C-047,Gandhinagar Sector 21 Chowk,Gandhinagar,Municipal,TR01M1K1GWXA5SA5J0D0DAVKC6P2,vehicle,CONFIRMED,0.780,0,780,1296,1080,,
2026-09-01T16:16:11.789798+00:00,C-047,Gandhinagar Sector 21 Chowk,Gandhinagar,Municipal,TR01M1K1GR7WXDXWZB2G517R1RBP,vehicle,CONFIRMED,0.667,0,780,1344,1080,,
2026-09-01T16:16:11.789798+00:00,C-047,Gandhinagar Sector 21 Chowk,Gandhinagar,Municipal,TR01M1K1GT5QBF2XJQAWGCMTMZR7,vehicle,CONFIRMED,0.624,0,780,1344,1080,,
2026-09-01T16:16:11.789798+00:00,C-047,Gandhinagar Sector 21 Chowk,Gandhinagar,Municipal,TR01M1K1GWXA5SA5J0D0DAVKC6P2,vehicle,CONFIRMED,0.805,0,780,1344,1080,,
2026-09-01T16:16:11.923131+00:00,C-047,Gandhinagar Sector 21 Chowk,Gandhinagar,Municipal,TR01M1K1GR7WXDXWZB2G517R1RBP,vehicle,CONFIRMED,0.743,0,780,1392,1080,,
2026-09-01T16:16:11.923131+00:00,C-047,Gandhinagar Sector 21 Chowk,Gandhinagar,Municipal,TR01M1K1GT5QBF2XJQAWGCMTMZR7,vehicle,CONFIRMED,0.631,0,780,1392,1080,,
2026-09-01T16:16:11.923131+00:00,C-047,Gandhinagar Sector 21 Chowk,Gandhinagar,Municipal,TR01M1K1GWXA5SA5J0D0DAVKC6P2,vehicle,CONFIRMED,0.748,0,780,1392,1080,,
2026-09-01T16:16:12.056465+00:00,C-047,Gandhinagar Sector 21 Chowk,Gandhinagar,Municipal,TR01M1K1GR7WXDXWZB2G517R1RBP,vehicle,CONFIRMED,0.615,0,780,1428,1080,,
2026-09-01T16:16:12.056465+00:00,C-047,Gandhinagar Sector 21 Chowk,Gandhinagar,Municipal,TR01M1K1GT5QBF2XJQAWGCMTMZR7,vehicle,CONFIRMED,0.529,0,780,1428,1080,,
2026-09-01T16:16:12.056465+00:00,C-047,Gandhinagar Sector 21 Chowk,Gandhinagar,Municipal,TR01M1K1GWXA5SA5J0D0DAVKC6P2,vehicle,CONFIRMED,0.777,0,780,1428,1080,,
2026-09-01T16:16:12.189798+00:00,C-047,Gandhinagar Sector 21 Chowk,Gandhinagar,Municipal,TR01M1K1GR7WXDXWZB2G517R1RBP,vehicle,CONFIRMED,0.702,0,780,1476,1080,,
2026-09-01T16:16:12.189798+00:00,C-047,Gandhinagar Sector 21 Chowk,Gandhinagar,Municipal,TR01M1K1GT5QBF2XJQAWGCMTMZR7,vehicle,CONFIRMED,0.595,0,780,1476,1080,,
2026-09-01T16:16:12.189798+00:00,C-047,Gandhinagar Sector 21 Chowk,Gandhinagar,Municipal,TR01M1K1GWXA5SA5J0D0DAVKC6P2,vehicle,CONFIRMED,0.799,0,780,1476,1080,,
2026-09-01T16:16:12.323131+00:00,C-047,Gandhinagar Sector 21 Chowk,Gandhinagar,Municipal,TR01M1K1GR7WXDXWZB2G517R1RBP,vehicle,CONFIRMED,0.784,0,780,1524,1080,,
2026-09-01T16:16:12.323131+00:00,C-047,Gandhinagar Sector 21 Chowk,Gandhinagar,Municipal,TR01M1K1GT5QBF2XJQAWGCMTMZR7,vehicle,CONFIRMED,0.632,0,780,1524,1080,,
2026-09-01T16:16:12.323131+00:00,C-047,Gandhinagar Sector 21 Chowk,Gandhinagar,Municipal,TR01M1K1GWXA5SA5J0D0DAVKC6P2,vehicle,CONFIRMED,0.763,0,780,1524,1080,,
2026-09-01T16:16:12.456465+00:00,C-047,Gandhinagar Sector 21 Chowk,Gandhinagar,Municipal,TR01M1K1GR7WXDXWZB2G517R1RBP,vehicle,CONFIRMED,0.768,0,780,1572,1080,,
2026-09-01T16:16:12.456465+00:00,C-047,Gandhinagar Sector 21 Chowk,Gandhinagar,Municipal,TR01M1K1GT5QBF2XJQAWGCMTMZR7,vehicle,CONFIRMED,0.490,0,780,1572,1080,,
2026-09-01T16:16:12.456465+00:00,C-047,Gandhinagar Sector 21 Chowk,Gandhinagar,Municipal,TR01M1K1GWXA5SA5J0D0DAVKC6P2,vehicle,CONFIRMED,0.761,0,780,1572,1080,,
2026-09-01T16:16:12.589798+00:00,C-047,Gandhinagar Sector 21 Chowk,Gandhinagar,Municipal,TR01M1K1GR7WXDXWZB2G517R1RBP,vehicle,CONFIRMED,0.759,0,780,1608,1080,,
2026-09-01T16:16:12.589798+00:00,C-047,Gandhinagar Sector 21 Chowk,Gandhinagar,Municipal,TR01M1K1GT5QBF2XJQAWGCMTMZR7,vehicle,CONFIRMED,0.490,0,780,1596,1080,,
2026-09-01T16:16:12.589798+00:00,C-047,Gandhinagar Sector 21 Chowk,Gandhinagar,Municipal,TR01M1K1GWXA5SA5J0D0DAVKC6P2,vehicle,CONFIRMED,0.495,0,780,1608,1080,,
2026-09-01T16:16:12.723131+00:00,C-047,Gandhinagar Sector 21 Chowk,Gandhinagar,Municipal,TR01M1K1GR7WXDXWZB2G517R1RBP,vehicle,CONFIRMED,0.763,0,780,1656,1080,,
2026-09-01T16:16:12.723131+00:00,C-047,Gandhinagar Sector 21 Chowk,Gandhinagar,Municipal,TR01M1K1GT5QBF2XJQAWGCMTMZR7,vehicle,CONFIRMED,0.490,0,780,1656,1080,,
2026-09-01T16:16:12.723131+00:00,C-047,Gandhinagar Sector 21 Chowk,Gandhinagar,Municipal,TR01M1K1GWXA5SA5J0D0DAVKC6P2,vehicle,CONFIRMED,0.521,0,780,1656,1080,,
2026-09-01T16:16:12.856465+00:00,C-047,Gandhinagar Sector 21 Chowk,Gandhinagar,Municipal,TR01M1K1GR7WXDXWZB2G517R1RBP,vehicle,CONFIRMED,0.786,0,780,1704,1080,,
2026-09-01T16:16:12.856465+00:00,C-047,Gandhinagar Sector 21 Chowk,Gandhinagar,Municipal,TR01M1K1GT5QBF2XJQAWGCMTMZR7,vehicle,CONFIRMED,0.547,0,780,1704,1080,,
2026-09-01T16:16:12.856465+00:00,C-047,Gandhinagar Sector 21 Chowk,Gandhinagar,Municipal,TR01M1K1GWXA5SA5J0D0DAVKC6P2,vehicle,CONFIRMED,0.490,0,780,1680,1080,,
2026-09-01T16:16:12.989798+00:00,C-047,Gandhinagar Sector 21 Chowk,Gandhinagar,Municipal,TR01M1K1GR7WXDXWZB2G517R1RBP,vehicle,CONFIRMED,0.808,0,780,1752,1080,,
2026-09-01T16:16:12.989798+00:00,C-047,Gandhinagar Sector 21 Chowk,Gandhinagar,Municipal,TR01M1K1GT5QBF2XJQAWGCMTMZR7,vehicle,CONFIRMED,0.595,0,780,1752,1080,,
2026-09-01T16:16:12.989798+00:00,C-047,Gandhinagar Sector 21 Chowk,Gandhinagar,Municipal,TR01M1K1GWXA5SA5J0D0DAVKC6P2,vehicle,CONFIRMED,0.490,0,780,1680,1080,,
2026-09-01T16:16:13.123131+00:00,C-047,Gandhinagar Sector 21 Chowk,Gandhinagar,Municipal,TR01M1K1GR7WXDXWZB2G517R1RBP,vehicle,CONFIRMED,0.799,0,780,1788,1080,,
2026-09-01T16:16:13.123131+00:00,C-047,Gandhinagar Sector 21 Chowk,Gandhinagar,Municipal,TR01M1K1GT5QBF2XJQAWGCMTMZR7,vehicle,CONFIRMED,0.686,0,780,1788,1080,,
2026-09-01T16:16:13.123131+00:00,C-047,Gandhinagar Sector 21 Chowk,Gandhinagar,Municipal,TR01M1K1GWXA5SA5J0D0DAVKC6P2,vehicle,CONFIRMED,0.490,0,780,1776,1080,,
2026-09-01T16:16:13.256465+00:00,C-047,Gandhinagar Sector 21 Chowk,Gandhinagar,Municipal,TR01M1K1GR7WXDXWZB2G517R1RBP,vehicle,CONFIRMED,0.534,922,516,1920,1080,,
2026-09-01T16:16:13.256465+00:00,C-047,Gandhinagar Sector 21 Chowk,Gandhinagar,Municipal,TR01M1K1GT5QBF2XJQAWGCMTMZR7,vehicle,CONFIRMED,0.401,38,463,1446,1080,,
2026-09-01T16:16:13.256465+00:00,C-047,Gandhinagar Sector 21 Chowk,Gandhinagar,Municipal,TR01M1K1GWXA5SA5J0D0DAVKC6P2,vehicle,CONFIRMED,0.819,703,668,1560,1080,,
2026-09-01T16:16:13.389798+00:00,C-047,Gandhinagar Sector 21 Chowk,Gandhinagar,Municipal,TR01M1K1GR7WXDXWZB2G517R1RBP,vehicle,CONFIRMED,0.646,981,522,1920,1080,,
2026-09-01T16:16:13.389798+00:00,C-047,Gandhinagar Sector 21 Chowk,Gandhinagar,Municipal,TR01M1K1GT5QBF2XJQAWGCMTMZR7,vehicle,CONFIRMED,0.478,62,461,1470,1080,,
2026-09-01T16:16:13.389798+00:00,C-047,Gandhinagar Sector 21 Chowk,Gandhinagar,Municipal,TR01M1K1GWXA5SA5J0D0DAVKC6P2,vehicle,CONFIRMED,0.762,757,672,1603,1080,,
2026-09-01T16:16:13.523131+00:00,C-047,Gandhinagar Sector 21 Chowk,Gandhinagar,Municipal,TR01M1K1GR7WXDXWZB2G517R1RBP,vehicle,CONFIRMED,0.424,1033,527,1920,1080,,
2026-09-01T16:16:13.523131+00:00,C-047,Gandhinagar Sector 21 Chowk,Gandhinagar,Municipal,TR01M1K1GT5QBF2XJQAWGCMTMZR7,vehicle,CONFIRMED,0.556,140,464,1548,1080,,
2026-09-01T16:16:13.523131+00:00,C-047,Gandhinagar Sector 21 Chowk,Gandhinagar,Municipal,TR01M1K1GWXA5SA5J0D0DAVKC6P2,vehicle,CONFIRMED,0.710,815,680,1643,1080,,
2026-09-01T16:16:13.656465+00:00,C-047,Gandhinagar Sector 21 Chowk,Gandhinagar,Municipal,TR01M1K1GR7WXDXWZB2G517R1RBP,vehicle,CONFIRMED,0.641,1062,533,1920,1080,,
2026-09-01T16:16:13.656465+00:00,C-047,Gandhinagar Sector 21 Chowk,Gandhinagar,Municipal,TR01M1K1GT5QBF2XJQAWGCMTMZR7,vehicle,CONFIRMED,0.556,140,464,1548,1080,,
2026-09-01T16:16:13.656465+00:00,C-047,Gandhinagar Sector 21 Chowk,Gandhinagar,Municipal,TR01M1K1GWXA5SA5J0D0DAVKC6P2,vehicle,CONFIRMED,0.754,866,683,1687,1080,,
2026-09-01T16:16:13.789798+00:00,C-047,Gandhinagar Sector 21 Chowk,Gandhinagar,Municipal,TR01M1K1GR7WXDXWZB2G517R1RBP,vehicle,CONFIRMED,0.641,1062,533,1920,1080,,
2026-09-01T16:16:13.789798+00:00,C-047,Gandhinagar Sector 21 Chowk,Gandhinagar,Municipal,TR01M1K1GT5QBF2XJQAWGCMTMZR7,vehicle,CONFIRMED,0.426,239,464,1647,1080,,
2026-09-01T16:16:13.789798+00:00,C-047,Gandhinagar Sector 21 Chowk,Gandhinagar,Municipal,TR01M1K1GWXA5SA5J0D0DAVKC6P2,vehicle,CONFIRMED,0.740,921,689,1728,1080,,
2026-09-01T16:16:13.923131+00:00,C-047,Gandhinagar Sector 21 Chowk,Gandhinagar,Municipal,TR01M1K1GR7WXDXWZB2G517R1RBP,vehicle,CONFIRMED,0.641,1062,533,1920,1080,,
2026-09-01T16:16:13.923131+00:00,C-047,Gandhinagar Sector 21 Chowk,Gandhinagar,Municipal,TR01M1K1GT5QBF2XJQAWGCMTMZR7,vehicle,CONFIRMED,0.490,286,462,1697,1080,,
2026-09-01T16:16:13.923131+00:00,C-047,Gandhinagar Sector 21 Chowk,Gandhinagar,Municipal,TR01M1K1GWXA5SA5J0D0DAVKC6P2,vehicle,CONFIRMED,0.782,976,696,1772,1080,,
2026-09-01T16:16:14.056465+00:00,C-047,Gandhinagar Sector 21 Chowk,Gandhinagar,Municipal,TR01M1K1GR7WXDXWZB2G517R1RBP,vehicle,CONFIRMED,0.641,1062,533,1920,1080,,
2026-09-01T16:16:14.056465+00:00,C-047,Gandhinagar Sector 21 Chowk,Gandhinagar,Municipal,TR01M1K1GT5QBF2XJQAWGCMTMZR7,vehicle,CONFIRMED,0.490,286,462,1697,1080,,
2026-09-01T16:16:14.056465+00:00,C-047,Gandhinagar Sector 21 Chowk,Gandhinagar,Municipal,TR01M1K1GWXA5SA5J0D0DAVKC6P2,vehicle,CONFIRMED,0.804,1041,710,1804,1080,,
2026-09-01T16:16:14.189798+00:00,C-047,Gandhinagar Sector 21 Chowk,Gandhinagar,Municipal,TR01M1K1GR7WXDXWZB2G517R1RBP,vehicle,CONFIRMED,0.641,1062,533,1920,1080,,
2026-09-01T16:16:14.189798+00:00,C-047,Gandhinagar Sector 21 Chowk,Gandhinagar,Municipal,TR01M1K1GT5QBF2XJQAWGCMTMZR7,vehicle,CONFIRMED,0.442,385,458,1804,1080,,
2026-09-01T16:16:14.189798+00:00,C-047,Gandhinagar Sector 21 Chowk,Gandhinagar,Municipal,TR01M1K1GWXA5SA5J0D0DAVKC6P2,vehicle,CONFIRMED,0.772,1095,713,1847,1080,,
2026-09-01T16:16:14.323131+00:00,C-047,Gandhinagar Sector 21 Chowk,Gandhinagar,Municipal,TR01M1K1GR7WXDXWZB2G517R1RBP,vehicle,CONFIRMED,0.641,1062,533,1920,1080,,
2026-09-01T16:16:14.323131+00:00,C-047,Gandhinagar Sector 21 Chowk,Gandhinagar,Municipal,TR01M1K1GT5QBF2XJQAWGCMTMZR7,vehicle,CONFIRMED,0.426,430,454,1860,1080,,
2026-09-01T16:16:14.323131+00:00,C-047,Gandhinagar Sector 21 Chowk,Gandhinagar,Municipal,TR01M1K1GWXA5SA5J0D0DAVKC6P2,vehicle,CONFIRMED,0.696,1148,719,1889,1080,,
2026-09-01T16:16:14.456465+00:00,C-047,Gandhinagar Sector 21 Chowk,Gandhinagar,Municipal,TR01M1K1GR7WXDXWZB2G517R1RBP,vehicle,CONFIRMED,0.641,1062,533,1920,1080,,
2026-09-01T16:16:14.456465+00:00,C-047,Gandhinagar Sector 21 Chowk,Gandhinagar,Municipal,TR01M1K1GT5QBF2XJQAWGCMTMZR7,vehicle,CONFIRMED,0.519,483,455,1908,1080,,
2026-09-01T16:16:14.456465+00:00,C-047,Gandhinagar Sector 21 Chowk,Gandhinagar,Municipal,TR01M1K1GWXA5SA5J0D0DAVKC6P2,vehicle,CONFIRMED,0.793,1209,727,1920,1080,,
2026-09-01T16:16:14.589798+00:00,C-047,Gandhinagar Sector 21 Chowk,Gandhinagar,Municipal,TR01M1K1GR7WXDXWZB2G517R1RBP,vehicle,CONFIRMED,0.641,1062,533,1920,1080,,
2026-09-01T16:16:14.589798+00:00,C-047,Gandhinagar Sector 21 Chowk,Gandhinagar,Municipal,TR01M1K1GT5QBF2XJQAWGCMTMZR7,vehicle,CONFIRMED,0.489,538,460,1920,1080,,
2026-09-01T16:16:14.589798+00:00,C-047,Gandhinagar Sector 21 Chowk,Gandhinagar,Municipal,TR01M1K1GWXA5SA5J0D0DAVKC6P2,vehicle,CONFIRMED,0.742,1266,735,1920,1080,,
2026-09-01T16:16:14.723131+00:00,C-047,Gandhinagar Sector 21 Chowk,Gandhinagar,Municipal,TR01M1K1GR7WXDXWZB2G517R1RBP,vehicle,CONFIRMED,0.641,1062,533,1920,1080,,
2026-09-01T16:16:14.723131+00:00,C-047,Gandhinagar Sector 21 Chowk,Gandhinagar,Municipal,TR01M1K1GT5QBF2XJQAWGCMTMZR7,vehicle,CONFIRMED,0.543,593,463,1920,1080,,
2026-09-01T16:16:14.723131+00:00,C-047,Gandhinagar Sector 21 Chowk,Gandhinagar,Municipal,TR01M1K1GWXA5SA5J0D0DAVKC6P2,vehicle,CONFIRMED,0.766,1322,739,1920,1080,,
2026-09-01T16:16:14.856465+00:00,C-047,Gandhinagar Sector 21 Chowk,Gandhinagar,Municipal,TR01M1K1GR7WXDXWZB2G517R1RBP,vehicle,CONFIRMED,0.641,1062,533,1920,1080,,
2026-09-01T16:16:14.856465+00:00,C-047,Gandhinagar Sector 21 Chowk,Gandhinagar,Municipal,TR01M1K1GT5QBF2XJQAWGCMTMZR7,vehicle,CONFIRMED,0.612,643,462,1920,1080,,
2026-09-01T16:16:14.856465+00:00,C-047,Gandhinagar Sector 21 Chowk,Gandhinagar,Municipal,TR01M1K1GWXA5SA5J0D0DAVKC6P2,vehicle,CONFIRMED,0.785,1383,750,1920,1080,,
2026-09-01T16:16:14.989798+00:00,C-047,Gandhinagar Sector 21 Chowk,Gandhinagar,Municipal,TR01M1K1GR7WXDXWZB2G517R1RBP,vehicle,CONFIRMED,0.641,1062,533,1920,1080,,
2026-09-01T16:16:14.989798+00:00,C-047,Gandhinagar Sector 21 Chowk,Gandhinagar,Municipal,TR01M1K1GT5QBF2XJQAWGCMTMZR7,vehicle,CONFIRMED,0.641,695,464,1920,1080,,
2026-09-01T16:16:14.989798+00:00,C-047,Gandhinagar Sector 21 Chowk,Gandhinagar,Municipal,TR01M1K1GWXA5SA5J0D0DAVKC6P2,vehicle,CONFIRMED,0.624,1439,756,1920,1080,,
2026-09-01T16:16:15.123131+00:00,C-047,Gandhinagar Sector 21 Chowk,Gandhinagar,Municipal,TR01M1K1GT5QBF2XJQAWGCMTMZR7,vehicle,CONFIRMED,0.515,746,465,1920,1080,,
2026-09-01T16:16:15.123131+00:00,C-047,Gandhinagar Sector 21 Chowk,Gandhinagar,Municipal,TR01M1K1GWXA5SA5J0D0DAVKC6P2,vehicle,CONFIRMED,0.624,1439,756,1920,1080,,
2026-09-01T16:16:15.256465+00:00,C-047,Gandhinagar Sector 21 Chowk,Gandhinagar,Municipal,TR01M1K1GT5QBF2XJQAWGCMTMZR7,vehicle,CONFIRMED,0.429,800,466,1920,1080,,
2026-09-01T16:16:15.256465+00:00,C-047,Gandhinagar Sector 21 Chowk,Gandhinagar,Municipal,TR01M1K1GWXA5SA5J0D0DAVKC6P2,vehicle,CONFIRMED,0.624,1439,756,1920,1080,,
2026-09-01T16:16:15.389798+00:00,C-047,Gandhinagar Sector 21 Chowk,Gandhinagar,Municipal,TR01M1K1GT5QBF2XJQAWGCMTMZR7,vehicle,CONFIRMED,0.575,846,463,1920,1080,,
2026-09-01T16:16:15.389798+00:00,C-047,Gandhinagar Sector 21 Chowk,Gandhinagar,Municipal,TR01M1K1GWXA5SA5J0D0DAVKC6P2,vehicle,CONFIRMED,0.624,1439,756,1920,1080,,
2026-09-01T16:16:15.523131+00:00,C-047,Gandhinagar Sector 21 Chowk,Gandhinagar,Municipal,TR01M1K1GT5QBF2XJQAWGCMTMZR7,vehicle,CONFIRMED,0.430,899,463,1920,1080,,
2026-09-01T16:16:15.523131+00:00,C-047,Gandhinagar Sector 21 Chowk,Gandhinagar,Municipal,TR01M1K1GWXA5SA5J0D0DAVKC6P2,vehicle,CONFIRMED,0.624,1439,756,1920,1080,,
2026-09-01T16:16:15.656465+00:00,C-047,Gandhinagar Sector 21 Chowk,Gandhinagar,Municipal,TR01M1K1GT5QBF2XJQAWGCMTMZR7,vehicle,CONFIRMED,0.452,915,455,1920,1080,,
2026-09-01T16:16:15.656465+00:00,C-047,Gandhinagar Sector 21 Chowk,Gandhinagar,Municipal,TR01M1K1GWXA5SA5J0D0DAVKC6P2,vehicle,CONFIRMED,0.624,1439,756,1920,1080,,
2026-09-01T16:16:15.789798+00:00,C-047,Gandhinagar Sector 21 Chowk,Gandhinagar,Municipal,TR01M1K1GT5QBF2XJQAWGCMTMZR7,vehicle,CONFIRMED,0.467,971,461,1920,1080,,
2026-09-01T16:16:15.789798+00:00,C-047,Gandhinagar Sector 21 Chowk,Gandhinagar,Municipal,TR01M1K1GWXA5SA5J0D0DAVKC6P2,vehicle,CONFIRMED,0.624,1439,756,1920,1080,,
2026-09-01T16:16:15.923131+00:00,C-047,Gandhinagar Sector 21 Chowk,Gandhinagar,Municipal,TR01M1K1GT5QBF2XJQAWGCMTMZR7,vehicle,CONFIRMED,0.467,971,461,1920,1080,,
2026-09-01T16:16:15.923131+00:00,C-047,Gandhinagar Sector 21 Chowk,Gandhinagar,Municipal,TR01M1K1GWXA5SA5J0D0DAVKC6P2,vehicle,CONFIRMED,0.624,1439,756,1920,1080,,
2026-09-01T16:16:16.056465+00:00,C-047,Gandhinagar Sector 21 Chowk,Gandhinagar,Municipal,TR01M1K1GT5QBF2XJQAWGCMTMZR7,vehicle,CONFIRMED,0.408,1154,550,1920,1080,,
2026-09-01T16:16:16.056465+00:00,C-047,Gandhinagar Sector 21 Chowk,Gandhinagar,Municipal,TR01M1K1GWXA5SA5J0D0DAVKC6P2,vehicle,CONFIRMED,0.624,1439,756,1920,1080,,
2026-09-01T16:16:16.189798+00:00,C-047,Gandhinagar Sector 21 Chowk,Gandhinagar,Municipal,TR01M1K1GT5QBF2XJQAWGCMTMZR7,vehicle,CONFIRMED,0.408,1154,550,1920,1080,,
2026-09-01T16:16:16.189798+00:00,C-047,Gandhinagar Sector 21 Chowk,Gandhinagar,Municipal,TR01M1K1GWXA5SA5J0D0DAVKC6P2,vehicle,CONFIRMED,0.624,1439,756,1920,1080,,
2026-09-01T16:16:16.323131+00:00,C-047,Gandhinagar Sector 21 Chowk,Gandhinagar,Municipal,TR01M1K1GT5QBF2XJQAWGCMTMZR7,vehicle,CONFIRMED,0.408,1154,550,1920,1080,,
2026-09-01T16:16:16.323131+00:00,C-047,Gandhinagar Sector 21 Chowk,Gandhinagar,Municipal,TR01M1K1GWXA5SA5J0D0DAVKC6P2,vehicle,CONFIRMED,0.624,1439,756,1920,1080,,
2026-09-01T16:16:16.456465+00:00,C-047,Gandhinagar Sector 21 Chowk,Gandhinagar,Municipal,TR01M1K1GT5QBF2XJQAWGCMTMZR7,vehicle,CONFIRMED,0.490,0,672,1920,1080,,
2026-09-01T16:16:16.456465+00:00,C-047,Gandhinagar Sector 21 Chowk,Gandhinagar,Municipal,TR01M1K1GWXA5SA5J0D0DAVKC6P2,vehicle,CONFIRMED,0.624,1439,756,1920,1080,,
2026-09-01T16:16:16.589798+00:00,C-047,Gandhinagar Sector 21 Chowk,Gandhinagar,Municipal,TR01M1K1GT5QBF2XJQAWGCMTMZR7,vehicle,CONFIRMED,0.490,0,672,1920,1080,,
2026-09-01T16:16:16.723131+00:00,C-047,Gandhinagar Sector 21 Chowk,Gandhinagar,Municipal,TR01M1K1GT5QBF2XJQAWGCMTMZR7,vehicle,CONFIRMED,0.490,0,672,1920,1080,,
2026-09-01T16:16:16.723131+00:00,C-047,Gandhinagar Sector 21 Chowk,Gandhinagar,Municipal,TR01M1K1H9JY6BG44TQCKQC78DZQ,bus,TENTATIVE,0.511,1772,772,1920,1078,,
2026-09-01T16:16:16.856465+00:00,C-047,Gandhinagar Sector 21 Chowk,Gandhinagar,Municipal,TR01M1K1GT5QBF2XJQAWGCMTMZR7,vehicle,CONFIRMED,0.550,0,672,1920,1080,,
2026-09-01T16:16:16.856465+00:00,C-047,Gandhinagar Sector 21 Chowk,Gandhinagar,Municipal,TR01M1K1H9JY6BG44TQCKQC78DZQ,bus,TENTATIVE,0.511,1772,772,1920,1078,,
2026-09-01T16:16:16.989798+00:00,C-047,Gandhinagar Sector 21 Chowk,Gandhinagar,Municipal,TR01M1K1GT5QBF2XJQAWGCMTMZR7,vehicle,CONFIRMED,0.696,0,672,1920,1080,,
2026-09-01T16:16:16.989798+00:00,C-047,Gandhinagar Sector 21 Chowk,Gandhinagar,Municipal,TR01M1K1H9JY6BG44TQCKQC78DZQ,bus,TENTATIVE,0.511,1772,772,1920,1078,,
2026-09-01T16:16:17.123131+00:00,C-047,Gandhinagar Sector 21 Chowk,Gandhinagar,Municipal,TR01M1K1GT5QBF2XJQAWGCMTMZR7,vehicle,CONFIRMED,0.534,0,672,1920,1080,,
2026-09-01T16:16:17.123131+00:00,C-047,Gandhinagar Sector 21 Chowk,Gandhinagar,Municipal,TR01M1K1H9JY6BG44TQCKQC78DZQ,bus,TENTATIVE,0.511,1772,772,1920,1078,,
2026-09-01T16:16:17.256465+00:00,C-047,Gandhinagar Sector 21 Chowk,Gandhinagar,Municipal,TR01M1K1GT5QBF2XJQAWGCMTMZR7,vehicle,CONFIRMED,0.772,0,672,1920,1080,,
2026-09-01T16:16:17.256465+00:00,C-047,Gandhinagar Sector 21 Chowk,Gandhinagar,Municipal,TR01M1K1H9JY6BG44TQCKQC78DZQ,bus,TENTATIVE,0.511,1772,772,1920,1078,,
2026-09-01T16:16:17.389798+00:00,C-047,Gandhinagar Sector 21 Chowk,Gandhinagar,Municipal,TR01M1K1GT5QBF2XJQAWGCMTMZR7,vehicle,CONFIRMED,0.812,0,672,1920,1080,,
2026-09-01T16:16:17.389798+00:00,C-047,Gandhinagar Sector 21 Chowk,Gandhinagar,Municipal,TR01M1K1H9JY6BG44TQCKQC78DZQ,bus,TENTATIVE,0.511,1772,772,1920,1078,,
2026-09-01T16:16:17.523131+00:00,C-047,Gandhinagar Sector 21 Chowk,Gandhinagar,Municipal,TR01M1K1GT5QBF2XJQAWGCMTMZR7,vehicle,CONFIRMED,0.812,0,672,1920,1080,,
2026-09-01T16:16:17.523131+00:00,C-047,Gandhinagar Sector 21 Chowk,Gandhinagar,Municipal,TR01M1K1H9JY6BG44TQCKQC78DZQ,bus,TENTATIVE,0.511,1772,772,1920,1078,,
2026-09-01T16:16:17.656465+00:00,C-047,Gandhinagar Sector 21 Chowk,Gandhinagar,Municipal,TR01M1K1GT5QBF2XJQAWGCMTMZR7,vehicle,CONFIRMED,0.811,0,672,1920,1080,,
2026-09-01T16:16:17.656465+00:00,C-047,Gandhinagar Sector 21 Chowk,Gandhinagar,Municipal,TR01M1K1H9JY6BG44TQCKQC78DZQ,bus,TENTATIVE,0.511,1772,772,1920,1078,,
2026-09-01T16:16:17.789798+00:00,C-047,Gandhinagar Sector 21 Chowk,Gandhinagar,Municipal,TR01M1K1GT5QBF2XJQAWGCMTMZR7,vehicle,CONFIRMED,0.804,0,672,1920,1080,,
2026-09-01T16:16:17.789798+00:00,C-047,Gandhinagar Sector 21 Chowk,Gandhinagar,Municipal,TR01M1K1H9JY6BG44TQCKQC78DZQ,bus,TENTATIVE,0.511,1772,772,1920,1078,,
2026-09-01T16:16:17.923131+00:00,C-047,Gandhinagar Sector 21 Chowk,Gandhinagar,Municipal,TR01M1K1GT5QBF2XJQAWGCMTMZR7,vehicle,CONFIRMED,0.817,0,672,1920,1080,,
2026-09-01T16:16:17.923131+00:00,C-047,Gandhinagar Sector 21 Chowk,Gandhinagar,Municipal,TR01M1K1H9JY6BG44TQCKQC78DZQ,bus,TENTATIVE,0.511,1772,772,1920,1078,,
2026-09-01T16:16:18.056465+00:00,C-047,Gandhinagar Sector 21 Chowk,Gandhinagar,Municipal,TR01M1K1GT5QBF2XJQAWGCMTMZR7,vehicle,CONFIRMED,0.793,0,672,1920,1080,,
2026-09-01T16:16:18.056465+00:00,C-047,Gandhinagar Sector 21 Chowk,Gandhinagar,Municipal,TR01M1K1H9JY6BG44TQCKQC78DZQ,bus,TENTATIVE,0.511,1772,772,1920,1078,,
2026-09-01T16:16:18.189798+00:00,C-047,Gandhinagar Sector 21 Chowk,Gandhinagar,Municipal,TR01M1K1GT5QBF2XJQAWGCMTMZR7,vehicle,CONFIRMED,0.819,0,672,1920,1080,,
2026-09-01T16:16:18.189798+00:00,C-047,Gandhinagar Sector 21 Chowk,Gandhinagar,Municipal,TR01M1K1H9JY6BG44TQCKQC78DZQ,bus,TENTATIVE,0.511,1772,772,1920,1078,,
2026-09-01T16:16:18.323131+00:00,C-047,Gandhinagar Sector 21 Chowk,Gandhinagar,Municipal,TR01M1K1GT5QBF2XJQAWGCMTMZR7,vehicle,CONFIRMED,0.813,0,672,1920,1080,,
2026-09-01T16:16:18.456465+00:00,C-047,Gandhinagar Sector 21 Chowk,Gandhinagar,Municipal,TR01M1K1GT5QBF2XJQAWGCMTMZR7,vehicle,CONFIRMED,0.791,0,672,1920,1080,,
2026-09-01T16:16:18.589798+00:00,C-047,Gandhinagar Sector 21 Chowk,Gandhinagar,Municipal,TR01M1K1GT5QBF2XJQAWGCMTMZR7,vehicle,CONFIRMED,0.820,0,672,1920,1080,,
2026-09-01T16:16:18.723131+00:00,C-047,Gandhinagar Sector 21 Chowk,Gandhinagar,Municipal,TR01M1K1GT5QBF2XJQAWGCMTMZR7,vehicle,CONFIRMED,0.831,0,672,1920,1080,,
2026-09-01T16:16:18.856465+00:00,C-047,Gandhinagar Sector 21 Chowk,Gandhinagar,Municipal,TR01M1K1GT5QBF2XJQAWGCMTMZR7,vehicle,CONFIRMED,0.823,0,672,1920,1068,,
2026-09-01T16:16:18.989798+00:00,C-047,Gandhinagar Sector 21 Chowk,Gandhinagar,Municipal,TR01M1K1GT5QBF2XJQAWGCMTMZR7,vehicle,CONFIRMED,0.801,0,672,1920,1068,,
2026-09-01T16:16:19.123131+00:00,C-047,Gandhinagar Sector 21 Chowk,Gandhinagar,Municipal,TR01M1K1GT5QBF2XJQAWGCMTMZR7,vehicle,CONFIRMED,0.810,0,672,1920,1068,,
2026-09-01T16:16:19.256465+00:00,C-047,Gandhinagar Sector 21 Chowk,Gandhinagar,Municipal,TR01M1K1GT5QBF2XJQAWGCMTMZR7,vehicle,CONFIRMED,0.807,0,672,1920,1068,,
2026-09-01T16:16:19.389798+00:00,C-047,Gandhinagar Sector 21 Chowk,Gandhinagar,Municipal,TR01M1K1GT5QBF2XJQAWGCMTMZR7,vehicle,CONFIRMED,0.815,0,672,1920,1068,,
2026-09-01T16:16:19.523131+00:00,C-047,Gandhinagar Sector 21 Chowk,Gandhinagar,Municipal,TR01M1K1GT5QBF2XJQAWGCMTMZR7,vehicle,CONFIRMED,0.811,0,672,1920,1068,,
2026-09-01T16:16:19.656465+00:00,C-047,Gandhinagar Sector 21 Chowk,Gandhinagar,Municipal,TR01M1K1GT5QBF2XJQAWGCMTMZR7,vehicle,CONFIRMED,0.801,0,672,1920,1068,,
2026-09-01T16:16:19.789798+00:00,C-047,Gandhinagar Sector 21 Chowk,Gandhinagar,Municipal,TR01M1K1GT5QBF2XJQAWGCMTMZR7,vehicle,CONFIRMED,0.814,678,453,1657,968,,
2026-09-01T16:16:19.923131+00:00,C-047,Gandhinagar Sector 21 Chowk,Gandhinagar,Municipal,TR01M1K1GT5QBF2XJQAWGCMTMZR7,vehicle,CONFIRMED,0.819,742,462,1704,968,,
2026-09-01T16:16:20.056465+00:00,C-047,Gandhinagar Sector 21 Chowk,Gandhinagar,Municipal,TR01M1K1GT5QBF2XJQAWGCMTMZR7,vehicle,CONFIRMED,0.828,795,461,1757,967,,
2026-09-01T16:16:20.189798+00:00,C-047,Gandhinagar Sector 21 Chowk,Gandhinagar,Municipal,TR01M1K1GT5QBF2XJQAWGCMTMZR7,vehicle,CONFIRMED,0.809,846,461,1808,967,,
2026-09-01T16:16:28.162494+00:00,C-052,Civil Hospital Gate,Ahmedabad,Health,TR01M1K1HQ5RHGTHEVTDCHQZD0ZC,vehicle,TENTATIVE,0.521,0,402,216,540,,
2026-09-01T16:16:28.287494+00:00,C-052,Civil Hospital Gate,Ahmedabad,Health,TR01M1K1HQ5RHGTHEVTDCHQZD0ZC,vehicle,CONFIRMED,0.543,0,402,240,540,,
2026-09-01T16:16:28.412494+00:00,C-052,Civil Hospital Gate,Ahmedabad,Health,TR01M1K1HQ5RHGTHEVTDCHQZD0ZC,vehicle,CONFIRMED,0.518,0,402,264,540,,
2026-09-01T16:16:28.537494+00:00,C-052,Civil Hospital Gate,Ahmedabad,Health,TR01M1K1HQ5RHGTHEVTDCHQZD0ZC,vehicle,CONFIRMED,0.490,0,402,288,540,,
2026-09-01T16:16:28.662494+00:00,C-052,Civil Hospital Gate,Ahmedabad,Health,TR01M1K1HQ5RHGTHEVTDCHQZD0ZC,vehicle,CONFIRMED,0.490,0,402,312,540,,
2026-09-01T16:16:28.787494+00:00,C-052,Civil Hospital Gate,Ahmedabad,Health,TR01M1K1HQ5RHGTHEVTDCHQZD0ZC,vehicle,CONFIRMED,0.490,0,402,336,540,,
2026-09-01T16:16:28.912494+00:00,C-052,Civil Hospital Gate,Ahmedabad,Health,TR01M1K1HQ5RHGTHEVTDCHQZD0ZC,vehicle,CONFIRMED,0.490,0,402,360,540,,
2026-09-01T16:16:29.037494+00:00,C-052,Civil Hospital Gate,Ahmedabad,Health,TR01M1K1HQ5RHGTHEVTDCHQZD0ZC,vehicle,CONFIRMED,0.490,0,402,384,540,,
2026-09-01T16:16:29.162494+00:00,C-052,Civil Hospital Gate,Ahmedabad,Health,TR01M1K1HQ5RHGTHEVTDCHQZD0ZC,vehicle,CONFIRMED,0.490,0,402,408,540,,
2026-09-01T16:16:29.287494+00:00,C-052,Civil Hospital Gate,Ahmedabad,Health,TR01M1K1HQ5RHGTHEVTDCHQZD0ZC,vehicle,CONFIRMED,0.579,0,402,432,540,,
2026-09-01T16:16:29.412494+00:00,C-052,Civil Hospital Gate,Ahmedabad,Health,TR01M1K1HQ5RHGTHEVTDCHQZD0ZC,vehicle,CONFIRMED,0.629,0,402,456,540,,
2026-09-01T16:16:29.537494+00:00,C-052,Civil Hospital Gate,Ahmedabad,Health,TR01M1K1HQ5RHGTHEVTDCHQZD0ZC,vehicle,CONFIRMED,0.661,0,402,480,540,,
2026-09-01T16:16:29.662494+00:00,C-052,Civil Hospital Gate,Ahmedabad,Health,TR01M1K1HQ5RHGTHEVTDCHQZD0ZC,vehicle,CONFIRMED,0.682,0,402,504,540,,
2026-09-01T16:16:29.787494+00:00,C-052,Civil Hospital Gate,Ahmedabad,Health,TR01M1K1HQ5RHGTHEVTDCHQZD0ZC,vehicle,CONFIRMED,0.705,0,402,528,540,,
2026-09-01T16:16:29.912494+00:00,C-052,Civil Hospital Gate,Ahmedabad,Health,TR01M1K1HQ5RHGTHEVTDCHQZD0ZC,vehicle,CONFIRMED,0.674,0,402,558,540,,
2026-09-01T16:16:30.037494+00:00,C-052,Civil Hospital Gate,Ahmedabad,Health,TR01M1K1HQ5RHGTHEVTDCHQZD0ZC,vehicle,CONFIRMED,0.701,0,402,582,540,,
2026-09-01T16:16:30.162494+00:00,C-052,Civil Hospital Gate,Ahmedabad,Health,TR01M1K1HQ5RHGTHEVTDCHQZD0ZC,vehicle,CONFIRMED,0.667,0,402,606,540,,
2026-09-01T16:16:30.287494+00:00,C-052,Civil Hospital Gate,Ahmedabad,Health,TR01M1K1HQ5RHGTHEVTDCHQZD0ZC,vehicle,CONFIRMED,0.651,0,402,630,540,,
2026-09-01T16:16:30.412494+00:00,C-052,Civil Hospital Gate,Ahmedabad,Health,TR01M1K1HQ5RHGTHEVTDCHQZD0ZC,vehicle,CONFIRMED,0.664,0,402,654,540,,
2026-09-01T16:16:30.537494+00:00,C-052,Civil Hospital Gate,Ahmedabad,Health,TR01M1K1HQ5RHGTHEVTDCHQZD0ZC,vehicle,CONFIRMED,0.703,0,402,678,540,,
2026-09-01T16:16:30.662494+00:00,C-052,Civil Hospital Gate,Ahmedabad,Health,TR01M1K1HQ5RHGTHEVTDCHQZD0ZC,vehicle,CONFIRMED,0.673,0,402,702,540,,
2026-09-01T16:16:30.787494+00:00,C-052,Civil Hospital Gate,Ahmedabad,Health,TR01M1K1HQ5RHGTHEVTDCHQZD0ZC,vehicle,CONFIRMED,0.687,0,402,726,540,,
2026-09-01T16:16:30.912494+00:00,C-052,Civil Hospital Gate,Ahmedabad,Health,TR01M1K1HQ5RHGTHEVTDCHQZD0ZC,vehicle,CONFIRMED,0.706,12,402,750,540,,
2026-09-01T16:16:31.037494+00:00,C-052,Civil Hospital Gate,Ahmedabad,Health,TR01M1K1HQ5RHGTHEVTDCHQZD0ZC,vehicle,CONFIRMED,0.719,12,402,774,540,,
2026-09-01T16:16:31.162494+00:00,C-052,Civil Hospital Gate,Ahmedabad,Health,TR01M1K1HQ5RHGTHEVTDCHQZD0ZC,vehicle,CONFIRMED,0.735,12,402,798,540,,
2026-09-01T16:16:31.287494+00:00,C-052,Civil Hospital Gate,Ahmedabad,Health,TR01M1K1HQ5RHGTHEVTDCHQZD0ZC,vehicle,CONFIRMED,0.726,12,402,822,540,,
2026-09-01T16:16:31.412494+00:00,C-052,Civil Hospital Gate,Ahmedabad,Health,TR01M1K1HQ5RHGTHEVTDCHQZD0ZC,vehicle,CONFIRMED,0.715,36,402,846,540,,
2026-09-01T16:16:31.537494+00:00,C-052,Civil Hospital Gate,Ahmedabad,Health,TR01M1K1HQ5RHGTHEVTDCHQZD0ZC,vehicle,CONFIRMED,0.763,421,260,960,540,,
2026-09-01T16:16:31.662494+00:00,C-052,Civil Hospital Gate,Ahmedabad,Health,TR01M1K1HQ5RHGTHEVTDCHQZD0ZC,vehicle,CONFIRMED,0.768,448,262,960,540,,
2026-09-01T16:16:31.787494+00:00,C-052,Civil Hospital Gate,Ahmedabad,Health,TR01M1K1HQ5RHGTHEVTDCHQZD0ZC,vehicle,CONFIRMED,0.777,474,264,960,540,,
2026-09-01T16:16:31.912494+00:00,C-052,Civil Hospital Gate,Ahmedabad,Health,TR01M1K1HQ5RHGTHEVTDCHQZD0ZC,vehicle,CONFIRMED,0.741,501,264,960,540,,
2026-09-01T16:16:32.037494+00:00,C-052,Civil Hospital Gate,Ahmedabad,Health,TR01M1K1HQ5RHGTHEVTDCHQZD0ZC,vehicle,CONFIRMED,0.729,132,402,960,540,,
2026-09-01T16:16:32.162494+00:00,C-052,Civil Hospital Gate,Ahmedabad,Health,TR01M1K1HQ5RHGTHEVTDCHQZD0ZC,vehicle,CONFIRMED,0.591,156,402,960,540,,
2026-09-01T16:16:32.287494+00:00,C-052,Civil Hospital Gate,Ahmedabad,Health,TR01M1K1HQ5RHGTHEVTDCHQZD0ZC,vehicle,CONFIRMED,0.490,156,402,960,540,,
2026-09-01T16:16:32.412494+00:00,C-052,Civil Hospital Gate,Ahmedabad,Health,TR01M1K1HQ5RHGTHEVTDCHQZD0ZC,vehicle,CONFIRMED,0.675,156,402,960,540,,
2026-09-01T16:16:32.537494+00:00,C-052,Civil Hospital Gate,Ahmedabad,Health,TR01M1K1HQ5RHGTHEVTDCHQZD0ZC,vehicle,CONFIRMED,0.612,180,402,960,540,,
2026-09-01T16:16:32.662494+00:00,C-052,Civil Hospital Gate,Ahmedabad,Health,TR01M1K1HQ5RHGTHEVTDCHQZD0ZC,vehicle,CONFIRMED,0.655,204,402,960,540,,
2026-09-01T16:16:32.787494+00:00,C-052,Civil Hospital Gate,Ahmedabad,Health,TR01M1K1HQ5RHGTHEVTDCHQZD0ZC,vehicle,CONFIRMED,0.572,228,402,960,540,,
2026-09-01T16:16:32.912494+00:00,C-052,Civil Hospital Gate,Ahmedabad,Health,TR01M1K1HQ5RHGTHEVTDCHQZD0ZC,vehicle,CONFIRMED,0.366,252,402,960,540,,
2026-09-01T16:16:33.037494+00:00,C-052,Civil Hospital Gate,Ahmedabad,Health,TR01M1K1HQ5RHGTHEVTDCHQZD0ZC,vehicle,CONFIRMED,0.318,276,402,960,540,,
2026-09-01T16:16:33.162494+00:00,C-052,Civil Hospital Gate,Ahmedabad,Health,TR01M1K1HQ5RHGTHEVTDCHQZD0ZC,vehicle,CONFIRMED,0.272,300,402,960,540,,
2026-09-01T16:16:33.287494+00:00,C-052,Civil Hospital Gate,Ahmedabad,Health,TR01M1K1HQ5RHGTHEVTDCHQZD0ZC,vehicle,CONFIRMED,0.272,300,402,960,540,,
2026-09-01T16:16:33.412494+00:00,C-052,Civil Hospital Gate,Ahmedabad,Health,TR01M1K1HQ5RHGTHEVTDCHQZD0ZC,vehicle,CONFIRMED,0.272,300,402,960,540,,
2026-09-01T16:16:33.537494+00:00,C-052,Civil Hospital Gate,Ahmedabad,Health,TR01M1K1HQ5RHGTHEVTDCHQZD0ZC,vehicle,CONFIRMED,0.272,300,402,960,540,,
2026-09-01T16:16:33.662494+00:00,C-052,Civil Hospital Gate,Ahmedabad,Health,TR01M1K1HQ5RHGTHEVTDCHQZD0ZC,vehicle,CONFIRMED,0.272,300,402,960,540,,
2026-09-01T16:16:33.662494+00:00,C-052,Civil Hospital Gate,Ahmedabad,Health,TR01M1K1HWGB9S7JXHZ98FBX064D,vehicle,TENTATIVE,0.594,0,336,204,492,,
2026-09-01T16:16:33.787494+00:00,C-052,Civil Hospital Gate,Ahmedabad,Health,TR01M1K1HQ5RHGTHEVTDCHQZD0ZC,vehicle,CONFIRMED,0.272,300,402,960,540,,
2026-09-01T16:16:33.787494+00:00,C-052,Civil Hospital Gate,Ahmedabad,Health,TR01M1K1HWGB9S7JXHZ98FBX064D,vehicle,CONFIRMED,0.574,0,336,234,492,,
2026-09-01T16:16:33.912494+00:00,C-052,Civil Hospital Gate,Ahmedabad,Health,TR01M1K1HQ5RHGTHEVTDCHQZD0ZC,vehicle,CONFIRMED,0.272,300,402,960,540,,
2026-09-01T16:16:33.912494+00:00,C-052,Civil Hospital Gate,Ahmedabad,Health,TR01M1K1HWGB9S7JXHZ98FBX064D,vehicle,CONFIRMED,0.717,0,336,258,492,,
2026-09-01T16:16:34.037494+00:00,C-052,Civil Hospital Gate,Ahmedabad,Health,TR01M1K1HQ5RHGTHEVTDCHQZD0ZC,vehicle,CONFIRMED,0.272,300,402,960,540,,
2026-09-01T16:16:34.037494+00:00,C-052,Civil Hospital Gate,Ahmedabad,Health,TR01M1K1HWGB9S7JXHZ98FBX064D,vehicle,CONFIRMED,0.541,0,336,282,492,,
2026-09-01T16:16:34.162494+00:00,C-052,Civil Hospital Gate,Ahmedabad,Health,TR01M1K1HQ5RHGTHEVTDCHQZD0ZC,vehicle,CONFIRMED,0.272,300,402,960,540,,
2026-09-01T16:16:34.162494+00:00,C-052,Civil Hospital Gate,Ahmedabad,Health,TR01M1K1HWGB9S7JXHZ98FBX064D,vehicle,CONFIRMED,0.678,0,336,306,492,,
2026-09-01T16:16:34.287494+00:00,C-052,Civil Hospital Gate,Ahmedabad,Health,TR01M1K1HQ5RHGTHEVTDCHQZD0ZC,vehicle,CONFIRMED,0.272,300,402,960,540,,
2026-09-01T16:16:34.287494+00:00,C-052,Civil Hospital Gate,Ahmedabad,Health,TR01M1K1HWGB9S7JXHZ98FBX064D,vehicle,CONFIRMED,0.536,0,336,330,492,,
2026-09-01T16:16:34.412494+00:00,C-052,Civil Hospital Gate,Ahmedabad,Health,TR01M1K1HQ5RHGTHEVTDCHQZD0ZC,vehicle,CONFIRMED,0.272,300,402,960,540,,
2026-09-01T16:16:34.412494+00:00,C-052,Civil Hospital Gate,Ahmedabad,Health,TR01M1K1HWGB9S7JXHZ98FBX064D,vehicle,CONFIRMED,0.688,0,336,354,492,,
2026-09-01T16:16:34.537494+00:00,C-052,Civil Hospital Gate,Ahmedabad,Health,TR01M1K1HQ5RHGTHEVTDCHQZD0ZC,vehicle,CONFIRMED,0.272,300,402,960,540,,
2026-09-01T16:16:34.537494+00:00,C-052,Civil Hospital Gate,Ahmedabad,Health,TR01M1K1HWGB9S7JXHZ98FBX064D,vehicle,CONFIRMED,0.595,0,336,378,492,,
2026-09-01T16:16:34.662494+00:00,C-052,Civil Hospital Gate,Ahmedabad,Health,TR01M1K1HQ5RHGTHEVTDCHQZD0ZC,vehicle,CONFIRMED,0.272,300,402,960,540,,
2026-09-01T16:16:34.662494+00:00,C-052,Civil Hospital Gate,Ahmedabad,Health,TR01M1K1HWGB9S7JXHZ98FBX064D,vehicle,CONFIRMED,0.643,0,336,402,492,,
2026-09-01T16:16:34.787494+00:00,C-052,Civil Hospital Gate,Ahmedabad,Health,TR01M1K1HWGB9S7JXHZ98FBX064D,vehicle,CONFIRMED,0.604,0,336,426,492,,
2026-09-01T16:16:34.912494+00:00,C-052,Civil Hospital Gate,Ahmedabad,Health,TR01M1K1HWGB9S7JXHZ98FBX064D,vehicle,CONFIRMED,0.669,0,336,456,492,,
2026-09-01T16:16:35.037494+00:00,C-052,Civil Hospital Gate,Ahmedabad,Health,TR01M1K1HWGB9S7JXHZ98FBX064D,vehicle,CONFIRMED,0.590,0,336,480,492,,
2026-09-01T16:16:35.162494+00:00,C-052,Civil Hospital Gate,Ahmedabad,Health,TR01M1K1HWGB9S7JXHZ98FBX064D,vehicle,CONFIRMED,0.740,0,336,504,492,,
2026-09-01T16:16:35.287494+00:00,C-052,Civil Hospital Gate,Ahmedabad,Health,TR01M1K1HWGB9S7JXHZ98FBX064D,vehicle,CONFIRMED,0.713,0,336,528,492,,
2026-09-01T16:16:35.412494+00:00,C-052,Civil Hospital Gate,Ahmedabad,Health,TR01M1K1HWGB9S7JXHZ98FBX064D,vehicle,CONFIRMED,0.734,0,336,552,492,,
2026-09-01T16:16:35.537494+00:00,C-052,Civil Hospital Gate,Ahmedabad,Health,TR01M1K1HWGB9S7JXHZ98FBX064D,vehicle,CONFIRMED,0.700,0,336,576,492,,
2026-09-01T16:16:35.662494+00:00,C-052,Civil Hospital Gate,Ahmedabad,Health,TR01M1K1HWGB9S7JXHZ98FBX064D,vehicle,CONFIRMED,0.712,0,336,600,492,,
2026-09-01T16:16:35.787494+00:00,C-052,Civil Hospital Gate,Ahmedabad,Health,TR01M1K1HWGB9S7JXHZ98FBX064D,vehicle,CONFIRMED,0.694,0,336,624,492,,
2026-09-01T16:16:35.912494+00:00,C-052,Civil Hospital Gate,Ahmedabad,Health,TR01M1K1HWGB9S7JXHZ98FBX064D,vehicle,CONFIRMED,0.699,0,336,654,492,,
2026-09-01T16:16:36.037494+00:00,C-052,Civil Hospital Gate,Ahmedabad,Health,TR01M1K1HWGB9S7JXHZ98FBX064D,vehicle,CONFIRMED,0.696,0,336,678,492,,
2026-09-01T16:16:36.162494+00:00,C-052,Civil Hospital Gate,Ahmedabad,Health,TR01M1K1HWGB9S7JXHZ98FBX064D,vehicle,CONFIRMED,0.671,0,336,702,492,,
2026-09-01T16:16:36.287494+00:00,C-052,Civil Hospital Gate,Ahmedabad,Health,TR01M1K1HWGB9S7JXHZ98FBX064D,vehicle,CONFIRMED,0.730,0,336,726,492,,
2026-09-01T16:16:36.412494+00:00,C-052,Civil Hospital Gate,Ahmedabad,Health,TR01M1K1HWGB9S7JXHZ98FBX064D,vehicle,CONFIRMED,0.639,0,336,750,492,,
2026-09-01T16:16:36.537494+00:00,C-052,Civil Hospital Gate,Ahmedabad,Health,TR01M1K1HWGB9S7JXHZ98FBX064D,vehicle,CONFIRMED,0.726,0,336,774,492,,
2026-09-01T16:16:36.662494+00:00,C-052,Civil Hospital Gate,Ahmedabad,Health,TR01M1K1HWGB9S7JXHZ98FBX064D,vehicle,CONFIRMED,0.843,0,336,798,492,,
2026-09-01T16:16:36.662494+00:00,C-052,Civil Hospital Gate,Ahmedabad,Health,TR01M1K1HZJDWWMRG0FHTFRC049G,vehicle,TENTATIVE,0.701,0,336,798,492,,
2026-09-01T16:16:36.787494+00:00,C-052,Civil Hospital Gate,Ahmedabad,Health,TR01M1K1HWGB9S7JXHZ98FBX064D,vehicle,CONFIRMED,0.845,0,336,828,492,,
2026-09-01T16:16:36.787494+00:00,C-052,Civil Hospital Gate,Ahmedabad,Health,TR01M1K1HZJDWWMRG0FHTFRC049G,vehicle,CONFIRMED,0.733,0,336,828,492,,
2026-09-01T16:16:36.912494+00:00,C-052,Civil Hospital Gate,Ahmedabad,Health,TR01M1K1HWGB9S7JXHZ98FBX064D,vehicle,CONFIRMED,0.810,0,336,852,492,,
2026-09-01T16:16:36.912494+00:00,C-052,Civil Hospital Gate,Ahmedabad,Health,TR01M1K1HZJDWWMRG0FHTFRC049G,vehicle,CONFIRMED,0.712,0,336,852,492,,
2026-09-01T16:16:37.037494+00:00,C-052,Civil Hospital Gate,Ahmedabad,Health,TR01M1K1HWGB9S7JXHZ98FBX064D,vehicle,CONFIRMED,0.806,0,336,876,492,,
2026-09-01T16:16:37.037494+00:00,C-052,Civil Hospital Gate,Ahmedabad,Health,TR01M1K1HZJDWWMRG0FHTFRC049G,vehicle,CONFIRMED,0.789,0,336,876,492,,
2026-09-01T16:16:37.162494+00:00,C-052,Civil Hospital Gate,Ahmedabad,Health,TR01M1K1HWGB9S7JXHZ98FBX064D,vehicle,CONFIRMED,0.854,0,336,900,492,,
2026-09-01T16:16:37.162494+00:00,C-052,Civil Hospital Gate,Ahmedabad,Health,TR01M1K1HZJDWWMRG0FHTFRC049G,vehicle,CONFIRMED,0.763,0,336,900,492,,
2026-09-01T16:16:37.287494+00:00,C-052,Civil Hospital Gate,Ahmedabad,Health,TR01M1K1HWGB9S7JXHZ98FBX064D,vehicle,CONFIRMED,0.860,0,336,924,492,,
2026-09-01T16:16:37.287494+00:00,C-052,Civil Hospital Gate,Ahmedabad,Health,TR01M1K1HZJDWWMRG0FHTFRC049G,vehicle,CONFIRMED,0.826,0,336,924,492,,
2026-09-01T16:16:37.412494+00:00,C-052,Civil Hospital Gate,Ahmedabad,Health,TR01M1K1HWGB9S7JXHZ98FBX064D,vehicle,CONFIRMED,0.860,0,235,346,481,,
2026-09-01T16:16:37.412494+00:00,C-052,Civil Hospital Gate,Ahmedabad,Health,TR01M1K1HZJDWWMRG0FHTFRC049G,vehicle,CONFIRMED,0.810,509,197,960,523,,
2026-09-01T16:16:37.537494+00:00,C-052,Civil Hospital Gate,Ahmedabad,Health,TR01M1K1HWGB9S7JXHZ98FBX064D,vehicle,CONFIRMED,0.859,0,233,369,481,,
2026-09-01T16:16:37.537494+00:00,C-052,Civil Hospital Gate,Ahmedabad,Health,TR01M1K1HZJDWWMRG0FHTFRC049G,vehicle,CONFIRMED,0.768,534,199,960,523,,
2026-09-01T16:16:37.662494+00:00,C-052,Civil Hospital Gate,Ahmedabad,Health,TR01M1K1HWGB9S7JXHZ98FBX064D,vehicle,CONFIRMED,0.857,0,234,389,480,,
2026-09-01T16:16:37.662494+00:00,C-052,Civil Hospital Gate,Ahmedabad,Health,TR01M1K1HZJDWWMRG0FHTFRC049G,vehicle,CONFIRMED,0.736,558,197,960,523,,
2026-09-01T16:16:37.787494+00:00,C-052,Civil Hospital Gate,Ahmedabad,Health,TR01M1K1HWGB9S7JXHZ98FBX064D,vehicle,CONFIRMED,0.848,0,232,412,480,,
2026-09-01T16:16:37.787494+00:00,C-052,Civil Hospital Gate,Ahmedabad,Health,TR01M1K1HZJDWWMRG0FHTFRC049G,vehicle,CONFIRMED,0.736,558,197,960,523,,
2026-09-01T16:16:37.912494+00:00,C-052,Civil Hospital Gate,Ahmedabad,Health,TR01M1K1HWGB9S7JXHZ98FBX064D,vehicle,CONFIRMED,0.855,0,236,429,480,,
2026-09-01T16:16:37.912494+00:00,C-052,Civil Hospital Gate,Ahmedabad,Health,TR01M1K1HZJDWWMRG0FHTFRC049G,vehicle,CONFIRMED,0.551,670,269,960,507,,
2026-09-01T16:16:38.037494+00:00,C-052,Civil Hospital Gate,Ahmedabad,Health,TR01M1K1HWGB9S7JXHZ98FBX064D,vehicle,CONFIRMED,0.847,0,235,452,481,,
2026-09-01T16:16:38.037494+00:00,C-052,Civil Hospital Gate,Ahmedabad,Health,TR01M1K1HZJDWWMRG0FHTFRC049G,vehicle,CONFIRMED,0.736,727,308,960,499,,
2026-09-01T16:16:38.162494+00:00,C-052,Civil Hospital Gate,Ahmedabad,Health,TR01M1K1HWGB9S7JXHZ98FBX064D,vehicle,CONFIRMED,0.852,6,235,474,481,,
2026-09-01T16:16:38.162494+00:00,C-052,Civil Hospital Gate,Ahmedabad,Health,TR01M1K1HZJDWWMRG0FHTFRC049G,vehicle,CONFIRMED,0.603,785,347,960,491,,
2026-09-01T16:16:38.287494+00:00,C-052,Civil Hospital Gate,Ahmedabad,Health,TR01M1K1HWGB9S7JXHZ98FBX064D,vehicle,CONFIRMED,0.852,24,233,496,481,,
2026-09-01T16:16:38.287494+00:00,C-052,Civil Hospital Gate,Ahmedabad,Health,TR01M1K1HZJDWWMRG0FHTFRC049G,vehicle,CONFIRMED,0.493,842,386,960,483,,
2026-09-01T16:16:38.412494+00:00,C-052,Civil Hospital Gate,Ahmedabad,Health,TR01M1K1HWGB9S7JXHZ98FBX064D,vehicle,CONFIRMED,0.848,49,236,513,480,,
2026-09-01T16:16:38.412494+00:00,C-052,Civil Hospital Gate,Ahmedabad,Health,TR01M1K1HZJDWWMRG0FHTFRC049G,vehicle,CONFIRMED,0.493,842,386,960,483,,
2026-09-01T16:16:38.537494+00:00,C-052,Civil Hospital Gate,Ahmedabad,Health,TR01M1K1HWGB9S7JXHZ98FBX064D,vehicle,CONFIRMED,0.860,69,235,537,481,,
2026-09-01T16:16:38.537494+00:00,C-052,Civil Hospital Gate,Ahmedabad,Health,TR01M1K1HZJDWWMRG0FHTFRC049G,vehicle,CONFIRMED,0.493,842,386,960,483,,
2026-09-01T16:16:38.662494+00:00,C-052,Civil Hospital Gate,Ahmedabad,Health,TR01M1K1HWGB9S7JXHZ98FBX064D,vehicle,CONFIRMED,0.850,91,235,559,481,,
2026-09-01T16:16:38.662494+00:00,C-052,Civil Hospital Gate,Ahmedabad,Health,TR01M1K1HZJDWWMRG0FHTFRC049G,vehicle,CONFIRMED,0.493,842,386,960,483,,
2026-09-01T16:16:38.787494+00:00,C-052,Civil Hospital Gate,Ahmedabad,Health,TR01M1K1HWGB9S7JXHZ98FBX064D,vehicle,CONFIRMED,0.856,109,233,581,481,,
2026-09-01T16:16:38.787494+00:00,C-052,Civil Hospital Gate,Ahmedabad,Health,TR01M1K1HZJDWWMRG0FHTFRC049G,vehicle,CONFIRMED,0.493,842,386,960,483,,
2026-09-01T16:16:38.912494+00:00,C-052,Civil Hospital Gate,Ahmedabad,Health,TR01M1K1HWGB9S7JXHZ98FBX064D,vehicle,CONFIRMED,0.841,132,235,600,481,,
2026-09-01T16:16:38.912494+00:00,C-052,Civil Hospital Gate,Ahmedabad,Health,TR01M1K1HZJDWWMRG0FHTFRC049G,vehicle,CONFIRMED,0.493,842,386,960,483,,
2026-09-01T16:16:39.037494+00:00,C-052,Civil Hospital Gate,Ahmedabad,Health,TR01M1K1HWGB9S7JXHZ98FBX064D,vehicle,CONFIRMED,0.858,155,236,619,480,,
2026-09-01T16:16:39.037494+00:00,C-052,Civil Hospital Gate,Ahmedabad,Health,TR01M1K1HZJDWWMRG0FHTFRC049G,vehicle,CONFIRMED,0.493,842,386,960,483,,
2026-09-01T16:16:39.162494+00:00,C-052,Civil Hospital Gate,Ahmedabad,Health,TR01M1K1HWGB9S7JXHZ98FBX064D,vehicle,CONFIRMED,0.848,175,235,643,481,,
2026-09-01T16:16:39.162494+00:00,C-052,Civil Hospital Gate,Ahmedabad,Health,TR01M1K1HZJDWWMRG0FHTFRC049G,vehicle,CONFIRMED,0.493,842,386,960,483,,
2026-09-01T16:16:39.287494+00:00,C-052,Civil Hospital Gate,Ahmedabad,Health,TR01M1K1HWGB9S7JXHZ98FBX064D,vehicle,CONFIRMED,0.852,197,235,665,481,,
2026-09-01T16:16:39.287494+00:00,C-052,Civil Hospital Gate,Ahmedabad,Health,TR01M1K1HZJDWWMRG0FHTFRC049G,vehicle,CONFIRMED,0.493,842,386,960,483,,
2026-09-01T16:16:39.412494+00:00,C-052,Civil Hospital Gate,Ahmedabad,Health,TR01M1K1HWGB9S7JXHZ98FBX064D,vehicle,CONFIRMED,0.849,217,235,685,481,,
2026-09-01T16:16:39.412494+00:00,C-052,Civil Hospital Gate,Ahmedabad,Health,TR01M1K1HZJDWWMRG0FHTFRC049G,vehicle,CONFIRMED,0.493,842,386,960,483,,
2026-09-01T16:16:39.537494+00:00,C-052,Civil Hospital Gate,Ahmedabad,Health,TR01M1K1HWGB9S7JXHZ98FBX064D,vehicle,CONFIRMED,0.850,240,236,704,480,,
2026-09-01T16:16:39.537494+00:00,C-052,Civil Hospital Gate,Ahmedabad,Health,TR01M1K1HZJDWWMRG0FHTFRC049G,vehicle,CONFIRMED,0.493,842,386,960,483,,
2026-09-01T16:16:39.662494+00:00,C-052,Civil Hospital Gate,Ahmedabad,Health,TR01M1K1HWGB9S7JXHZ98FBX064D,vehicle,CONFIRMED,0.864,257,234,729,482,,
2026-09-01T16:16:39.662494+00:00,C-052,Civil Hospital Gate,Ahmedabad,Health,TR01M1K1HZJDWWMRG0FHTFRC049G,vehicle,CONFIRMED,0.493,842,386,960,483,,
2026-09-01T16:16:39.787494+00:00,C-052,Civil Hospital Gate,Ahmedabad,Health,TR01M1K1HWGB9S7JXHZ98FBX064D,vehicle,CONFIRMED,0.843,281,235,749,481,,
2026-09-01T16:16:39.787494+00:00,C-052,Civil Hospital Gate,Ahmedabad,Health,TR01M1K1HZJDWWMRG0FHTFRC049G,vehicle,CONFIRMED,0.493,842,386,960,483,,
2026-09-01T16:16:39.912494+00:00,C-052,Civil Hospital Gate,Ahmedabad,Health,TR01M1K1HWGB9S7JXHZ98FBX064D,vehicle,CONFIRMED,0.852,299,233,771,481,,
2026-09-01T16:16:40.037494+00:00,C-052,Civil Hospital Gate,Ahmedabad,Health,TR01M1K1HWGB9S7JXHZ98FBX064D,vehicle,CONFIRMED,0.846,322,235,790,481,,
2026-09-01T16:16:40.162494+00:00,C-052,Civil Hospital Gate,Ahmedabad,Health,TR01M1K1HWGB9S7JXHZ98FBX064D,vehicle,CONFIRMED,0.859,342,234,814,482,,
2026-09-01T16:16:40.287494+00:00,C-052,Civil Hospital Gate,Ahmedabad,Health,TR01M1K1HWGB9S7JXHZ98FBX064D,vehicle,CONFIRMED,0.848,366,235,834,481,,
2026-09-01T16:16:40.412494+00:00,C-052,Civil Hospital Gate,Ahmedabad,Health,TR01M1K1HWGB9S7JXHZ98FBX064D,vehicle,CONFIRMED,0.849,384,233,856,481,,
2026-09-01T16:16:40.537494+00:00,C-052,Civil Hospital Gate,Ahmedabad,Health,TR01M1K1HWGB9S7JXHZ98FBX064D,vehicle,CONFIRMED,0.856,408,235,876,481,,
2026-09-01T16:16:40.662494+00:00,C-052,Civil Hospital Gate,Ahmedabad,Health,TR01M1K1HWGB9S7JXHZ98FBX064D,vehicle,CONFIRMED,0.859,426,234,898,482,,
2026-09-01T16:16:40.787494+00:00,C-052,Civil Hospital Gate,Ahmedabad,Health,TR01M1K1HWGB9S7JXHZ98FBX064D,vehicle,CONFIRMED,0.865,446,232,921,483,,
2026-09-01T16:16:40.912494+00:00,C-052,Civil Hospital Gate,Ahmedabad,Health,TR01M1K1HWGB9S7JXHZ98FBX064D,vehicle,CONFIRMED,0.850,462,228,948,484,,
2026-09-01T16:16:41.037494+00:00,C-052,Civil Hospital Gate,Ahmedabad,Health,TR01M1K1HWGB9S7JXHZ98FBX064D,vehicle,CONFIRMED,0.857,490,233,960,481,,
2026-09-01T16:16:41.162494+00:00,C-052,Civil Hospital Gate,Ahmedabad,Health,TR01M1K1HWGB9S7JXHZ98FBX064D,vehicle,CONFIRMED,0.852,511,233,960,481,,
2026-09-01T16:16:41.287494+00:00,C-052,Civil Hospital Gate,Ahmedabad,Health,TR01M1K1HWGB9S7JXHZ98FBX064D,vehicle,CONFIRMED,0.862,531,232,960,483,,
2026-09-01T16:16:41.412494+00:00,C-052,Civil Hospital Gate,Ahmedabad,Health,TR01M1K1HWGB9S7JXHZ98FBX064D,vehicle,CONFIRMED,0.855,553,233,960,481,,
2026-09-01T16:16:41.537494+00:00,C-052,Civil Hospital Gate,Ahmedabad,Health,TR01M1K1HWGB9S7JXHZ98FBX064D,vehicle,CONFIRMED,0.851,578,236,960,480,,
2026-09-01T16:16:41.662494+00:00,C-052,Civil Hospital Gate,Ahmedabad,Health,TR01M1K1HWGB9S7JXHZ98FBX064D,vehicle,CONFIRMED,0.865,598,235,960,481,,
2026-09-01T16:16:41.787494+00:00,C-052,Civil Hospital Gate,Ahmedabad,Health,TR01M1K1HWGB9S7JXHZ98FBX064D,vehicle,CONFIRMED,0.865,617,233,960,481,,
2026-09-01T16:16:41.912494+00:00,C-052,Civil Hospital Gate,Ahmedabad,Health,TR01M1K1HWGB9S7JXHZ98FBX064D,vehicle,CONFIRMED,0.859,637,232,960,483,,
2026-09-01T16:16:42.037494+00:00,C-052,Civil Hospital Gate,Ahmedabad,Health,TR01M1K1HWGB9S7JXHZ98FBX064D,vehicle,CONFIRMED,0.846,661,235,960,481,,
2026-09-01T16:16:42.162494+00:00,C-052,Civil Hospital Gate,Ahmedabad,Health,TR01M1K1HWGB9S7JXHZ98FBX064D,vehicle,CONFIRMED,0.841,711,267,960,471,,
2026-09-01T16:16:42.287494+00:00,C-052,Civil Hospital Gate,Ahmedabad,Health,TR01M1K1HWGB9S7JXHZ98FBX064D,vehicle,CONFIRMED,0.773,762,302,960,465,,
2026-09-01T16:16:42.412494+00:00,C-052,Civil Hospital Gate,Ahmedabad,Health,TR01M1K1HWGB9S7JXHZ98FBX064D,vehicle,CONFIRMED,0.708,815,338,960,457,,
2026-09-01T16:16:42.537494+00:00,C-052,Civil Hospital Gate,Ahmedabad,Health,TR01M1K1HWGB9S7JXHZ98FBX064D,vehicle,CONFIRMED,0.765,861,369,960,450,,
2026-09-01T16:16:42.662494+00:00,C-052,Civil Hospital Gate,Ahmedabad,Health,TR01M1K1HWGB9S7JXHZ98FBX064D,vehicle,CONFIRMED,0.765,861,369,960,450,,
2026-09-01T16:16:42.787494+00:00,C-052,Civil Hospital Gate,Ahmedabad,Health,TR01M1K1HWGB9S7JXHZ98FBX064D,vehicle,CONFIRMED,0.765,861,369,960,450,,
2026-09-01T16:16:42.912494+00:00,C-052,Civil Hospital Gate,Ahmedabad,Health,TR01M1K1HWGB9S7JXHZ98FBX064D,vehicle,CONFIRMED,0.765,861,369,960,450,,
2026-09-01T16:16:43.037494+00:00,C-052,Civil Hospital Gate,Ahmedabad,Health,TR01M1K1HWGB9S7JXHZ98FBX064D,vehicle,CONFIRMED,0.765,861,369,960,450,,
2026-09-01T16:16:43.162494+00:00,C-052,Civil Hospital Gate,Ahmedabad,Health,TR01M1K1HWGB9S7JXHZ98FBX064D,vehicle,CONFIRMED,0.765,861,369,960,450,,
2026-09-01T16:16:43.287494+00:00,C-052,Civil Hospital Gate,Ahmedabad,Health,TR01M1K1HWGB9S7JXHZ98FBX064D,vehicle,CONFIRMED,0.765,861,369,960,450,,
2026-09-01T16:16:43.412494+00:00,C-052,Civil Hospital Gate,Ahmedabad,Health,TR01M1K1HWGB9S7JXHZ98FBX064D,vehicle,CONFIRMED,0.765,861,369,960,450,,
2026-09-01T16:16:43.537494+00:00,C-052,Civil Hospital Gate,Ahmedabad,Health,TR01M1K1HWGB9S7JXHZ98FBX064D,vehicle,CONFIRMED,0.765,861,369,960,450,,
2026-09-01T16:16:43.662494+00:00,C-052,Civil Hospital Gate,Ahmedabad,Health,TR01M1K1HWGB9S7JXHZ98FBX064D,vehicle,CONFIRMED,0.765,861,369,960,450,,
2026-09-01T16:16:43.787494+00:00,C-052,Civil Hospital Gate,Ahmedabad,Health,TR01M1K1HWGB9S7JXHZ98FBX064D,vehicle,CONFIRMED,0.765,861,369,960,450,,
2026-09-01T16:16:43.912494+00:00,C-052,Civil Hospital Gate,Ahmedabad,Health,TR01M1K1HWGB9S7JXHZ98FBX064D,vehicle,CONFIRMED,0.765,861,369,960,450,,
2026-09-01T16:16:44.037494+00:00,C-052,Civil Hospital Gate,Ahmedabad,Health,TR01M1K1HWGB9S7JXHZ98FBX064D,vehicle,CONFIRMED,0.765,861,369,960,450,,
2026-09-01T16:16:46.885495+00:00,C-061,Vastral Police Chowky,Ahmedabad,Home (Police),TR01M1K1JDGCJJD5WNFD5ANQNDQ8,vehicle,TENTATIVE,0.738,0,448,144,608,,
2026-09-01T16:16:47.018828+00:00,C-061,Vastral Police Chowky,Ahmedabad,Home (Police),TR01M1K1JDGCJJD5WNFD5ANQNDQ8,vehicle,CONFIRMED,0.625,0,448,184,608,,
2026-09-01T16:16:47.152162+00:00,C-061,Vastral Police Chowky,Ahmedabad,Home (Police),TR01M1K1JDGCJJD5WNFD5ANQNDQ8,vehicle,CONFIRMED,0.807,0,448,224,608,,
2026-09-01T16:16:47.285495+00:00,C-061,Vastral Police Chowky,Ahmedabad,Home (Police),TR01M1K1JDGCJJD5WNFD5ANQNDQ8,vehicle,CONFIRMED,0.823,0,448,264,608,,
2026-09-01T16:16:47.418828+00:00,C-061,Vastral Police Chowky,Ahmedabad,Home (Police),TR01M1K1JDGCJJD5WNFD5ANQNDQ8,vehicle,CONFIRMED,0.765,0,448,304,608,,
2026-09-01T16:16:47.552162+00:00,C-061,Vastral Police Chowky,Ahmedabad,Home (Police),TR01M1K1JDGCJJD5WNFD5ANQNDQ8,vehicle,CONFIRMED,0.816,0,448,344,608,,
2026-09-01T16:16:47.685495+00:00,C-061,Vastral Police Chowky,Ahmedabad,Home (Police),TR01M1K1JDGCJJD5WNFD5ANQNDQ8,vehicle,CONFIRMED,0.800,0,448,384,608,,
2026-09-01T16:16:47.818828+00:00,C-061,Vastral Police Chowky,Ahmedabad,Home (Police),TR01M1K1JDGCJJD5WNFD5ANQNDQ8,vehicle,CONFIRMED,0.845,0,448,424,608,,
2026-09-01T16:16:47.952162+00:00,C-061,Vastral Police Chowky,Ahmedabad,Home (Police),TR01M1K1JDGCJJD5WNFD5ANQNDQ8,vehicle,CONFIRMED,0.802,0,448,464,608,,
2026-09-01T16:16:48.085495+00:00,C-061,Vastral Police Chowky,Ahmedabad,Home (Police),TR01M1K1JDGCJJD5WNFD5ANQNDQ8,vehicle,CONFIRMED,0.808,0,448,496,608,,
2026-09-01T16:16:48.218828+00:00,C-061,Vastral Police Chowky,Ahmedabad,Home (Police),TR01M1K1JDGCJJD5WNFD5ANQNDQ8,vehicle,CONFIRMED,0.804,0,448,536,608,,
2026-09-01T16:16:48.352162+00:00,C-061,Vastral Police Chowky,Ahmedabad,Home (Police),TR01M1K1JDGCJJD5WNFD5ANQNDQ8,vehicle,CONFIRMED,0.804,0,448,576,608,,
2026-09-01T16:16:48.485495+00:00,C-061,Vastral Police Chowky,Ahmedabad,Home (Police),TR01M1K1JDGCJJD5WNFD5ANQNDQ8,vehicle,CONFIRMED,0.812,0,448,616,608,,
2026-09-01T16:16:48.618828+00:00,C-061,Vastral Police Chowky,Ahmedabad,Home (Police),TR01M1K1JDGCJJD5WNFD5ANQNDQ8,car,CONFIRMED,0.802,372,443,633,609,,
2026-09-01T16:16:48.618828+00:00,C-061,Vastral Police Chowky,Ahmedabad,Home (Police),TR01M1K1JGVRFZYE6WSDGXKD6959,vehicle,TENTATIVE,0.788,0,448,656,608,,
2026-09-01T16:16:48.752162+00:00,C-061,Vastral Police Chowky,Ahmedabad,Home (Police),TR01M1K1JDGCJJD5WNFD5ANQNDQ8,car,CONFIRMED,0.802,372,443,633,609,,
2026-09-01T16:16:48.752162+00:00,C-061,Vastral Police Chowky,Ahmedabad,Home (Police),TR01M1K1JGVRFZYE6WSDGXKD6959,vehicle,CONFIRMED,0.808,0,448,696,608,,
2026-09-01T16:16:48.885495+00:00,C-061,Vastral Police Chowky,Ahmedabad,Home (Police),TR01M1K1JDGCJJD5WNFD5ANQNDQ8,car,CONFIRMED,0.802,372,443,633,609,,
2026-09-01T16:16:48.885495+00:00,C-061,Vastral Police Chowky,Ahmedabad,Home (Police),TR01M1K1JGVRFZYE6WSDGXKD6959,vehicle,CONFIRMED,0.773,0,448,736,608,,
2026-09-01T16:16:49.018828+00:00,C-061,Vastral Police Chowky,Ahmedabad,Home (Police),TR01M1K1JDGCJJD5WNFD5ANQNDQ8,car,CONFIRMED,0.802,372,443,633,609,,
2026-09-01T16:16:49.018828+00:00,C-061,Vastral Police Chowky,Ahmedabad,Home (Police),TR01M1K1JGVRFZYE6WSDGXKD6959,vehicle,CONFIRMED,0.808,0,448,776,608,,
2026-09-01T16:16:49.152162+00:00,C-061,Vastral Police Chowky,Ahmedabad,Home (Police),TR01M1K1JDGCJJD5WNFD5ANQNDQ8,car,CONFIRMED,0.802,372,443,633,609,,
2026-09-01T16:16:49.152162+00:00,C-061,Vastral Police Chowky,Ahmedabad,Home (Police),TR01M1K1JGVRFZYE6WSDGXKD6959,vehicle,CONFIRMED,0.768,0,448,816,608,,
2026-09-01T16:16:49.285495+00:00,C-061,Vastral Police Chowky,Ahmedabad,Home (Police),TR01M1K1JDGCJJD5WNFD5ANQNDQ8,car,CONFIRMED,0.802,372,443,633,609,,
2026-09-01T16:16:49.285495+00:00,C-061,Vastral Police Chowky,Ahmedabad,Home (Police),TR01M1K1JGVRFZYE6WSDGXKD6959,vehicle,CONFIRMED,0.806,0,448,856,608,,
2026-09-01T16:16:49.418828+00:00,C-061,Vastral Police Chowky,Ahmedabad,Home (Police),TR01M1K1JDGCJJD5WNFD5ANQNDQ8,car,CONFIRMED,0.802,372,443,633,609,,
2026-09-01T16:16:49.418828+00:00,C-061,Vastral Police Chowky,Ahmedabad,Home (Police),TR01M1K1JGVRFZYE6WSDGXKD6959,vehicle,CONFIRMED,0.821,0,448,896,608,,
2026-09-01T16:16:49.552162+00:00,C-061,Vastral Police Chowky,Ahmedabad,Home (Police),TR01M1K1JDGCJJD5WNFD5ANQNDQ8,car,CONFIRMED,0.802,372,443,633,609,,
2026-09-01T16:16:49.552162+00:00,C-061,Vastral Police Chowky,Ahmedabad,Home (Police),TR01M1K1JGVRFZYE6WSDGXKD6959,vehicle,CONFIRMED,0.808,0,448,928,608,,
2026-09-01T16:16:49.685495+00:00,C-061,Vastral Police Chowky,Ahmedabad,Home (Police),TR01M1K1JDGCJJD5WNFD5ANQNDQ8,car,CONFIRMED,0.802,372,443,633,609,,
2026-09-01T16:16:49.685495+00:00,C-061,Vastral Police Chowky,Ahmedabad,Home (Police),TR01M1K1JGVRFZYE6WSDGXKD6959,vehicle,CONFIRMED,0.811,0,448,952,608,,
2026-09-01T16:16:49.685495+00:00,C-061,Vastral Police Chowky,Ahmedabad,Home (Police),TR01M1K1JJYYM2BV9CCSBF6XFCTG,vehicle,TENTATIVE,0.826,515,306,1156,643,,
2026-09-01T16:16:49.818828+00:00,C-061,Vastral Police Chowky,Ahmedabad,Home (Police),TR01M1K1JDGCJJD5WNFD5ANQNDQ8,car,CONFIRMED,0.802,372,443,633,609,,
2026-09-01T16:16:49.818828+00:00,C-061,Vastral Police Chowky,Ahmedabad,Home (Police),TR01M1K1JGVRFZYE6WSDGXKD6959,vehicle,CONFIRMED,0.811,0,448,952,608,,
2026-09-01T16:16:49.818828+00:00,C-061,Vastral Police Chowky,Ahmedabad,Home (Police),TR01M1K1JJYYM2BV9CCSBF6XFCTG,vehicle,CONFIRMED,0.840,552,304,1196,644,,
2026-09-01T16:16:49.952162+00:00,C-061,Vastral Police Chowky,Ahmedabad,Home (Police),TR01M1K1JDGCJJD5WNFD5ANQNDQ8,car,CONFIRMED,0.802,372,443,633,609,,
2026-09-01T16:16:49.952162+00:00,C-061,Vastral Police Chowky,Ahmedabad,Home (Police),TR01M1K1JGVRFZYE6WSDGXKD6959,vehicle,CONFIRMED,0.811,0,448,952,608,,
2026-09-01T16:16:49.952162+00:00,C-061,Vastral Police Chowky,Ahmedabad,Home (Police),TR01M1K1JJYYM2BV9CCSBF6XFCTG,vehicle,CONFIRMED,0.833,593,306,1234,643,,
2026-09-01T16:16:50.085495+00:00,C-061,Vastral Police Chowky,Ahmedabad,Home (Police),TR01M1K1JGVRFZYE6WSDGXKD6959,vehicle,CONFIRMED,0.811,0,448,952,608,,
2026-09-01T16:16:50.085495+00:00,C-061,Vastral Police Chowky,Ahmedabad,Home (Police),TR01M1K1JJYYM2BV9CCSBF6XFCTG,vehicle,CONFIRMED,0.820,634,306,1272,642,,
2026-09-01T16:16:50.218828+00:00,C-061,Vastral Police Chowky,Ahmedabad,Home (Police),TR01M1K1JGVRFZYE6WSDGXKD6959,vehicle,CONFIRMED,0.811,0,448,952,608,,
2026-09-01T16:16:50.218828+00:00,C-061,Vastral Police Chowky,Ahmedabad,Home (Police),TR01M1K1JJYYM2BV9CCSBF6XFCTG,vehicle,CONFIRMED,0.833,673,307,1280,644,,
2026-09-01T16:16:50.352162+00:00,C-061,Vastral Police Chowky,Ahmedabad,Home (Police),TR01M1K1JGVRFZYE6WSDGXKD6959,vehicle,CONFIRMED,0.811,0,448,952,608,,
2026-09-01T16:16:50.352162+00:00,C-061,Vastral Police Chowky,Ahmedabad,Home (Police),TR01M1K1JJYYM2BV9CCSBF6XFCTG,vehicle,CONFIRMED,0.819,713,306,1280,642,,
2026-09-01T16:16:50.485495+00:00,C-061,Vastral Police Chowky,Ahmedabad,Home (Police),TR01M1K1JGVRFZYE6WSDGXKD6959,vehicle,CONFIRMED,0.811,0,448,952,608,,
2026-09-01T16:16:50.485495+00:00,C-061,Vastral Police Chowky,Ahmedabad,Home (Police),TR01M1K1JJYYM2BV9CCSBF6XFCTG,vehicle,CONFIRMED,0.830,747,303,1280,644,,
2026-09-01T16:16:50.618828+00:00,C-061,Vastral Police Chowky,Ahmedabad,Home (Police),TR01M1K1JGVRFZYE6WSDGXKD6959,vehicle,CONFIRMED,0.833,0,448,1248,688,,
2026-09-01T16:16:50.618828+00:00,C-061,Vastral Police Chowky,Ahmedabad,Home (Police),TR01M1K1JJYYM2BV9CCSBF6XFCTG,vehicle,CONFIRMED,0.829,770,307,1280,644,,
2026-09-01T16:16:50.752162+00:00,C-061,Vastral Police Chowky,Ahmedabad,Home (Police),TR01M1K1JGVRFZYE6WSDGXKD6959,vehicle,CONFIRMED,0.840,0,448,1280,688,,
2026-09-01T16:16:50.752162+00:00,C-061,Vastral Police Chowky,Ahmedabad,Home (Police),TR01M1K1JJYYM2BV9CCSBF6XFCTG,vehicle,CONFIRMED,0.829,770,307,1280,644,,
2026-09-01T16:16:50.885495+00:00,C-061,Vastral Police Chowky,Ahmedabad,Home (Police),TR01M1K1JGVRFZYE6WSDGXKD6959,vehicle,CONFIRMED,0.830,0,448,1280,688,,
2026-09-01T16:16:50.885495+00:00,C-061,Vastral Police Chowky,Ahmedabad,Home (Police),TR01M1K1JJYYM2BV9CCSBF6XFCTG,vehicle,CONFIRMED,0.829,770,307,1280,644,,
2026-09-01T16:16:51.018828+00:00,C-061,Vastral Police Chowky,Ahmedabad,Home (Police),TR01M1K1JGVRFZYE6WSDGXKD6959,vehicle,CONFIRMED,0.814,0,448,1280,688,,
2026-09-01T16:16:51.018828+00:00,C-061,Vastral Police Chowky,Ahmedabad,Home (Police),TR01M1K1JJYYM2BV9CCSBF6XFCTG,vehicle,CONFIRMED,0.829,770,307,1280,644,,
2026-09-01T16:16:51.152162+00:00,C-061,Vastral Police Chowky,Ahmedabad,Home (Police),TR01M1K1JGVRFZYE6WSDGXKD6959,vehicle,CONFIRMED,0.490,0,448,1280,688,,
2026-09-01T16:16:51.152162+00:00,C-061,Vastral Police Chowky,Ahmedabad,Home (Police),TR01M1K1JJYYM2BV9CCSBF6XFCTG,vehicle,CONFIRMED,0.775,1010,399,1280,620,,
2026-09-01T16:16:51.285495+00:00,C-061,Vastral Police Chowky,Ahmedabad,Home (Police),TR01M1K1JGVRFZYE6WSDGXKD6959,vehicle,CONFIRMED,0.490,0,448,1280,688,,
2026-09-01T16:16:51.285495+00:00,C-061,Vastral Police Chowky,Ahmedabad,Home (Police),TR01M1K1JJYYM2BV9CCSBF6XFCTG,vehicle,CONFIRMED,0.534,1105,462,1280,606,,
2026-09-01T16:16:51.418828+00:00,C-061,Vastral Police Chowky,Ahmedabad,Home (Police),TR01M1K1JGVRFZYE6WSDGXKD6959,vehicle,CONFIRMED,0.490,0,448,1280,688,,
2026-09-01T16:16:51.418828+00:00,C-061,Vastral Police Chowky,Ahmedabad,Home (Police),TR01M1K1JJYYM2BV9CCSBF6XFCTG,vehicle,CONFIRMED,0.534,1105,462,1280,606,,
2026-09-01T16:16:51.552162+00:00,C-061,Vastral Police Chowky,Ahmedabad,Home (Police),TR01M1K1JGVRFZYE6WSDGXKD6959,vehicle,CONFIRMED,0.490,0,448,1280,688,,
2026-09-01T16:16:51.552162+00:00,C-061,Vastral Police Chowky,Ahmedabad,Home (Police),TR01M1K1JJYYM2BV9CCSBF6XFCTG,vehicle,CONFIRMED,0.534,1105,462,1280,606,,
2026-09-01T16:16:51.685495+00:00,C-061,Vastral Police Chowky,Ahmedabad,Home (Police),TR01M1K1JGVRFZYE6WSDGXKD6959,vehicle,CONFIRMED,0.490,0,448,1280,688,,
2026-09-01T16:16:51.685495+00:00,C-061,Vastral Police Chowky,Ahmedabad,Home (Police),TR01M1K1JJYYM2BV9CCSBF6XFCTG,vehicle,CONFIRMED,0.534,1105,462,1280,606,,
2026-09-01T16:16:51.818828+00:00,C-061,Vastral Police Chowky,Ahmedabad,Home (Police),TR01M1K1JGVRFZYE6WSDGXKD6959,vehicle,CONFIRMED,0.490,0,448,464,688,,
2026-09-01T16:16:51.818828+00:00,C-061,Vastral Police Chowky,Ahmedabad,Home (Police),TR01M1K1JJYYM2BV9CCSBF6XFCTG,vehicle,CONFIRMED,0.534,1105,462,1280,606,,
2026-09-01T16:16:51.952162+00:00,C-061,Vastral Police Chowky,Ahmedabad,Home (Police),TR01M1K1JGVRFZYE6WSDGXKD6959,vehicle,CONFIRMED,0.490,0,448,504,688,,
2026-09-01T16:16:51.952162+00:00,C-061,Vastral Police Chowky,Ahmedabad,Home (Police),TR01M1K1JJYYM2BV9CCSBF6XFCTG,vehicle,CONFIRMED,0.534,1105,462,1280,606,,
2026-09-01T16:16:52.085495+00:00,C-061,Vastral Police Chowky,Ahmedabad,Home (Police),TR01M1K1JGVRFZYE6WSDGXKD6959,vehicle,CONFIRMED,0.490,0,448,520,688,,
2026-09-01T16:16:52.085495+00:00,C-061,Vastral Police Chowky,Ahmedabad,Home (Police),TR01M1K1JJYYM2BV9CCSBF6XFCTG,vehicle,CONFIRMED,0.534,1105,462,1280,606,,
2026-09-01T16:16:52.218828+00:00,C-061,Vastral Police Chowky,Ahmedabad,Home (Police),TR01M1K1JGVRFZYE6WSDGXKD6959,vehicle,CONFIRMED,0.490,0,448,1280,688,,
2026-09-01T16:16:52.218828+00:00,C-061,Vastral Police Chowky,Ahmedabad,Home (Police),TR01M1K1JJYYM2BV9CCSBF6XFCTG,vehicle,CONFIRMED,0.534,1105,462,1280,606,,
2026-09-01T16:16:52.352162+00:00,C-061,Vastral Police Chowky,Ahmedabad,Home (Police),TR01M1K1JGVRFZYE6WSDGXKD6959,vehicle,CONFIRMED,0.490,0,448,1280,688,,
2026-09-01T16:16:52.352162+00:00,C-061,Vastral Police Chowky,Ahmedabad,Home (Police),TR01M1K1JJYYM2BV9CCSBF6XFCTG,vehicle,CONFIRMED,0.534,1105,462,1280,606,,
2026-09-01T16:16:52.485495+00:00,C-061,Vastral Police Chowky,Ahmedabad,Home (Police),TR01M1K1JGVRFZYE6WSDGXKD6959,vehicle,CONFIRMED,0.490,0,448,1280,688,,
2026-09-01T16:16:52.485495+00:00,C-061,Vastral Police Chowky,Ahmedabad,Home (Police),TR01M1K1JJYYM2BV9CCSBF6XFCTG,vehicle,CONFIRMED,0.534,1105,462,1280,606,,
2026-09-01T16:16:52.618828+00:00,C-061,Vastral Police Chowky,Ahmedabad,Home (Police),TR01M1K1JGVRFZYE6WSDGXKD6959,vehicle,CONFIRMED,0.490,0,448,1280,688,,
2026-09-01T16:16:52.618828+00:00,C-061,Vastral Police Chowky,Ahmedabad,Home (Police),TR01M1K1JJYYM2BV9CCSBF6XFCTG,vehicle,CONFIRMED,0.534,1105,462,1280,606,,
2026-09-01T16:16:52.752162+00:00,C-061,Vastral Police Chowky,Ahmedabad,Home (Police),TR01M1K1JGVRFZYE6WSDGXKD6959,vehicle,CONFIRMED,0.490,0,448,720,688,,
2026-09-01T16:16:52.885495+00:00,C-061,Vastral Police Chowky,Ahmedabad,Home (Police),TR01M1K1JGVRFZYE6WSDGXKD6959,vehicle,CONFIRMED,0.490,0,448,1280,688,,
2026-09-01T16:16:53.018828+00:00,C-061,Vastral Police Chowky,Ahmedabad,Home (Police),TR01M1K1JGVRFZYE6WSDGXKD6959,vehicle,CONFIRMED,0.490,0,448,1280,688,,
2026-09-01T16:16:53.152162+00:00,C-061,Vastral Police Chowky,Ahmedabad,Home (Police),TR01M1K1JGVRFZYE6WSDGXKD6959,vehicle,CONFIRMED,0.490,0,448,1280,688,,
2026-09-01T16:16:53.285495+00:00,C-061,Vastral Police Chowky,Ahmedabad,Home (Police),TR01M1K1JGVRFZYE6WSDGXKD6959,vehicle,CONFIRMED,0.490,0,448,1280,688,,
2026-09-01T16:16:53.418828+00:00,C-061,Vastral Police Chowky,Ahmedabad,Home (Police),TR01M1K1JGVRFZYE6WSDGXKD6959,vehicle,CONFIRMED,0.490,0,448,936,688,,
2026-09-01T16:16:53.552162+00:00,C-061,Vastral Police Chowky,Ahmedabad,Home (Police),TR01M1K1JGVRFZYE6WSDGXKD6959,vehicle,CONFIRMED,0.490,0,448,936,688,,
2026-09-01T16:16:53.685495+00:00,C-061,Vastral Police Chowky,Ahmedabad,Home (Police),TR01M1K1JGVRFZYE6WSDGXKD6959,vehicle,CONFIRMED,0.490,0,448,960,688,,
2026-09-01T16:16:53.818828+00:00,C-061,Vastral Police Chowky,Ahmedabad,Home (Police),TR01M1K1JGVRFZYE6WSDGXKD6959,vehicle,CONFIRMED,0.490,0,448,1000,688,,
2026-09-01T16:16:53.952162+00:00,C-061,Vastral Police Chowky,Ahmedabad,Home (Police),TR01M1K1JGVRFZYE6WSDGXKD6959,vehicle,CONFIRMED,0.490,0,448,1040,688,,
2026-09-01T16:16:54.085495+00:00,C-061,Vastral Police Chowky,Ahmedabad,Home (Police),TR01M1K1JGVRFZYE6WSDGXKD6959,vehicle,CONFIRMED,0.490,0,448,1280,688,,
2026-09-01T16:16:54.218828+00:00,C-061,Vastral Police Chowky,Ahmedabad,Home (Police),TR01M1K1JGVRFZYE6WSDGXKD6959,vehicle,CONFIRMED,0.490,0,448,1152,688,,
2026-09-01T16:16:54.352162+00:00,C-061,Vastral Police Chowky,Ahmedabad,Home (Police),TR01M1K1JGVRFZYE6WSDGXKD6959,vehicle,CONFIRMED,0.490,0,448,1144,688,,
2026-09-01T16:16:54.485495+00:00,C-061,Vastral Police Chowky,Ahmedabad,Home (Police),TR01M1K1JGVRFZYE6WSDGXKD6959,vehicle,CONFIRMED,0.490,0,448,1184,688,,
2026-09-01T16:16:54.618828+00:00,C-061,Vastral Police Chowky,Ahmedabad,Home (Police),TR01M1K1JGVRFZYE6WSDGXKD6959,vehicle,CONFIRMED,0.490,0,448,1216,688,,
2026-09-01T16:16:54.752162+00:00,C-061,Vastral Police Chowky,Ahmedabad,Home (Police),TR01M1K1JGVRFZYE6WSDGXKD6959,vehicle,CONFIRMED,0.490,0,448,1256,688,,
2026-09-01T16:16:54.885495+00:00,C-061,Vastral Police Chowky,Ahmedabad,Home (Police),TR01M1K1JGVRFZYE6WSDGXKD6959,vehicle,CONFIRMED,0.490,0,448,1280,688,,
2026-09-01T16:16:55.018828+00:00,C-061,Vastral Police Chowky,Ahmedabad,Home (Police),TR01M1K1JGVRFZYE6WSDGXKD6959,vehicle,CONFIRMED,0.490,0,448,1280,688,,
2026-09-01T16:16:55.152162+00:00,C-061,Vastral Police Chowky,Ahmedabad,Home (Police),TR01M1K1JGVRFZYE6WSDGXKD6959,vehicle,CONFIRMED,0.490,0,448,1280,688,,
2026-09-01T16:16:55.285495+00:00,C-061,Vastral Police Chowky,Ahmedabad,Home (Police),TR01M1K1JGVRFZYE6WSDGXKD6959,vehicle,CONFIRMED,0.490,8,448,1280,688,,
2026-09-01T16:16:55.418828+00:00,C-061,Vastral Police Chowky,Ahmedabad,Home (Police),TR01M1K1JGVRFZYE6WSDGXKD6959,vehicle,CONFIRMED,0.490,16,448,1280,688,,
2026-09-01T16:16:55.552162+00:00,C-061,Vastral Police Chowky,Ahmedabad,Home (Police),TR01M1K1JGVRFZYE6WSDGXKD6959,vehicle,CONFIRMED,0.490,16,448,1280,688,,
2026-09-01T16:16:55.685495+00:00,C-061,Vastral Police Chowky,Ahmedabad,Home (Police),TR01M1K1JGVRFZYE6WSDGXKD6959,vehicle,CONFIRMED,0.482,32,448,1280,688,,
2026-09-01T16:16:55.818828+00:00,C-061,Vastral Police Chowky,Ahmedabad,Home (Police),TR01M1K1JGVRFZYE6WSDGXKD6959,vehicle,CONFIRMED,0.443,56,448,1280,688,,
2026-09-01T16:16:55.952162+00:00,C-061,Vastral Police Chowky,Ahmedabad,Home (Police),TR01M1K1JGVRFZYE6WSDGXKD6959,vehicle,CONFIRMED,0.421,72,448,1280,680,,
2026-09-01T16:16:55.952162+00:00,C-061,Vastral Police Chowky,Ahmedabad,Home (Police),TR01M1K1JY7RWJXA58659SX3XBA5,bus,TENTATIVE,0.528,1179,443,1279,680,,
2026-09-01T16:16:56.085495+00:00,C-061,Vastral Police Chowky,Ahmedabad,Home (Police),TR01M1K1JGVRFZYE6WSDGXKD6959,vehicle,CONFIRMED,0.431,88,448,1280,648,,
2026-09-01T16:16:56.085495+00:00,C-061,Vastral Police Chowky,Ahmedabad,Home (Police),TR01M1K1JY7RWJXA58659SX3XBA5,bus,TENTATIVE,0.528,1179,443,1279,680,,
2026-09-01T16:16:56.218828+00:00,C-061,Vastral Police Chowky,Ahmedabad,Home (Police),TR01M1K1JGVRFZYE6WSDGXKD6959,vehicle,CONFIRMED,0.390,104,448,1280,648,,
2026-09-01T16:16:56.218828+00:00,C-061,Vastral Police Chowky,Ahmedabad,Home (Police),TR01M1K1JY7RWJXA58659SX3XBA5,bus,TENTATIVE,0.528,1179,443,1279,680,,
2026-09-01T16:16:56.352162+00:00,C-061,Vastral Police Chowky,Ahmedabad,Home (Police),TR01M1K1JGVRFZYE6WSDGXKD6959,vehicle,CONFIRMED,0.388,184,448,1280,648,,
2026-09-01T16:16:56.352162+00:00,C-061,Vastral Police Chowky,Ahmedabad,Home (Police),TR01M1K1JY7RWJXA58659SX3XBA5,bus,TENTATIVE,0.528,1179,443,1279,680,,
2026-09-01T16:16:56.485495+00:00,C-061,Vastral Police Chowky,Ahmedabad,Home (Police),TR01M1K1JGVRFZYE6WSDGXKD6959,vehicle,CONFIRMED,0.372,184,448,1280,648,,
2026-09-01T16:16:56.485495+00:00,C-061,Vastral Police Chowky,Ahmedabad,Home (Police),TR01M1K1JY7RWJXA58659SX3XBA5,bus,TENTATIVE,0.528,1179,443,1279,680,,
2026-09-01T16:16:56.618828+00:00,C-061,Vastral Police Chowky,Ahmedabad,Home (Police),TR01M1K1JGVRFZYE6WSDGXKD6959,vehicle,CONFIRMED,0.372,184,448,1280,648,,
2026-09-01T16:16:56.618828+00:00,C-061,Vastral Police Chowky,Ahmedabad,Home (Police),TR01M1K1JY7RWJXA58659SX3XBA5,bus,TENTATIVE,0.528,1179,443,1279,680,,
2026-09-01T16:16:56.752162+00:00,C-061,Vastral Police Chowky,Ahmedabad,Home (Police),TR01M1K1JGVRFZYE6WSDGXKD6959,vehicle,CONFIRMED,0.372,184,448,1280,648,,
2026-09-01T16:16:56.752162+00:00,C-061,Vastral Police Chowky,Ahmedabad,Home (Police),TR01M1K1JY7RWJXA58659SX3XBA5,bus,TENTATIVE,0.528,1179,443,1279,680,,
2026-09-01T16:16:56.885495+00:00,C-061,Vastral Police Chowky,Ahmedabad,Home (Police),TR01M1K1JGVRFZYE6WSDGXKD6959,vehicle,CONFIRMED,0.372,184,448,1280,648,,
2026-09-01T16:16:56.885495+00:00,C-061,Vastral Police Chowky,Ahmedabad,Home (Police),TR01M1K1JY7RWJXA58659SX3XBA5,bus,TENTATIVE,0.528,1179,443,1279,680,,
2026-09-01T16:16:57.018828+00:00,C-061,Vastral Police Chowky,Ahmedabad,Home (Police),TR01M1K1JGVRFZYE6WSDGXKD6959,vehicle,CONFIRMED,0.372,184,448,1280,648,,
2026-09-01T16:16:57.018828+00:00,C-061,Vastral Police Chowky,Ahmedabad,Home (Police),TR01M1K1JY7RWJXA58659SX3XBA5,bus,TENTATIVE,0.528,1179,443,1279,680,,
2026-09-01T16:16:57.152162+00:00,C-061,Vastral Police Chowky,Ahmedabad,Home (Police),TR01M1K1JGVRFZYE6WSDGXKD6959,vehicle,CONFIRMED,0.372,184,448,1280,648,,
2026-09-01T16:16:57.152162+00:00,C-061,Vastral Police Chowky,Ahmedabad,Home (Police),TR01M1K1JY7RWJXA58659SX3XBA5,bus,TENTATIVE,0.528,1179,443,1279,680,,
2026-09-01T16:16:57.285495+00:00,C-061,Vastral Police Chowky,Ahmedabad,Home (Police),TR01M1K1JGVRFZYE6WSDGXKD6959,vehicle,CONFIRMED,0.372,184,448,1280,648,,
2026-09-01T16:16:57.285495+00:00,C-061,Vastral Police Chowky,Ahmedabad,Home (Police),TR01M1K1JY7RWJXA58659SX3XBA5,bus,TENTATIVE,0.528,1179,443,1279,680,,
2026-09-01T16:16:57.418828+00:00,C-061,Vastral Police Chowky,Ahmedabad,Home (Police),TR01M1K1JGVRFZYE6WSDGXKD6959,vehicle,CONFIRMED,0.372,184,448,1280,648,,
2026-09-01T16:16:57.552162+00:00,C-061,Vastral Police Chowky,Ahmedabad,Home (Police),TR01M1K1JGVRFZYE6WSDGXKD6959,vehicle,CONFIRMED,0.372,184,448,1280,648,,
2026-09-01T16:16:57.685495+00:00,C-061,Vastral Police Chowky,Ahmedabad,Home (Police),TR01M1K1JGVRFZYE6WSDGXKD6959,vehicle,CONFIRMED,0.372,184,448,1280,648,,
2026-09-01T16:16:57.818828+00:00,C-061,Vastral Police Chowky,Ahmedabad,Home (Police),TR01M1K1JGVRFZYE6WSDGXKD6959,vehicle,CONFIRMED,0.372,184,448,1280,648,,
2026-09-01T16:16:57.952162+00:00,C-061,Vastral Police Chowky,Ahmedabad,Home (Police),TR01M1K1JGVRFZYE6WSDGXKD6959,vehicle,CONFIRMED,0.372,184,448,1280,648,,
2026-09-01T16:17:04.085495+00:00,C-061,Vastral Police Chowky,Ahmedabad,Home (Police),TR01M1K1KCCGD4T4Y5CDXTDBBSDW,vehicle,TENTATIVE,0.686,0,448,128,608,,
2026-09-01T16:17:04.218828+00:00,C-061,Vastral Police Chowky,Ahmedabad,Home (Police),TR01M1K1KCCGD4T4Y5CDXTDBBSDW,vehicle,CONFIRMED,0.490,0,448,176,608,,
2026-09-01T16:17:04.352162+00:00,C-061,Vastral Police Chowky,Ahmedabad,Home (Police),TR01M1K1KCCGD4T4Y5CDXTDBBSDW,vehicle,CONFIRMED,0.490,0,448,216,608,,
2026-09-01T16:17:04.485495+00:00,C-061,Vastral Police Chowky,Ahmedabad,Home (Police),TR01M1K1KCCGD4T4Y5CDXTDBBSDW,vehicle,CONFIRMED,0.786,0,448,256,608,,
2026-09-01T16:17:04.618828+00:00,C-061,Vastral Police Chowky,Ahmedabad,Home (Police),TR01M1K1KCCGD4T4Y5CDXTDBBSDW,vehicle,CONFIRMED,0.757,0,448,296,608,,
2026-09-01T16:17:04.752162+00:00,C-061,Vastral Police Chowky,Ahmedabad,Home (Police),TR01M1K1KCCGD4T4Y5CDXTDBBSDW,vehicle,CONFIRMED,0.792,0,448,344,608,,
2026-09-01T16:17:04.885495+00:00,C-061,Vastral Police Chowky,Ahmedabad,Home (Police),TR01M1K1KCCGD4T4Y5CDXTDBBSDW,vehicle,CONFIRMED,0.791,0,448,384,608,,
2026-09-01T16:17:05.018828+00:00,C-061,Vastral Police Chowky,Ahmedabad,Home (Police),TR01M1K1KCCGD4T4Y5CDXTDBBSDW,vehicle,CONFIRMED,0.787,0,448,424,608,,
2026-09-01T16:17:05.152162+00:00,C-061,Vastral Police Chowky,Ahmedabad,Home (Police),TR01M1K1KCCGD4T4Y5CDXTDBBSDW,vehicle,CONFIRMED,0.789,0,448,464,608,,
2026-09-01T16:17:05.285495+00:00,C-061,Vastral Police Chowky,Ahmedabad,Home (Police),TR01M1K1KCCGD4T4Y5CDXTDBBSDW,vehicle,CONFIRMED,0.741,0,448,512,608,,
2026-09-01T16:17:05.418828+00:00,C-061,Vastral Police Chowky,Ahmedabad,Home (Police),TR01M1K1KCCGD4T4Y5CDXTDBBSDW,vehicle,CONFIRMED,0.717,0,448,552,608,,
2026-09-01T16:17:05.552162+00:00,C-061,Vastral Police Chowky,Ahmedabad,Home (Police),TR01M1K1KCCGD4T4Y5CDXTDBBSDW,vehicle,CONFIRMED,0.793,0,448,592,608,,
2026-09-01T16:17:05.685495+00:00,C-061,Vastral Police Chowky,Ahmedabad,Home (Police),TR01M1K1KCCGD4T4Y5CDXTDBBSDW,car,CONFIRMED,0.754,371,443,634,609,,
2026-09-01T16:17:05.818828+00:00,C-061,Vastral Police Chowky,Ahmedabad,Home (Police),TR01M1K1KCCGD4T4Y5CDXTDBBSDW,car,CONFIRMED,0.754,371,443,634,609,,
2026-09-01T16:17:05.818828+00:00,C-061,Vastral Police Chowky,Ahmedabad,Home (Police),TR01M1K1KFQ6PCJS09W21NEPMXE5,vehicle,CONFIRMED,0.751,0,448,680,608,,
2026-09-01T16:17:05.952162+00:00,C-061,Vastral Police Chowky,Ahmedabad,Home (Police),TR01M1K1KCCGD4T4Y5CDXTDBBSDW,car,CONFIRMED,0.754,371,443,634,609,,
2026-09-01T16:17:05.952162+00:00,C-061,Vastral Police Chowky,Ahmedabad,Home (Police),TR01M1K1KFQ6PCJS09W21NEPMXE5,vehicle,CONFIRMED,0.769,0,448,720,608,,
2026-09-01T16:17:06.085495+00:00,C-061,Vastral Police Chowky,Ahmedabad,Home (Police),TR01M1K1KCCGD4T4Y5CDXTDBBSDW,car,CONFIRMED,0.754,371,443,634,609,,
2026-09-01T16:17:06.085495+00:00,C-061,Vastral Police Chowky,Ahmedabad,Home (Police),TR01M1K1KFQ6PCJS09W21NEPMXE5,vehicle,CONFIRMED,0.746,0,448,760,608,,
2026-09-01T16:17:06.218828+00:00,C-061,Vastral Police Chowky,Ahmedabad,Home (Police),TR01M1K1KCCGD4T4Y5CDXTDBBSDW,car,CONFIRMED,0.754,371,443,634,609,,
2026-09-01T16:17:06.218828+00:00,C-061,Vastral Police Chowky,Ahmedabad,Home (Police),TR01M1K1KFQ6PCJS09W21NEPMXE5,vehicle,CONFIRMED,0.801,0,448,808,608,,
2026-09-01T16:17:06.352162+00:00,C-061,Vastral Police Chowky,Ahmedabad,Home (Police),TR01M1K1KCCGD4T4Y5CDXTDBBSDW,car,CONFIRMED,0.754,371,443,634,609,,
2026-09-01T16:17:06.352162+00:00,C-061,Vastral Police Chowky,Ahmedabad,Home (Police),TR01M1K1KFQ6PCJS09W21NEPMXE5,vehicle,CONFIRMED,0.660,0,448,848,608,,
2026-09-01T16:17:06.485495+00:00,C-061,Vastral Police Chowky,Ahmedabad,Home (Police),TR01M1K1KCCGD4T4Y5CDXTDBBSDW,car,CONFIRMED,0.754,371,443,634,609,,
2026-09-01T16:17:06.485495+00:00,C-061,Vastral Police Chowky,Ahmedabad,Home (Police),TR01M1K1KFQ6PCJS09W21NEPMXE5,vehicle,CONFIRMED,0.785,0,448,888,608,,
2026-09-01T16:17:06.618828+00:00,C-061,Vastral Police Chowky,Ahmedabad,Home (Police),TR01M1K1KCCGD4T4Y5CDXTDBBSDW,car,CONFIRMED,0.754,371,443,634,609,,
2026-09-01T16:17:06.618828+00:00,C-061,Vastral Police Chowky,Ahmedabad,Home (Police),TR01M1K1KFQ6PCJS09W21NEPMXE5,vehicle,CONFIRMED,0.802,0,448,928,608,,
2026-09-01T16:17:06.752162+00:00,C-061,Vastral Police Chowky,Ahmedabad,Home (Police),TR01M1K1KCCGD4T4Y5CDXTDBBSDW,car,CONFIRMED,0.754,371,443,634,609,,
2026-09-01T16:17:06.752162+00:00,C-061,Vastral Police Chowky,Ahmedabad,Home (Police),TR01M1K1KFQ6PCJS09W21NEPMXE5,vehicle,CONFIRMED,0.769,0,448,952,608,,
2026-09-01T16:17:06.752162+00:00,C-061,Vastral Police Chowky,Ahmedabad,Home (Police),TR01M1K1KHRY2Z4ES6Z26RGP19JP,vehicle,TENTATIVE,0.770,518,305,1156,641,,
2026-09-01T16:17:06.885495+00:00,C-061,Vastral Police Chowky,Ahmedabad,Home (Police),TR01M1K1KCCGD4T4Y5CDXTDBBSDW,car,CONFIRMED,0.754,371,443,634,609,,
2026-09-01T16:17:06.885495+00:00,C-061,Vastral Police Chowky,Ahmedabad,Home (Police),TR01M1K1KFQ6PCJS09W21NEPMXE5,vehicle,CONFIRMED,0.769,0,448,952,608,,
2026-09-01T16:17:06.885495+00:00,C-061,Vastral Police Chowky,Ahmedabad,Home (Police),TR01M1K1KHRY2Z4ES6Z26RGP19JP,vehicle,CONFIRMED,0.790,567,310,1194,640,,
2026-09-01T16:17:07.018828+00:00,C-061,Vastral Police Chowky,Ahmedabad,Home (Police),TR01M1K1KCCGD4T4Y5CDXTDBBSDW,car,CONFIRMED,0.754,371,443,634,609,,
2026-09-01T16:17:07.018828+00:00,C-061,Vastral Police Chowky,Ahmedabad,Home (Police),TR01M1K1KFQ6PCJS09W21NEPMXE5,vehicle,CONFIRMED,0.769,0,448,952,608,,
2026-09-01T16:17:07.018828+00:00,C-061,Vastral Police Chowky,Ahmedabad,Home (Police),TR01M1K1KHRY2Z4ES6Z26RGP19JP,vehicle,CONFIRMED,0.818,602,305,1240,641,,
2026-09-01T16:17:07.152162+00:00,C-061,Vastral Police Chowky,Ahmedabad,Home (Police),TR01M1K1KCCGD4T4Y5CDXTDBBSDW,car,CONFIRMED,0.754,371,443,634,609,,
2026-09-01T16:17:07.152162+00:00,C-061,Vastral Police Chowky,Ahmedabad,Home (Police),TR01M1K1KFQ6PCJS09W21NEPMXE5,vehicle,CONFIRMED,0.769,0,448,952,608,,
2026-09-01T16:17:07.152162+00:00,C-061,Vastral Police Chowky,Ahmedabad,Home (Police),TR01M1K1KHRY2Z4ES6Z26RGP19JP,vehicle,CONFIRMED,0.809,642,303,1280,643,,
2026-09-01T16:17:07.285495+00:00,C-061,Vastral Police Chowky,Ahmedabad,Home (Police),TR01M1K1KFQ6PCJS09W21NEPMXE5,vehicle,CONFIRMED,0.769,0,448,952,608,,
2026-09-01T16:17:07.285495+00:00,C-061,Vastral Police Chowky,Ahmedabad,Home (Police),TR01M1K1KHRY2Z4ES6Z26RGP19JP,vehicle,CONFIRMED,0.798,683,303,1280,643,,
2026-09-01T16:17:07.418828+00:00,C-061,Vastral Police Chowky,Ahmedabad,Home (Police),TR01M1K1KFQ6PCJS09W21NEPMXE5,vehicle,CONFIRMED,0.769,0,448,952,608,,
2026-09-01T16:17:07.418828+00:00,C-061,Vastral Police Chowky,Ahmedabad,Home (Police),TR01M1K1KHRY2Z4ES6Z26RGP19JP,vehicle,CONFIRMED,0.817,731,307,1280,641,,
2026-09-01T16:17:07.552162+00:00,C-061,Vastral Police Chowky,Ahmedabad,Home (Police),TR01M1K1KFQ6PCJS09W21NEPMXE5,vehicle,CONFIRMED,0.769,0,448,952,608,,
2026-09-01T16:17:07.552162+00:00,C-061,Vastral Police Chowky,Ahmedabad,Home (Police),TR01M1K1KHRY2Z4ES6Z26RGP19JP,vehicle,CONFIRMED,0.800,773,307,1280,641,,
2026-09-01T16:17:07.685495+00:00,C-061,Vastral Police Chowky,Ahmedabad,Home (Police),TR01M1K1KFQ6PCJS09W21NEPMXE5,vehicle,CONFIRMED,0.769,0,448,952,608,,
2026-09-01T16:17:07.685495+00:00,C-061,Vastral Police Chowky,Ahmedabad,Home (Police),TR01M1K1KHRY2Z4ES6Z26RGP19JP,vehicle,CONFIRMED,0.825,809,301,1280,642,,
