plate,timestamp_utc,camera_id,camera_name,district,department,object_type,votes,timestamp_ist,confidence,confirmed,plate_format_valid,plate_format_note,observation_id,evidence_id,ocr_model
GJ04Z0610,2026-09-28T07:22:47.373455+00:00,cam06,Timbavadi Gate,Junagadh,Home (Police),bus,1,2026-09-28T12:52:47+05:30,1.000,no,yes,valid standard format,OB01M3KEADTNSJ7HERV2QVC3YH40,,awiros-anpr-ocr
GJ14AG1667,2026-09-28T07:22:47.373455+00:00,cam06,Timbavadi Gate,Junagadh,Home (Police),truck,1,2026-09-28T12:52:47+05:30,0.999,no,yes,valid standard format,OB01M3KEADTNDDK4QN9WEFKV08GS,,awiros-anpr-ocr
GJ07EH5147,2026-09-28T07:22:31.357385+00:00,cam06,Timbavadi Gate,Junagadh,Home (Police),motorcycle,2,2026-09-28T12:52:31+05:30,0.998,yes,yes,valid standard format,OB01M3KE9YM8WMEXHSZA19P2QEDA,,awiros-anpr-ocr
GJ07EW5147,2026-09-28T07:22:30.997385+00:00,cam06,Timbavadi Gate,Junagadh,Home (Police),motorcycle,1,2026-09-28T12:52:30+05:30,0.998,no,yes,valid standard format,OB01M3KE9YM9RACSBFBPVNF9JA4W,,awiros-anpr-ocr
GJ03JR8399,2026-09-28T07:22:18.237385+00:00,cam06,Timbavadi Gate,Junagadh,Home (Police),car,3,2026-09-28T12:52:18+05:30,0.998,yes,yes,valid standard format,OB01M3KE9H0HEMPSHH7EY342CM32,,awiros-anpr-ocr
GJ11CF7253,2026-09-28T07:22:18.237385+00:00,cam06,Timbavadi Gate,Junagadh,Home (Police),motorcycle,2,2026-09-28T12:52:18+05:30,0.962,yes,yes,valid standard format,OB01M3KE9H0HBCV34HKXB1PDCTZV,,awiros-anpr-ocr
GJ11EB1569,2026-09-28T07:22:10.757385+00:00,cam06,Timbavadi Gate,Junagadh,Home (Police),motorcycle,1,2026-09-28T12:52:10+05:30,0.991,no,yes,valid standard format,OB01M3KE9BPS9S1N6CV6WZBQPXYM,,awiros-anpr-ocr
GJ11CH4401,2026-09-28T07:21:56.037385+00:00,cam06,Timbavadi Gate,Junagadh,Home (Police),car,1,2026-09-28T12:51:56+05:30,0.986,no,yes,valid standard format,OB01M3KE8YV0PS19G7SBTWWMEYAN,,awiros-anpr-ocr
GJ03AZ0644,2026-09-28T07:21:37.437385+00:00,cam06,Timbavadi Gate,Junagadh,Home (Police),car,1,2026-09-28T12:51:37+05:30,0.998,no,yes,valid standard format,OB01M3KE8AMTF4PXNAW8ZV7JP2RP,,awiros-anpr-ocr
RJ11CK1741,2026-09-28T07:20:35.788941+00:00,cam06,Timbavadi Gate,Junagadh,Home (Police),motorcycle,3,2026-09-28T12:50:35+05:30,0.811,yes,yes,valid standard format,OB01M3KE6CFAB79A1PZ05GTDHAXR,,awiros-anpr-ocr
GJ01RS9114,2026-09-28T07:20:28.548941+00:00,cam06,Timbavadi Gate,Junagadh,Home (Police),car,2,2026-09-28T12:50:28+05:30,0.986,yes,yes,valid standard format,OB01M3KE6CFA3KAQWHGY0BSSQX5E,EZ01M3KE6EH65BXB6G9R3F3E21AK,awiros-anpr-ocr
GJ01V7195,2026-09-28T07:19:00.405140+00:00,cam06,Timbavadi Gate,Junagadh,Home (Police),motorcycle,1,2026-09-28T12:49:00+05:30,0.991,no,yes,valid standard format,OB01M3KE38Q79X5FQM88F879HM31,,awiros-anpr-ocr
GJ32AA2864,2026-09-28T07:18:34.765140+00:00,cam06,Timbavadi Gate,Junagadh,Home (Police),car,1,2026-09-28T12:48:34+05:30,1.000,no,yes,valid standard format,OB01M3KE2H1W9BBSZM4KJMRQWJRV,,awiros-anpr-ocr
GJ11BR0928,2026-09-28T07:17:12.645140+00:00,cam06,Timbavadi Gate,Junagadh,Home (Police),van,1,2026-09-28T12:47:12+05:30,1.000,no,yes,valid standard format,OB01M3KDZZ19B3SJNDQE3Q0TX9VF,EZ01M3KE00QFVY21763CDMA5DBP7,awiros-anpr-ocr
GJ11BR0928,2026-09-28T07:17:09.925140+00:00,cam06,Timbavadi Gate,Junagadh,Home (Police),car,1,2026-09-28T12:47:09+05:30,0.993,no,yes,valid standard format,OB01M3KDZSTJBXD7Z08PMMQQ8QC4,EZ01M3KDZVRX216F1JK06834WXN9,awiros-anpr-ocr
GJ15CB2934,2026-09-28T07:16:50.005140+00:00,cam06,Timbavadi Gate,Junagadh,Home (Police),car,1,2026-09-28T12:46:50+05:30,1.000,no,yes,valid standard format,OB01M3KDZ5YMTEZ21P1PSD5VXK9E,,awiros-anpr-ocr
GJ03ER8216,2026-09-28T07:16:41.045140+00:00,cam06,Timbavadi Gate,Junagadh,Home (Police),car,1,2026-09-28T12:46:41+05:30,1.000,no,yes,valid standard format,OB01M3KDYXT3MTRZ7PHEKZMMNAWS,,awiros-anpr-ocr
GJ11CD1637,2026-09-28T07:16:26.765140+00:00,cam06,Timbavadi Gate,Junagadh,Home (Police),car,1,2026-09-28T12:46:26+05:30,0.999,no,yes,valid standard format,OB01M3KDYF8GQJET8TC8KZ2Z5RDH,,awiros-anpr-ocr
GJ11CR3035,2026-09-28T07:16:21.485140+00:00,cam06,Timbavadi Gate,Junagadh,Home (Police),motorcycle,1,2026-09-28T12:46:21+05:30,1.000,no,yes,valid standard format,OB01M3KDYAGFSV5593TGT4P8WCJM,,awiros-anpr-ocr
GJ11AS9332,2026-09-28T07:16:15.485140+00:00,cam06,Timbavadi Gate,Junagadh,Home (Police),car,1,2026-09-28T12:46:15+05:30,0.981,no,yes,valid standard format,OB01M3KDY4RK5Z7QEHH0WTXD0ERV,,awiros-anpr-ocr
GJ11DA5362,2026-09-28T07:16:01.285140+00:00,cam06,Timbavadi Gate,Junagadh,Home (Police),motorcycle,1,2026-09-28T12:46:01+05:30,0.988,no,yes,valid standard format,OB01M3KDXP6VKVWQ89WWFC1B3MY5,,awiros-anpr-ocr
GJ11UU1942,2026-09-28T07:15:46.885140+00:00,cam06,Timbavadi Gate,Junagadh,Home (Police),truck,1,2026-09-28T12:45:46+05:30,1.000,no,yes,valid standard format,OB01M3KDX8B4JH1T85KE0SQBF2VC,,awiros-anpr-ocr
GJ11CR5499,2026-09-28T07:15:37.725140+00:00,cam06,Timbavadi Gate,Junagadh,Home (Police),motorcycle,1,2026-09-28T12:45:37+05:30,0.994,no,yes,valid standard format,OB01M3KDX023Z9J0MH7TE7WYGRR4,,awiros-anpr-ocr
GJ22AA0401,2026-09-28T07:15:18.085140+00:00,cam06,Timbavadi Gate,Junagadh,Home (Police),car,1,2026-09-28T12:45:18+05:30,0.998,no,yes,valid standard format,OB01M3KDWDXMVNZHH2SDADC88RTZ,,awiros-anpr-ocr
GJ11CD3491,2026-09-28T07:15:15.725140+00:00,cam06,Timbavadi Gate,Junagadh,Home (Police),car,1,2026-09-28T12:45:15+05:30,0.998,no,yes,valid standard format,OB01M3KDWA7HN29C6CBETBRFH3G3,,awiros-anpr-ocr
GJ01RS5926,2026-09-28T07:14:45.965140+00:00,cam06,Timbavadi Gate,Junagadh,Home (Police),car,1,2026-09-28T12:44:45+05:30,0.992,no,yes,valid standard format,OB01M3KDVDMQJ6BSZYH9CXVFHSM7,,awiros-anpr-ocr
GJ25AA4345,2026-09-28T07:14:40.325140+00:00,cam06,Timbavadi Gate,Junagadh,Home (Police),car,1,2026-09-28T12:44:40+05:30,0.993,no,yes,valid standard format,OB01M3KDV6Z1AQFVQAYQRD1214RD,,awiros-anpr-ocr
GJ14V8669,2026-09-28T07:14:04.165140+00:00,cam06,Timbavadi Gate,Junagadh,Home (Police),motorcycle,1,2026-09-28T12:44:04+05:30,0.980,no,yes,valid standard format,OB01M3KDT6AA56J2EJF3H6PGDRYF,,awiros-anpr-ocr
GJ11CD8889,2026-09-28T07:13:50.845140+00:00,cam06,Timbavadi Gate,Junagadh,Home (Police),car,1,2026-09-28T12:43:50+05:30,1.000,no,yes,valid standard format,OB01M3KDSY597VFX007Z46WRY26F,,awiros-anpr-ocr
GJ37AB9445,2026-09-28T07:13:35.925140+00:00,cam06,Timbavadi Gate,Junagadh,Home (Police),car,1,2026-09-28T12:43:35+05:30,0.996,no,yes,valid standard format,OB01M3KDSHYCXYG286TK35NGJD6Q,,awiros-anpr-ocr
GJ05AV6417,2026-09-28T07:13:06.946506+00:00,cam06,Timbavadi Gate,Junagadh,Home (Police),truck,1,2026-09-28T12:43:06+05:30,0.998,no,yes,valid standard format,OB01M3KDRP3YMWJVMTADB5CNNCGT,,awiros-anpr-ocr
GJ03ME9186,2026-09-28T07:12:10.478022+00:00,cam06,Timbavadi Gate,Junagadh,Home (Police),car,1,2026-09-28T12:42:10+05:30,1.000,no,yes,valid standard format,OB01M3KDQ8R5F3REHYF4P6CPE3J9,,awiros-anpr-ocr
GJ11S9258,2026-09-28T07:12:03.238022+00:00,cam06,Timbavadi Gate,Junagadh,Home (Police),car,1,2026-09-28T12:42:03+05:30,1.000,no,yes,valid standard format,OB01M3KDPNX53ZAR0WJWRN6BX7WE,EZ01M3KDPPHJGQ2165NH0PCHWG47,awiros-anpr-ocr
GJ32B2702,2026-09-28T07:11:52.055565+00:00,cam06,Timbavadi Gate,Junagadh,Home (Police),car,1,2026-09-28T12:41:52+05:30,0.975,no,yes,valid standard format,OB01M3KDPBTB4SA79XWW8KVJD67D,,awiros-anpr-ocr
GJ01HM7952,2026-09-28T07:10:36.590476+00:00,cam06,Timbavadi Gate,Junagadh,Home (Police),car,1,2026-09-28T12:40:36+05:30,0.996,no,yes,valid standard format,OB01M3KDMCKXKZFP4G07ASY208N4,,awiros-anpr-ocr
GJ03EK8807,2026-09-28T07:10:00.910253+00:00,cam06,Timbavadi Gate,Junagadh,Home (Police),car,1,2026-09-28T12:40:00+05:30,1.000,no,yes,valid standard format,OB01M3KDK2P0NE4VQ6FY3BZNE4ND,,awiros-anpr-ocr
GJ11CX1044,2026-09-28T07:08:34.546039+00:00,cam06,Timbavadi Gate,Junagadh,Home (Police),motorcycle,1,2026-09-28T12:38:34+05:30,0.996,no,yes,valid standard format,OB01M3KDG5VNWQTGZF3E370525JJ,,awiros-anpr-ocr
GJ11CK1044,2026-09-28T07:07:23.663008+00:00,cam06,Timbavadi Gate,Junagadh,Home (Police),motorcycle,1,2026-09-28T12:37:23+05:30,0.984,no,yes,valid standard format,OB01M3KDE2611DDB8XZ3R5309R8G,,awiros-anpr-ocr
GJ32AG2883,2026-09-28T07:07:13.503008+00:00,cam06,Timbavadi Gate,Junagadh,Home (Police),car,1,2026-09-28T12:37:13+05:30,1.000,no,yes,valid standard format,OB01M3KDDWM7T1VVMMA8YWX5D9XG,,awiros-anpr-ocr
GJ32AG2883,2026-09-28T07:07:13.503008+00:00,cam06,Timbavadi Gate,Junagadh,Home (Police),van,1,2026-09-28T12:37:13+05:30,0.998,no,yes,valid standard format,OB01M3KDDT76BWKV8XEP32K9PPSQ,,awiros-anpr-ocr
GJ11UU3687,2026-09-28T07:05:55.966550+00:00,cam06,Timbavadi Gate,Junagadh,Home (Police),car,1,2026-09-28T12:35:55+05:30,0.984,no,yes,valid standard format,OB01M3KDBKP6WPHAPWQQRGMA4NTW,,awiros-anpr-ocr
GJ11BS4286,2026-09-28T07:05:55.966550+00:00,cam06,Timbavadi Gate,Junagadh,Home (Police),motorcycle,1,2026-09-28T12:35:55+05:30,0.999,no,yes,valid standard format,OB01M3KDBG6H15WFP2AHJQDSM4VG,,awiros-anpr-ocr
GJ03KP7434,2026-09-28T07:05:27.798406+00:00,cam06,Timbavadi Gate,Junagadh,Home (Police),car,2,2026-09-28T12:35:27+05:30,1.000,yes,yes,valid standard format,OB01M3KDAKA98X1QRWYJRQXNTVMA,,awiros-anpr-ocr
GJ18Z8826,2026-09-28T07:04:45.433081+00:00,cam06,Timbavadi Gate,Junagadh,Home (Police),bus,2,2026-09-28T12:34:45+05:30,0.997,yes,yes,valid standard format,OB01M3KD9AWYYY5D5H9R97H67ZDP,EZ01M3KD9B0W8XGNKKE1J19W4WME,awiros-anpr-ocr
GJ11CD3707,2026-09-28T07:04:40.449252+00:00,cam06,Timbavadi Gate,Junagadh,Home (Police),car,1,2026-09-28T12:34:40+05:30,0.999,no,yes,valid standard format,OB01M3KD935KAKYRFCAHR816398A,,awiros-anpr-ocr
GJ01RS9114,2026-09-28T07:01:06.350795+00:00,cam06,Timbavadi Gate,Junagadh,Home (Police),car,3,2026-09-28T12:31:06+05:30,0.978,yes,yes,valid standard format,OB01M3KD2ENDFJ94FFDXKHDFJ85F,EZ01M3KD2F60ZN7SFKYBW3X778RN,awiros-anpr-ocr
GJ11VV6198,2026-09-28T07:00:50.137746+00:00,cam06,Timbavadi Gate,Junagadh,Home (Police),bus,2,2026-09-28T12:30:50+05:30,0.977,yes,yes,valid standard format,OB01M3KD1WT5S2GYP58H1QSSRY5T,,awiros-anpr-ocr
GJ03PR6082,2026-09-28T06:59:43.070491+00:00,cam06,Timbavadi Gate,Junagadh,Home (Police),car,1,2026-09-28T12:29:43+05:30,1.000,no,yes,valid standard format,OB01M3KCZYH51CGVFMQSCTAN40KE,,awiros-anpr-ocr
GJ11CR1890,2026-09-28T06:59:01.000027+00:00,cam06,Timbavadi Gate,Junagadh,Home (Police),motorcycle,2,2026-09-28T12:29:01+05:30,0.985,yes,yes,valid standard format,OB01M3KCZD3X1XBVCVQRJB3KDJTD,,awiros-anpr-ocr
GJ10DN2875,2026-09-28T06:58:49.680027+00:00,cam06,Timbavadi Gate,Junagadh,Home (Police),car,4,2026-09-28T12:28:49+05:30,0.996,yes,yes,valid standard format,OB01M3KCYSV68QD3KD4YTAS8W38C,,awiros-anpr-ocr
GJ11UU3829,2026-09-28T06:58:22.520027+00:00,cam06,Timbavadi Gate,Junagadh,Home (Police),bus,4,2026-09-28T12:28:22+05:30,0.971,yes,yes,valid standard format,OB01M3KCXW76KVEB0TZD028P3T9D,,awiros-anpr-ocr
GJ11BR0928,2026-09-28T06:58:15.400027+00:00,cam06,Timbavadi Gate,Junagadh,Home (Police),truck,7,2026-09-28T12:28:15+05:30,0.987,yes,yes,valid standard format,OB01M3KCXCSH55Y3KVWXC3DAY1VM,EZ01M3KCXDBD4HA16RCD26XAH6NS,awiros-anpr-ocr
GJ11UU2305,2026-09-28T06:58:02.411504+00:00,cam06,Timbavadi Gate,Junagadh,Home (Police),bus,2,2026-09-28T12:28:02+05:30,1.000,yes,yes,valid standard format,OB01M3KCWXSQV03BCZ39HJ6ACRCF,,awiros-anpr-ocr
GJ03KH0407,2026-09-28T06:57:58.411504+00:00,cam06,Timbavadi Gate,Junagadh,Home (Police),car,4,2026-09-28T12:27:58+05:30,0.981,yes,yes,valid standard format,OB01M3KCWTFGA7TK6DJ7N4YVB8AY,,awiros-anpr-ocr
GJ10CJ2920,2026-09-28T06:57:58.411504+00:00,cam06,Timbavadi Gate,Junagadh,Home (Police),motorcycle,4,2026-09-28T12:27:58+05:30,0.976,yes,yes,valid standard format,OB01M3KCWTFG3FTX0W46BM28ZVW4,,awiros-anpr-ocr
GJ15CB2934,2026-09-28T06:57:51.731504+00:00,cam06,Timbavadi Gate,Junagadh,Home (Police),car,2,2026-09-28T12:27:51+05:30,0.992,yes,yes,valid standard format,OB01M3KCWKCMW694ZDD01VDRCXF9,,awiros-anpr-ocr
GJ11CH3274,2026-09-28T06:57:51.731504+00:00,cam06,Timbavadi Gate,Junagadh,Home (Police),car,2,2026-09-28T12:27:51+05:30,0.988,yes,yes,valid standard format,OB01M3KCWKCMTPRVCFM4371JKQ8R,,awiros-anpr-ocr
GJ03JR5317,2026-09-28T06:57:44.571504+00:00,cam06,Timbavadi Gate,Junagadh,Home (Police),car,3,2026-09-28T12:27:44+05:30,1.000,yes,yes,valid standard format,OB01M3KCWG76GBXJP354YTNTCG8Y,,awiros-anpr-ocr
GJ11CD1637,2026-09-28T06:57:27.731504+00:00,cam06,Timbavadi Gate,Junagadh,Home (Police),car,3,2026-09-28T12:27:27+05:30,0.996,yes,yes,valid standard format,OB01M3KCVZFE5ZTHACRGZQ1FTX5D,,awiros-anpr-ocr
GJ11CK4362,2026-09-28T06:57:23.651504+00:00,cam06,Timbavadi Gate,Junagadh,Home (Police),motorcycle,2,2026-09-28T12:27:23+05:30,0.963,yes,yes,valid standard format,OB01M3KCVVTFH5HHBV7P677RV8ZA,,awiros-anpr-ocr
GJ11DB2886,2026-09-28T06:57:04.851504+00:00,cam06,Timbavadi Gate,Junagadh,Home (Police),truck,1,2026-09-28T12:27:04+05:30,0.985,no,yes,valid standard format,OB01M3KCVEY7TAM9AYPZSGR4TB1D,EZ01M3KCVGD0VNKT16JHYKASGF7P,awiros-anpr-ocr
GJ11UU1942,2026-09-28T06:56:47.171504+00:00,cam06,Timbavadi Gate,Junagadh,Home (Police),truck,2,2026-09-28T12:26:47+05:30,0.909,yes,yes,valid standard format,OB01M3KCTTPNFYM2MFPYJSNVSD7B,,awiros-anpr-ocr
GJ32J6713,2026-09-28T06:56:44.051504+00:00,cam06,Timbavadi Gate,Junagadh,Home (Police),motorcycle,3,2026-09-28T12:26:44+05:30,1.000,yes,yes,valid standard format,OB01M3KCTM12DD0TKAJHYWJHPQ8M,,awiros-anpr-ocr
GJ11CD3491,2026-09-28T06:56:29.432118+00:00,cam06,Timbavadi Gate,Junagadh,Home (Police),car,2,2026-09-28T12:26:29+05:30,0.998,yes,yes,valid standard format,OB01M3KCSR2T2X6H9FEWS3NDKZZ2,,awiros-anpr-ocr
GJ11BR8190,2026-09-28T06:56:25.712118+00:00,cam06,Timbavadi Gate,Junagadh,Home (Police),car,2,2026-09-28T12:26:25+05:30,0.982,yes,yes,valid standard format,OB01M3KCSNXT6TF8W19V4W6C8GMT,,awiros-anpr-ocr
GJ03PD2863,2026-09-28T06:56:03.192118+00:00,cam06,Timbavadi Gate,Junagadh,Home (Police),car,2,2026-09-28T12:26:03+05:30,0.999,yes,yes,valid standard format,OB01M3KCS73HB7YJ47EM737YRD6P,,awiros-anpr-ocr
GJ05JF6480,2026-09-28T06:55:48.632118+00:00,cam06,Timbavadi Gate,Junagadh,Home (Police),car,1,2026-09-28T12:25:48+05:30,0.997,no,yes,valid standard format,OB01M3KCRV8R26ZGG54MY7N79A66,,awiros-anpr-ocr
GJ11EC0745,2026-09-28T06:55:48.632118+00:00,cam06,Timbavadi Gate,Junagadh,Home (Police),motorcycle,1,2026-09-28T12:25:48+05:30,0.993,no,yes,valid standard format,OB01M3KCRV8R8GMQFEEQYXK7SK5Z,,awiros-anpr-ocr
RJ14X8557,2026-09-28T06:55:10.732230+00:00,cam06,Timbavadi Gate,Junagadh,Home (Police),bicycle,2,2026-09-28T12:25:10+05:30,0.640,yes,yes,valid standard format,OB01M3KCQQANW1SPAE82DQMM4HR5,,awiros-anpr-ocr
GJ11CD8889,2026-09-28T06:55:00.212230+00:00,cam06,Timbavadi Gate,Junagadh,Home (Police),car,3,2026-09-28T12:25:00+05:30,0.983,yes,yes,valid standard format,OB01M3KCQA9RZ3CPYQR1GMABW3ZV,,awiros-anpr-ocr
GJ37AB9445,2026-09-28T06:54:46.932230+00:00,cam06,Timbavadi Gate,Junagadh,Home (Police),car,5,2026-09-28T12:24:46+05:30,1.000,yes,yes,valid standard format,OB01M3KCQ26MMSTS2C2EWJ8KSNW7,,awiros-anpr-ocr
GJ11BH2735,2026-09-28T06:54:46.932230+00:00,cam06,Timbavadi Gate,Junagadh,Home (Police),car,4,2026-09-28T12:24:46+05:30,0.971,yes,yes,valid standard format,OB01M3KCQ26K5M0T6ANH9ES08N6Q,,awiros-anpr-ocr
GJ32X9985,2026-09-28T06:54:05.519215+00:00,cam06,Timbavadi Gate,Junagadh,Home (Police),car,1,2026-09-28T12:24:05+05:30,1.000,no,yes,valid standard format,OB01M3KCNPE6FS60E2TW0WCXGHQJ,,awiros-anpr-ocr
GJ11EC8369,2026-09-28T06:53:34.352444+00:00,cam06,Timbavadi Gate,Junagadh,Home (Police),motorcycle,2,2026-09-28T12:23:34+05:30,0.880,yes,yes,valid standard format,OB01M3KCMNRWPD4RWZF7EJJTMXD4,,awiros-anpr-ocr
GJ11S9258,2026-09-28T06:53:07.312444+00:00,cam06,Timbavadi Gate,Junagadh,Home (Police),car,1,2026-09-28T12:23:07+05:30,1.000,no,yes,valid standard format,OB01M3KCKYZTK6DAF8ZJHR17B8JV,EZ01M3KCKZ6PQAV3N9K3AVWE7H6Y,awiros-anpr-ocr
GJ11CX9271,2026-09-28T06:52:48.065833+00:00,cam06,Timbavadi Gate,Junagadh,Home (Police),motorcycle,6,2026-09-28T12:22:48+05:30,0.991,yes,yes,valid standard format,OB01M3KCKDFBV9NTH5T8JEVWQ98A,,awiros-anpr-ocr
GJ11EA0107,2026-09-28T06:52:35.505833+00:00,cam06,Timbavadi Gate,Junagadh,Home (Police),motorcycle,4,2026-09-28T12:22:35+05:30,1.000,yes,yes,valid standard format,OB01M3KCK28Q8PXWNY1KPXEBDMSM,,awiros-anpr-ocr
GJ11UU8583,2026-09-28T06:52:18.877561+00:00,cam06,Timbavadi Gate,Junagadh,Home (Police),car,4,2026-09-28T12:22:18+05:30,0.980,yes,yes,valid standard format,OB01M3KCJKPQZCQSJH50FNCM3401,,awiros-anpr-ocr
GJ11U1170,2026-09-28T06:52:08.319915+00:00,cam06,Timbavadi Gate,Junagadh,Home (Police),car,1,2026-09-28T12:22:08+05:30,0.997,no,yes,valid standard format,OB01M3KCJ6CTEH2QAJAXB28JXV8Y,,awiros-anpr-ocr
GJ03MH7800,2026-09-28T06:52:05.119915+00:00,cam06,Timbavadi Gate,Junagadh,Home (Police),car,2,2026-09-28T12:22:05+05:30,1.000,yes,yes,valid standard format,OB01M3KCJ2CS9AK3E0EDC0M3E43C,,awiros-anpr-ocr
GJ11CB0250,2026-09-28T06:51:46.399915+00:00,cam06,Timbavadi Gate,Junagadh,Home (Police),car,2,2026-09-28T12:21:46+05:30,0.855,yes,yes,valid standard format,OB01M3KCHF8JC9Z6HCF0BCP69SGY,,awiros-anpr-ocr
GJ01HM7952,2026-09-28T06:51:34.959915+00:00,cam06,Timbavadi Gate,Junagadh,Home (Police),truck,2,2026-09-28T12:21:34+05:30,0.999,yes,yes,valid standard format,OB01M3KCH52FH39TAG2ZTFC2D23M,,awiros-anpr-ocr
GJ11CQ9625,2026-09-28T06:51:26.639915+00:00,cam06,Timbavadi Gate,Junagadh,Home (Police),car,2,2026-09-28T12:21:26+05:30,0.998,yes,yes,valid standard format,OB01M3KCGRWMSJV3FZ4D8GMG6PF6,,awiros-anpr-ocr
RJ11CQ9412,2026-09-28T06:51:14.159915+00:00,cam06,Timbavadi Gate,Junagadh,Home (Police),unknown,1,2026-09-28T12:21:14+05:30,0.971,no,yes,valid standard format,OB01M3KCGC3GWG4DSQHHCZ9749CM,,awiros-anpr-ocr
GJ11CM4644,2026-09-28T06:50:48.159915+00:00,cam06,Timbavadi Gate,Junagadh,Home (Police),motorcycle,2,2026-09-28T12:20:48+05:30,0.948,yes,yes,valid standard format,OB01M3KCFP3AV88KGVH7T21K338Z,,awiros-anpr-ocr
GJ11S7924,2026-09-28T06:50:30.759915+00:00,cam06,Timbavadi Gate,Junagadh,Home (Police),car,7,2026-09-28T12:20:30+05:30,0.993,yes,yes,valid standard format,OB01M3KCFB540RYFAM24HJBM4JBV,EZ01M3KCFBS40T7GDDRF63KPMJZQ,awiros-anpr-ocr
GJ03FQ0487,2026-09-28T06:50:20.039915+00:00,cam06,Timbavadi Gate,Junagadh,Home (Police),motorcycle,3,2026-09-28T12:20:20+05:30,0.966,yes,yes,valid standard format,OB01M3KCEZSPKFNSPNAKXQGQWHFB,,awiros-anpr-ocr
GJ23H1546,2026-09-28T06:49:48.524834+00:00,cam06,Timbavadi Gate,Junagadh,Home (Police),car,2,2026-09-28T12:19:48+05:30,0.992,yes,yes,valid standard format,OB01M3KCEEHZCA5X3B67HM13C56M,,awiros-anpr-ocr
GJ11CK1044,2026-09-28T06:49:13.484834+00:00,cam06,Timbavadi Gate,Junagadh,Home (Police),car,2,2026-09-28T12:19:13+05:30,0.998,yes,yes,valid standard format,OB01M3KCDHDXMB4D55TYGTKPRHHE,,awiros-anpr-ocr
GJ32AG2883,2026-09-28T06:49:13.164834+00:00,cam06,Timbavadi Gate,Junagadh,Home (Police),car,4,2026-09-28T12:19:13+05:30,0.998,yes,yes,valid standard format,OB01M3KCDGF28A81CN2KMCW7ADDK,,awiros-anpr-ocr
GJ18X6705,2026-09-28T06:49:08.084834+00:00,cam06,Timbavadi Gate,Junagadh,Home (Police),bus,2,2026-09-28T12:19:08+05:30,0.988,yes,yes,valid standard format,OB01M3KCD9Y2SEPJFB3PZEZ5SV14,EZ01M3KCDAKAXZWTZK786ZQT4VZJ,awiros-anpr-ocr
GA18X6705,2026-09-28T06:49:02.884834+00:00,cam06,Timbavadi Gate,Junagadh,Home (Police),car,2,2026-09-28T12:19:02+05:30,0.954,yes,yes,valid standard format,OB01M3KCD6GFZM5NSPD0HXB7SE23,,awiros-anpr-ocr
GJ18X6705,2026-09-28T06:48:56.844834+00:00,cam06,Timbavadi Gate,Junagadh,Home (Police),truck,2,2026-09-28T12:18:56+05:30,0.990,yes,yes,valid standard format,OB01M3KCD0S0W70SAVYTWE299QYW,EZ01M3KCD1DTTWGCS4YZE82FXS30,awiros-anpr-ocr
KA13X6709,2026-09-28T06:48:48.644834+00:00,cam06,Timbavadi Gate,Junagadh,Home (Police),truck,4,2026-09-28T12:18:48+05:30,0.923,yes,yes,valid standard format,OB01M3KCCGVD69MQMKXN7Q8JWZND,,awiros-anpr-ocr
GJ03KB0160,2026-09-28T06:47:44.976163+00:00,cam06,Timbavadi Gate,Junagadh,Home (Police),motorcycle,1,2026-09-28T12:17:44+05:30,1.000,no,yes,valid standard format,OB01M3KC9YKKTWASH1Q543THKA5V,,awiros-anpr-ocr
GJ03CM2703,2026-09-28T06:46:44.696163+00:00,cam06,Timbavadi Gate,Junagadh,Home (Police),motorcycle,1,2026-09-28T12:16:44+05:30,1.000,no,yes,valid standard format,OB01M3KC88K9JE045NTFV060E5PR,,awiros-anpr-ocr
GJ11AS5892,2026-09-28T06:46:44.696163+00:00,cam06,Timbavadi Gate,Junagadh,Home (Police),car,1,2026-09-28T12:16:44+05:30,0.989,no,yes,valid standard format,OB01M3KC82B2ZQE5768H206BW33N,,awiros-anpr-ocr
GJ01RS5926,2026-09-28T06:46:35.656163+00:00,cam06,Timbavadi Gate,Junagadh,Home (Police),car,3,2026-09-28T12:16:35+05:30,0.991,yes,yes,valid standard format,OB01M3KC7VZV44RHX99MAPP9EJ7J,,awiros-anpr-ocr
GJ11EC0745,2026-09-28T06:46:25.896163+00:00,cam06,Timbavadi Gate,Junagadh,Home (Police),motorcycle,3,2026-09-28T12:16:25+05:30,1.000,yes,yes,valid standard format,OB01M3KC7GFQ5Q5KAJYQ1V6DSQ42,,awiros-anpr-ocr
GJ32K9819,2026-09-28T06:46:21.736163+00:00,cam06,Timbavadi Gate,Junagadh,Home (Police),truck,3,2026-09-28T12:16:21+05:30,0.986,yes,yes,valid standard format,OB01M3KC7B2XKWNJHQKCPXRZGJ6T,,awiros-anpr-ocr
GJ11CD8889,2026-09-28T06:45:42.376163+00:00,cam06,Timbavadi Gate,Junagadh,Home (Police),car,2,2026-09-28T12:15:42+05:30,0.992,yes,yes,valid standard format,OB01M3KC67BEW9RSE4M2NR0A08KB,,awiros-anpr-ocr
GJ11BH2735,2026-09-28T06:45:23.576163+00:00,cam06,Timbavadi Gate,Junagadh,Home (Police),car,3,2026-09-28T12:15:23+05:30,0.996,yes,yes,valid standard format,OB01M3KC5XEPMZVJ741K78D0JJDX,,awiros-anpr-ocr
GJ11DA8094,2026-09-28T06:45:17.256163+00:00,cam06,Timbavadi Gate,Junagadh,Home (Police),motorcycle,1,2026-09-28T12:15:17+05:30,1.000,no,yes,valid standard format,OB01M3KC5MAHWHZ78YH3W11EKQNT,,awiros-anpr-ocr
GJ11EA0111,2026-09-28T06:44:34.292622+00:00,cam06,Timbavadi Gate,Junagadh,Home (Police),motorcycle,1,2026-09-28T12:14:34+05:30,1.000,no,yes,valid standard format,OB01M3KC47B1MSKP42S62QHR1T6H,,awiros-anpr-ocr
GJ11CS5447,2026-09-28T06:44:19.252622+00:00,cam06,Timbavadi Gate,Junagadh,Home (Police),motorcycle,1,2026-09-28T12:14:19+05:30,1.000,no,yes,valid standard format,OB01M3KC3VJZFJD7FEK5YBGP56MR,,awiros-anpr-ocr
GJ11C5447,2026-09-28T06:44:18.852622+00:00,cam06,Timbavadi Gate,Junagadh,Home (Police),motorcycle,1,2026-09-28T12:14:18+05:30,0.996,no,yes,valid standard format,OB01M3KC3VJZ7KQ6VPJF1BTJVTJS,,awiros-anpr-ocr
GJ11EC8868,2026-09-28T06:44:18.492622+00:00,cam06,Timbavadi Gate,Junagadh,Home (Police),car,1,2026-09-28T12:14:18+05:30,0.949,no,yes,valid standard format,OB01M3KC3VK0HN8WBZ53QC6DXBKJ,,awiros-anpr-ocr
GJ03ME9186,2026-09-28T06:43:49.292622+00:00,cam06,Timbavadi Gate,Junagadh,Home (Police),car,5,2026-09-28T12:13:49+05:30,0.969,yes,yes,valid standard format,OB01M3KC3E0MGF8N8FS61AWC9JRZ,,awiros-anpr-ocr
GJ11CK9271,2026-09-28T06:43:34.132622+00:00,cam06,Timbavadi Gate,Junagadh,Home (Police),motorcycle,2,2026-09-28T12:13:34+05:30,0.952,yes,yes,valid standard format,OB01M3KC2P00ZNXRBTR63JYD6K23,,awiros-anpr-ocr
GJ03JC5583,2026-09-28T06:43:33.572622+00:00,cam06,Timbavadi Gate,Junagadh,Home (Police),car,1,2026-09-28T12:13:33+05:30,1.000,no,yes,valid standard format,OB01M3KC2P01WJW0WDWPBZSCV0TE,,awiros-anpr-ocr
GJ11CX9271,2026-09-28T06:43:33.572622+00:00,cam06,Timbavadi Gate,Junagadh,Home (Police),motorcycle,1,2026-09-28T12:13:33+05:30,0.997,no,yes,valid standard format,OB01M3KC2P011ESYGM3B82XBEKQK,,awiros-anpr-ocr
GJ03PH2750,2026-09-28T06:43:28.452622+00:00,cam06,Timbavadi Gate,Junagadh,Home (Police),motorcycle,3,2026-09-28T12:13:28+05:30,0.992,yes,yes,valid standard format,OB01M3KC2DA1WWR943FQPMNFYSJF,,awiros-anpr-ocr
GJ11CS5892,2026-09-28T06:43:14.132622+00:00,cam06,Timbavadi Gate,Junagadh,Home (Police),motorcycle,3,2026-09-28T12:13:14+05:30,0.955,yes,yes,valid standard format,OB01M3KC1W7P1KYSD7HMQ91CPK3X,,awiros-anpr-ocr
GJ11U9583,2026-09-28T06:43:06.852622+00:00,cam06,Timbavadi Gate,Junagadh,Home (Police),truck,2,2026-09-28T12:13:06+05:30,0.975,yes,yes,valid standard format,OB01M3KC1HN6SXNAWB3JTAVWZA19,,awiros-anpr-ocr
GJ11EA1629,2026-09-28T06:43:00.292622+00:00,cam06,Timbavadi Gate,Junagadh,Home (Police),motorcycle,2,2026-09-28T12:13:00+05:30,1.000,yes,yes,valid standard format,OB01M3KC1PX2J3HJ7SJ8D061CPQ7,,awiros-anpr-ocr
GJ03JR1036,2026-09-28T06:42:51.972622+00:00,cam06,Timbavadi Gate,Junagadh,Home (Police),car,1,2026-09-28T12:12:51+05:30,0.999,no,yes,valid standard format,OB01M3KC1372A2J38FTMT2BW15DM,,awiros-anpr-ocr
GJ01HM7952,2026-09-28T06:42:21.012622+00:00,cam06,Timbavadi Gate,Junagadh,Home (Police),car,5,2026-09-28T12:12:21+05:30,0.994,yes,yes,valid standard format,OB01M3KC07W2AS0ZVB3AY6Z4PTKA,,awiros-anpr-ocr
GJ11CQ9625,2026-09-28T06:42:11.532622+00:00,cam06,Timbavadi Gate,Junagadh,Home (Police),truck,3,2026-09-28T12:12:11+05:30,0.974,yes,yes,valid standard format,OB01M3KBZXRPNZYZHBWHHJ2YSCWY,,awiros-anpr-ocr
GJ03EX8807,2026-09-28T06:41:45.732622+00:00,cam06,Timbavadi Gate,Junagadh,Home (Police),truck,2,2026-09-28T12:11:45+05:30,0.989,yes,yes,valid standard format,OB01M3KBZ93E733STVX2YC5CPTZN,,awiros-anpr-ocr
GJ11S7924,2026-09-28T06:41:19.652622+00:00,cam06,Timbavadi Gate,Junagadh,Home (Police),truck,2,2026-09-28T12:11:19+05:30,1.000,yes,yes,valid standard format,OB01M3KBYEBDWC32J042VNFBGYYQ,EZ01M3KBYF5GM1R6YV973D3KYCPZ,awiros-anpr-ocr
GJ23H1546,2026-09-28T06:40:52.510274+00:00,cam06,Timbavadi Gate,Junagadh,Home (Police),car,2,2026-09-28T12:10:52+05:30,0.991,yes,yes,valid standard format,OB01M3KBXJ7VEW4H090DAQ09SYWF,,awiros-anpr-ocr
GJ32AG2883,2026-09-28T06:40:15.030274+00:00,cam06,Timbavadi Gate,Junagadh,Home (Police),car,1,2026-09-28T12:10:15+05:30,1.000,no,yes,valid standard format,OB01M3KBWEW1Y9KGCPY2NSNQH1C8,,awiros-anpr-ocr
GJ18X6705,2026-09-28T06:40:02.510274+00:00,cam06,Timbavadi Gate,Junagadh,Home (Police),truck,4,2026-09-28T12:10:02+05:30,0.974,yes,yes,valid standard format,OB01M3KBW4SE25HABG98FSN36E75,EZ01M3KBW4Z6Y95WXE7VSQ3V5E3H,awiros-anpr-ocr
GJ11CH0340,2026-09-28T06:38:48.757239+00:00,cam06,Timbavadi Gate,Junagadh,Home (Police),car,3,2026-09-28T12:08:48+05:30,1.000,yes,yes,valid standard format,OB01M3KBSRH5XC55PN42AG4FVQVW,,awiros-anpr-ocr
GJ10CG4786,2026-09-28T06:38:44.273519+00:00,cam06,Timbavadi Gate,Junagadh,Home (Police),car,3,2026-09-28T12:08:44+05:30,0.999,yes,yes,valid standard format,OB01M3KBSBJBP8CJ6ENDQVXPJ9XS,,awiros-anpr-ocr
GJ11CL4482,2026-09-28T06:37:56.513519+00:00,cam06,Timbavadi Gate,Junagadh,Home (Police),motorcycle,2,2026-09-28T12:07:56+05:30,0.984,yes,yes,valid standard format,OB01M3KBR8CNJBVVM7AGAJKRRM24,,awiros-anpr-ocr
GJ15CB2934,2026-09-28T06:36:01.562547+00:00,cam06,Timbavadi Gate,Junagadh,Home (Police),car,2,2026-09-28T12:06:01+05:30,0.975,yes,yes,valid standard format,OB01M3KBN9A9KGMP9AKSK9MDQX8V,,awiros-anpr-ocr
GJ11CH3274,2026-09-28T06:36:01.562547+00:00,cam06,Timbavadi Gate,Junagadh,Home (Police),car,2,2026-09-28T12:06:01+05:30,1.000,yes,yes,valid standard format,OB01M3KBN9A8VBVBHNG2PQTC66VW,,awiros-anpr-ocr
GJ03CS4375,2026-09-28T06:36:01.562547+00:00,cam06,Timbavadi Gate,Junagadh,Home (Police),motorcycle,1,2026-09-28T12:06:01+05:30,0.974,no,yes,valid standard format,OB01M3KBN9A8BNM2R0VR0AT4NASP,,awiros-anpr-ocr
GJ02CL3526,2026-09-28T06:35:10.567395+00:00,cam06,Timbavadi Gate,Junagadh,Home (Police),car,1,2026-09-28T12:05:10+05:30,1.000,no,yes,valid standard format,OB01M3KBKNW0PY0XYX0EKGQ20NDE,,awiros-anpr-ocr
GJ11CJ3909,2026-09-28T06:34:53.647395+00:00,cam06,Timbavadi Gate,Junagadh,Home (Police),motorcycle,1,2026-09-28T12:04:53+05:30,0.991,no,yes,valid standard format,OB01M3KBK3FHRKWF0EEQGC9C8090,,awiros-anpr-ocr
GJ11CD3491,2026-09-28T06:34:18.287395+00:00,cam06,Timbavadi Gate,Junagadh,Home (Police),car,2,2026-09-28T12:04:18+05:30,0.949,yes,yes,valid standard format,OB01M3KBHTTKF2CKCE667NGB005J,,awiros-anpr-ocr
CH05CA2703,2026-09-28T06:34:01.727395+00:00,cam06,Timbavadi Gate,Junagadh,Home (Police),motorcycle,2,2026-09-28T12:04:01+05:30,0.668,yes,yes,valid standard format,OB01M3KBHH7HF2D1H12BTHGDG4VR,,awiros-anpr-ocr
GJ32K9819,2026-09-28T06:33:33.527395+00:00,cam06,Timbavadi Gate,Junagadh,Home (Police),motorcycle,2,2026-09-28T12:03:33+05:30,0.977,yes,yes,valid standard format,OB01M3KBGYJSV4DW9K04JBHEMZA3,,awiros-anpr-ocr
GJ11CR8272,2026-09-28T06:33:24.287395+00:00,cam06,Timbavadi Gate,Junagadh,Home (Police),motorcycle,1,2026-09-28T12:03:24+05:30,0.991,no,yes,valid standard format,OB01M3KBG7497NXJZ3QQ8WKTG01V,,awiros-anpr-ocr
GJ14W8669,2026-09-28T06:33:08.767395+00:00,cam06,Timbavadi Gate,Junagadh,Home (Police),car,1,2026-09-28T12:03:08+05:30,0.994,no,yes,valid standard format,OB01M3KBG7495XQPHC3TFBTRC2R1,,awiros-anpr-ocr
GJ37AB9445,2026-09-28T06:32:40.367395+00:00,cam06,Timbavadi Gate,Junagadh,Home (Police),car,2,2026-09-28T12:02:40+05:30,1.000,yes,yes,valid standard format,OB01M3KBF26DGWTT1W3Y5P0SEK9Q,,awiros-anpr-ocr
GJ11DA8094,2026-09-28T06:32:22.807395+00:00,cam06,Timbavadi Gate,Junagadh,Home (Police),motorcycle,1,2026-09-28T12:02:22+05:30,0.995,no,yes,valid standard format,OB01M3KBEABFQ5DTTY5G6K25P1FH,,awiros-anpr-ocr
GJ11CP4053,2026-09-28T06:32:22.807395+00:00,cam06,Timbavadi Gate,Junagadh,Home (Police),motorcycle,1,2026-09-28T12:02:22+05:30,0.972,no,yes,valid standard format,OB01M3KBE5C5F82R99TE1HEG735A,,awiros-anpr-ocr
GJ18BR5253,2026-09-28T06:31:39.850557+00:00,cam06,Timbavadi Gate,Junagadh,Home (Police),car,1,2026-09-28T12:01:39+05:30,1.000,no,yes,valid standard format,OB01M3KBCNVAHERDKT8Y4JG5V686,,awiros-anpr-ocr
GJ11S9258,2026-09-28T06:31:21.199076+00:00,cam06,Timbavadi Gate,Junagadh,Home (Police),car,1,2026-09-28T12:01:21+05:30,1.000,no,yes,valid standard format,OB01M3KBCCSTQWSZM8HZ1ZFR7228,EZ01M3KBCDAGDBSQDYTZFZG4894Y,awiros-anpr-ocr
GJ23H1546,2026-09-28T06:28:23.699948+00:00,cam06,Timbavadi Gate,Junagadh,Home (Police),car,2,2026-09-28T11:58:23+05:30,1.000,yes,yes,valid standard format,OB01M3KB6SKVNSZ8NV3EED0ZVPMG,,awiros-anpr-ocr
GJ25AX4345,2026-09-28T06:26:48.057089+00:00,cam06,Timbavadi Gate,Junagadh,Home (Police),van,2,2026-09-28T11:56:48+05:30,0.942,yes,yes,valid standard format,OB01M3KB4JDZKRTD1A381GHB32S7,,awiros-anpr-ocr
GJ18X6705,2026-09-28T06:26:37.617089+00:00,cam06,Timbavadi Gate,Junagadh,Home (Police),truck,6,2026-09-28T11:56:37+05:30,0.980,yes,yes,valid standard format,OB01M3KB56XSKHJ6WFHMB0XX63KG,EZ01M3KB59JACHM40DHTY1AYHPJ3,awiros-anpr-ocr
GJ11CS5447,2026-09-28T06:25:48.677921+00:00,cam06,Timbavadi Gate,Junagadh,Home (Police),motorcycle,2,2026-09-28T11:55:48+05:30,0.990,yes,yes,valid standard format,OB01M3KB1ZG897FRBAGW83B336WV,,awiros-anpr-ocr
GJ11C5447,2026-09-28T06:25:48.037921+00:00,cam06,Timbavadi Gate,Junagadh,Home (Police),motorcycle,1,2026-09-28T11:55:48+05:30,0.996,no,yes,valid standard format,OB01M3KB1ZG8PBPT4BPZZVS5SYVT,,awiros-anpr-ocr
GJ11EC8868,2026-09-28T06:25:43.477921+00:00,cam06,Timbavadi Gate,Junagadh,Home (Police),motorcycle,1,2026-09-28T11:55:43+05:30,0.949,no,yes,valid standard format,OB01M3KB1ZG8AZ901QCCG1GFTFWW,,awiros-anpr-ocr
GJ03ME9186,2026-09-28T06:25:24.714265+00:00,cam06,Timbavadi Gate,Junagadh,Home (Police),car,3,2026-09-28T11:55:24+05:30,1.000,yes,yes,valid standard format,OB01M3KB18X984189VBSEKT9W7XV,,awiros-anpr-ocr
GJ11EB3054,2026-09-28T06:25:21.794265+00:00,cam06,Timbavadi Gate,Junagadh,Home (Police),motorcycle,1,2026-09-28T11:55:21+05:30,0.999,no,yes,valid standard format,OB01M3KB16PAW9EXCMX5NEYK0Y43,,awiros-anpr-ocr
GJ11G1388,2026-09-28T06:25:07.994265+00:00,cam06,Timbavadi Gate,Junagadh,Home (Police),car,5,2026-09-28T11:55:07+05:30,0.995,yes,yes,valid standard format,OB01M3KB0RNZWFQJ3QVY0V5EDNW9,,awiros-anpr-ocr
GJ03JR1036,2026-09-28T06:24:19.108228+00:00,cam06,Timbavadi Gate,Junagadh,Home (Police),car,1,2026-09-28T11:54:19+05:30,0.997,no,yes,valid standard format,OB01M3KAZ4QJ651WYPJX6CTPMHFY,,awiros-anpr-ocr
GJ01HM7952,2026-09-28T06:23:33.794217+00:00,cam06,Timbavadi Gate,Junagadh,Home (Police),car,1,2026-09-28T11:53:33+05:30,0.993,no,yes,valid standard format,OB01M3KAYBNCB6X9H8626C9VX221,,awiros-anpr-ocr
GJ11CQ9625,2026-09-28T06:23:26.714217+00:00,cam06,Timbavadi Gate,Junagadh,Home (Police),car,1,2026-09-28T11:53:26+05:30,0.998,no,yes,valid standard format,OB01M3KAY25BDFYSNZQ5F6FPK4TW,,awiros-anpr-ocr
GJ11CQ9625,2026-09-28T06:23:12.314217+00:00,cam06,Timbavadi Gate,Junagadh,Home (Police),car,2,2026-09-28T11:53:12+05:30,0.970,yes,yes,valid standard format,OB01M3KAXZE08QQZPKP9ZGJKZNFW,,awiros-anpr-ocr
GJ11EB9402,2026-09-28T06:22:44.394217+00:00,cam06,Timbavadi Gate,Junagadh,Home (Police),motorcycle,1,2026-09-28T11:52:44+05:30,0.984,no,yes,valid standard format,OB01M3KAW9R2VJBCZTG1HNRR57QP,,awiros-anpr-ocr
GJ11S7924,2026-09-28T06:22:32.434217+00:00,cam06,Timbavadi Gate,Junagadh,Home (Police),bus,1,2026-09-28T11:52:32+05:30,1.000,no,yes,valid standard format,OB01M3KAVYJJP63SQEDK01S9NCGS,EZ01M3KAW0F173JAJDR8NVG6QTHG,awiros-anpr-ocr
GJ11S7924,2026-09-28T06:22:29.194217+00:00,cam06,Timbavadi Gate,Junagadh,Home (Police),bus,1,2026-09-28T11:52:29+05:30,1.000,no,yes,valid standard format,OB01M3KAVVBVR55G3MQBB2PB6N75,EZ01M3KAVXHE7F9JWJRE7KAP6AAT,awiros-anpr-ocr
GJ23H1546,2026-09-28T06:22:08.474217+00:00,cam06,Timbavadi Gate,Junagadh,Home (Police),car,1,2026-09-28T11:52:08+05:30,0.997,no,yes,valid standard format,OB01M3KAV6Y8ZSHY78MJSC4N6CQT,,awiros-anpr-ocr
GJ32AG2883,2026-09-28T06:21:31.234217+00:00,cam06,Timbavadi Gate,Junagadh,Home (Police),car,1,2026-09-28T11:51:31+05:30,1.000,no,yes,valid standard format,OB01M3KAT7DYVXE5JWASZ58F4DP9,,awiros-anpr-ocr
GJ18X6705,2026-09-28T06:21:25.994217+00:00,cam06,Timbavadi Gate,Junagadh,Home (Police),bus,1,2026-09-28T11:51:25+05:30,0.999,no,yes,valid standard format,OB01M3KAT0C7PB5PK5DC9J0A6K5G,EZ01M3KAT40HC8S8AMN1ZVDFWK7B,awiros-anpr-ocr
GJ25AA4345,2026-09-28T06:20:08.986288+00:00,cam06,Timbavadi Gate,Junagadh,Home (Police),car,1,2026-09-28T11:50:08+05:30,1.000,no,yes,valid standard format,OB01M3KAQN20KRZE43ZG35KT0SRW,,awiros-anpr-ocr
GJ32K9819,2026-09-28T06:19:58.826288+00:00,cam06,Timbavadi Gate,Junagadh,Home (Police),car,1,2026-09-28T11:49:58+05:30,1.000,no,yes,valid standard format,OB01M3KAQCB78NQ08N0NNSJ87Y79,,awiros-anpr-ocr
GJ37AB9445,2026-09-28T06:19:06.586288+00:00,cam06,Timbavadi Gate,Junagadh,Home (Police),car,1,2026-09-28T11:49:06+05:30,1.000,no,yes,valid standard format,OB01M3KANSN6VDYRHAMGG8ZTMWBP,,awiros-anpr-ocr
GJ18BR5253,2026-09-28T06:17:55.386288+00:00,cam06,Timbavadi Gate,Junagadh,Home (Police),car,1,2026-09-28T11:47:55+05:30,1.000,no,yes,valid standard format,OB01M3KAKK7QW2QYTPCP0HTZG6AQ,,awiros-anpr-ocr
GJ03ME9186,2026-09-28T06:17:40.866288+00:00,cam06,Timbavadi Gate,Junagadh,Home (Police),car,1,2026-09-28T11:47:40+05:30,1.000,no,yes,valid standard format,OB01M3KAK47FTCSW4GE598Q51Q4P,,awiros-anpr-ocr
GJ03JC5583,2026-09-28T06:17:16.346288+00:00,cam06,Timbavadi Gate,Junagadh,Home (Police),car,1,2026-09-28T11:47:16+05:30,1.000,no,yes,valid standard format,OB01M3KAJBF6N5KR7B2ZEG2GRH7X,,awiros-anpr-ocr
GJ11E9402,2026-09-28T06:15:13.666288+00:00,cam06,Timbavadi Gate,Junagadh,Home (Police),motorcycle,1,2026-09-28T11:45:13+05:30,0.975,no,yes,valid standard format,OB01M3KAEM2X4CDVSG8RYCVHG4D2,,awiros-anpr-ocr
GJ11S7924,2026-09-28T06:15:02.426288+00:00,cam06,Timbavadi Gate,Junagadh,Home (Police),bus,1,2026-09-28T11:45:02+05:30,1.000,no,yes,valid standard format,OB01M3KAEAP5QRBR5WM4TWEJ4Z7S,EZ01M3KAEDPRXMNKDQG82S8ECPWM,awiros-anpr-ocr
GJ03KS7334,2026-09-28T06:14:45.506288+00:00,cam06,Timbavadi Gate,Junagadh,Home (Police),motorcycle,1,2026-09-28T11:44:45+05:30,0.998,no,yes,valid standard format,OB01M3KADSHBX6H0931SRHN9DC0P,,awiros-anpr-ocr
GJ23H1546,2026-09-28T06:14:40.026288+00:00,cam06,Timbavadi Gate,Junagadh,Home (Police),car,1,2026-09-28T11:44:40+05:30,1.000,no,yes,valid standard format,OB01M3KADG1B1NSKNR5SPM4JTJN7,,awiros-anpr-ocr
GJ23H1546,2026-09-28T06:14:37.866288+00:00,cam06,Timbavadi Gate,Junagadh,Home (Police),car,1,2026-09-28T11:44:37+05:30,0.995,no,yes,valid standard format,OB01M3KADDVXRG1JKQDSVZAEPH33,,awiros-anpr-ocr
GJ11CK1044,2026-09-28T06:14:07.906288+00:00,cam06,Timbavadi Gate,Junagadh,Home (Police),motorcycle,1,2026-09-28T11:44:07+05:30,0.999,no,yes,valid standard format,OB01M3KACGK5RQCT9XBV92TVCD87,,awiros-anpr-ocr
GJ32AG2883,2026-09-28T06:14:01.106288+00:00,cam06,Timbavadi Gate,Junagadh,Home (Police),car,1,2026-09-28T11:44:01+05:30,1.000,no,yes,valid standard format,OB01M3KACA5NGSJ0NZVGFM6QB40T,,awiros-anpr-ocr
GJ18X6705,2026-09-28T06:13:37.946288+00:00,cam06,Timbavadi Gate,Junagadh,Home (Police),car,1,2026-09-28T11:43:37+05:30,0.999,no,yes,valid standard format,OB01M3KAC5M0DF1YQ0ZF1N10BCEF,EZ01M3KAC74D8D906NHKY7GBREFD,awiros-anpr-ocr
GJ18BC9672,2026-09-28T06:13:13.414325+00:00,cam06,Timbavadi Gate,Junagadh,Home (Police),car,1,2026-09-28T11:43:13+05:30,0.993,no,yes,valid standard format,OB01M3KAB3QGM938G6FSEVJ1G396,,awiros-anpr-ocr
GJ03UM8570,2026-09-28T06:11:34.955999+00:00,cam06,Timbavadi Gate,Junagadh,Home (Police),bicycle,1,2026-09-28T11:41:34+05:30,0.997,no,yes,valid standard format,OB01M3KA81E48Q0ADXGEM5H44AE2,,awiros-anpr-ocr
GJ11BR2509,2026-09-28T06:10:06.595850+00:00,cam06,Timbavadi Gate,Junagadh,Home (Police),car,1,2026-09-28T11:40:06+05:30,0.986,no,yes,valid standard format,OB01M3KA58SF8D41XSR06CNMCRY1,,awiros-anpr-ocr
GJ11U0380,2026-09-28T06:09:43.951427+00:00,cam06,Timbavadi Gate,Junagadh,Home (Police),car,4,2026-09-28T11:39:43+05:30,0.991,yes,yes,valid standard format,OB01M3KA4YYV6WK96PP7EQTCF9QH,,awiros-anpr-ocr
GJ11UU3932,2026-09-28T06:09:42.311427+00:00,cam06,Timbavadi Gate,Junagadh,Home (Police),truck,3,2026-09-28T11:39:42+05:30,0.978,yes,yes,valid standard format,OB01M3KA4Q4PMZ3HKEDGPTX1ME4S,,awiros-anpr-ocr
GJ11CK4482,2026-09-28T06:08:33.631756+00:00,cam06,Timbavadi Gate,Junagadh,Home (Police),motorcycle,3,2026-09-28T11:38:33+05:30,0.991,yes,yes,valid standard format,OB01M3KA2H1AJRC5JYSX23H6DP00,,awiros-anpr-ocr
GJ32AA2864,2026-09-28T06:08:10.675444+00:00,cam06,Timbavadi Gate,Junagadh,Home (Police),truck,6,2026-09-28T11:38:10+05:30,0.998,yes,yes,valid standard format,OB01M3KA1PSHTE0JT253N3M9CC6V,,awiros-anpr-ocr
GJ11CR1890,2026-09-28T06:07:46.751131+00:00,cam06,Timbavadi Gate,Junagadh,Home (Police),motorcycle,1,2026-09-28T11:37:46+05:30,0.997,no,yes,valid standard format,OB01M3KA0XK7WDQC7V2XA82QKJQ7,,awiros-anpr-ocr
GJ11EB2869,2026-09-28T06:07:15.086451+00:00,cam06,Timbavadi Gate,Junagadh,Home (Police),motorcycle,6,2026-09-28T11:37:15+05:30,0.999,yes,yes,valid standard format,OB01M3K9ZZVNENSQWC67YM1GR9K3,,awiros-anpr-ocr
GJ11UU3929,2026-09-28T06:07:07.486451+00:00,cam06,Timbavadi Gate,Junagadh,Home (Police),bus,2,2026-09-28T11:37:07+05:30,0.956,yes,yes,valid standard format,OB01M3K9ZS3GY6Q4P89C0EQD33B8,,awiros-anpr-ocr
GJ11BR0928,2026-09-28T06:06:59.286451+00:00,cam06,Timbavadi Gate,Junagadh,Home (Police),car,10,2026-09-28T11:36:59+05:30,0.995,yes,yes,valid standard format,OB01M3K9ZKGSKS0549PVKMQAJMF5,EZ01M3K9ZMB0Z468AH6KXQ1XDNX9,awiros-anpr-ocr
GJ11CD1637,2026-09-28T06:06:31.672519+00:00,cam06,Timbavadi Gate,Junagadh,Home (Police),truck,2,2026-09-28T11:36:31+05:30,0.980,yes,yes,valid standard format,OB01M3K9YRH0TQKKNB7NS5VNFJG3,,awiros-anpr-ocr
GJ11CD1637,2026-09-28T06:06:31.192519+00:00,cam06,Timbavadi Gate,Junagadh,Home (Police),car,7,2026-09-28T11:36:31+05:30,0.974,yes,yes,valid standard format,OB01M3K9YRH0TJS4JS7EQ33XMY9Q,,awiros-anpr-ocr
GJ02CL3526,2026-09-28T06:06:07.908935+00:00,cam06,Timbavadi Gate,Junagadh,Home (Police),car,4,2026-09-28T11:36:07+05:30,0.998,yes,yes,valid standard format,OB01M3K9Y5S6PF3YGSFMH2H17059,,awiros-anpr-ocr
GJ11CD3491,2026-09-28T06:05:17.642997+00:00,cam06,Timbavadi Gate,Junagadh,Home (Police),car,2,2026-09-28T11:35:17+05:30,0.979,yes,yes,valid standard format,OB01M3K9WSE7QCPF9JHX71GH4DA0,,awiros-anpr-ocr
GJ11XS5392,2026-09-28T06:04:52.343383+00:00,cam06,Timbavadi Gate,Junagadh,Home (Police),car,2,2026-09-28T11:34:52+05:30,0.982,yes,yes,valid standard format,OB01M3K9VZD3HD2732HEHDST25J3,,awiros-anpr-ocr
GJ11BH2735,2026-09-28T06:03:50.709273+00:00,cam06,Timbavadi Gate,Junagadh,Home (Police),car,4,2026-09-28T11:33:50+05:30,0.999,yes,yes,valid standard format,OB01M3K9T3RP1TY440YGG6CVCQ56,,awiros-anpr-ocr
GJ32B2702,2026-09-28T06:01:51.251397+00:00,cam06,Timbavadi Gate,Junagadh,Home (Police),car,2,2026-09-28T11:31:51+05:30,1.000,yes,yes,valid standard format,OB01M3K9PGEESPSVH9RKFN389SGX,,awiros-anpr-ocr
GJ32B2702,2026-09-28T06:01:50.371397+00:00,cam06,Timbavadi Gate,Junagadh,Home (Police),car,1,2026-09-28T11:31:50+05:30,0.999,no,yes,valid standard format,OB01M3K9PGEEX1QM5P1QQMPZPGKX,,awiros-anpr-ocr
GJ11AR4402,2026-09-28T06:01:50.371397+00:00,cam06,Timbavadi Gate,Junagadh,Home (Police),motorcycle,1,2026-09-28T11:31:50+05:30,1.000,no,yes,valid standard format,OB01M3K9PGEEPA7CVSKW4YW1H9FT,,awiros-anpr-ocr
GJ03BZ1742,2026-09-28T05:56:10.321743+00:00,cam06,Timbavadi Gate,Junagadh,Home (Police),truck,1,2026-09-28T11:26:10+05:30,0.964,no,yes,valid standard format,OB01M3K9BQYTR8GGH69BX49ZZBTT,,awiros-anpr-ocr
GJ11CH0340,2026-09-28T05:56:04.081743+00:00,cam06,Timbavadi Gate,Junagadh,Home (Police),car,1,2026-09-28T11:26:04+05:30,1.000,no,yes,valid standard format,OB01M3K9BGP2N6G9PAA0MV50WFB7,,awiros-anpr-ocr
GJ32AA2864,2026-09-28T05:54:39.003908+00:00,cam06,Timbavadi Gate,Junagadh,Home (Police),truck,1,2026-09-28T11:24:39+05:30,1.000,no,yes,valid standard format,OB01M3K992K05HEA4DDY11ZNVBFA,,awiros-anpr-ocr
GJ15CB2934,2026-09-28T05:52:56.983755+00:00,cam06,Timbavadi Gate,Junagadh,Home (Police),car,1,2026-09-28T11:22:56+05:30,0.999,no,yes,valid standard format,OB01M3K95QJPC7X1PQKZS18V98RT,,awiros-anpr-ocr
GJ03ER8216,2026-09-28T05:52:50.308094+00:00,cam06,Timbavadi Gate,Junagadh,Home (Police),car,1,2026-09-28T11:22:50+05:30,1.000,no,yes,valid standard format,OB01M3K95GGHZFRXSQ0KF2R548MK,,awiros-anpr-ocr
GJ03MH7800,2026-09-28T05:47:11.133502+00:00,cam06,Timbavadi Gate,Junagadh,Home (Police),unknown,1,2026-09-28T11:17:11+05:30,0.983,no,yes,valid standard format,OB01M3K8V6D4SS94P4CSAQTX708K,,awiros-anpr-ocr
GJ18X6705,2026-09-21T10:43:01.764049+00:00,cam06,Timbavadi Gate,Junagadh,Home (Police),car,1,2026-09-21T16:13:01+05:30,0.977,no,yes,valid standard format,OB01M31S0A576YCBG73ZQ91ZQW60,EZ01M31S0BASD72EAYFD0B344GFG,earlier
GJ11CQ8831,2026-09-21T10:38:02.039946+00:00,cam06,Timbavadi Gate,Junagadh,Home (Police),car,4,2026-09-21T16:08:02+05:30,0.969,yes,yes,valid standard format,OB01M31RQ5XY4BXKPAJ0CRMKJ04R,,earlier
GJ1TCQ8831,2026-09-21T10:38:01.719946+00:00,cam06,Timbavadi Gate,Junagadh,Home (Police),bus,1,2026-09-21T16:08:01+05:30,0.861,no,yes,valid standard format,OB01M31RPV88B5WRQ39SA1H18TXG,,earlier
GJ1QDN2875,2026-09-21T10:02:43.906097+00:00,cam06,Timbavadi Gate,Junagadh,Home (Police),car,1,2026-09-21T15:32:43+05:30,0.959,no,yes,valid standard format,OB01M31PP2FDAR2QQHCQ32PPZ6NQ,,earlier
GJ11VV7338,2026-09-21T10:01:54.738254+00:00,cam06,Timbavadi Gate,Junagadh,Home (Police),truck,2,2026-09-21T15:31:54+05:30,0.918,yes,yes,valid standard format,OB01M31PMFYVX2DJNJ2FJ7CVGQVB,,earlier
GJ03ER8216,2026-09-21T10:01:41.218254+00:00,cam06,Timbavadi Gate,Junagadh,Home (Police),car,2,2026-09-21T15:31:41+05:30,0.960,yes,yes,valid standard format,OB01M31PM4GYGBX7KFZGRN4Q32G8,,earlier
GJ03ER8216,2026-09-21T10:01:41.218254+00:00,cam06,Timbavadi Gate,Junagadh,Home (Police),car,1,2026-09-21T15:31:41+05:30,0.966,no,yes,valid standard format,OB01M31PM4GY9EA2C5RF1J9H0W7K,,earlier
GJ11DB2886,2026-09-21T10:00:59.305126+00:00,cam06,Timbavadi Gate,Junagadh,Home (Police),car,1,2026-09-21T15:30:59+05:30,0.886,no,yes,valid standard format,OB01M31PJYKG2CMW42EWVJWJDQCA,EZ01M31PJZ15AYYZMCN6AT1W90VC,earlier
GJ03PD2863,2026-09-21T09:59:42.414081+00:00,cam06,Timbavadi Gate,Junagadh,Home (Police),car,1,2026-09-21T15:29:42+05:30,0.923,no,yes,valid standard format,OB01M31PGJATH12TWJZXK0FE5YQZ,,earlier
GJ05JF6480,2026-09-21T09:59:26.574081+00:00,cam06,Timbavadi Gate,Junagadh,Home (Police),car,2,2026-09-21T15:29:26+05:30,0.948,yes,yes,valid standard format,OB01M31PG4ARFBHBHBFWA3PYH5R0,,earlier
GJ32K9335,2026-09-21T09:57:48.887998+00:00,cam06,Timbavadi Gate,Junagadh,Home (Police),truck,1,2026-09-21T15:27:48+05:30,0.884,no,yes,valid standard format,OB01M31PD3KV76E0SPFA27668M3G,,earlier
GJ18BR5253,2026-09-21T09:57:22.847124+00:00,cam06,Timbavadi Gate,Junagadh,Home (Police),car,2,2026-09-21T15:27:22+05:30,0.986,yes,yes,valid standard format,OB01M31PC969EY8PH4QYCWDAM4DT,,earlier
GJ11S9258,2026-09-21T09:57:02.019132+00:00,cam06,Timbavadi Gate,Junagadh,Home (Police),car,1,2026-09-21T15:27:02+05:30,0.999,no,yes,valid standard format,OB01M31PBMZMAHGXDNV2SP8TPVC0,EZ01M31PBNKFFM1DQZANVVERYESE,earlier
GJ11S9258,2026-09-21T09:57:01.299132+00:00,cam06,Timbavadi Gate,Junagadh,Home (Police),car,1,2026-09-21T15:27:01+05:30,0.999,no,yes,valid standard format,OB01M31PBMH0TCE3RWBXNP60J7D0,EZ01M31PBMH3X1TW99J5Q08VW1KD,earlier
GJ11G1388,2026-09-21T09:56:51.859132+00:00,cam06,Timbavadi Gate,Junagadh,Home (Police),truck,2,2026-09-21T15:26:51+05:30,0.998,yes,yes,valid standard format,OB01M31PBD8RB0F4Y46011JD743F,,earlier
GJ116138,2026-09-21T09:56:50.339132+00:00,cam06,Timbavadi Gate,Junagadh,Home (Police),car,1,2026-09-21T15:26:50+05:30,0.901,no,yes,valid standard format,OB01M31PBCBMRHTQ7CP47VFQWHRR,,earlier
GJ01HM7952,2026-09-21T09:55:36.750899+00:00,cam06,Timbavadi Gate,Junagadh,Home (Police),car,1,2026-09-21T15:25:36+05:30,0.938,no,yes,valid standard format,OB01M31P92VWK4NCDB669NHT864H,,earlier
GJ11CQ9625,2026-09-21T09:55:23.910899+00:00,cam06,Timbavadi Gate,Junagadh,Home (Police),car,3,2026-09-21T15:25:23+05:30,0.978,yes,yes,valid standard format,OB01M31P8PB66P0QM1X7167C1DGM,,earlier
GJ18X6705,2026-09-21T09:52:57.066611+00:00,cam06,Timbavadi Gate,Junagadh,Home (Police),car,1,2026-09-21T15:22:57+05:30,0.943,no,yes,valid standard format,OB01M31P4QSFY9XKEMVGJKTF6JMJ,EZ01M31P4R6FMNHN4HATE0ZEMKHS,earlier
GJ18X6705,2026-09-21T09:51:54.018132+00:00,cam06,Timbavadi Gate,Junagadh,Home (Police),car,2,2026-09-21T15:21:54+05:30,0.824,yes,yes,valid standard format,OB01M31P2SKK76EVDVZ5177ZBX6P,EZ01M31P2SKRN6KECW0Y3J7P8YMP,earlier
GJ23H1546,2026-09-21T09:50:47.139824+00:00,cam06,Timbavadi Gate,Junagadh,Home (Police),truck,2,2026-09-21T15:20:47+05:30,0.913,yes,yes,valid standard format,OB01M31P080NN2Y2EE8B5YFWACY7,,earlier
GJ3GA2288,2026-09-21T09:50:07.459824+00:00,cam06,Timbavadi Gate,Junagadh,Home (Police),truck,1,2026-09-21T15:20:07+05:30,0.837,no,yes,valid standard format,OB01M31NZ3WD1F765359W3T7RWZT,,earlier
GJ18X6705,2026-09-21T09:46:56.914459+00:00,cam06,Timbavadi Gate,Junagadh,Home (Police),car,1,2026-09-21T15:16:56+05:30,0.977,no,yes,valid standard format,OB01M31NSRXBD9FE22W9A90CWDF5,EZ01M31NSSBQJPTJHK7H0T28J4Q4,earlier
GJ18X6705,2026-09-21T09:46:56.714459+00:00,cam06,Timbavadi Gate,Junagadh,Home (Police),car,1,2026-09-21T15:16:56+05:30,0.977,no,yes,valid standard format,OB01M31NSSBJNXX3KMSSRTYQKX82,EZ01M31NSSM6V1ZBMDGSA66AM33F,earlier
GJ18X6705,2026-09-21T09:45:05.115744+00:00,cam06,Timbavadi Gate,Junagadh,Home (Police),car,2,2026-09-21T15:15:05+05:30,0.960,yes,yes,valid standard format,OB01M31NP910J7BVD4WD3GM7JE56,EZ01M31NP9GPCFA8WH2DT3G0ZXXF,earlier
GJ18X6705,2026-09-21T09:44:38.239756+00:00,cam06,Timbavadi Gate,Junagadh,Home (Police),truck_bus,1,2026-09-21T15:14:38+05:30,0.977,no,yes,valid standard format,OB01M31NN3W04VQWJHVJKDHDPS89,EZ01M31NN3W459PACFBRCNWBFX1V,earlier
GJ18X6705,2026-09-21T09:44:21.799756+00:00,cam06,Timbavadi Gate,Junagadh,Home (Police),car,1,2026-09-21T15:14:21+05:30,0.943,no,yes,valid standard format,OB01M31NN1JD11S55R4Q5KDZFRR1,EZ01M31NN1XFVYQ8S3CFBG2Z6C5J,earlier
GJ18X6705,2026-09-21T09:42:51.760056+00:00,cam06,Timbavadi Gate,Junagadh,Home (Police),car,1,2026-09-21T15:12:51+05:30,0.977,no,yes,valid standard format,OB01M31NJ70G8NWZHMWYWWQ47JDP,EZ01M31NJ70KD38D4T0CK0TBX4D2,earlier
GJ18X6705,2026-09-21T09:41:54.927601+00:00,cam06,Timbavadi Gate,Junagadh,Home (Police),car,1,2026-09-21T15:11:54+05:30,0.977,no,yes,valid standard format,OB01M31NGCVPC1XCZYQHM4SPXJ51,EZ01M31NGCVS4EJ2QTSVT5HYHKNA,earlier
GJ3GA2288,2026-09-21T09:40:38.977659+00:00,cam06,Timbavadi Gate,Junagadh,Home (Police),truck,1,2026-09-21T15:10:38+05:30,0.837,no,yes,valid standard format,OB01M31NDNZG8F5VP6KCB5TE74P5,,earlier
GJ18X6705,2026-09-21T09:40:20.137659+00:00,cam06,Timbavadi Gate,Junagadh,Home (Police),car,2,2026-09-21T15:10:20+05:30,0.961,yes,yes,valid standard format,OB01M31NDNN16BZYA3TNQA2Q3G7P,EZ01M31NDNZK42G9BMG81CV6WNW9,earlier
GJ32AG2883,2026-09-21T09:39:44.548444+00:00,cam06,Timbavadi Gate,Junagadh,Home (Police),truck,1,2026-09-21T15:09:44+05:30,0.903,no,yes,valid standard format,OB01M31NC1QC8D8TWYG6APRVNRN1,,earlier
GJ19X6705,2026-09-21T09:39:29.828444+00:00,cam06,Timbavadi Gate,Junagadh,Home (Police),car,1,2026-09-21T15:09:29+05:30,0.907,no,yes,valid standard format,OB01M31NBZG3DVMETJ84CVP0BVQ4,,earlier
GJ32AG2883,2026-09-21T09:39:09.041669+00:00,cam06,Timbavadi Gate,Junagadh,Home (Police),car,1,2026-09-21T15:09:09+05:30,0.903,no,yes,valid standard format,OB01M31NAZT0YF21QAEYM7TFX56B,,earlier
GJ18X6705,2026-09-21T09:39:01.761669+00:00,cam06,Timbavadi Gate,Junagadh,Home (Police),car,1,2026-09-21T15:09:01+05:30,0.977,no,yes,valid standard format,OB01M31NAWP5S8ZSJ3EPGW6Y1VAS,EZ01M31NAX8SKEW907AM95FJKXCP,earlier
GJ18ZT2013,2026-09-21T09:37:52.671442+00:00,cam06,Timbavadi Gate,Junagadh,Home (Police),bus,3,2026-09-21T15:07:52+05:30,0.966,yes,yes,valid standard format,OB01M31N8GJPRW3KEA4H6FGNCDAD,,earlier
GJ11DB2886,2026-09-21T09:31:12.773417+00:00,cam06,Timbavadi Gate,Junagadh,Home (Police),car,1,2026-09-21T15:01:12+05:30,0.992,no,yes,valid standard format,OB01M31MWA556YGHCH45SFVSZSE6,EZ01M31MWACGPBGAMKDJBXM1ZDHA,earlier
GJ37AB9445,2026-09-21T09:28:45.517438+00:00,cam06,Timbavadi Gate,Junagadh,Home (Police),truck,4,2026-09-21T14:58:45+05:30,0.988,yes,yes,valid standard format,OB01M31MQTYDSHJ2X7CXB7RXF8E1,,earlier
GJ32K9335,2026-09-21T09:27:59.396295+00:00,cam06,Timbavadi Gate,Junagadh,Home (Police),truck,1,2026-09-21T14:57:59+05:30,0.884,no,yes,valid standard format,OB01M31MPGR182E4XAQHX5T4ZJP2,,earlier
GJ11G1388,2026-09-21T09:27:00.364606+00:00,cam06,Timbavadi Gate,Junagadh,Home (Police),car,6,2026-09-21T14:57:00+05:30,0.985,yes,yes,valid standard format,OB01M31MMNGH41XZCWSVW356DC2K,,earlier
GJ11U1393,2026-09-21T09:05:03.366222+00:00,cam06,Timbavadi Gate,Junagadh,Home (Police),car,1,2026-09-21T14:35:03+05:30,0.932,no,yes,valid standard format,OB01M31KCDV9NDS9FTACT9SKZ51K,,earlier
GJ3AAA2864,2026-09-21T09:03:10.684769+00:00,cam06,Timbavadi Gate,Junagadh,Home (Police),car,1,2026-09-21T14:33:10+05:30,0.963,no,yes,valid standard format,OB01M31K918D6Y0E5XVGRDVEZ1Y0,,earlier
GJ32K9819,2026-09-21T08:59:06.662412+00:00,cam06,Timbavadi Gate,Junagadh,Home (Police),car,3,2026-09-21T14:29:06+05:30,0.981,yes,yes,valid standard format,OB01M31K1MD0N0TJWWRYFGT590WZ,,earlier
GJ18BL4660,2026-09-21T08:38:28.847851+00:00,cam06,Timbavadi Gate,Junagadh,Home (Police),truck,1,2026-09-21T14:08:28+05:30,0.993,no,yes,valid standard format,OB01M31HVPK6YR6GW87NZS0D89PC,,earlier
GJ11CQ8831,2026-09-21T08:38:22.847851+00:00,cam06,Timbavadi Gate,Junagadh,Home (Police),car,2,2026-09-21T14:08:22+05:30,0.973,yes,yes,valid standard format,OB01M31HVN4NDJ3MA3B7J6AR979D,,earlier
GJ04Z0610,2026-09-21T08:37:50.571436+00:00,cam06,Timbavadi Gate,Junagadh,Home (Police),truck,1,2026-09-21T14:07:50+05:30,0.932,no,yes,valid standard format,OB01M31HTRV6EHFH1EMNB708WQ64,,earlier
GJ03AZ0644,2026-09-21T08:36:43.680382+00:00,cam06,Timbavadi Gate,Junagadh,Home (Police),car,2,2026-09-21T14:06:43+05:30,0.942,yes,yes,valid standard format,OB01M31HRNGGZ0SH8TKYEPG9PCD2,,earlier
GJ01KN1659,2026-09-21T08:36:15.550947+00:00,cam06,Timbavadi Gate,Junagadh,Home (Police),car,1,2026-09-21T14:06:15+05:30,0.928,no,yes,valid standard format,OB01M31HQS2ZND5ZE14M695KWYMQ,,earlier
GJ01RS9114,2026-09-21T08:35:31.442762+00:00,cam06,Timbavadi Gate,Junagadh,Home (Police),car,2,2026-09-21T14:05:31+05:30,0.969,yes,yes,valid standard format,OB01M31HPCMR7TKZJT558TB15216,EZ01M31HPCMVMW7D9YJ8NDA4JXA6,earlier
GJ11VY6198,2026-09-21T08:35:06.121062+00:00,cam06,Timbavadi Gate,Junagadh,Home (Police),truck_bus,2,2026-09-21T14:05:06+05:30,0.944,yes,yes,valid standard format,OB01M31HNNFWRHM497A8NB2F2RN1,,earlier
GJ11BR0928,2026-09-21T08:32:36.599126+00:00,cam06,Timbavadi Gate,Junagadh,Home (Police),car,11,2026-09-21T14:02:36+05:30,0.969,yes,yes,valid standard format,OB01M31HH6DDG8AXA2F5KF9CEW87,EZ01M31HH6WG8MXCW94VJZM43YCN,earlier
GJ11VV7338,2026-09-21T08:32:20.566239+00:00,cam06,Timbavadi Gate,Junagadh,Home (Police),truck,2,2026-09-21T14:02:20+05:30,0.925,yes,yes,valid standard format,OB01M31HGMZ8JM7V8BSGV1FBSX2G,,earlier
GJ03JR5317,2026-09-21T08:32:09.726239+00:00,cam06,Timbavadi Gate,Junagadh,Home (Police),car,1,2026-09-21T14:02:09+05:30,0.978,no,yes,valid standard format,OB01M31HGAN13W7AP1X4YXVA9MDC,,earlier
GJ03JR5317,2026-09-21T08:32:06.606239+00:00,cam06,Timbavadi Gate,Junagadh,Home (Police),car,2,2026-09-21T14:02:06+05:30,0.957,yes,yes,valid standard format,OB01M31HGC0KZMEH4765T5XYGTJ1,,earlier
GJ03ER8216,2026-09-21T08:32:05.566239+00:00,cam06,Timbavadi Gate,Junagadh,Home (Police),car,1,2026-09-21T14:02:05+05:30,0.951,no,yes,valid standard format,OB01M31HG8W54RNFDR5K5SZ58X7H,,earlier
GJ03ER8216,2026-09-21T08:32:05.086239+00:00,cam06,Timbavadi Gate,Junagadh,Home (Police),car,1,2026-09-21T14:02:05+05:30,0.954,no,yes,valid standard format,OB01M31HGC0KY9WYT27073519VYE,,earlier
GJ11C0399,2026-09-21T08:30:43.958057+00:00,cam06,Timbavadi Gate,Junagadh,Home (Police),car,2,2026-09-21T14:00:43+05:30,0.789,yes,yes,valid standard format,OB01M31HDQNCC87GS6K1GF2DEYBH,,earlier
GJ11BR2735,2026-09-21T08:29:01.368632+00:00,cam06,Timbavadi Gate,Junagadh,Home (Police),car,1,2026-09-21T13:59:01+05:30,0.990,no,yes,valid standard format,OB01M31HAM4RCM6C7Q6KXXECK3BR,,earlier
GJ37AB9445,2026-09-21T08:28:59.728632+00:00,cam06,Timbavadi Gate,Junagadh,Home (Police),truck,2,2026-09-21T13:58:59+05:30,0.952,yes,yes,valid standard format,OB01M31HAH8ARYR3HRW350ABEHX6,,earlier
GJ05AV6417,2026-09-21T08:28:31.138393+00:00,cam06,Timbavadi Gate,Junagadh,Home (Police),unknown,1,2026-09-21T13:58:31+05:30,0.874,no,yes,valid standard format,OB01M31H9KND2QKSFTFRGSN9X8GG,,earlier
GJ32K9335,2026-09-21T08:28:16.962180+00:00,cam06,Timbavadi Gate,Junagadh,Home (Police),car,1,2026-09-21T13:58:16+05:30,0.884,no,yes,valid standard format,OB01M31H96YCW94TRV4A6MYDDPK0,,earlier
GJ18B8525,2026-09-21T08:27:49.118890+00:00,cam06,Timbavadi Gate,Junagadh,Home (Police),truck,1,2026-09-21T13:57:49+05:30,0.828,no,yes,valid standard format,OB01M31H8AZCEJBQ43WCFJ1E78HP,,earlier
GJ11S9258,2026-09-21T08:27:28.408360+00:00,cam06,Timbavadi Gate,Junagadh,Home (Police),truck,7,2026-09-21T13:57:28+05:30,0.967,yes,yes,valid standard format,OB01M31H7RVXGQA7Z7HHGHYY87TF,EZ01M31H7SB2KPT6QAJZ1FS9XGX2,earlier
GJ116138,2026-09-21T08:27:18.968360+00:00,cam06,Timbavadi Gate,Junagadh,Home (Police),car,1,2026-09-21T13:57:18+05:30,0.901,no,yes,valid standard format,OB01M31H7DCPZTTJC8EQBCS5X66C,,earlier
GJ32B2702,2026-09-21T08:27:13.288360+00:00,cam06,Timbavadi Gate,Junagadh,Home (Police),car,3,2026-09-21T13:57:13+05:30,0.978,yes,yes,valid standard format,OB01M31H7APRV43EH2Q8NHS2X96B,,earlier
GJ03JC5583,2026-09-21T08:27:13.288360+00:00,cam06,Timbavadi Gate,Junagadh,Home (Police),car,1,2026-09-21T13:57:13+05:30,0.985,no,yes,valid standard format,OB01M31H77A890JJWJT0GDHE8ZFJ,,earlier
GJ01HM7952,2026-09-21T08:26:03.362546+00:00,cam06,Timbavadi Gate,Junagadh,Home (Police),car,1,2026-09-21T13:56:03+05:30,0.966,no,yes,valid standard format,OB01M31H52ZG5SJB5A3NWQ682B0W,,earlier
GJ11S7924,2026-09-21T08:24:58.885698+00:00,cam06,Timbavadi Gate,Junagadh,Home (Police),truck,1,2026-09-21T13:54:58+05:30,0.942,no,yes,valid standard format,OB01M31H33ZXSRZ0THRHCX5Z1Z86,EZ01M31H34QZDFQ63D0BYBSCWZKK,earlier
GJ3AAA2864,2026-09-21T08:18:34.909281+00:00,cam06,Timbavadi Gate,Junagadh,Home (Police),car,1,2026-09-21T13:48:34+05:30,0.860,no,yes,valid standard format,OB01M31GQEWRNBQGMMNJ6MW5HFH2,,earlier
GJ11CH3274,2026-09-21T08:16:56.285124+00:00,cam06,Timbavadi Gate,Junagadh,Home (Police),car,3,2026-09-21T13:46:56+05:30,0.763,yes,yes,valid standard format,OB01M31GMBCZXA45YHYW8ZCHASEF,,earlier
GJ03PD2863,2026-09-21T08:14:51.469340+00:00,cam06,Timbavadi Gate,Junagadh,Home (Police),car,1,2026-09-21T13:44:51+05:30,0.952,no,yes,valid standard format,OB01M31GGH523FMDREHN7A7VVWBM,,earlier
GJ05JF6480,2026-09-21T08:14:37.004829+00:00,cam06,Timbavadi Gate,Junagadh,Home (Police),car,1,2026-09-21T13:44:37+05:30,0.957,no,yes,valid standard format,OB01M31GG1P8DD8ND82TY8G673RV,,earlier
GJ37AB9445,2026-09-21T08:13:40.473665+00:00,cam06,Timbavadi Gate,Junagadh,Home (Police),truck,1,2026-09-21T13:43:40+05:30,1.000,no,yes,valid standard format,OB01M31GEEDB7VGS3QY20BS7QEM2,,earlier
GJ11BR2735,2026-09-21T08:13:39.433665+00:00,cam06,Timbavadi Gate,Junagadh,Home (Police),car,1,2026-09-21T13:43:39+05:30,0.990,no,yes,valid standard format,OB01M31GEG9F1XE244YS9204GBR1,,earlier
GJ37AB9445,2026-09-21T08:13:39.433665+00:00,cam06,Timbavadi Gate,Junagadh,Home (Police),car,1,2026-09-21T13:43:39+05:30,0.962,no,yes,valid standard format,OB01M31GEEDBD7Y6YMQTK88PF4RY,,earlier
GJ11G1388,2026-09-21T08:11:56.996021+00:00,cam06,Timbavadi Gate,Junagadh,Home (Police),car,5,2026-09-21T13:41:56+05:30,0.951,yes,yes,valid standard format,OB01M31GB80AEYC27CPK3RDM4E7P,,earlier
GJ23M1546,2026-09-21T08:09:09.884616+00:00,cam06,Timbavadi Gate,Junagadh,Home (Police),truck,1,2026-09-21T13:39:09+05:30,0.884,no,yes,valid standard format,OB01M31G681KANQ5A4NZMQJGZ4EV,,earlier
GJ04Z0610,2026-09-21T07:52:41.336622+00:00,cam06,Timbavadi Gate,Junagadh,Home (Police),truck,3,2026-09-21T13:22:41+05:30,0.964,yes,yes,valid standard format,OB01M31F825JX8BKCTWD01F7891M,,earlier
GJ11CH4401,2026-09-21T07:51:54.399668+00:00,cam06,Timbavadi Gate,Junagadh,Home (Police),car,1,2026-09-21T13:21:54+05:30,0.993,no,yes,valid standard format,OB01M31F6H95VXW1ND51724SRYVZ,,earlier
GJ11CH4401,2026-09-21T07:51:51.521650+00:00,cam06,Timbavadi Gate,Junagadh,Home (Police),car,1,2026-09-21T13:21:51+05:30,0.985,no,yes,valid standard format,OB01M31F6H1NWPVV8BEGB2NGQQF1,,earlier
GJ03AZ0644,2026-09-21T07:51:32.950612+00:00,cam06,Timbavadi Gate,Junagadh,Home (Police),truck,2,2026-09-21T13:21:32+05:30,0.911,yes,yes,valid standard format,OB01M31F5VYM907X1NJFCYS4JXB4,,earlier
GJ3AAA2864,2026-09-21T07:48:57.863823+00:00,cam06,Timbavadi Gate,Junagadh,Home (Police),truck,1,2026-09-21T13:18:57+05:30,0.874,no,yes,valid standard format,OB01M31F12QVG9F3CGKS2Z5QXBTZ,,earlier
GJ3AAA2864,2026-09-21T07:48:56.823823+00:00,cam06,Timbavadi Gate,Junagadh,Home (Police),car,2,2026-09-21T13:18:56+05:30,0.849,yes,yes,valid standard format,OB01M31F12QVPWWVDRNVHJXBMS6N,,earlier
GJ03ER8216,2026-09-21T07:46:59.237350+00:00,cam06,Timbavadi Gate,Junagadh,Home (Police),car,1,2026-09-21T13:16:59+05:30,0.967,no,yes,valid standard format,OB01M31EXK69X8DE9SAMMNY8V0B0,,earlier
GJ03ER8216,2026-09-21T07:46:57.597350+00:00,cam06,Timbavadi Gate,Junagadh,Home (Police),car,1,2026-09-21T13:16:57+05:30,0.954,no,yes,valid standard format,OB01M31EXJCNACEA2CW4TW6EFTY6,,earlier
GJ11DB2886,2026-09-21T07:46:24.348522+00:00,cam06,Timbavadi Gate,Junagadh,Home (Police),car,4,2026-09-21T13:16:24+05:30,0.987,yes,yes,valid standard format,OB01M31EWG2KV0JY4S136EY2BMFY,EZ01M31EWG2P3Q95TRTHSCXXRXT5,earlier
GJ05JF6480,2026-09-21T07:44:54.028070+00:00,cam06,Timbavadi Gate,Junagadh,Home (Police),car,2,2026-09-21T13:14:54+05:30,0.948,yes,yes,valid standard format,OB01M31ESQVE7NQCF42EEKH6EPBH,,earlier
GJ11BR2735,2026-09-21T07:44:03.226064+00:00,cam06,Timbavadi Gate,Junagadh,Home (Police),car,1,2026-09-21T13:14:03+05:30,0.990,no,yes,valid standard format,OB01M31ER37J7TTTXKZ2QRZGMX2N,,earlier
GJ18BR5253,2026-09-21T07:42:45.718382+00:00,cam06,Timbavadi Gate,Junagadh,Home (Police),car,3,2026-09-21T13:12:45+05:30,0.981,yes,yes,valid standard format,OB01M31ENSWDBEJMFY70DZJ3WX3K,,earlier
GJ01HM7952,2026-09-21T07:40:54.285214+00:00,cam06,Timbavadi Gate,Junagadh,Home (Police),car,1,2026-09-21T13:10:54+05:30,0.971,no,yes,valid standard format,OB01M31EJAGYBZS2KW37ESPFJK3T,,earlier
GJ01HM7952,2026-09-21T07:40:52.685214+00:00,cam06,Timbavadi Gate,Junagadh,Home (Police),bus,1,2026-09-21T13:10:52+05:30,0.960,no,yes,valid standard format,OB01M31EJAGYRWG9GS03D0JHT1XP,,earlier
GJ11CQ9625,2026-09-21T07:40:45.405214+00:00,cam06,Timbavadi Gate,Junagadh,Home (Police),car,1,2026-09-21T13:10:45+05:30,0.956,no,yes,valid standard format,OB01M31EJ17T4P4Z3JA11VAGMP42,,earlier
GJ11CQ9625,2026-09-21T07:40:42.885214+00:00,cam06,Timbavadi Gate,Junagadh,Home (Police),car,2,2026-09-21T13:10:42+05:30,0.973,yes,yes,valid standard format,OB01M31EJ1HCRNW17NRVKJVHZRRN,,earlier
GJ11S7924,2026-09-21T07:39:50.591430+00:00,cam06,Timbavadi Gate,Junagadh,Home (Police),truck,2,2026-09-21T13:09:50+05:30,0.993,yes,yes,valid standard format,OB01M31EGFV5VS989GPE2GV83PAH,EZ01M31EGG32QBF2CFM8C37V4B01,earlier
GJ18X6705,2026-09-21T07:38:23.782238+00:00,cam06,Timbavadi Gate,Junagadh,Home (Police),car,1,2026-09-21T13:08:23+05:30,0.977,no,yes,valid standard format,OB01M31EEDPN6W6R920BPED7KX65,EZ01M31EEDZQABXDSVFHQSCFN7K9,earlier
GJ18X6705,2026-09-21T07:36:47.910193+00:00,cam06,Timbavadi Gate,Junagadh,Home (Police),car,1,2026-09-21T13:06:47+05:30,0.977,no,yes,valid standard format,OB01M31EBBSPA2XXJ0JKT4W3GP2K,EZ01M31EBCA6ESERPTVE432RG4W2,earlier
GJ18X6705,2026-09-21T07:36:38.510193+00:00,cam06,Timbavadi Gate,Junagadh,Home (Police),truck,2,2026-09-21T13:06:38+05:30,0.961,yes,yes,valid standard format,OB01M31EB98F31NHC949330JEHDD,EZ01M31EB9J4E26SYSFK38MNYPQE,earlier
GJ11S7924,2026-09-21T07:32:48.664833+00:00,cam06,Timbavadi Gate,Junagadh,Home (Police),truck,1,2026-09-21T13:02:48+05:30,0.967,no,yes,valid standard format,OB01M31E3JS9BJ5BYX9XJYDG38E9,EZ01M31E3K3CQEFZK0E7T9BGEG5S,earlier
GJ3GA2288,2026-09-21T07:30:27.251138+00:00,cam06,Timbavadi Gate,Junagadh,Home (Police),car,2,2026-09-21T13:00:27+05:30,0.660,yes,yes,valid standard format,OB01M31DZR9YWF3FS4KDTZ45MP2Q,,earlier
GJ18X6705,2026-09-21T07:30:10.731138+00:00,cam06,Timbavadi Gate,Junagadh,Home (Police),truck,2,2026-09-21T13:00:10+05:30,0.952,yes,yes,valid standard format,OB01M31DZH57358ZK3X9D31JNBV1,EZ01M31DZHF9D6VVS6WM0T4573KV,earlier
GJ23H1546,2026-09-21T07:28:29.334207+00:00,cam06,Timbavadi Gate,Junagadh,Home (Police),car,2,2026-09-21T12:58:29+05:30,0.873,yes,yes,valid standard format,OB01M31DVJVVQPA7KHHDSFSB2A4D,,earlier
GJ18X6705,2026-09-21T07:27:16.909399+00:00,cam06,Timbavadi Gate,Junagadh,Home (Police),bus,2,2026-09-21T12:57:16+05:30,0.952,yes,yes,valid standard format,OB01M31DTB1K0HDTQMGFSHKRZ5DA,EZ01M31DTBC0VGB60Q09FF51VHGT,earlier
GJ11S7924,2026-09-21T07:26:41.622788+00:00,cam06,Timbavadi Gate,Junagadh,Home (Police),car,5,2026-09-21T12:56:41+05:30,0.982,yes,yes,valid standard format,OB01M31DRF3CTHMHJ0KEYHXVPM3N,EZ01M31DRFKSEY52Z44A8T5B4EY3,earlier
GJ18Z8826,2026-09-21T07:24:14.319421+00:00,cam06,Timbavadi Gate,Junagadh,Home (Police),bus,2,2026-09-21T12:54:14+05:30,0.977,yes,yes,valid standard format,OB01M31DKXJ6WAP7BJCGAKP82ZJC,EZ01M31DKXSS2965E9C0EJR5KFSZ,earlier
GJ18ZT1782,2026-09-21T07:22:34.032551+00:00,cam06,Timbavadi Gate,Junagadh,Home (Police),bus,1,2026-09-21T12:52:34+05:30,0.965,no,yes,valid standard format,OB01M31DGT1VR79C1MY8AT56G1ZX,EZ01M31DGT1YV5DS86WKASTCP693,earlier
GJ01RS9114,2026-09-21T07:20:11.100168+00:00,cam06,Timbavadi Gate,Junagadh,Home (Police),truck_bus,1,2026-09-21T12:50:11+05:30,0.964,no,yes,valid standard format,OB01M31DCM51MTX0QK1EDFVYZEQF,EZ01M31DCMKTFP2YJHZGBWVMG3JF,earlier
GJ3AAA2864,2026-09-21T06:59:52.980104+00:00,cam06,Timbavadi Gate,Junagadh,Home (Police),car,1,2026-09-21T12:29:52+05:30,0.860,no,yes,valid standard format,OB01M31C7A8V2VDYXK7HS072J1G5,,earlier
GJ11BR0928,2026-09-21T06:58:30.335386+00:00,cam06,Timbavadi Gate,Junagadh,Home (Police),car,8,2026-09-21T12:28:30+05:30,0.968,yes,yes,valid standard format,OB01M31C4WJD2V0G79NH7Z36AYWN,EZ01M31C4WJGXB0WQ0P6EJA7C6RB,earlier
GJ18B8525,2026-09-21T06:53:44.274861+00:00,cam06,Timbavadi Gate,Junagadh,Home (Police),car,1,2026-09-21T12:23:44+05:30,0.844,no,yes,valid standard format,OB01M31BVZPZFE593207FT2RDAP3,,earlier
GJ11CQ9625,2026-09-21T06:51:46.032323+00:00,cam06,Timbavadi Gate,Junagadh,Home (Police),car,1,2026-09-21T12:21:46+05:30,0.991,no,yes,valid standard format,OB01M31BRBFVRV84TGA9G6F0YWRK,,earlier
GJ11S7924,2026-09-21T06:50:46.717975+00:00,cam06,Timbavadi Gate,Junagadh,Home (Police),truck,6,2026-09-21T12:20:46+05:30,0.978,yes,yes,valid standard format,OB01M31BPM6R97BQRGJ152NZK7RF,EZ01M31BPMB55YE69HH96VAASGS7,earlier
GJ11CQ8831,2026-09-21T06:34:09.921181+00:00,cam06,Timbavadi Gate,Junagadh,Home (Police),car,2,2026-09-21T12:04:09+05:30,0.922,yes,yes,valid standard format,OB01M31AR48523MNZX4B8RP18CCB,,earlier
GJ04Z0610,2026-09-21T06:33:39.949123+00:00,cam06,Timbavadi Gate,Junagadh,Home (Police),truck,2,2026-09-21T12:03:39+05:30,0.854,yes,yes,valid standard format,OB01M31AQ7AWCPZBZ9S4NRPJ5SBF,,earlier
GJ03LG6586,2026-09-21T06:33:13.653275+00:00,cam06,Timbavadi Gate,Junagadh,Home (Police),truck,1,2026-09-21T12:03:13+05:30,0.948,no,yes,valid standard format,OB01M31APERSXPV5VJP0QQJ472X8,,earlier
GJ11CH4401,2026-09-21T06:32:48.838348+00:00,cam06,Timbavadi Gate,Junagadh,Home (Police),car,2,2026-09-21T12:02:48+05:30,0.974,yes,yes,valid standard format,OB01M31ANWTCWHJV6GXAGZT49B6A,,earlier
GJ03AZ0644,2026-09-21T06:32:36.478348+00:00,cam06,Timbavadi Gate,Junagadh,Home (Police),truck,2,2026-09-21T12:02:36+05:30,0.931,yes,yes,valid standard format,OB01M31ANDGN57H3A7WASWSJVSPK,,earlier
GJ03AZ0644,2026-09-21T06:32:31.238348+00:00,cam06,Timbavadi Gate,Junagadh,Home (Police),truck,5,2026-09-21T12:02:31+05:30,0.929,yes,yes,valid standard format,OB01M31AN52Q7SFE9SA3BJXERRRC,,earlier
GJ3AAA2864,2026-09-21T06:29:49.152912+00:00,cam06,Timbavadi Gate,Junagadh,Home (Police),truck,1,2026-09-21T11:59:49+05:30,0.890,no,yes,valid standard format,OB01M31AG82H30VJJ3SHRECZQMXH,,earlier
GJ10DN2875,2026-09-21T06:29:08.983561+00:00,cam06,Timbavadi Gate,Junagadh,Home (Police),car,1,2026-09-21T11:59:08+05:30,0.959,no,yes,valid standard format,OB01M31AF2GW3CYPAVQS5F4NYJS5,,earlier
GJ11BR0928,2026-09-21T06:28:27.888497+00:00,cam06,Timbavadi Gate,Junagadh,Home (Police),car,4,2026-09-21T11:58:27+05:30,0.970,yes,yes,valid standard format,OB01M31ADWRENN2XWFRACMBSRJJD,EZ01M31ADX0846SHY33F6RQ7WZQM,earlier
GJ11CH3274,2026-09-21T06:28:08.128497+00:00,cam06,Timbavadi Gate,Junagadh,Home (Police),truck,3,2026-09-21T11:58:08+05:30,0.798,yes,yes,valid standard format,OB01M31AD5R656459ZS7E0QF9QVD,,earlier
GJ03PD2863,2026-09-21T06:26:06.118130+00:00,cam06,Timbavadi Gate,Junagadh,Home (Police),car,1,2026-09-21T11:56:06+05:30,0.952,no,yes,valid standard format,OB01M31A9CRRM7TKC8Y3SRYN025P,,earlier
GJ37AB9445,2026-09-21T06:24:56.477213+00:00,cam06,Timbavadi Gate,Junagadh,Home (Police),truck,3,2026-09-21T11:54:56+05:30,0.991,yes,yes,valid standard format,OB01M31A7F3HQ4CX6KVCJ6BJ1KX6,,earlier
GJ11S9258,2026-09-21T06:23:17.982311+00:00,cam06,Timbavadi Gate,Junagadh,Home (Police),truck,2,2026-09-21T11:53:17+05:30,0.980,yes,yes,valid standard format,OB01M31A4CA4YX91CHVFE56H0CVF,EZ01M31A4CHYD5F1D25MBFQPHHEH,earlier
GJ03JC5583,2026-09-21T06:23:01.811583+00:00,cam06,Timbavadi Gate,Junagadh,Home (Police),car,1,2026-09-21T11:53:01+05:30,0.985,no,yes,valid standard format,OB01M31A3XEHRGJNBNNAMXH3SQRV,,earlier
GJ01HM7952,2026-09-21T06:21:53.573760+00:00,cam06,Timbavadi Gate,Junagadh,Home (Police),car,3,2026-09-21T11:51:53+05:30,0.894,yes,yes,valid standard format,OB01M31A1KAEX4TBCMVD23S6ZRDM,,earlier
GJ11S7924,2026-09-21T06:20:46.740248+00:00,cam06,Timbavadi Gate,Junagadh,Home (Police),truck,1,2026-09-21T11:50:46+05:30,0.966,no,yes,valid standard format,OB01M319ZR9V7GYXW1GPJEAY2X1A,EZ01M319ZR9Z7RJWB8DTXC0ZDBT2,earlier
GJ11S7924,2026-09-21T06:20:42.020248+00:00,cam06,Timbavadi Gate,Junagadh,Home (Police),bus,10,2026-09-21T11:50:42+05:30,0.972,yes,yes,valid standard format,OB01M319ZPD9GSZT0MK40YHB7G49,EZ01M319ZQ4SE0WD1X72AQ0YMAJH,earlier
GJ3GA2288,2026-09-21T06:19:33.710913+00:00,cam06,Timbavadi Gate,Junagadh,Home (Police),truck,2,2026-09-21T11:49:33+05:30,0.768,yes,yes,valid standard format,OB01M319XW6WWGSNQWCCR0RHS1AQ,,earlier
GJ32B2702,2026-09-21T06:18:27.543176+00:00,cam06,Timbavadi Gate,Junagadh,Home (Police),car,2,2026-09-21T11:48:27+05:30,0.995,yes,yes,valid standard format,OB01M319VGTK8ZW74HXAMECXZZ00,,earlier
GJ18X6705,2026-09-21T06:15:00.965735+00:00,cam06,Timbavadi Gate,Junagadh,Home (Police),car,2,2026-09-21T11:45:00+05:30,0.976,yes,yes,valid standard format,OB01M319N7530VVWWREY4E596GHJ,EZ01M319N7569XNQG7D60SJ9T1JP,earlier
GJ18BL4660,2026-09-21T05:59:36.624641+00:00,cam06,Timbavadi Gate,Junagadh,Home (Police),truck,2,2026-09-21T11:29:36+05:30,0.979,yes,yes,valid standard format,OB01M318S1BQSCK3B956JGF7RTDY,,earlier
GJ11CQ8831,2026-09-21T05:59:31.344641+00:00,cam06,Timbavadi Gate,Junagadh,Home (Police),car,5,2026-09-21T11:29:31+05:30,0.959,yes,yes,valid standard format,OB01M318RX89EBWCG1NPXDHTHA07,,earlier
GJ11CH4401,2026-09-21T05:58:12.100090+00:00,cam06,Timbavadi Gate,Junagadh,Home (Police),car,2,2026-09-21T11:28:12+05:30,0.918,yes,yes,valid standard format,OB01M318PADRHVZ4T0M39QBVC5V8,,earlier
GJ11CH4401,2026-09-21T05:58:10.820090+00:00,cam06,Timbavadi Gate,Junagadh,Home (Police),car,2,2026-09-21T11:28:10+05:30,0.883,yes,yes,valid standard format,OB01M318PE6W3XM4WKEKWBDCAEM6,,earlier
GJ01KN1659,2026-09-21T05:57:34.073117+00:00,cam06,Timbavadi Gate,Junagadh,Home (Police),car,2,2026-09-21T11:27:34+05:30,0.939,yes,yes,valid standard format,OB01M318N3B04CNX080TV5Y1WVNM,,earlier
GJ11BR2509,2026-09-21T05:57:18.966948+00:00,cam06,Timbavadi Gate,Junagadh,Home (Police),car,1,2026-09-21T11:27:18+05:30,0.951,no,yes,valid standard format,OB01M318MM5NDTBQMQ1YT5GG4T49,,earlier
GJ01RS9114,2026-09-21T05:56:42.989376+00:00,cam06,Timbavadi Gate,Junagadh,Home (Police),car,1,2026-09-21T11:26:42+05:30,0.975,no,yes,valid standard format,OB01M318KPZ9BQB1NCKTASF2KB2R,EZ01M318KPZCAFVSP5EGR7EERK69,earlier
GJ10CG4786,2026-09-21T05:56:24.584209+00:00,cam06,Timbavadi Gate,Junagadh,Home (Police),truck,5,2026-09-21T11:26:24+05:30,0.940,yes,yes,valid standard format,OB01M318K3R466207P6EPWYVPCJP,,earlier
GJ11YY6198,2026-09-21T05:56:21.384209+00:00,cam06,Timbavadi Gate,Junagadh,Home (Police),bus,1,2026-09-21T11:26:21+05:30,0.965,no,yes,valid standard format,OB01M318JZYGRDG66WKP6W0ZW97Z,EZ01M318K0H5TMB26ZW3SS5TJNPC,earlier
GJ3AAA2864,2026-09-21T05:55:16.544210+00:00,cam06,Timbavadi Gate,Junagadh,Home (Police),truck,2,2026-09-21T11:25:16+05:30,0.876,yes,yes,valid standard format,OB01M318GZ8K9A76SYQH01Q9ZREF,,earlier
GJ1QDN2875,2026-09-21T05:54:27.739565+00:00,cam06,Timbavadi Gate,Junagadh,Home (Police),car,1,2026-09-21T11:24:27+05:30,0.959,no,yes,valid standard format,OB01M318FKRKRMVCY78YC5V8GKQN,,earlier
GJ11BR0928,2026-09-21T05:54:00.218530+00:00,cam06,Timbavadi Gate,Junagadh,Home (Police),car,1,2026-09-21T11:24:00+05:30,0.991,no,yes,valid standard format,OB01M318EJHFNQ41KMTMN0ZD953D,EZ01M318EJHJP5YVKR7Y708V772T,earlier
GJ11YV7338,2026-09-21T05:53:38.378530+00:00,cam06,Timbavadi Gate,Junagadh,Home (Police),truck,1,2026-09-21T11:23:38+05:30,0.943,no,yes,valid standard format,OB01M318DZSYXZHKDAGN2N3FV9EH,,earlier
GJ2ZAA0401,2026-09-21T05:51:56.079882+00:00,cam06,Timbavadi Gate,Junagadh,Home (Police),car,1,2026-09-21T11:21:56+05:30,0.912,no,yes,valid standard format,OB01M318AWZTB8THY65GV5FZX11A,,earlier
GJ03PD2863,2026-09-21T05:51:27.959882+00:00,cam06,Timbavadi Gate,Junagadh,Home (Police),car,1,2026-09-21T11:21:27+05:30,0.923,no,yes,valid standard format,OB01M3189Y44W7PX0PXDZGGEJNEQ,,earlier
GJ37AB9445,2026-09-21T05:50:16.583916+00:00,cam06,Timbavadi Gate,Junagadh,Home (Police),truck,1,2026-09-21T11:20:16+05:30,1.000,no,yes,valid standard format,OB01M3187TC1BAQG1P3Q4TNPTGV1,,earlier
GJ18B8525,2026-09-21T05:49:07.346565+00:00,cam06,Timbavadi Gate,Junagadh,Home (Police),truck,3,2026-09-21T11:19:07+05:30,0.870,yes,yes,valid standard format,OB01M3185NC5JDBE5C191ZP64FDV,,earlier
GJ110131,2026-09-21T05:48:35.288169+00:00,cam06,Timbavadi Gate,Junagadh,Home (Police),motorcycle,1,2026-09-21T11:18:35+05:30,0.874,no,yes,valid standard format,OB01M3184SHW34XVJHJXAB93RJGQ,,earlier
GJ11S7924,2026-09-21T05:46:15.294348+00:00,cam06,Timbavadi Gate,Junagadh,Home (Police),car,8,2026-09-21T11:16:15+05:30,0.965,yes,yes,valid standard format,OB01M3180GVS3G4CJPV78EQRPA6P,EZ01M3180GVXH61J6T25QRSFNTZ2,earlier
GJ19X6705,2026-09-21T05:44:42.642875+00:00,cam06,Timbavadi Gate,Junagadh,Home (Police),truck,1,2026-09-21T11:14:42+05:30,0.907,no,yes,valid standard format,OB01M317YG9B70E67QJRRB64Y0FT,,earlier
GJ3AAA2864,2026-09-21T05:22:46.964243+00:00,cam06,Timbavadi Gate,Junagadh,Home (Police),car,1,2026-09-21T10:52:46+05:30,0.860,no,yes,valid standard format,OB01M316NF9G8BY1PGGT5KQETKQS,,earlier
GJ27AA0401,2026-09-21T05:19:30.726855+00:00,cam06,Timbavadi Gate,Junagadh,Home (Police),car,1,2026-09-21T10:49:30+05:30,0.965,no,yes,valid standard format,OB01M316FF1BYTBPJZNCR4G5XZ1V,,earlier
GJ11S7924,2026-09-21T05:13:42.589438+00:00,cam06,Timbavadi Gate,Junagadh,Home (Police),truck,3,2026-09-21T10:43:42+05:30,0.992,yes,yes,valid standard format,OB01M3164ZS140ZMREPBKSZ84VFS,EZ01M316504RCZP28NWQZKQ3J1C2,earlier
GJ11CQ8831,2026-09-21T04:57:21.807580+00:00,cam06,Timbavadi Gate,Junagadh,Home (Police),car,1,2026-09-21T10:27:21+05:30,0.895,no,yes,valid standard format,OB01M3156YRB4Q8HX8HDFNAXKJVX,,earlier
GJ04Z0610,2026-09-21T04:56:57.397586+00:00,cam06,Timbavadi Gate,Junagadh,Home (Police),truck,2,2026-09-21T10:26:57+05:30,0.867,yes,yes,valid standard format,OB01M31562E4WC85T0S0821M3YGR,,earlier
GJ11CH4401,2026-09-21T04:56:02.557586+00:00,cam06,Timbavadi Gate,Junagadh,Home (Police),car,1,2026-09-21T10:26:02+05:30,0.902,no,yes,valid standard format,OB01M3154EHD4HFQS07E4JXDTNJF,,earlier
GJ11VY6198,2026-09-21T04:54:12.474988+00:00,cam06,Timbavadi Gate,Junagadh,Home (Police),bus,4,2026-09-21T10:24:12+05:30,0.964,yes,yes,valid standard format,OB01M31517AJWE9EWH589TCJGNAN,,earlier
GJ11BR0928,2026-09-21T04:51:37.306190+00:00,cam06,Timbavadi Gate,Junagadh,Home (Police),car,10,2026-09-21T10:21:37+05:30,0.971,yes,yes,valid standard format,OB01M314WHK4AAZHAHZQQTZJG04X,EZ01M314WHK73FMJSE66RBTX3R1A,earlier
GJ11VV7338,2026-09-21T04:51:19.921915+00:00,cam06,Timbavadi Gate,Junagadh,Home (Police),truck,2,2026-09-21T10:21:19+05:30,0.915,yes,yes,valid standard format,OB01M314VYNYPAJXGZ33MYP8DSZN,,earlier
GJ11CH3274,2026-09-21T04:51:19.281915+00:00,cam06,Timbavadi Gate,Junagadh,Home (Police),car,2,2026-09-21T10:21:19+05:30,0.845,yes,yes,valid standard format,OB01M314VVG3KEE8JHKTVY9CZQGM,,earlier
GJ03JR5317,2026-09-21T04:51:09.594028+00:00,cam06,Timbavadi Gate,Junagadh,Home (Police),car,2,2026-09-21T10:21:09+05:30,0.954,yes,yes,valid standard format,OB01M314VKV9HTTWF7DX1FFCKA0V,,earlier
GJ11DB2886,2026-09-21T04:50:29.994028+00:00,cam06,Timbavadi Gate,Junagadh,Home (Police),car,6,2026-09-21T10:20:29+05:30,0.969,yes,yes,valid standard format,OB01M314TD5SC3R6J1HMAB46GC6D,EZ01M314TD5W77KTQTZ3VQ5RK66Z,earlier
GJ05JF6480,2026-09-21T04:49:04.222811+00:00,cam06,Timbavadi Gate,Junagadh,Home (Police),car,5,2026-09-21T10:19:04+05:30,0.947,yes,yes,valid standard format,OB01M314QN0F5T0TTYZ330Y6R4R7,,earlier
GJ32K9819,2026-09-21T04:49:01.862811+00:00,cam06,Timbavadi Gate,Junagadh,Home (Police),truck,4,2026-09-21T10:19:01+05:30,0.949,yes,yes,valid standard format,OB01M314QJC9CBVYW44A7R0NJ8YA,,earlier
GJ37AB9445,2026-09-21T04:48:04.431324+00:00,cam06,Timbavadi Gate,Junagadh,Home (Police),car,1,2026-09-21T10:18:04+05:30,1.000,no,yes,valid standard format,OB01M314P18Q0TD7ENY968R92DV6,,earlier
GJ37AB9445,2026-09-21T04:48:04.071324+00:00,cam06,Timbavadi Gate,Junagadh,Home (Police),truck,7,2026-09-21T10:18:04+05:30,0.988,yes,yes,valid standard format,OB01M314P18Q3SYRTA61Y4ASY4RV,,earlier
GJ11G1388,2026-09-21T04:46:19.529250+00:00,cam06,Timbavadi Gate,Junagadh,Home (Police),car,3,2026-09-21T10:16:19+05:30,0.985,yes,yes,valid standard format,OB01M314K4B7FGJQT4J58SRP1YXZ,,earlier
GJ32B2702,2026-09-21T04:46:18.289250+00:00,cam06,Timbavadi Gate,Junagadh,Home (Police),car,4,2026-09-21T10:16:18+05:30,0.963,yes,yes,valid standard format,OB01M314K08EFDP54ZJTZPVB4B02,,earlier
GJ1MH7795,2026-09-21T04:45:05.329250+00:00,cam06,Timbavadi Gate,Junagadh,Home (Police),car,2,2026-09-21T10:15:05+05:30,0.640,yes,yes,valid standard format,OB01M314GESAZQDWG5W02Y343S6E,,earlier
GJ11S7924,2026-09-21T04:44:01.808065+00:00,cam06,Timbavadi Gate,Junagadh,Home (Police),car,5,2026-09-21T10:14:01+05:30,0.980,yes,yes,valid standard format,OB01M314EPKASNAN3D8ANMMNDDM7,EZ01M314EPKE1575XW8PSK5DMY0G,earlier
GJ18BL4660,2026-09-21T04:21:45.151233+00:00,cam06,Timbavadi Gate,Junagadh,Home (Police),car,1,2026-09-21T09:51:45+05:30,0.965,no,yes,valid standard format,OB01M3135SN9N282XGNFSW9B7438,,earlier
GJ11C8883,2026-09-21T04:21:38.711233+00:00,cam06,Timbavadi Gate,Junagadh,Home (Police),truck_bus,2,2026-09-21T09:51:38+05:30,0.798,yes,yes,valid standard format,OB01M3135KV4XBXGQPFEPE2XNDYW,,earlier
GJ21AA1001,2026-09-21T04:21:11.031233+00:00,cam06,Timbavadi Gate,Junagadh,Home (Police),car,2,2026-09-21T09:51:11+05:30,0.875,yes,yes,valid standard format,OB01M3134QJX7DWRK382AJY17A7F,,earlier
GJ04Z0610,2026-09-21T04:21:10.391233+00:00,cam06,Timbavadi Gate,Junagadh,Home (Police),truck_bus,1,2026-09-21T09:51:10+05:30,0.957,no,yes,valid standard format,OB01M3134QJXQKFPSQE8S2CTVRJ7,,earlier
GJ18ZT1782,2026-09-21T04:21:06.951233+00:00,cam06,Timbavadi Gate,Junagadh,Home (Police),truck,2,2026-09-21T09:51:06+05:30,0.947,yes,yes,valid standard format,OB01M3134P33RY09MRDZPA07CW01,EZ01M3134PBYMHJ2KD9S1WFSZZZ8,earlier
GJ03LG6586,2026-09-21T04:20:41.071233+00:00,cam06,Timbavadi Gate,Junagadh,Home (Police),car,1,2026-09-21T09:50:41+05:30,0.948,no,yes,valid standard format,OB01M3133VZD0MACXHSRTEVPS07R,,earlier
GJ11CH4401,2026-09-21T04:20:17.631233+00:00,cam06,Timbavadi Gate,Junagadh,Home (Police),car,4,2026-09-21T09:50:17+05:30,0.957,yes,yes,valid standard format,OB01M31333V8X3P8EH106FXZK55G,,earlier
GJ03AZ0644,2026-09-21T04:19:58.951233+00:00,cam06,Timbavadi Gate,Junagadh,Home (Police),truck,2,2026-09-21T09:49:58+05:30,0.946,yes,yes,valid standard format,OB01M3132JBJ630EC1Y9CRC6A9AA,,earlier
GJ01RS9114,2026-09-21T04:18:49.511233+00:00,cam06,Timbavadi Gate,Junagadh,Home (Police),car,1,2026-09-21T09:48:49+05:30,0.950,no,yes,valid standard format,OB01M3130C0VFE2BQ5ARCPFKSS4Q,EZ01M3130CF6M7MTYTVVW70VVH9Z,earlier
GJ01RS9114,2026-09-21T04:18:48.311233+00:00,cam06,Timbavadi Gate,Junagadh,Home (Police),truck,1,2026-09-21T09:48:48+05:30,0.964,no,yes,valid standard format,OB01M3130BR1AC6P0T1TZHX6CHFQ,EZ01M3130C9ZSKC5SW89D6QQZ7D4,earlier
GJ11CH0340,2026-09-21T04:18:42.311233+00:00,cam06,Timbavadi Gate,Junagadh,Home (Police),car,1,2026-09-21T09:48:42+05:30,0.913,no,yes,valid standard format,OB01M31307E34RR68TCX1RWZW6YS,,earlier
GJ36R4094,2026-09-21T04:18:31.831233+00:00,cam06,Timbavadi Gate,Junagadh,Home (Police),car,2,2026-09-21T09:48:31+05:30,0.977,yes,yes,valid standard format,OB01M312ZW9T11PM6RYPX9HG6H2K,,earlier
GJ10CG4786,2026-09-21T04:18:29.631233+00:00,cam06,Timbavadi Gate,Junagadh,Home (Police),car,3,2026-09-21T09:48:29+05:30,0.948,yes,yes,valid standard format,OB01M312ZTHC268H8N3G22ACRB68,,earlier
GJ11VV6198,2026-09-21T04:18:27.751233+00:00,cam06,Timbavadi Gate,Junagadh,Home (Police),truck_bus,3,2026-09-21T09:48:27+05:30,0.963,yes,yes,valid standard format,OB01M312ZRAQH6QB82S45NH9HMY2,,earlier
GJ10DN2875,2026-09-21T04:16:33.951233+00:00,cam06,Timbavadi Gate,Junagadh,Home (Police),car,2,2026-09-21T09:46:33+05:30,0.830,yes,yes,valid standard format,OB01M312W94GZPVY6F61CYXPSP85,,earlier
GJ11BR0928,2026-09-21T04:15:56.311233+00:00,cam06,Timbavadi Gate,Junagadh,Home (Police),car,6,2026-09-21T09:45:56+05:30,0.964,yes,yes,valid standard format,OB01M312V90DFVG6SGST5BKB2HAA,EZ01M312V9JGHDBRMCD6X372RF4T,earlier
GJ11CH3274,2026-09-21T04:15:39.351233+00:00,cam06,Timbavadi Gate,Junagadh,Home (Police),car,1,2026-09-21T09:45:39+05:30,0.994,no,yes,valid standard format,OB01M312TJ0864P6DP7PPPYC4XFT,,earlier
GJ03ER8216,2026-09-21T04:15:25.711233+00:00,cam06,Timbavadi Gate,Junagadh,Home (Police),truck,3,2026-09-21T09:45:25+05:30,0.961,yes,yes,valid standard format,OB01M312T7HMJ2P546V90AC3PC7T,,earlier
GJ11DB2886,2026-09-21T04:14:49.311233+00:00,cam06,Timbavadi Gate,Junagadh,Home (Police),truck,2,2026-09-21T09:44:49+05:30,0.996,yes,yes,valid standard format,OB01M312S2VP6V6MFV0B079P0EZK,EZ01M312S3FPC5SJ8N3TJFQNGD48,earlier
GJ03PD2863,2026-09-21T04:13:32.951233+00:00,cam06,Timbavadi Gate,Junagadh,Home (Police),truck_bus,1,2026-09-21T09:43:32+05:30,0.950,no,yes,valid standard format,OB01M312PRG3WZ6GFCQBS31AKSF9,,earlier
GJ05JF6480,2026-09-21T04:13:19.111233+00:00,cam06,Timbavadi Gate,Junagadh,Home (Police),car,2,2026-09-21T09:43:19+05:30,0.950,yes,yes,valid standard format,OB01M312PAT67C33Y0ZTTAKQQT2Y,,earlier
GJ1HB2273,2026-09-21T04:12:23.711233+00:00,cam06,Timbavadi Gate,Junagadh,Home (Police),truck,1,2026-09-21T09:42:23+05:30,0.835,no,yes,valid standard format,OB01M312MMH0YYJNQN101CMGT6KW,,earlier
GJ37AB9445,2026-09-21T04:12:23.191233+00:00,cam06,Timbavadi Gate,Junagadh,Home (Police),car,3,2026-09-21T09:42:23+05:30,0.979,yes,yes,valid standard format,OB01M312MMS4276GF4HAG8E2QXKE,,earlier
GJ3ZK9335,2026-09-21T04:11:40.671233+00:00,cam06,Timbavadi Gate,Junagadh,Home (Police),car,1,2026-09-21T09:41:40+05:30,0.893,no,yes,valid standard format,OB01M312KAPSWTG6P0VP3VHVJQEA,,earlier
GJ18BR5253,2026-09-21T04:11:11.951233+00:00,cam06,Timbavadi Gate,Junagadh,Home (Police),car,1,2026-09-21T09:41:11+05:30,0.944,no,yes,valid standard format,OB01M312JEPAVNMYXYA2E1HPG40V,,earlier
GJ11S9258,2026-09-21T04:10:50.951233+00:00,cam06,Timbavadi Gate,Junagadh,Home (Police),truck_bus,4,2026-09-21T09:40:50+05:30,0.980,yes,yes,valid standard format,OB01M312HSTWXVX7TKG4FYBZ4YYR,EZ01M312HSTZAPQDHE20TQEMPP4Z,earlier
GJ11G1388,2026-09-21T04:10:41.471233+00:00,cam06,Timbavadi Gate,Junagadh,Home (Police),car,5,2026-09-21T09:40:41+05:30,0.985,yes,yes,valid standard format,OB01M312HGBG58K003M1QRB72VVZ,,earlier
GJ01HM7952,2026-09-21T04:09:22.391233+00:00,cam06,Timbavadi Gate,Junagadh,Home (Police),car,2,2026-09-21T09:39:22+05:30,0.968,yes,yes,valid standard format,OB01M312F4VHP9JNKP3CGRNFFTPQ,,earlier
GJ11CQ9625,2026-09-21T04:09:13.711233+00:00,cam06,Timbavadi Gate,Junagadh,Home (Police),car,1,2026-09-21T09:39:13+05:30,0.990,no,yes,valid standard format,OB01M312EV68G0S6E09WNC8M8Y2E,,earlier
GJ11S7924,2026-09-21T04:08:16.511233+00:00,cam06,Timbavadi Gate,Junagadh,Home (Police),car,9,2026-09-21T09:38:16+05:30,0.973,yes,yes,valid standard format,OB01M312D7Y07VK9NGJAZF0MCZVY,EZ01M312D7Y3NZJN459QHTS4E7JH,earlier
GJ18X6705,2026-09-21T04:06:58.551233+00:00,cam06,Timbavadi Gate,Junagadh,Home (Police),truck,2,2026-09-21T09:36:58+05:30,0.953,yes,yes,valid standard format,OB01M312B6HBS4QPHMQ30N9M0X6D,EZ01M312B7570AEMJDSQJ5393NZ4,earlier
GJ11CQ8831,2026-09-21T03:51:14.079244+00:00,cam06,Timbavadi Gate,Junagadh,Home (Police),truck_bus,2,2026-09-21T09:21:14+05:30,0.980,yes,yes,valid standard format,OB01M311DXV5JB3B5P7GE17AEY4B,,earlier
GJ1BZ1201,2026-09-21T03:51:05.199244+00:00,cam06,Timbavadi Gate,Junagadh,Home (Police),bus,1,2026-09-21T09:21:05+05:30,0.849,no,yes,valid standard format,OB01M311DHSVA4XPBWX7HESVA8RB,,earlier
GJ18ZT1782,2026-09-21T03:50:42.839244+00:00,cam06,Timbavadi Gate,Junagadh,Home (Police),car,2,2026-09-21T09:20:42+05:30,0.971,yes,yes,valid standard format,OB01M311CZZ3M9XQGJF4DTCX7R8D,EZ01M311D0GSVR0HR4GH95PE5EM9,earlier
GJ11CH4401,2026-09-21T03:49:52.839244+00:00,cam06,Timbavadi Gate,Junagadh,Home (Police),car,4,2026-09-21T09:19:52+05:30,0.901,yes,yes,valid standard format,OB01M311BDDVW6EMCDK8Q0YH7MY2,,earlier
GJ03AZ0644,2026-09-21T03:49:34.519244+00:00,cam06,Timbavadi Gate,Junagadh,Home (Police),truck,2,2026-09-21T09:19:34+05:30,0.925,yes,yes,valid standard format,OB01M311AWF38XRVT7B1JGH7G6BD,,earlier
GJ01KN1659,2026-09-21T03:49:11.279244+00:00,cam06,Timbavadi Gate,Junagadh,Home (Police),car,1,2026-09-21T09:19:11+05:30,0.926,no,yes,valid standard format,OB01M311A45AANH26KK7SW7JQF3M,,earlier
GJ11BR2509,2026-09-21T03:48:56.559244+00:00,cam06,Timbavadi Gate,Junagadh,Home (Police),car,1,2026-09-21T09:18:56+05:30,0.939,no,yes,valid standard format,OB01M3119P689VDDCQHJPDBKD224,,earlier
GJ08A7550,2026-09-21T03:48:41.439244+00:00,cam06,Timbavadi Gate,Junagadh,Home (Police),truck,1,2026-09-21T09:18:41+05:30,0.845,no,yes,valid standard format,OB01M31197NBM11P6TKYJHE3EZMS,,earlier
GJ11CH0340,2026-09-21T03:48:17.759244+00:00,cam06,Timbavadi Gate,Junagadh,Home (Police),car,1,2026-09-21T09:18:17+05:30,0.913,no,yes,valid standard format,OB01M3118H6G4HTBBWAKCZ9YTDF3,,earlier
GJ36R4094,2026-09-21T03:48:07.359244+00:00,cam06,Timbavadi Gate,Junagadh,Home (Police),car,4,2026-09-21T09:18:07+05:30,0.932,yes,yes,valid standard format,OB01M3118632185E0TA55AV0EGV4,,earlier
GJ1QCG4786,2026-09-21T03:48:05.039244+00:00,cam06,Timbavadi Gate,Junagadh,Home (Police),truck,2,2026-09-21T09:18:05+05:30,0.970,yes,yes,valid standard format,OB01M31184APNW9CQMS7A8G44BJY,,earlier
GJ11VV6198,2026-09-21T03:48:03.439244+00:00,cam06,Timbavadi Gate,Junagadh,Home (Police),truck_bus,4,2026-09-21T09:18:03+05:30,0.949,yes,yes,valid standard format,OB01M31181W7N23F740JMSF8FVK5,,earlier
GJ3AAA2864,2026-09-21T03:46:54.439244+00:00,cam06,Timbavadi Gate,Junagadh,Home (Police),truck_bus,1,2026-09-21T09:16:54+05:30,0.947,no,yes,valid standard format,OB01M311607F7V1VNMZA81WRSG0E,,earlier
GJ10DN2875,2026-09-21T03:46:09.479244+00:00,cam06,Timbavadi Gate,Junagadh,Home (Police),truck_bus,3,2026-09-21T09:16:09+05:30,0.880,yes,yes,valid standard format,OB01M3114K5PEKQBH8JN2EHHWB96,,earlier
GJ11BR0928,2026-09-21T03:45:31.599244+00:00,cam06,Timbavadi Gate,Junagadh,Home (Police),car,7,2026-09-21T09:15:31+05:30,0.976,yes,yes,valid standard format,OB01M3113JVWWSBJVG8Q2CBQCBG9,EZ01M3113JW08426MSCCJ2JRJQVX,earlier
GJ03ER8216,2026-09-21T03:45:01.119244+00:00,cam06,Timbavadi Gate,Junagadh,Home (Police),truck_bus,3,2026-09-21T09:15:01+05:30,0.940,yes,yes,valid standard format,OB01M3112K2EGDEA5TCY7FEBC9XS,,earlier
GJ11DB2886,2026-09-21T03:44:26.039244+00:00,cam06,Timbavadi Gate,Junagadh,Home (Police),truck,2,2026-09-21T09:14:26+05:30,0.996,yes,yes,valid standard format,OB01M3111CDM8E8J3S2Z716SRZMV,EZ01M3111D1NCVHPFXSF9JFG800B,earlier
GJ05JF6480,2026-09-21T03:42:54.759244+00:00,cam06,Timbavadi Gate,Junagadh,Home (Police),car,3,2026-09-21T09:12:54+05:30,0.952,yes,yes,valid standard format,OB01M310YMGH2TP8R0J81TZ969FB,,earlier
GJ32K9819,2026-09-21T03:42:51.639244+00:00,cam06,Timbavadi Gate,Junagadh,Home (Police),car,3,2026-09-21T09:12:51+05:30,0.931,yes,yes,valid standard format,OB01M310YJ0CD39XJHVN3D4ZGZ9V,,earlier
GJ11C0888,2026-09-21T03:42:12.159244+00:00,cam06,Timbavadi Gate,Junagadh,Home (Police),car,1,2026-09-21T09:12:12+05:30,0.922,no,yes,valid standard format,OB01M310XB8XJMSGXNS6B6JAMK0F,,earlier
GJ37AB9445,2026-09-21T03:41:58.479244+00:00,cam06,Timbavadi Gate,Junagadh,Home (Police),truck,5,2026-09-21T09:11:58+05:30,0.975,yes,yes,valid standard format,OB01M310WYH2839ETVMT004S22K4,,earlier
GJ11S9258,2026-09-21T03:40:26.199244+00:00,cam06,Timbavadi Gate,Junagadh,Home (Police),truck_bus,3,2026-09-21T09:10:26+05:30,0.987,yes,yes,valid standard format,OB01M310T3DR9KM9GCKQ2JBBP1XZ,EZ01M310T3ZG7HX4A7FDFG7X0EF0,earlier
GJ11G1388,2026-09-21T03:40:16.879244+00:00,cam06,Timbavadi Gate,Junagadh,Home (Police),truck,4,2026-09-21T09:10:16+05:30,0.984,yes,yes,valid standard format,OB01M310ST5NBZ1Z9ZPJNGB352TG,,earlier
GJ32B2702,2026-09-21T03:40:10.959244+00:00,cam06,Timbavadi Gate,Junagadh,Home (Police),car,2,2026-09-21T09:10:10+05:30,0.971,yes,yes,valid standard format,OB01M310SN00KQ7D5YRN24NYWYJV,,earlier
GJ11CQ9625,2026-09-21T03:38:49.319244+00:00,cam06,Timbavadi Gate,Junagadh,Home (Police),unknown,1,2026-09-21T09:08:49+05:30,0.998,no,yes,valid standard format,OB01M310Q4X1615JFVF2923MW84M,,earlier
GJ11CQ9625,2026-09-21T03:38:47.759244+00:00,cam06,Timbavadi Gate,Junagadh,Home (Police),car,1,2026-09-21T09:08:47+05:30,0.947,no,yes,valid standard format,OB01M310Q4X1Z6BEBDJR8CB59MDP,,earlier
GJ11S7924,2026-09-21T03:37:51.919244+00:00,cam06,Timbavadi Gate,Junagadh,Home (Police),car,7,2026-09-21T09:07:51+05:30,0.971,yes,yes,valid standard format,OB01M310NHQTPN4MMB4AKWEXB3F3,EZ01M310NJ0RNKNVBD2SBRGFG41Q,earlier
GJ23H1546,2026-09-21T03:37:31.679244+00:00,cam06,Timbavadi Gate,Junagadh,Home (Police),truck,2,2026-09-21T09:07:31+05:30,0.886,yes,yes,valid standard format,OB01M310MSC5K47NVVG6FTE1V8NY,,earlier
GJ18ZT2013,2026-09-21T03:36:05.967566+00:00,cam06,Timbavadi Gate,Junagadh,Home (Police),truck,2,2026-09-21T09:06:05+05:30,0.953,yes,yes,valid standard format,OB01M310J83TCPD1JXXPTAH4X70C,,earlier
GJ04Z0610,2026-09-21T03:35:44.687002+00:00,cam06,Timbavadi Gate,Junagadh,Home (Police),bus,2,2026-09-21T09:05:44+05:30,0.825,yes,yes,valid standard format,OB01M310HHB40TAGSS9TKRWBDMNT,,earlier
GJ18ZT1782,2026-09-21T03:35:42.768236+00:00,cam06,Timbavadi Gate,Junagadh,Home (Police),bus,2,2026-09-21T09:05:42+05:30,0.978,yes,yes,valid standard format,OB01M310HERY8HGX5JWW033X9DK4,EZ01M310HES2ZRNPWMK517PYZ72K,earlier
GJ18BH7584,2026-09-21T03:34:42.716417+00:00,cam06,Timbavadi Gate,Junagadh,Home (Police),car,1,2026-09-21T09:04:42+05:30,0.999,no,yes,valid standard format,OB01M310FJP1KM9T61K0T2WVZVM3,,earlier
GJ03AZ0644,2026-09-21T03:34:37.866458+00:00,cam06,Timbavadi Gate,Junagadh,Home (Police),truck,1,2026-09-21T09:04:37+05:30,0.908,no,yes,valid standard format,OB01M310FF0NXNVS9DRFF53K5JJS,,earlier
GJ11U1393,2026-09-21T03:33:45.104714+00:00,cam06,Timbavadi Gate,Junagadh,Home (Police),car,1,2026-09-21T09:03:45+05:30,0.903,no,yes,valid standard format,OB01M310DRZ22NEVGYGVHTV2HYX4,,earlier
GJ1QCG4786,2026-09-21T03:33:03.369637+00:00,cam06,Timbavadi Gate,Junagadh,Home (Police),car,3,2026-09-21T09:03:03+05:30,0.975,yes,yes,valid standard format,OB01M310CMGAVGT04NCSMAHPA686,,earlier
GJ10DN2875,2026-09-21T03:31:07.192779+00:00,cam06,Timbavadi Gate,Junagadh,Home (Police),car,2,2026-09-21T09:01:07+05:30,0.767,yes,yes,valid standard format,OB01M3109157NMEKMQ5FBXX5VVJ3,,earlier
GJ11CH3274,2026-09-21T03:30:08.987882+00:00,cam06,Timbavadi Gate,Junagadh,Home (Police),car,1,2026-09-21T09:00:08+05:30,0.964,no,yes,valid standard format,OB01M3107AF8TJFGFS3SEX8KBCAV,,earlier
GJ03JR5317,2026-09-21T03:30:01.907882+00:00,cam06,Timbavadi Gate,Junagadh,Home (Police),car,1,2026-09-21T09:00:01+05:30,0.958,no,yes,valid standard format,OB01M3107222WC07GG4WKN9YGYNX,,earlier
GJ03ER8216,2026-09-21T03:30:01.907882+00:00,cam06,Timbavadi Gate,Junagadh,Home (Police),truck,1,2026-09-21T09:00:01+05:30,0.967,no,yes,valid standard format,OB01M31070M3N2JQM6A4G0XAYVMD,,earlier
GJ11DB2886,2026-09-21T03:29:22.836493+00:00,cam06,Timbavadi Gate,Junagadh,Home (Police),truck,3,2026-09-21T08:59:22+05:30,0.967,yes,yes,valid standard format,OB01M3105T2MAV9HCDGW6BGPYY4Y,EZ01M3105TTTH07GY7S8DZ4319R6,earlier
GJ27AA0401,2026-09-21T03:28:37.156493+00:00,cam06,Timbavadi Gate,Junagadh,Home (Police),motorcycle,1,2026-09-21T08:58:37+05:30,0.941,no,yes,valid standard format,OB01M3104E6Y57GSSDRGBCJ5M2K0,,earlier
GJ03PD2863,2026-09-21T03:28:07.626391+00:00,cam06,Timbavadi Gate,Junagadh,Home (Police),car,2,2026-09-21T08:58:07+05:30,0.936,yes,yes,valid standard format,OB01M3103H7TQ7RB4HJ45PQ4BWY8,,earlier
GJ05JF6480,2026-09-21T03:27:53.153703+00:00,cam06,Timbavadi Gate,Junagadh,Home (Police),car,1,2026-09-21T08:57:53+05:30,0.947,no,yes,valid standard format,OB01M31033DXN5N7GHBXPZ46A9ES,,earlier
GJ37AB9445,2026-09-21T03:26:55.425325+00:00,cam06,Timbavadi Gate,Junagadh,Home (Police),car,4,2026-09-21T08:56:55+05:30,0.979,yes,yes,valid standard format,OB01M3101AEWQVCPM4J6EHV0T981,,earlier
GJ05AV6417,2026-09-21T03:26:24.225325+00:00,cam06,Timbavadi Gate,Junagadh,Home (Police),truck,1,2026-09-21T08:56:24+05:30,0.874,no,yes,valid standard format,OB01M3100CX6EXPTF4M3W9B0MWYT,,earlier
GJ32K9335,2026-09-21T03:26:12.865325+00:00,cam06,Timbavadi Gate,Junagadh,Home (Police),car,1,2026-09-21T08:56:12+05:30,0.884,no,yes,valid standard format,OB01M31000W4VSY6PZKNQP4T2HRS,,earlier
GJ11S9258,2026-09-21T03:25:23.825325+00:00,cam06,Timbavadi Gate,Junagadh,Home (Police),car,5,2026-09-21T08:55:23+05:30,0.985,yes,yes,valid standard format,OB01M30ZYF4XKJNZKDZZNBX96FGN,EZ01M30ZYFQ3AHWQZQA1M79C5GZG,earlier
GJ11G1388,2026-09-21T03:25:13.585325+00:00,cam06,Timbavadi Gate,Junagadh,Home (Police),car,4,2026-09-21T08:55:13+05:30,0.980,yes,yes,valid standard format,OB01M30ZY6MH8EZNZGYN9DNPYZGZ,,earlier
GJ328270,2026-09-21T03:25:08.145325+00:00,cam06,Timbavadi Gate,Junagadh,Home (Police),truck,2,2026-09-21T08:55:08+05:30,0.859,yes,yes,valid standard format,OB01M30ZY0MW99GMYFM0FA91FDY3,,earlier
GJ11CQ9625,2026-09-21T03:23:42.938934+00:00,cam06,Timbavadi Gate,Junagadh,Home (Police),car,1,2026-09-21T08:53:42+05:30,0.998,no,yes,valid standard format,OB01M30ZVGVMQMC52BVARD6Z05FC,,earlier
GJ11S7924,2026-09-21T03:22:46.818934+00:00,cam06,Timbavadi Gate,Junagadh,Home (Police),car,6,2026-09-21T08:52:46+05:30,0.967,yes,yes,valid standard format,OB01M30ZSXSTSD4RDDNSWP0G6FBH,EZ01M30ZSXSX2HFZFQDMZ05P8MMK,earlier
GJ23H1546,2026-09-21T03:22:26.418934+00:00,cam06,Timbavadi Gate,Junagadh,Home (Police),car,2,2026-09-21T08:52:26+05:30,0.886,yes,yes,valid standard format,OB01M30ZS6CHN4KN6WD2CDW1ND4T,,earlier
GJ04Z0610,2026-09-21T03:05:31.640946+00:00,cam06,Timbavadi Gate,Junagadh,Home (Police),bus,1,2026-09-21T08:35:31+05:30,0.955,no,yes,valid standard format,OB01M30YT4S8AJ78ZSS3RRRW2KX2,,earlier
GJ32AA2864,2026-09-21T03:01:38.465105+00:00,cam06,Timbavadi Gate,Junagadh,Home (Police),truck,1,2026-09-21T08:31:38+05:30,0.998,no,yes,valid standard format,OB01M30YK4ZBX7V1Y5CF6FMXACDJ,,earlier
GJ11VV7338,2026-09-21T02:59:59.649561+00:00,cam06,Timbavadi Gate,Junagadh,Home (Police),truck,1,2026-09-21T08:29:59+05:30,0.867,no,yes,valid standard format,OB01M30YG3R2P3WDQ06KVNR33HWM,,earlier
GJ11AS5892,2026-09-21T02:57:58.191299+00:00,cam06,Timbavadi Gate,Junagadh,Home (Police),car,1,2026-09-21T08:27:58+05:30,0.920,no,yes,valid standard format,OB01M30YCA4160N8T9P1FVVWCST1,,earlier
GJ05JF6480,2026-09-21T02:57:39.789955+00:00,cam06,Timbavadi Gate,Junagadh,Home (Police),car,1,2026-09-21T08:27:39+05:30,0.960,no,yes,valid standard format,OB01M30YBRVZA7XV11N48THEQQYM,,earlier
GJ32K9819,2026-09-21T02:57:37.069955+00:00,cam06,Timbavadi Gate,Junagadh,Home (Police),car,1,2026-09-21T08:27:37+05:30,0.995,no,yes,valid standard format,OB01M30YBPMPPX58TBTP95SVKSK7,,earlier
GJ37AB9445,2026-09-21T02:56:42.717080+00:00,cam06,Timbavadi Gate,Junagadh,Home (Police),truck,5,2026-09-21T08:26:42+05:30,0.979,yes,yes,valid standard format,OB01M30YA2TF1FECPJ2JTVD7PXW9,,earlier
GJ11S9258,2026-09-21T02:55:10.668019+00:00,cam06,Timbavadi Gate,Junagadh,Home (Police),car,2,2026-09-21T08:25:10+05:30,0.977,yes,yes,valid standard format,OB01M30Y76X5X823P6BZRHQWKCK3,EZ01M30Y77QD09J0AT8D57Z6ESQY,earlier
GJ11G1388,2026-09-21T02:55:02.228019+00:00,cam06,Timbavadi Gate,Junagadh,Home (Police),bus,2,2026-09-21T08:25:02+05:30,0.999,yes,yes,valid standard format,OB01M30Y6W8ZD7APBXTDDCD9MG3F,,earlier
GJ11CQ9625,2026-09-21T02:53:33.858646+00:00,cam06,Timbavadi Gate,Junagadh,Home (Police),car,1,2026-09-21T08:23:33+05:30,0.988,no,yes,valid standard format,OB01M30Y47G18Y9T6591AYN27CFH,,earlier
GJ11S7924,2026-09-21T02:52:38.798987+00:00,cam06,Timbavadi Gate,Junagadh,Home (Police),truck,2,2026-09-21T08:22:38+05:30,0.960,yes,yes,valid standard format,OB01M30Y2K06M750Q5KJKR3BY0PA,EZ01M30Y2K0CC5P9AXZ0FRN33Q85,earlier
GJ11CQ8831,2026-09-21T02:36:07.253081+00:00,cam06,Timbavadi Gate,Junagadh,Home (Police),car,2,2026-09-21T08:06:07+05:30,0.933,yes,yes,valid standard format,OB01M30X4FK5884MJZ9BYAQQP0DG,,earlier
GJ03LG6586,2026-09-21T02:35:11.133081+00:00,cam06,Timbavadi Gate,Junagadh,Home (Police),car,1,2026-09-21T08:05:11+05:30,0.966,no,yes,valid standard format,OB01M30X2PJR7H9JEXW3S9G26FVE,,earlier
GJ11CH4401,2026-09-21T02:34:49.453081+00:00,cam06,Timbavadi Gate,Junagadh,Home (Police),car,1,2026-09-21T08:04:49+05:30,0.993,no,yes,valid standard format,OB01M30X1YA9G8H8A1RDT9HSDV9A,,earlier
GJ03AZ0644,2026-09-21T02:34:28.733081+00:00,cam06,Timbavadi Gate,Junagadh,Home (Police),truck,1,2026-09-21T08:04:28+05:30,0.945,no,yes,valid standard format,OB01M30X1FW0FQ0WKEKZ81J27YTP,,earlier
GJ01KN1659,2026-09-21T02:34:07.493081+00:00,cam06,Timbavadi Gate,Junagadh,Home (Police),car,1,2026-09-21T08:04:07+05:30,0.926,no,yes,valid standard format,OB01M30X0M6FDEYTAN176NAD92H7,,earlier
GJ36R4094,2026-09-21T02:33:03.853081+00:00,cam06,Timbavadi Gate,Junagadh,Home (Police),car,1,2026-09-21T08:03:03+05:30,0.994,no,yes,valid standard format,OB01M30WYP2Q2QT47W9QHMSYTJXM,,earlier
GJ36R4094,2026-09-21T02:33:03.093081+00:00,cam06,Timbavadi Gate,Junagadh,Home (Police),bus,1,2026-09-21T08:03:03+05:30,0.990,no,yes,valid standard format,OB01M30WYP2QGD5HJ49B0M34DK6C,,earlier
GJ11YV6198,2026-09-21T02:32:58.053081+00:00,cam06,Timbavadi Gate,Junagadh,Home (Police),truck_bus,1,2026-09-21T08:02:58+05:30,0.972,no,yes,valid standard format,OB01M30WYJVQ3G3SQHQT5HEJ0RE0,,earlier
GJ11BR0928,2026-09-21T02:30:25.973081+00:00,cam06,Timbavadi Gate,Junagadh,Home (Police),car,4,2026-09-21T08:00:25+05:30,0.979,yes,yes,valid standard format,OB01M30WT3KR2Z1J77B9W5D71XT8,EZ01M30WT4FN5DTST0QFQZ0ZG4HV,earlier
GJ03ER8216,2026-09-21T02:29:55.373081+00:00,cam06,Timbavadi Gate,Junagadh,Home (Police),truck,1,2026-09-21T07:59:55+05:30,0.952,no,yes,valid standard format,OB01M30WS27EWXCR22VT42MPSNX9,,earlier
GJ2ZAA0401,2026-09-21T02:28:33.933081+00:00,cam06,Timbavadi Gate,Junagadh,Home (Police),car,1,2026-09-21T07:58:33+05:30,0.912,no,yes,valid standard format,OB01M30WPHJ3WP4KHHCZGDMW35HN,,earlier
GJ11CD3491,2026-09-21T02:28:31.893081+00:00,cam06,Timbavadi Gate,Junagadh,Home (Police),car,1,2026-09-21T07:58:31+05:30,0.981,no,yes,valid standard format,OB01M30WPHJ33EHZ3HGPSWYECEK3,,earlier
GJ25AA4345,2026-09-21T02:27:55.093081+00:00,cam06,Timbavadi Gate,Junagadh,Home (Police),car,1,2026-09-21T07:57:55+05:30,0.992,no,yes,valid standard format,OB01M30WNBAXACE39D3RPFYR8P06,,earlier
GJ05JF6480,2026-09-21T02:27:49.173081+00:00,cam06,Timbavadi Gate,Junagadh,Home (Police),car,3,2026-09-21T07:57:49+05:30,0.937,yes,yes,valid standard format,OB01M30WN4A76NTG5RW3TPE5TZ25,,earlier
GJ32K9819,2026-09-21T02:27:46.173081+00:00,cam06,Timbavadi Gate,Junagadh,Home (Police),car,2,2026-09-21T07:57:46+05:30,0.952,yes,yes,valid standard format,OB01M30WN2Q3B09Y1B18R5JMNHKS,,earlier
GJ11BH2735,2026-09-21T02:26:54.173081+00:00,cam06,Timbavadi Gate,Junagadh,Home (Police),car,1,2026-09-21T07:56:54+05:30,0.995,no,yes,valid standard format,OB01M30WKFA9CMXAC5TFB09Y2SVQ,,earlier
GJ37AB9445,2026-09-21T02:26:53.133081+00:00,cam06,Timbavadi Gate,Junagadh,Home (Police),car,2,2026-09-21T07:56:53+05:30,0.978,yes,yes,valid standard format,OB01M30WKETTBPHXAXA76QY2ANTJ,,earlier
GJ05AV6417,2026-09-21T02:26:21.453081+00:00,cam06,Timbavadi Gate,Junagadh,Home (Police),truck,1,2026-09-21T07:56:21+05:30,0.874,no,yes,valid standard format,OB01M30WJH01XP5VAD5Q5H1Z3TX3,,earlier
GJ18BR5253,2026-09-21T02:25:42.213081+00:00,cam06,Timbavadi Gate,Junagadh,Home (Police),car,1,2026-09-21T07:55:42+05:30,0.971,no,yes,valid standard format,OB01M30WH8M895HZMKJ3FYXAG5Q3,,earlier
GJ11S9258,2026-09-21T02:25:21.133081+00:00,cam06,Timbavadi Gate,Junagadh,Home (Police),truck,5,2026-09-21T07:55:21+05:30,0.991,yes,yes,valid standard format,OB01M30WGKRT58RA3EXH3W1W69YQ,EZ01M30WGKRYGQ7WES4DVRC45M6H,earlier
GJ11G1388,2026-09-21T02:25:13.293081+00:00,cam06,Timbavadi Gate,Junagadh,Home (Police),car,1,2026-09-21T07:55:13+05:30,0.999,no,yes,valid standard format,OB01M30WGAAEP6S7WCERV3RE44C0,,earlier
GJ32B2702,2026-09-21T02:25:05.373081+00:00,cam06,Timbavadi Gate,Junagadh,Home (Police),car,1,2026-09-21T07:55:05+05:30,0.943,no,yes,valid standard format,OB01M30WG5CH4PM4DJQEJW6FKE5F,,earlier
GJ11S7924,2026-09-21T02:22:46.053081+00:00,cam06,Timbavadi Gate,Junagadh,Home (Police),car,4,2026-09-21T07:52:46+05:30,0.973,yes,yes,valid standard format,OB01M30WC1GKGPGB41CX9QHT6XZ6,EZ01M30WC1VTN8BCFJGC22GKS35D,earlier
GJ23H1546,2026-09-21T02:22:26.213081+00:00,cam06,Timbavadi Gate,Junagadh,Home (Police),car,2,2026-09-21T07:52:26+05:30,0.886,yes,yes,valid standard format,OB01M30WB9SD7X0X5ZMPYZV7DP7B,,earlier
GJ19X6705,2026-09-21T02:21:25.213081+00:00,cam06,Timbavadi Gate,Junagadh,Home (Police),truck,1,2026-09-21T07:51:25+05:30,0.907,no,yes,valid standard format,OB01M30WA0T0PF9AAVH167569WZ1,,earlier
GJ18BL4660,2026-09-21T02:21:05.907904+00:00,cam06,Timbavadi Gate,Junagadh,Home (Police),truck,1,2026-09-21T07:51:05+05:30,0.996,no,yes,valid standard format,OB01M30W8Y9MYWBFJ203MT9WW5CE,,earlier
GJ11CQ8831,2026-09-21T02:20:58.667904+00:00,cam06,Timbavadi Gate,Junagadh,Home (Police),car,1,2026-09-21T07:50:58+05:30,0.975,no,yes,valid standard format,OB01M30W8T4AKXC4R3TGZ3FS6EV6,,earlier
GJ03AZ0644,2026-09-21T02:19:22.587904+00:00,cam06,Timbavadi Gate,Junagadh,Home (Police),truck,1,2026-09-21T07:49:22+05:30,0.908,no,yes,valid standard format,OB01M30W5KN9XSD2M4NE7TACHWPX,,earlier
GJ36R4094,2026-09-21T02:17:53.427904+00:00,cam06,Timbavadi Gate,Junagadh,Home (Police),car,1,2026-09-21T07:47:53+05:30,0.990,no,yes,valid standard format,OB01M30W2X51K9BGDWGJMM9JBFRS,,earlier
GJ10CG4786,2026-09-21T02:17:52.627904+00:00,cam06,Timbavadi Gate,Junagadh,Home (Police),car,1,2026-09-21T07:47:52+05:30,0.988,no,yes,valid standard format,OB01M30W2XZ4KNG39GYT4YGQB43G,,earlier
GJ11YY6198,2026-09-21T02:17:48.267904+00:00,cam06,Timbavadi Gate,Junagadh,Home (Police),truck_bus,1,2026-09-21T07:47:48+05:30,0.994,no,yes,valid standard format,OB01M30W2TB82CBJ5QVYMVPJZW40,EZ01M30W2V6R54SN56XYZ0MAZQWS,earlier
GJ1QDN2875,2026-09-21T02:15:55.107904+00:00,cam06,Timbavadi Gate,Junagadh,Home (Police),car,1,2026-09-21T07:45:55+05:30,0.917,no,yes,valid standard format,OB01M30VZBNP1YBZFNSZ9WJ3SDBD,,earlier
GJ11BR0928,2026-09-21T02:15:16.227904+00:00,cam06,Timbavadi Gate,Junagadh,Home (Police),car,3,2026-09-21T07:45:16+05:30,0.966,yes,yes,valid standard format,OB01M30VYACPA63ZFJAXBV2VTCB7,EZ01M30VYB65H0WF5TJFRD6X7N99,earlier
GJ03JR5317,2026-09-21T02:14:50.227904+00:00,cam06,Timbavadi Gate,Junagadh,Home (Police),car,2,2026-09-21T07:44:50+05:30,0.960,yes,yes,valid standard format,OB01M30VXCHN8P3PX1Y05AAJ4NQ8,,earlier
GJ03ER8216,2026-09-21T02:14:46.147904+00:00,cam06,Timbavadi Gate,Junagadh,Home (Police),car,1,2026-09-21T07:44:46+05:30,0.953,no,yes,valid standard format,OB01M30VX9ZVCYF014N5YNPQKJ4W,,earlier
GJ11CD1637,2026-09-21T02:14:34.187904+00:00,cam06,Timbavadi Gate,Junagadh,Home (Police),car,1,2026-09-21T07:44:34+05:30,0.997,no,yes,valid standard format,OB01M30VWWJVGH9D3EDHK5G4S98G,,earlier
GJ11C0349,2026-09-21T02:13:21.587904+00:00,cam06,Timbavadi Gate,Junagadh,Home (Police),car,1,2026-09-21T07:43:21+05:30,0.924,no,yes,valid standard format,OB01M30VTPD5MYR2N34Q9KHGBB2J,,earlier
GJ25AA4345,2026-09-21T02:12:47.867904+00:00,cam06,Timbavadi Gate,Junagadh,Home (Police),unknown,1,2026-09-21T07:42:47+05:30,0.992,no,yes,valid standard format,OB01M30VSJQ9Z79ED043B9W1HBMV,,earlier
GJ05JF6480,2026-09-21T02:12:40.587904+00:00,cam06,Timbavadi Gate,Junagadh,Home (Police),car,1,2026-09-21T07:42:40+05:30,0.939,no,yes,valid standard format,OB01M30VSBNBRA51KSZJH4PW2PQT,,earlier
GJ32K9819,2026-09-21T02:12:38.467904+00:00,cam06,Timbavadi Gate,Junagadh,Home (Police),car,1,2026-09-21T07:42:38+05:30,0.996,no,yes,valid standard format,OB01M30VS9VVK5E9BR117Z0Y2MQ5,,earlier
GJ05AV6417,2026-09-21T02:11:11.627904+00:00,cam06,Timbavadi Gate,Junagadh,Home (Police),truck_bus,1,2026-09-21T07:41:11+05:30,0.874,no,yes,valid standard format,OB01M30VPRP5HFNVBP4EHHTX2AMK,,earlier
GJ32K9335,2026-09-21T02:11:00.747904+00:00,cam06,Timbavadi Gate,Junagadh,Home (Police),car,1,2026-09-21T07:41:00+05:30,0.884,no,yes,valid standard format,OB01M30VPBY9GW0SKC9GJK405NFH,,earlier
GJ11S9258,2026-09-21T01:40:06.076547+00:00,cam06,Timbavadi Gate,Junagadh,Home (Police),car,2,2026-09-21T07:10:06+05:30,0.984,yes,yes,valid standard format,OB01M30SXS42G1ZGV7EJC85QWZZ5,EZ01M30SXSC55YXX2NWRYQCA011Y,earlier
GJ11G1388,2026-09-21T01:39:58.796547+00:00,cam06,Timbavadi Gate,Junagadh,Home (Police),car,1,2026-09-21T07:09:58+05:30,0.999,no,yes,valid standard format,OB01M30SXF5BVGTGH196HAEF55VZ,,earlier
GJ11G1388,2026-09-21T01:39:58.036547+00:00,cam06,Timbavadi Gate,Junagadh,Home (Police),car,1,2026-09-21T07:09:58+05:30,0.994,no,yes,valid standard format,OB01M30SXE9BSHT2AZ23227K5GTK,,earlier
GJ32B2702,2026-09-21T01:39:51.516547+00:00,cam06,Timbavadi Gate,Junagadh,Home (Police),car,1,2026-09-21T07:09:51+05:30,0.993,no,yes,valid standard format,OB01M30SXAXW107JBXKSHKTCWJM4,,earlier
GJ110085,2026-09-21T01:39:23.276547+00:00,cam06,Timbavadi Gate,Junagadh,Home (Police),car,1,2026-09-21T07:09:23+05:30,0.856,no,yes,valid standard format,OB01M30SWFNJDGA98CG5AH5ED15E,,earlier
GJ11CQ9625,2026-09-21T01:38:27.996547+00:00,cam06,Timbavadi Gate,Junagadh,Home (Police),unknown,2,2026-09-21T07:08:27+05:30,0.938,yes,yes,valid standard format,OB01M30STSYCE4XGSP42QE6QRCFJ,,earlier
GJ11S7924,2026-09-21T01:37:31.636547+00:00,cam06,Timbavadi Gate,Junagadh,Home (Police),truck_bus,8,2026-09-21T07:07:31+05:30,0.969,yes,yes,valid standard format,OB01M30SS6PMP5B7AFJP37SC9WBY,EZ01M30SS787WZ531Q698J6CRDQR,earlier
GJ23H1546,2026-09-21T01:37:12.116547+00:00,cam06,Timbavadi Gate,Junagadh,Home (Police),truck,1,2026-09-21T07:07:12+05:30,0.906,no,yes,valid standard format,OB01M30SREAP9WN8YKFNZC4HTCW2,,earlier
GJ32AG2883,2026-09-21T01:36:33.716547+00:00,cam06,Timbavadi Gate,Junagadh,Home (Police),car,1,2026-09-21T07:06:33+05:30,0.903,no,yes,valid standard format,OB01M30SQA49KD1D1P91ER2KBZJX,,earlier
GJ19X6705,2026-09-21T01:36:12.636547+00:00,cam06,Timbavadi Gate,Junagadh,Home (Police),truck,1,2026-09-21T07:06:12+05:30,0.907,no,yes,valid standard format,OB01M30SQ5F8YR3JWAD6CKHMZ51S,,earlier
GJ18X6705,2026-09-21T01:34:55.453594+00:00,cam06,Timbavadi Gate,Junagadh,Home (Police),car,3,2026-09-21T07:04:55+05:30,0.966,yes,yes,valid standard format,OB01M30SMVKXRV1NCR35D0GXYTZP,EZ01M30SMWB0NDW3C8S1KW714PGT,earlier
GJ19X6705,2026-09-21T01:33:50.423233+00:00,cam06,Timbavadi Gate,Junagadh,Home (Police),truck,1,2026-09-21T07:03:50+05:30,0.907,no,yes,valid standard format,OB01M30SJVYY98CSKP3CY5XZNNAD,,earlier
GJ11S7924,2026-09-21T01:33:36.486559+00:00,cam06,Timbavadi Gate,Junagadh,Home (Police),truck,7,2026-09-21T07:03:36+05:30,0.982,yes,yes,valid standard format,OB01M30SJ117N9C8QRQJVRQJEGJK,EZ01M30SJ1A95H277CV7GHTHMHX8,earlier
GJ23H1546,2026-09-21T01:33:16.246559+00:00,cam06,Timbavadi Gate,Junagadh,Home (Police),car,1,2026-09-21T07:03:16+05:30,0.906,no,yes,valid standard format,OB01M30SH96MX172PYTAZA52FJK5,,earlier
GJ18X6705,2026-09-21T01:32:16.086559+00:00,cam06,Timbavadi Gate,Junagadh,Home (Police),car,2,2026-09-21T07:02:16+05:30,0.969,yes,yes,valid standard format,OB01M30SG2MFNYCATCJ0KC069E6X,EZ01M30SG2Y9Q1BF6P35H8C2F31Y,earlier
GJ23H1546,2026-09-21T01:32:04.953796+00:00,cam06,Timbavadi Gate,Junagadh,Home (Police),car,1,2026-09-21T07:02:04+05:30,0.906,no,yes,valid standard format,OB01M30SEZHRZP7QQYNV24XD20HB,,earlier
GJ18X6705,2026-09-21T01:31:05.363734+00:00,cam06,Timbavadi Gate,Junagadh,Home (Police),unknown,1,2026-09-21T07:01:05+05:30,0.977,no,yes,valid standard format,OB01M30SDJWG2FP5TECJRXWWHGC9,EZ01M30SDK4WDZMK9X83YPY2SDVA,earlier
GJ18X6705,2026-09-21T01:30:56.083734+00:00,cam06,Timbavadi Gate,Junagadh,Home (Police),car,2,2026-09-21T07:00:56+05:30,0.824,yes,yes,valid standard format,OB01M30SDJ4P89JTMDHSPFHZRWW0,EZ01M30SDJ4TRRKWEHYYMCAND893,earlier
GJ18X6705,2026-09-21T01:28:14.327276+00:00,cam06,Timbavadi Gate,Junagadh,Home (Police),car,1,2026-09-21T06:58:14+05:30,0.977,no,yes,valid standard format,OB01M30S8FV95W6MQ3SN7EHEG4TJ,EZ01M30S8G4QMBJDJQVNF9EV0TXV,earlier
GJ18X6705,2026-09-21T01:27:50.711016+00:00,cam06,Timbavadi Gate,Junagadh,Home (Police),car,1,2026-09-21T06:57:50+05:30,0.977,no,yes,valid standard format,OB01M30S7GPETGC2W62HJRG138N8,EZ01M30S7H700MZHNKZCBBN0HR83,earlier
GJ18X6705,2026-09-21T01:26:07.591157+00:00,cam06,Timbavadi Gate,Junagadh,Home (Police),car,1,2026-09-21T06:56:07+05:30,0.977,no,yes,valid standard format,OB01M30S4D3J3B6728KFZ0A9GT9A,EZ01M30S4DQ5T63MGK0FQSXGRMWN,earlier
GJ18X6705,2026-09-21T01:24:32.448154+00:00,cam06,Timbavadi Gate,Junagadh,Home (Police),car,1,2026-09-21T06:54:32+05:30,0.977,no,yes,valid standard format,OB01M30S1S39NYVQNDG5M78WEECC,EZ01M30S1SCBKQ0EDMND6VYF7E47,earlier
GJ11S7924,2026-09-21T01:23:36.357909+00:00,cam06,Timbavadi Gate,Junagadh,Home (Police),truck,6,2026-09-21T06:53:36+05:30,0.976,yes,yes,valid standard format,OB01M30RZX3WWPYYFYY32WHCTYW2,EZ01M30RZXCG75BXR4AA63GJ4A2V,earlier
GJ23H1546,2026-09-21T01:23:16.597909+00:00,cam06,Timbavadi Gate,Junagadh,Home (Police),car,1,2026-09-21T06:53:16+05:30,0.906,no,yes,valid standard format,OB01M30RZ51YBWBHF9ZQHY1M6EZ1,,earlier
GJ18X6705,2026-09-21T01:22:17.397909+00:00,cam06,Timbavadi Gate,Junagadh,Home (Police),car,3,2026-09-21T06:52:17+05:30,0.868,yes,yes,valid standard format,OB01M30RXP9TFNF6QXKZGKR04WM4,EZ01M30RXPJYHWE5D8KNAGGQR6P0,earlier
GJ04Z0610,2026-09-21T01:21:17.928067+00:00,cam06,Timbavadi Gate,Junagadh,Home (Police),bus,2,2026-09-21T06:51:17+05:30,0.968,yes,yes,valid standard format,OB01M30RV9WBQP80J63CW71E9NQ3,,earlier
GJ18ZT1782,2026-09-21T01:21:13.968067+00:00,cam06,Timbavadi Gate,Junagadh,Home (Police),truck,3,2026-09-21T06:51:13+05:30,0.899,yes,yes,valid standard format,OB01M30RV97D0SXKJ9X6H6V7AV54,EZ01M30RV97HMC1A0Z6YVTQZ7RH2,earlier
GJ03LG6586,2026-09-21T01:20:48.648067+00:00,cam06,Timbavadi Gate,Junagadh,Home (Police),car,1,2026-09-21T06:50:48+05:30,0.948,no,yes,valid standard format,OB01M30RTDK2ZR0Y0S2ZQ078YPMA,,earlier
GJ11CH4401,2026-09-21T01:20:25.168067+00:00,cam06,Timbavadi Gate,Junagadh,Home (Police),car,4,2026-09-21T06:50:25+05:30,0.924,yes,yes,valid standard format,OB01M30RSPG7NWEA7YZRDF440D01,,earlier
GJ11BR1008,2026-09-21T01:20:20.688067+00:00,cam06,Timbavadi Gate,Junagadh,Home (Police),car,1,2026-09-21T06:50:20+05:30,0.840,no,yes,valid standard format,OB01M30RSHPSHWCXJSHDSJBHQES4,EZ01M30RSHPWRC7K56T0Y34B67ZJ,earlier
GJ03AZ0644,2026-09-21T01:20:06.368067+00:00,cam06,Timbavadi Gate,Junagadh,Home (Police),truck,1,2026-09-21T06:50:06+05:30,0.925,no,yes,valid standard format,OB01M30RS5MH54M1GWDKNBYR9YMQ,,earlier
GJ01RS9114,2026-09-21T01:18:57.128067+00:00,cam06,Timbavadi Gate,Junagadh,Home (Police),car,1,2026-09-21T06:48:57+05:30,0.964,no,yes,valid standard format,OB01M30RQ30C8CDHNYPTJMQ4BW0F,EZ01M30RQ30HMC6NH7QRKC4AA72Q,earlier
GJ11BR0928,2026-09-21T01:16:00.971042+00:00,cam06,Timbavadi Gate,Junagadh,Home (Police),truck,4,2026-09-21T06:46:00+05:30,0.969,yes,yes,valid standard format,OB01M30RHTKMWETSC9PSRK9FDM16,EZ01M30RHTKS6N0RPXDM02TX0X0M,earlier
GJ11CH3274,2026-09-21T01:15:43.291042+00:00,cam06,Timbavadi Gate,Junagadh,Home (Police),car,1,2026-09-21T06:45:43+05:30,0.859,no,yes,valid standard format,OB01M30RH3DTHN78C49ZJ5FDB493,,earlier
GJ03JR5317,2026-09-21T01:15:32.891042+00:00,cam06,Timbavadi Gate,Junagadh,Home (Police),car,2,2026-09-21T06:45:32+05:30,0.962,yes,yes,valid standard format,OB01M30RGVKMJVBYXCKF3DZ7SDKQ,,earlier
GJ18BL4660,2026-09-21T01:00:30.240432+00:00,cam06,Timbavadi Gate,Junagadh,Home (Police),truck,1,2026-09-21T06:30:30+05:30,0.988,no,yes,valid standard format,OB01M30QN6WJCPG8X2XTQNWVSV6Q,,earlier
GJ11CQ8831,2026-09-21T01:00:21.240432+00:00,cam06,Timbavadi Gate,Junagadh,Home (Police),car,2,2026-09-21T06:30:21+05:30,0.976,yes,yes,valid standard format,OB01M30QN3C58K9CQF0597ZMCM81,,earlier
GJ04Z0610,2026-09-21T00:59:54.842451+00:00,cam06,Timbavadi Gate,Junagadh,Home (Police),bus,1,2026-09-21T06:29:54+05:30,0.932,no,yes,valid standard format,OB01M30QM2K05S96ENCA3TAQX6KY,,earlier
GJ18ZT1782,2026-09-21T00:59:50.042451+00:00,cam06,Timbavadi Gate,Junagadh,Home (Police),bus,1,2026-09-21T06:29:50+05:30,0.986,no,yes,valid standard format,OB01M30QM0SE3YCPHVYHTD52FPXS,EZ01M30QM0SMXNRK3KNW6G6ZFQZB,earlier
GJ03AZ0644,2026-09-21T00:58:41.735687+00:00,cam06,Timbavadi Gate,Junagadh,Home (Police),truck,1,2026-09-21T06:28:41+05:30,0.908,no,yes,valid standard format,OB01M30QJ0W16JSMCFJDAYNZB1BD,,earlier
GJ36R4094,2026-09-21T00:57:12.436194+00:00,cam06,Timbavadi Gate,Junagadh,Home (Police),unknown,2,2026-09-21T06:27:12+05:30,0.993,yes,yes,valid standard format,OB01M30QF7JYGM6SSSBR203W8D0D,,earlier
GJ3AAA2864,2026-09-21T00:55:59.618208+00:00,cam06,Timbavadi Gate,Junagadh,Home (Police),car,1,2026-09-21T06:25:59+05:30,0.874,no,yes,valid standard format,OB01M30QD1T0MKPPVF8DRZGG8HR5,,earlier
GJ10DN2875,2026-09-21T00:55:16.695894+00:00,cam06,Timbavadi Gate,Junagadh,Home (Police),car,2,2026-09-21T06:25:16+05:30,0.830,yes,yes,valid standard format,OB01M30QBNYNJA3YZ2MJZ0RNMZHY,,earlier
GJ11BR0928,2026-09-21T00:54:38.011850+00:00,cam06,Timbavadi Gate,Junagadh,Home (Police),truck,3,2026-09-21T06:24:38+05:30,0.973,yes,yes,valid standard format,OB01M30QARBNNA79YVJR4997D2WF,EZ01M30QARBV38RRBNG6MK3BQQWW,earlier
GJ03ER8216,2026-09-21T00:54:06.546173+00:00,cam06,Timbavadi Gate,Junagadh,Home (Police),car,2,2026-09-21T06:24:06+05:30,0.927,yes,yes,valid standard format,OB01M30Q9K7ZPRESFR2NYBATN6NN,,earlier
GJ11DB2886,2026-09-21T00:53:30.845293+00:00,cam06,Timbavadi Gate,Junagadh,Home (Police),car,1,2026-09-21T06:23:30+05:30,0.992,no,yes,valid standard format,OB01M30Q8E03RG5MX3RW3BWDJ5R1,EZ01M30Q8E09TM5AR8GJS7R3X6F3,earlier
GJ11AS5892,2026-09-21T00:52:10.938287+00:00,cam06,Timbavadi Gate,Junagadh,Home (Police),car,1,2026-09-21T06:22:10+05:30,0.842,no,yes,valid standard format,OB01M30Q67YE937ZXYSBREJXV01Y,,earlier
GJ05JF6480,2026-09-21T00:51:51.138287+00:00,cam06,Timbavadi Gate,Junagadh,Home (Police),car,1,2026-09-21T06:21:51+05:30,0.955,no,yes,valid standard format,OB01M30Q5K9T34F301JQ3TH207AP,,earlier
GJ37AB9445,2026-09-21T00:50:56.018287+00:00,cam06,Timbavadi Gate,Junagadh,Home (Police),car,1,2026-09-21T06:20:56+05:30,0.995,no,yes,valid standard format,OB01M30Q3S2937FJAJCZBGDGXWVB,,earlier
GJ05AV6417,2026-09-21T00:50:22.898287+00:00,cam06,Timbavadi Gate,Junagadh,Home (Police),truck,1,2026-09-21T06:20:22+05:30,0.874,no,yes,valid standard format,OB01M30Q2SSNBHEMW87NG20EYHDB,,earlier
GJ32K9335,2026-09-21T00:50:11.378287+00:00,cam06,Timbavadi Gate,Junagadh,Home (Police),car,1,2026-09-21T06:20:11+05:30,0.884,no,yes,valid standard format,OB01M30Q2C8A3N2811P923XFC3ZB,,earlier
GJ11S9258,2026-09-21T00:49:23.058287+00:00,cam06,Timbavadi Gate,Junagadh,Home (Police),car,1,2026-09-21T06:19:23+05:30,0.999,no,yes,valid standard format,OB01M30Q0Z09B54XHP22DD8PDDST,EZ01M30Q0Z0G4BPA66P8KFMK3NZ9,earlier
GA11S9258,2026-09-21T00:49:22.418287+00:00,cam06,Timbavadi Gate,Junagadh,Home (Police),car,1,2026-09-21T06:19:22+05:30,0.939,no,yes,valid standard format,OB01M30Q0Z09QVCXX0EYMJYJFP1K,,earlier
GJ11G1388,2026-09-21T00:49:14.178287+00:00,cam06,Timbavadi Gate,Junagadh,Home (Police),car,1,2026-09-21T06:19:14+05:30,0.999,no,yes,valid standard format,OB01M30Q0PRMQNAHZQ7GNCFWBXEW,,earlier
GJ11G1388,2026-09-21T00:49:12.098287+00:00,cam06,Timbavadi Gate,Junagadh,Home (Police),truck,1,2026-09-21T06:19:12+05:30,0.987,no,yes,valid standard format,OB01M30Q0NX6Z91T4W2DDXFPQ74D,,earlier
GJ32B2702,2026-09-21T00:49:06.258287+00:00,cam06,Timbavadi Gate,Junagadh,Home (Police),car,1,2026-09-21T06:19:06+05:30,0.999,no,yes,valid standard format,OB01M30Q0H8H6T2SQ6R4H019D0CK,,earlier
GJ11C8883,2026-09-21T00:28:59.769571+00:00,cam06,Timbavadi Gate,Junagadh,Home (Police),truck,2,2026-09-21T05:58:59+05:30,0.830,yes,yes,valid standard format,OB01M30NVK3DRNTHT9XXZDX0NNVM,,earlier
GJ04Z0610,2026-09-21T00:28:32.513281+00:00,cam06,Timbavadi Gate,Junagadh,Home (Police),truck,1,2026-09-21T05:58:32+05:30,0.932,no,yes,valid standard format,OB01M30NTQJJQP68VSZKWQ8QQ4TM,,earlier
GJ11CH4401,2026-09-21T00:27:38.583721+00:00,cam06,Timbavadi Gate,Junagadh,Home (Police),car,2,2026-09-21T05:57:38+05:30,0.994,yes,yes,valid standard format,OB01M30NS4QVB9JKDBPD2TSGKT9X,,earlier
GJ03AZ0644,2026-09-21T00:27:19.750055+00:00,cam06,Timbavadi Gate,Junagadh,Home (Police),bus,2,2026-09-21T05:57:19+05:30,0.933,yes,yes,valid standard format,OB01M30NRHN1NGTQNVJKKRWR0HSZ,,earlier
GJ11DB2886,2026-09-21T00:22:09.436717+00:00,cam06,Timbavadi Gate,Junagadh,Home (Police),car,1,2026-09-21T05:52:09+05:30,0.926,no,yes,valid standard format,OB01M30NF1BX7852VQWMJ6QRKC7J,EZ01M30NF1C7PM4CRSTMM1K8DPCZ,earlier
GJ25AA4345,2026-09-21T00:20:42.457756+00:00,cam06,Timbavadi Gate,Junagadh,Home (Police),unknown,1,2026-09-21T05:50:42+05:30,0.992,no,yes,valid standard format,OB01M30NCC61N82DFQX3PK1754ZR,,earlier
GJ05JF6480,2026-09-21T00:20:35.657756+00:00,cam06,Timbavadi Gate,Junagadh,Home (Police),car,1,2026-09-21T05:50:35+05:30,0.960,no,yes,valid standard format,OB01M30NC4Q687R8PD9YE5NBYGMY,,earlier
GJ05JF6480,2026-09-21T00:20:35.177756+00:00,cam06,Timbavadi Gate,Junagadh,Home (Police),car,1,2026-09-21T05:50:35+05:30,0.939,no,yes,valid standard format,OB01M30NC4Q6WD813N6RWE5ZD2A4,,earlier
GJ32K9819,2026-09-21T00:20:33.097756+00:00,cam06,Timbavadi Gate,Junagadh,Home (Police),car,1,2026-09-21T05:50:33+05:30,0.922,no,yes,valid standard format,OB01M30NC2T0QP3G82RHQYGM726D,,earlier
GJ05AV6417,2026-09-21T00:19:06.497756+00:00,cam06,Timbavadi Gate,Junagadh,Home (Police),truck,1,2026-09-21T05:49:06+05:30,0.874,no,yes,valid standard format,OB01M30N9HHM5YA74MPG1JWG7XB5,,earlier
GJ11G1388,2026-09-21T00:17:58.137756+00:00,cam06,Timbavadi Gate,Junagadh,Home (Police),car,1,2026-09-21T05:47:58+05:30,0.999,no,yes,valid standard format,OB01M30N7A5ER3R7FB4CXRSC7X9S,,earlier
GJ32B2702,2026-09-21T00:17:52.817756+00:00,cam06,Timbavadi Gate,Junagadh,Home (Police),car,1,2026-09-21T05:47:52+05:30,0.990,no,yes,valid standard format,OB01M30N75Q3D9N4APM1A6G90RJY,,earlier
GJ03JC5583,2026-09-21T00:17:50.177756+00:00,cam06,Timbavadi Gate,Junagadh,Home (Police),car,1,2026-09-21T05:47:50+05:30,0.925,no,yes,valid standard format,OB01M30N72P2K1ZH6KNC8481NVY3,,earlier
GJ01HM7952,2026-09-21T00:16:37.817756+00:00,cam06,Timbavadi Gate,Junagadh,Home (Police),car,1,2026-09-21T05:46:37+05:30,0.946,no,yes,valid standard format,OB01M30N4ZYRE4W198K5T4KFRG10,,earlier
GJ11S7924,2026-09-21T00:15:31.577756+00:00,cam06,Timbavadi Gate,Junagadh,Home (Police),car,4,2026-09-21T05:45:31+05:30,0.982,yes,yes,valid standard format,OB01M30N32HEX7377BJXPXGJGEXK,EZ01M30N32HTYQMQZMQMA4PBVNW9,earlier
GJ23H1546,2026-09-21T00:15:12.977756+00:00,cam06,Timbavadi Gate,Junagadh,Home (Police),car,1,2026-09-21T05:45:12+05:30,0.942,no,yes,valid standard format,OB01M30N2960F3YBNHAYW0QRBFVF,,earlier
GJ23H1546,2026-09-21T00:15:11.857756+00:00,cam06,Timbavadi Gate,Junagadh,Home (Police),car,1,2026-09-21T05:45:11+05:30,0.921,no,yes,valid standard format,OB01M30N28CW3GV8VYRZJVSQNAMV,,earlier
GJ18BL4660,2026-09-20T23:59:11.326192+00:00,cam06,Timbavadi Gate,Junagadh,Home (Police),car,1,2026-09-21T05:29:11+05:30,0.993,no,yes,valid standard format,OB01M30M4YDQTVMEZC1SW3X09H7P,,earlier
GJ04Z0610,2026-09-20T23:58:34.301766+00:00,cam06,Timbavadi Gate,Junagadh,Home (Police),truck,3,2026-09-21T05:28:34+05:30,0.895,yes,yes,valid standard format,OB01M30M3W3VQXMX3XEXJ2WWR45T,,earlier
GJ11CH4401,2026-09-20T23:57:40.709146+00:00,cam06,Timbavadi Gate,Junagadh,Home (Police),car,1,2026-09-21T05:27:40+05:30,0.973,no,yes,valid standard format,OB01M30M277PRJ976AE0JPF9JQ8Z,,earlier
GJ01RS9114,2026-09-20T23:56:13.480482+00:00,cam06,Timbavadi Gate,Junagadh,Home (Police),truck,1,2026-09-21T05:26:13+05:30,0.964,no,yes,valid standard format,OB01M30KZP0RZP3E6Q2V4KAVFSHS,EZ01M30KZP0T03YJ8S5HEMRJY0S9,earlier
GJ11VV6198,2026-09-20T23:55:50.729482+00:00,cam06,Timbavadi Gate,Junagadh,Home (Police),bus,3,2026-09-21T05:25:50+05:30,0.956,yes,yes,valid standard format,OB01M30KYVFCQ5Y0A0W8FVTTTC2J,,earlier
GJ1QDN2875,2026-09-20T23:53:53.637812+00:00,cam06,Timbavadi Gate,Junagadh,Home (Police),truck_bus,2,2026-09-21T05:23:53+05:30,0.938,yes,yes,valid standard format,OB01M30KVDBVQ1J1FBD8XJFWFHPX,,earlier
GJ11BR0928,2026-09-20T23:53:15.397812+00:00,cam06,Timbavadi Gate,Junagadh,Home (Police),car,8,2026-09-21T05:23:15+05:30,0.967,yes,yes,valid standard format,OB01M30KTA2XXSK1RYC7DR3A0YXQ,EZ01M30KTA4XN1B8QDWF68QKYFQS,earlier
GJ03ER8216,2026-09-20T23:52:46.037812+00:00,cam06,Timbavadi Gate,Junagadh,Home (Police),car,3,2026-09-21T05:22:46+05:30,0.958,yes,yes,valid standard format,OB01M30KS9V67KBFD651ZYDNSK4J,,earlier
GJ03ER8216,2026-09-20T23:52:44.997812+00:00,cam06,Timbavadi Gate,Junagadh,Home (Police),car,2,2026-09-21T05:22:44+05:30,0.969,yes,yes,valid standard format,OB01M30KSAH7X3M5HWTSBP9TTK62,,earlier
GJ11DB2886,2026-09-20T23:52:09.117812+00:00,cam06,Timbavadi Gate,Junagadh,Home (Police),truck,2,2026-09-21T05:22:09+05:30,0.990,yes,yes,valid standard format,OB01M30KR3GFECP7K1JTQ6KT7ZA6,EZ01M30KR40S1PKCQEJJEYQ92516,earlier
GJ11BR8190,2026-09-20T23:51:17.357812+00:00,cam06,Timbavadi Gate,Junagadh,Home (Police),car,1,2026-09-21T05:21:17+05:30,0.970,no,yes,valid standard format,OB01M30KPHSDS9PQ3V076DQ8VV5V,,earlier
GJ03PD2863,2026-09-20T23:50:52.437812+00:00,cam06,Timbavadi Gate,Junagadh,Home (Police),car,1,2026-09-21T05:20:52+05:30,0.963,no,yes,valid standard format,OB01M30KNSHEX873J0FYHE721FBC,,earlier
GJ25AA4345,2026-09-20T23:50:44.837812+00:00,cam06,Timbavadi Gate,Junagadh,Home (Police),car,1,2026-09-21T05:20:44+05:30,0.992,no,yes,valid standard format,OB01M30KNGZFJW3R8DJMDVWZ0FFM,,earlier
GJ05JF6480,2026-09-20T23:50:38.677812+00:00,cam06,Timbavadi Gate,Junagadh,Home (Police),car,1,2026-09-21T05:20:38+05:30,0.944,no,yes,valid standard format,OB01M30KNB2GEFXTMNSYS4N2RKGP,,earlier
GJ32K9819,2026-09-20T23:50:35.597812+00:00,cam06,Timbavadi Gate,Junagadh,Home (Police),truck,3,2026-09-21T05:20:35+05:30,0.963,yes,yes,valid standard format,OB01M30KN9254PZBEVE67AXNAJAR,,earlier
GJ11C0888,2026-09-20T23:49:56.077812+00:00,cam06,Timbavadi Gate,Junagadh,Home (Police),unknown,1,2026-09-21T05:19:56+05:30,0.922,no,yes,valid standard format,OB01M30KM1YQVNDCQQG55NQCGNTM,,earlier
GJ37AB9445,2026-09-20T23:49:42.837812+00:00,cam06,Timbavadi Gate,Junagadh,Home (Police),car,8,2026-09-21T05:19:42+05:30,0.971,yes,yes,valid standard format,OB01M30KKNPK22ZWRCTM8FZY31E0,,earlier
GJ3ZK9335,2026-09-20T23:49:00.157812+00:00,cam06,Timbavadi Gate,Junagadh,Home (Police),car,1,2026-09-21T05:19:00+05:30,0.893,no,yes,valid standard format,OB01M30KJBQYK7DGJ32QXKSAKC45,,earlier
GJ18BR5253,2026-09-20T23:48:31.837812+00:00,cam06,Timbavadi Gate,Junagadh,Home (Police),truck,1,2026-09-21T05:18:31+05:30,0.987,no,yes,valid standard format,OB01M30KHF3AD38NPTS1C1PZWFB1,,earlier
GJ11S9258,2026-09-20T23:48:10.397812+00:00,cam06,Timbavadi Gate,Junagadh,Home (Police),car,3,2026-09-21T05:18:10+05:30,0.997,yes,yes,valid standard format,OB01M30KGTTT68V3Y5JEZJMYD1J4,EZ01M30KGVET42W3KHZ39KF0WJ58,earlier
GJ11G1388,2026-09-20T23:48:00.917812+00:00,cam06,Timbavadi Gate,Junagadh,Home (Police),car,6,2026-09-21T05:18:00+05:30,0.990,yes,yes,valid standard format,OB01M30KGH7WJ4JWXTH67E2ZW873,,earlier
GJ32B2702,2026-09-20T23:47:55.197812+00:00,cam06,Timbavadi Gate,Junagadh,Home (Police),car,2,2026-09-21T05:17:55+05:30,0.968,yes,yes,valid standard format,OB01M30KGBX5K7A8QANSZFRV95D1,,earlier
GJ03JC5583,2026-09-20T23:47:52.717812+00:00,cam06,Timbavadi Gate,Junagadh,Home (Police),car,1,2026-09-21T05:17:52+05:30,0.985,no,yes,valid standard format,OB01M30KG9GDPJ0EGXXAKJNREF88,,earlier
GJ01HM7952,2026-09-20T23:46:43.197812+00:00,cam06,Timbavadi Gate,Junagadh,Home (Police),car,1,2026-09-21T05:16:43+05:30,0.971,no,yes,valid standard format,OB01M30KE5T3NTQV926ARNVQMPXN,,earlier
GJ1MH7795,2026-09-20T23:46:41.677812+00:00,cam06,Timbavadi Gate,Junagadh,Home (Police),car,2,2026-09-21T05:16:41+05:30,0.640,yes,yes,valid standard format,OB01M30KE5T3KSTN8N9P1WG3QBDT,,earlier
GJ11CQ9625,2026-09-20T23:46:33.197812+00:00,cam06,Timbavadi Gate,Junagadh,Home (Police),unknown,1,2026-09-21T05:16:33+05:30,0.975,no,yes,valid standard format,OB01M30KDW1MTR8SSEDDRAW62ME0,,earlier
GJ11CQ9625,2026-09-20T23:46:31.957812+00:00,cam06,Timbavadi Gate,Junagadh,Home (Police),car,2,2026-09-21T05:16:31+05:30,0.971,yes,yes,valid standard format,OB01M30KDW1MGCENRVBNHR430SC9,,earlier
GJ11S7924,2026-09-20T23:45:35.877812+00:00,cam06,Timbavadi Gate,Junagadh,Home (Police),car,3,2026-09-21T05:15:35+05:30,0.947,yes,yes,valid standard format,OB01M30KC8FEXJD1WPYPPK31SK8Q,EZ01M30KC95A4HDHSS539NX0MTCW,earlier
GJ11S7924,2026-09-20T23:45:35.877812+00:00,cam06,Timbavadi Gate,Junagadh,Home (Police),truck,9,2026-09-21T05:15:35+05:30,0.976,yes,yes,valid standard format,OB01M30KC87BP40PQV85D35K4MYN,EZ01M30KC87C2ZE21HMYDE8ZD9NK,earlier
GJ23H1546,2026-09-20T23:45:15.757812+00:00,cam06,Timbavadi Gate,Junagadh,Home (Police),car,2,2026-09-21T05:15:15+05:30,0.853,yes,yes,valid standard format,OB01M30KBG94JK0QVK5JDSA1QQAE,,earlier
GJ18X6705,2026-09-20T23:44:14.917812+00:00,cam06,Timbavadi Gate,Junagadh,Home (Police),car,2,2026-09-21T05:14:14+05:30,0.977,yes,yes,valid standard format,OB01M30KA9MJA8RDQEWE6RGVKA45,EZ01M30KAA1FAMXJBXCYCBQT0GHV,earlier
GJ18X6705,2026-09-20T23:43:04.996971+00:00,cam06,Timbavadi Gate,Junagadh,Home (Police),car,1,2026-09-21T05:13:04+05:30,0.977,no,yes,valid standard format,OB01M30K7VNP03TGTMHZ8XR39ZJZ,EZ01M30K7WBA5WP8TXHNXH5P2V4A,earlier
GJ18X6705,2026-09-20T23:42:57.596971+00:00,cam06,Timbavadi Gate,Junagadh,Home (Police),car,1,2026-09-21T05:12:57+05:30,0.977,no,yes,valid standard format,OB01M30K7RQ75T8RGF49SJP6KE8J,EZ01M30K7RQ9Q97PDQYE7D89PBGP,earlier
GJ18BR5253,2026-09-20T23:42:21.590681+00:00,cam06,Timbavadi Gate,Junagadh,Home (Police),car,1,2026-09-21T05:12:21+05:30,0.987,no,yes,valid standard format,OB01M30K660JT1Y2GH6CMHB4CS33,,earlier
GJ18BR5253,2026-09-20T23:42:21.590681+00:00,cam06,Timbavadi Gate,Junagadh,Home (Police),truck,1,2026-09-21T05:12:21+05:30,0.944,no,yes,valid standard format,OB01M30K660JGP1AVDF5C7BPMQDP,,earlier
GJ11S9258,2026-09-20T23:42:00.350681+00:00,cam06,Timbavadi Gate,Junagadh,Home (Police),car,6,2026-09-21T05:12:00+05:30,0.997,yes,yes,valid standard format,OB01M30K5H8NVP99RWVGKZN7HBJW,EZ01M30K5HQP8A8AD9TMXG4EAMQH,earlier
GJ11G1388,2026-09-20T23:41:50.910681+00:00,cam06,Timbavadi Gate,Junagadh,Home (Police),car,5,2026-09-21T05:11:50+05:30,0.990,yes,yes,valid standard format,OB01M30K57KWVG9M387JZJZY48TV,,earlier
GJ32B2702,2026-09-20T23:41:45.070681+00:00,cam06,Timbavadi Gate,Junagadh,Home (Police),car,2,2026-09-21T05:11:45+05:30,0.991,yes,yes,valid standard format,OB01M30K52M31TET3K5PANBATZYB,,earlier
GJ01HM7952,2026-09-20T23:40:31.790681+00:00,cam06,Timbavadi Gate,Junagadh,Home (Police),car,2,2026-09-21T05:10:31+05:30,0.960,yes,yes,valid standard format,OB01M30K2W8N75M670YA8DWNB5T1,,earlier
GJ11CQ9625,2026-09-20T23:40:21.990681+00:00,cam06,Timbavadi Gate,Junagadh,Home (Police),unknown,3,2026-09-21T05:10:21+05:30,0.983,yes,yes,valid standard format,OB01M30K2JGJDCPP942P0QEQN39M,,earlier
GJ11S7924,2026-09-20T23:39:25.950681+00:00,cam06,Timbavadi Gate,Junagadh,Home (Police),car,9,2026-09-21T05:09:25+05:30,0.975,yes,yes,valid standard format,OB01M30K0Z5M479RSRB05FP59B0Q,EZ01M30K0ZRTRJREYA3XXM34BQK6,earlier
GJ11S7924,2026-09-20T23:39:25.950681+00:00,cam06,Timbavadi Gate,Junagadh,Home (Police),car,2,2026-09-21T05:09:25+05:30,0.965,yes,yes,valid standard format,OB01M30K0Z5MN67W8DB4B1RK2S3K,EZ01M30K0ZNS4X2NGPWDESDHPZ84,earlier
GJ23H1546,2026-09-20T23:39:05.670681+00:00,cam06,Timbavadi Gate,Junagadh,Home (Police),car,2,2026-09-21T05:09:05+05:30,0.903,yes,yes,valid standard format,OB01M30K072E3G8Z49720FKQ0W3Q,,earlier
GJ19X6705,2026-09-20T23:38:07.550681+00:00,cam06,Timbavadi Gate,Junagadh,Home (Police),unknown,1,2026-09-21T05:08:07+05:30,0.907,no,yes,valid standard format,OB01M30JYYXV0RG8WF81SEZJR6WJ,,earlier
GJ18X6705,2026-09-20T23:36:09.922357+00:00,cam06,Timbavadi Gate,Junagadh,Home (Police),unknown,1,2026-09-21T05:06:09+05:30,0.960,no,yes,valid standard format,OB01M30JVENDQKACHH0MGEYME94M,EZ01M30JVEVSA2E8T38C2CYEHZMV,earlier
GJ11CQ9625,2026-09-20T23:35:58.514479+00:00,cam06,Timbavadi Gate,Junagadh,Home (Police),unknown,2,2026-09-21T05:05:58+05:30,0.987,yes,yes,valid standard format,OB01M30JTFMZ6MK5DRNNNXC809EK,,earlier
GJ11CQ9625,2026-09-20T23:35:56.834479+00:00,cam06,Timbavadi Gate,Junagadh,Home (Police),car,2,2026-09-21T05:05:56+05:30,0.940,yes,yes,valid standard format,OB01M30JTFVRFJPBTJCZYDNAPYK2,,earlier
GJ11S7924,2026-09-20T23:35:01.034479+00:00,cam06,Timbavadi Gate,Junagadh,Home (Police),truck,3,2026-09-21T05:05:01+05:30,0.961,yes,yes,valid standard format,OB01M30JRW785XDR0Q4470JRJ22R,EZ01M30JRW7ADHPCF5RYNFVR9ZPB,earlier
GJ11S7924,2026-09-20T23:35:00.754479+00:00,cam06,Timbavadi Gate,Junagadh,Home (Police),car,6,2026-09-21T05:05:00+05:30,0.965,yes,yes,valid standard format,OB01M30JRWF5T23G3FN16HET1CWC,EZ01M30JRX40KYAXMPTSB56MBB6G,earlier
GJ23H1546,2026-09-20T23:34:40.714479+00:00,cam06,Timbavadi Gate,Junagadh,Home (Police),car,1,2026-09-21T05:04:40+05:30,0.946,no,yes,valid standard format,OB01M30JR41NAE0Q8JQT0068GZZW,,earlier
GJ3GA2288,2026-09-20T23:34:02.834479+00:00,cam06,Timbavadi Gate,Junagadh,Home (Police),car,1,2026-09-21T05:04:02+05:30,0.837,no,yes,valid standard format,OB01M30JQ060SX1Y4F6ZK1NE3W7P,,earlier
GJ18X6705,2026-09-20T23:33:49.794479+00:00,cam06,Timbavadi Gate,Junagadh,Home (Police),unknown,1,2026-09-21T05:03:49+05:30,0.977,no,yes,valid standard format,OB01M30JPW9HEAJF3594EG6HV8WR,EZ01M30JPW9K34680KKS2TE03E0W,earlier
GJ18X6705,2026-09-20T23:33:44.114479+00:00,cam06,Timbavadi Gate,Junagadh,Home (Police),car,1,2026-09-21T05:03:44+05:30,0.977,no,yes,valid standard format,OB01M30JPVCCV06NCBFGS9A9NMQ3,EZ01M30JPVCEGVGHAGKEWB5TW03S,earlier
GJ11S7924,2026-09-20T23:32:51.094210+00:00,cam06,Timbavadi Gate,Junagadh,Home (Police),car,12,2026-09-21T05:02:51+05:30,0.970,yes,yes,valid standard format,OB01M30JMXH5A6T5QNMWMJMW0J9G,EZ01M30JMXQBPVR60HT3D7T99P7P,earlier
GJ23H1546,2026-09-20T23:32:31.054210+00:00,cam06,Timbavadi Gate,Junagadh,Home (Police),car,2,2026-09-21T05:02:31+05:30,0.955,yes,yes,valid standard format,OB01M30JM58WY8HD4CCMZ5705M3D,,earlier
GJ3GA2288,2026-09-20T23:31:53.254210+00:00,cam06,Timbavadi Gate,Junagadh,Home (Police),car,1,2026-09-21T05:01:53+05:30,0.837,no,yes,valid standard format,OB01M30JK175R0RN2RWB10R1TZG7,,earlier
GJ18X6705,2026-09-20T23:31:32.694210+00:00,cam06,Timbavadi Gate,Junagadh,Home (Police),car,2,2026-09-21T05:01:32+05:30,0.977,yes,yes,valid standard format,OB01M30JJYGCV539SKGFM2GAJNF7,EZ01M30JJYGEPJM4WPBQH908APV8,earlier
GJ18X6705,2026-09-20T23:31:31.694210+00:00,cam06,Timbavadi Gate,Junagadh,Home (Police),car,1,2026-09-21T05:01:31+05:30,0.943,no,yes,valid standard format,OB01M30JJVR6ZGK1HZD8EFB9ZJWF,EZ01M30JJVR8Q5QCE7PNCTTRWKFP,earlier
GJ25W7686,2026-09-20T23:29:34.852116+00:00,cam06,Timbavadi Gate,Junagadh,Home (Police),truck_bus,5,2026-09-21T04:59:34+05:30,0.940,yes,yes,valid standard format,OB01M30JEP2JJ4QNAVDKDSTYM3M7,EZ01M30JEP2MG9AKZR1774J0B9ZB,earlier
GJ06J1831,2026-09-20T23:29:26.692116+00:00,cam06,Timbavadi Gate,Junagadh,Home (Police),truck,1,2026-09-21T04:59:26+05:30,0.925,no,yes,valid standard format,OB01M30JEDHX2J72WFMKX3VDNW01,,earlier
GJ03HR0416,2026-09-20T23:29:09.332116+00:00,cam06,Timbavadi Gate,Junagadh,Home (Police),truck,1,2026-09-21T04:59:09+05:30,0.905,no,yes,valid standard format,OB01M30JDZC9NH2WAKKHE5FCR39P,,earlier
GJ18BL4660,2026-09-20T23:28:50.558591+00:00,cam06,Timbavadi Gate,Junagadh,Home (Police),car,1,2026-09-21T04:58:50+05:30,0.993,no,yes,valid standard format,OB01M30JDE9KBNZ6KN2EA2B31K17,,earlier
GJ11CQ8831,2026-09-20T23:28:44.558591+00:00,cam06,Timbavadi Gate,Junagadh,Home (Police),car,5,2026-09-21T04:58:44+05:30,0.944,yes,yes,valid standard format,OB01M30JDA2PXJTG92SK18C2DEW3,,earlier
GJ21AA1001,2026-09-20T23:28:18.518591+00:00,cam06,Timbavadi Gate,Junagadh,Home (Police),car,3,2026-09-21T04:58:18+05:30,0.814,yes,yes,valid standard format,OB01M30JCC91EM1P97JSTDPSG4WC,,earlier
GJ04Z0610,2026-09-20T23:28:16.689033+00:00,cam06,Timbavadi Gate,Junagadh,Home (Police),truck,3,2026-09-21T04:58:16+05:30,0.962,yes,yes,valid standard format,OB01M30JCC91RKA0F7Y1K8BS5V00,,earlier
GJ03LG6586,2026-09-20T23:27:45.742555+00:00,cam06,Timbavadi Gate,Junagadh,Home (Police),car,1,2026-09-21T04:57:45+05:30,0.948,no,yes,valid standard format,OB01M30JBH4B2YAW2ZMMA1G3EJQ6,,earlier
GJ11CH4401,2026-09-20T23:27:22.022555+00:00,cam06,Timbavadi Gate,Junagadh,Home (Police),car,1,2026-09-21T04:57:22+05:30,0.863,no,yes,valid standard format,OB01M30JAP2N3R0K1HZHXVBDDTHB,,earlier
GJ03AZ0644,2026-09-20T23:27:04.102555+00:00,cam06,Timbavadi Gate,Junagadh,Home (Police),bus,2,2026-09-21T04:57:04+05:30,0.934,yes,yes,valid standard format,OB01M30JA6K9DG0PZEEH2075V7B8,,earlier
GJ08A7550,2026-09-20T23:26:11.483367+00:00,cam06,Timbavadi Gate,Junagadh,Home (Police),truck,1,2026-09-21T04:56:11+05:30,0.845,no,yes,valid standard format,OB01M30J8K9SNYBJF03N67WBVA3E,,earlier
GJ01RS9114,2026-09-20T23:25:56.381136+00:00,cam06,Timbavadi Gate,Junagadh,Home (Police),truck_bus,1,2026-09-21T04:55:56+05:30,0.950,no,yes,valid standard format,OB01M30J82FTEVT26258ZWJAFJMD,EZ01M30J82PAA46VE5FZ1SK5R88R,earlier
GJ11CH0340,2026-09-20T23:25:48.741136+00:00,cam06,Timbavadi Gate,Junagadh,Home (Police),car,1,2026-09-21T04:55:48+05:30,0.913,no,yes,valid standard format,OB01M30J7W019MRBZ4X1R080YH0S,,earlier
GJ36R4094,2026-09-20T23:25:37.981136+00:00,cam06,Timbavadi Gate,Junagadh,Home (Police),car,4,2026-09-21T04:55:37+05:30,0.925,yes,yes,valid standard format,OB01M30J7GCEBTWW6KSZXQZSN7RG,,earlier
GJ10CG4786,2026-09-20T23:25:36.461136+00:00,cam06,Timbavadi Gate,Junagadh,Home (Police),car,3,2026-09-21T04:55:36+05:30,0.974,yes,yes,valid standard format,OB01M30J7FAE7ACP3K9DQGQG2QWC,,earlier
GJ11VV6198,2026-09-20T23:25:35.101136+00:00,cam06,Timbavadi Gate,Junagadh,Home (Police),unknown,2,2026-09-21T04:55:35+05:30,0.960,yes,yes,valid standard format,OB01M30J7CWWN59BZG2WMP88H8RY,,earlier
GJ3AAA2864,2026-09-20T23:24:26.979133+00:00,cam06,Timbavadi Gate,Junagadh,Home (Police),bus,1,2026-09-21T04:54:26+05:30,0.874,no,yes,valid standard format,OB01M30J5BW0PZBGQSEGB7EBZTPX,,earlier
GJ11BR0928,2026-09-20T23:23:02.977893+00:00,cam06,Timbavadi Gate,Junagadh,Home (Police),truck,9,2026-09-21T04:53:02+05:30,0.953,yes,yes,valid standard format,OB01M30J2XKFMKWPTTA6G2Q4EF1S,EZ01M30J2XKH9YP7G9FWHD14NQ4G,earlier
GJ03JR5317,2026-09-20T23:22:31.989928+00:00,cam06,Timbavadi Gate,Junagadh,Home (Police),car,1,2026-09-21T04:52:31+05:30,0.956,no,yes,valid standard format,OB01M30J1XYAXSZB7BJYRYN855WD,,earlier
GJ03ER8216,2026-09-20T23:22:31.989928+00:00,cam06,Timbavadi Gate,Junagadh,Home (Police),car,3,2026-09-21T04:52:31+05:30,0.958,yes,yes,valid standard format,OB01M30J1VYK8S5E58QRMG39EBTE,,earlier
GJ11DB2886,2026-09-20T23:21:52.980767+00:00,cam06,Timbavadi Gate,Junagadh,Home (Police),car,3,2026-09-21T04:51:52+05:30,0.982,yes,yes,valid standard format,OB01M30J0S1XDJZMVKQGA7SYEH8Q,EZ01M30J0S8GHDWZCWWNSBQCW215,earlier
GJ05JF6480,2026-09-20T23:20:18.607115+00:00,cam06,Timbavadi Gate,Junagadh,Home (Police),car,3,2026-09-21T04:50:18+05:30,0.955,yes,yes,valid standard format,OB01M30HXYVNY5RQ4W7CAHDAQTQY,,earlier
GJ32K9819,2026-09-20T23:20:15.567115+00:00,cam06,Timbavadi Gate,Junagadh,Home (Police),car,4,2026-09-21T04:50:15+05:30,0.964,yes,yes,valid standard format,OB01M30HXVN9NK1A33DJGYNZ6RCZ,,earlier
GJ37AB9445,2026-09-20T23:19:22.527115+00:00,cam06,Timbavadi Gate,Junagadh,Home (Police),car,5,2026-09-21T04:49:22+05:30,0.987,yes,yes,valid standard format,OB01M30HW3ZG6ZS3VJPA9SPT82SC,,earlier
GJ05AV6417,2026-09-20T23:18:51.207115+00:00,cam06,Timbavadi Gate,Junagadh,Home (Police),truck_bus,1,2026-09-21T04:48:51+05:30,0.899,no,yes,valid standard format,OB01M30HV7KHAZFVH0ASJE3TVVZZ,,earlier
GJ18BR5253,2026-09-20T23:18:11.807115+00:00,cam06,Timbavadi Gate,Junagadh,Home (Police),truck,1,2026-09-21T04:48:11+05:30,0.944,no,yes,valid standard format,OB01M30HSXP6B09KWB79ZCC279S0,,earlier
GJ11S9258,2026-09-20T23:17:50.367115+00:00,cam06,Timbavadi Gate,Junagadh,Home (Police),truck,4,2026-09-21T04:47:50+05:30,0.996,yes,yes,valid standard format,OB01M30HSA04YA7DE32W4RJ6GJC1,EZ01M30HSAD2XM5CWVQWA8AZ3JBR,earlier
GJ11G1388,2026-09-20T23:17:40.927115+00:00,cam06,Timbavadi Gate,Junagadh,Home (Police),truck,4,2026-09-21T04:47:40+05:30,0.988,yes,yes,valid standard format,OB01M30HS03TENVATKWT8KCMSQX0,,earlier
GJ110085,2026-09-20T23:17:07.287115+00:00,cam06,Timbavadi Gate,Junagadh,Home (Police),car,1,2026-09-21T04:47:07+05:30,0.888,no,yes,valid standard format,OB01M30HQZPCDG4CNM4DY1H1QK0N,,earlier
GJ11CQ9625,2026-09-20T23:16:13.287115+00:00,cam06,Timbavadi Gate,Junagadh,Home (Police),unknown,1,2026-09-21T04:46:13+05:30,0.975,no,yes,valid standard format,OB01M30HPAC6EKW6T2PQ7Q5WDHNX,,earlier
GJ11S7924,2026-09-20T23:15:15.687115+00:00,cam06,Timbavadi Gate,Junagadh,Home (Police),car,10,2026-09-21T04:45:15+05:30,0.971,yes,yes,valid standard format,OB01M30HMQ6MTRZCSMMJFT40CP19,EZ01M30HMQ6P71JJ23W1X1KMZFG2,earlier
GJ11C8883,2026-09-20T22:59:23.838051+00:00,cam06,Timbavadi Gate,Junagadh,Home (Police),car,2,2026-09-21T04:29:23+05:30,0.840,yes,yes,valid standard format,OB01M30GQKCYE8SDSCZZAFDJ6M4P,,earlier
GJ11CH4401,2026-09-20T22:58:04.727090+00:00,cam06,Timbavadi Gate,Junagadh,Home (Police),car,5,2026-09-21T04:28:04+05:30,0.956,yes,yes,valid standard format,OB01M30GN298MS533NR2SAD3DPRR,,earlier
GJ03AZ0644,2026-09-20T22:57:46.007090+00:00,cam06,Timbavadi Gate,Junagadh,Home (Police),car,3,2026-09-21T04:27:46+05:30,0.937,yes,yes,valid standard format,OB01M30GMKS5N39X06GK2T7KK1MW,,earlier
GJ11BR2509,2026-09-20T22:57:07.667481+00:00,cam06,Timbavadi Gate,Junagadh,Home (Police),truck,2,2026-09-21T04:27:07+05:30,0.978,yes,yes,valid standard format,OB01M30GKA20D1EMGAM6D7WYSVE4,,earlier
GJ01RS9114,2026-09-20T22:56:34.347481+00:00,cam06,Timbavadi Gate,Junagadh,Home (Police),bus,1,2026-09-21T04:26:34+05:30,0.975,no,yes,valid standard format,OB01M30GJAN213J4EWSV41A05SXY,EZ01M30GJBA5SNQPRQPRRQQZ1SR5,earlier
GJ36R4094,2026-09-20T22:56:16.337614+00:00,cam06,Timbavadi Gate,Junagadh,Home (Police),bus,3,2026-09-21T04:26:16+05:30,0.917,yes,yes,valid standard format,OB01M30GHR0CB2TN5DV7R2EJXSRW,,earlier
GJ10CG4786,2026-09-20T22:56:14.497614+00:00,cam06,Timbavadi Gate,Junagadh,Home (Police),truck,5,2026-09-21T04:26:14+05:30,0.973,yes,yes,valid standard format,OB01M30GHR0C7MVQJ74FQHDEA3XE,,earlier
GJ11VY6198,2026-09-20T22:56:12.417614+00:00,cam06,Timbavadi Gate,Junagadh,Home (Police),truck_bus,3,2026-09-21T04:26:12+05:30,0.956,yes,yes,valid standard format,OB01M30GHMRA1YS2AGTCKGTB3ZNH,,earlier
GJ11BR0928,2026-09-20T22:53:47.919437+00:00,cam06,Timbavadi Gate,Junagadh,Home (Police),car,3,2026-09-21T04:23:47+05:30,0.979,yes,yes,valid standard format,OB01M30GD6JK0JVD468YK52K1NP2,EZ01M30GD6ZC9SEWMFYDNR4CCWWP,earlier
GJ11Y7733,2026-09-20T22:53:25.602983+00:00,cam06,Timbavadi Gate,Junagadh,Home (Police),truck,1,2026-09-21T04:23:25+05:30,0.884,no,yes,valid standard format,OB01M30GCJF74MCGEDZCZ794YMJD,,earlier
GJ11DB2886,2026-09-20T22:52:37.022486+00:00,cam06,Timbavadi Gate,Junagadh,Home (Police),car,2,2026-09-21T04:22:37+05:30,0.996,yes,yes,valid standard format,OB01M30GB1S9DVHA6JYV99W00G1Z,EZ01M30GB1XV0KYQM2RW67904CGX,earlier
GJ11AS5892,2026-09-20T22:51:21.660091+00:00,cam06,Timbavadi Gate,Junagadh,Home (Police),car,2,2026-09-21T04:21:21+05:30,0.827,yes,yes,valid standard format,OB01M30G8T04KX0KBGG2PZJ480WY,,earlier
GJ05JF6480,2026-09-20T22:51:01.900091+00:00,cam06,Timbavadi Gate,Junagadh,Home (Police),car,3,2026-09-21T04:21:01+05:30,0.953,yes,yes,valid standard format,OB01M30G84ANJATCAJ4KC30DWNMJ,,earlier
GJ32K9819,2026-09-20T22:50:58.420091+00:00,cam06,Timbavadi Gate,Junagadh,Home (Police),truck,3,2026-09-21T04:20:58+05:30,0.961,yes,yes,valid standard format,OB01M30G80NZ39ZFT8D4FSHCNM7N,,earlier
GJ11C0888,2026-09-20T22:50:11.181999+00:00,cam06,Timbavadi Gate,Junagadh,Home (Police),car,1,2026-09-21T04:20:11+05:30,0.922,no,yes,valid standard format,OB01M30G6TVVBE5DSCWEQYBSTQAM,,earlier
GJ37AB9445,2026-09-20T22:49:58.061999+00:00,cam06,Timbavadi Gate,Junagadh,Home (Police),car,5,2026-09-21T04:19:58+05:30,0.984,yes,yes,valid standard format,OB01M30G6CYTFXWT1BH72CF9EA6B,,earlier
GJ05AV6411,2026-09-20T22:49:26.221999+00:00,cam06,Timbavadi Gate,Junagadh,Home (Police),truck_bus,1,2026-09-21T04:19:26+05:30,0.954,no,yes,valid standard format,OB01M30G5BYPQ1ZSKKW1AFF8W1JZ,,earlier
GJ11S9258,2026-09-20T22:48:25.341999+00:00,cam06,Timbavadi Gate,Junagadh,Home (Police),car,6,2026-09-21T04:18:25+05:30,0.991,yes,yes,valid standard format,OB01M30G3DV3ZEG1GN4FQ6XES97K,EZ01M30G3EG20NXFF3VA7VTWART3,earlier
GJ11G1388,2026-09-20T22:48:16.141999+00:00,cam06,Timbavadi Gate,Junagadh,Home (Police),truck,5,2026-09-21T04:18:16+05:30,0.978,yes,yes,valid standard format,OB01M30G33GAFFAZ1ZBRMBW3M74R,,earlier
GJ32B2702,2026-09-20T22:48:10.181999+00:00,cam06,Timbavadi Gate,Junagadh,Home (Police),car,2,2026-09-21T04:18:10+05:30,0.996,yes,yes,valid standard format,OB01M30G2YQEV2CCBY4W927GQD9M,,earlier
GJ03JC5583,2026-09-20T22:48:07.821999+00:00,cam06,Timbavadi Gate,Junagadh,Home (Police),car,1,2026-09-21T04:18:07+05:30,0.925,no,yes,valid standard format,OB01M30G2WF6JCJGFQWBYE7K34V0,,earlier
GJ11CQ9625,2026-09-20T22:46:46.901999+00:00,cam06,Timbavadi Gate,Junagadh,Home (Police),car,3,2026-09-21T04:16:46+05:30,0.974,yes,yes,valid standard format,OB01M30G0F40T5QBDT9BEM624X7R,,earlier
GJ11S7924,2026-09-20T22:45:50.821999+00:00,cam06,Timbavadi Gate,Junagadh,Home (Police),car,10,2026-09-21T04:15:50+05:30,0.971,yes,yes,valid standard format,OB01M30FYVMQZMFDXHPCTNASVZQK,EZ01M30FYW5M9AQCEAYF9N7HCZMR,earlier
GJ18X6705,2026-09-20T22:44:39.981999+00:00,cam06,Timbavadi Gate,Junagadh,Home (Police),unknown,1,2026-09-21T04:14:39+05:30,0.977,no,yes,valid standard format,OB01M30FWVE4APS3C603AE7KR4RH,EZ01M30FWVW0QW83E1KRE5ZTSMK9,earlier
GJ18X6705,2026-09-20T22:44:30.901999+00:00,cam06,Timbavadi Gate,Junagadh,Home (Police),truck,3,2026-09-21T04:14:30+05:30,0.869,yes,yes,valid standard format,OB01M30FWTB2QEC4WCRBDZD1GVMZ,EZ01M30FWTX6PW5VVPM362SADN5P,earlier
GJ11CQ8831,2026-09-20T22:28:44.756380+00:00,cam06,Timbavadi Gate,Junagadh,Home (Police),car,4,2026-09-21T03:58:44+05:30,0.961,yes,yes,valid standard format,OB01M30EZGCKSJECRRT9D2XH931P,,earlier
GJ04Z0610,2026-09-20T22:28:15.632365+00:00,cam06,Timbavadi Gate,Junagadh,Home (Police),car,1,2026-09-21T03:58:15+05:30,0.955,no,yes,valid standard format,OB01M30EYF0BCBPAYSZ93HHQQG9X,,earlier
GJ18ZT1782,2026-09-20T22:28:12.112365+00:00,cam06,Timbavadi Gate,Junagadh,Home (Police),bus,4,2026-09-21T03:58:12+05:30,0.969,yes,yes,valid standard format,OB01M30EYBXQHFCPEA9F2KGM5CDZ,EZ01M30EYBXS4GZJRST4WXQ74QJB,earlier
GJ11CH4401,2026-09-20T22:27:25.609961+00:00,cam06,Timbavadi Gate,Junagadh,Home (Police),car,1,2026-09-21T03:57:25+05:30,0.993,no,yes,valid standard format,OB01M30EWXMZ7VCY6N84Z8XRPCSN,,earlier
GJ11CH4401,2026-09-20T22:27:22.969961+00:00,cam06,Timbavadi Gate,Junagadh,Home (Police),car,1,2026-09-21T03:57:22+05:30,0.904,no,yes,valid standard format,OB01M30EWT2X48C0TBYPTCG0TZ61,,earlier
GJ18BH7584,2026-09-20T22:27:13.129961+00:00,cam06,Timbavadi Gate,Junagadh,Home (Police),car,1,2026-09-21T03:57:13+05:30,0.998,no,yes,valid standard format,OB01M30EWKCJSX9P4FTJ2QYN4MAZ,,earlier
GJ11BR2509,2026-09-20T22:26:27.295024+00:00,cam06,Timbavadi Gate,Junagadh,Home (Police),car,2,2026-09-21T03:56:27+05:30,0.978,yes,yes,valid standard format,OB01M30EV5K9HCQ87H0274BWDNK2,,earlier
GJ01RS9114,2026-09-20T22:25:57.235071+00:00,cam06,Timbavadi Gate,Junagadh,Home (Police),car,1,2026-09-21T03:55:57+05:30,0.950,no,yes,valid standard format,OB01M30ET5HWWQ7PRYBQ4QNRPCCJ,EZ01M30ET5VSR0RSRXRZ0TYCJHP1,earlier
GJ36R4094,2026-09-20T22:25:38.715071+00:00,cam06,Timbavadi Gate,Junagadh,Home (Police),car,3,2026-09-21T03:55:38+05:30,0.979,yes,yes,valid standard format,OB01M30ESJNXP4V568VTNWR8Q5T1,,earlier
GJ10CG4786,2026-09-20T22:25:34.555071+00:00,cam06,Timbavadi Gate,Junagadh,Home (Police),car,5,2026-09-21T03:55:34+05:30,0.951,yes,yes,valid standard format,OB01M30ESHK0CPKCWENCKF0516TS,,earlier
GJ11VV6198,2026-09-20T22:25:34.555071+00:00,cam06,Timbavadi Gate,Junagadh,Home (Police),truck_bus,3,2026-09-21T03:55:34+05:30,0.960,yes,yes,valid standard format,OB01M30ESF0STJJNC1DXKPC212DG,,earlier
GJ10DN2875,2026-09-20T22:23:40.063513+00:00,cam06,Timbavadi Gate,Junagadh,Home (Police),car,3,2026-09-21T03:53:40+05:30,0.831,yes,yes,valid standard format,OB01M30EP1NJTT3J7Q4CBJ8CQ0Q0,,earlier
GJ11BR0928,2026-09-20T22:23:06.813849+00:00,cam06,Timbavadi Gate,Junagadh,Home (Police),car,11,2026-09-21T03:53:06+05:30,0.978,yes,yes,valid standard format,OB01M30EN4TSYDK835AC5MF2F6BD,EZ01M30EN4TWA1M5D37Y6VF5FN7J,earlier
GJ11YV7338,2026-09-20T22:22:47.329254+00:00,cam06,Timbavadi Gate,Junagadh,Home (Police),bus,1,2026-09-21T03:52:47+05:30,0.901,no,yes,valid standard format,OB01M30EMFNCDQ1FMSX42PYAXN4D,,earlier
GJ11CH3274,2026-09-20T22:22:44.329254+00:00,cam06,Timbavadi Gate,Junagadh,Home (Police),car,2,2026-09-21T03:52:44+05:30,0.793,yes,yes,valid standard format,OB01M30EMBMANH8S5C36A2SM77Z0,,earlier
GJ03JR5317,2026-09-20T22:22:34.809254+00:00,cam06,Timbavadi Gate,Junagadh,Home (Police),car,3,2026-09-21T03:52:34+05:30,0.955,yes,yes,valid standard format,OB01M30EM4ZXCTV950TZY2C6HPQ8,,earlier
GJ03ER8216,2026-09-20T22:22:33.369254+00:00,cam06,Timbavadi Gate,Junagadh,Home (Police),car,2,2026-09-21T03:52:33+05:30,0.937,yes,yes,valid standard format,OB01M30EM13VSZ2BD0F9XXMGWDZ9,,earlier
GJ11DB2886,2026-09-20T22:21:43.698607+00:00,cam06,Timbavadi Gate,Junagadh,Home (Police),car,4,2026-09-21T03:51:43+05:30,0.975,yes,yes,valid standard format,OB01M30EJQ6W9W6W8EQQ03VR8G3M,EZ01M30EJQS1SP3TEPJ3S2X8J6VF,earlier
GJ2ZAA0401,2026-09-20T22:20:55.618607+00:00,cam06,Timbavadi Gate,Junagadh,Home (Police),car,2,2026-09-21T03:50:55+05:30,0.788,yes,yes,valid standard format,OB01M30EH7JN794FZK9JHXA0236A,,earlier
GJ11BR8190,2026-09-20T22:20:52.378607+00:00,cam06,Timbavadi Gate,Junagadh,Home (Police),car,1,2026-09-21T03:50:52+05:30,0.970,no,yes,valid standard format,OB01M30EH24THVJSGZZDZ5TJ8PK1,,earlier
GJ25AA4345,2026-09-20T22:20:20.058607+00:00,cam06,Timbavadi Gate,Junagadh,Home (Police),car,1,2026-09-21T03:50:20+05:30,0.992,no,yes,valid standard format,OB01M30EG0T07A9T5VHFJJ40H0FK,,earlier
GJ05JF6480,2026-09-20T22:20:13.978607+00:00,cam06,Timbavadi Gate,Junagadh,Home (Police),car,2,2026-09-21T03:50:13+05:30,0.949,yes,yes,valid standard format,OB01M30EFTNDN4B6JXREF1JH1HK7,,earlier
GJ32K9819,2026-09-20T22:20:10.578607+00:00,cam06,Timbavadi Gate,Junagadh,Home (Police),truck,2,2026-09-21T03:50:10+05:30,0.952,yes,yes,valid standard format,OB01M30EFRMENJXWVZTAEPW5RGK6,,earlier
GJ37AB9445,2026-09-20T22:19:17.498607+00:00,cam06,Timbavadi Gate,Junagadh,Home (Police),car,8,2026-09-21T03:49:17+05:30,0.986,yes,yes,valid standard format,OB01M30EE8J0YWSG0985GPJKH2XS,,earlier
GJ05AV6417,2026-09-20T22:18:46.018607+00:00,cam06,Timbavadi Gate,Junagadh,Home (Police),truck,1,2026-09-21T03:48:46+05:30,0.874,no,yes,valid standard format,OB01M30ED6WF08Z76XQVS4PGWYEC,,earlier
GJ11S9258,2026-09-20T22:17:47.418607+00:00,cam06,Timbavadi Gate,Junagadh,Home (Police),car,1,2026-09-21T03:47:47+05:30,1.000,no,yes,valid standard format,OB01M30EB92Y7C03DMAFEFJCAEBE,EZ01M30EB943ENB16BW35B2TQWHY,earlier
GJ11S9258,2026-09-20T22:17:45.178607+00:00,cam06,Timbavadi Gate,Junagadh,Home (Police),car,4,2026-09-21T03:47:45+05:30,0.982,yes,yes,valid standard format,OB01M30EB92Y8KX1N8GJ8C9HPYXZ,EZ01M30EB97521SRXGG3PJHTKKV0,earlier
GJ11G1388,2026-09-20T22:17:35.778607+00:00,cam06,Timbavadi Gate,Junagadh,Home (Police),truck,2,2026-09-21T03:47:35+05:30,0.982,yes,yes,valid standard format,OB01M30EAYZX8PBVG82X0SYWHCNZ,,earlier
GJ32B2702,2026-09-20T22:17:30.138607+00:00,cam06,Timbavadi Gate,Junagadh,Home (Police),car,2,2026-09-21T03:47:30+05:30,0.967,yes,yes,valid standard format,OB01M30EAT2YJ8M9QE6VAWJS4GEJ,,earlier
GJ03JC5583,2026-09-20T22:17:27.618607+00:00,cam06,Timbavadi Gate,Junagadh,Home (Police),car,1,2026-09-21T03:47:27+05:30,0.985,no,yes,valid standard format,OB01M30EAR3BY7FH26HPND4CAG8B,,earlier
GJ01HM7952,2026-09-20T22:16:16.658607+00:00,cam06,Timbavadi Gate,Junagadh,Home (Police),car,2,2026-09-21T03:46:16+05:30,0.844,yes,yes,valid standard format,OB01M30E8KQCVXZM7ZEFZTK005JV,,earlier
GJ11CQ9625,2026-09-20T22:16:08.258607+00:00,cam06,Timbavadi Gate,Junagadh,Home (Police),car,1,2026-09-21T03:46:08+05:30,0.996,no,yes,valid standard format,OB01M30E89TPPW2M0DBSDBNKWF6Y,,earlier
GJ11S7924,2026-09-20T22:15:10.898607+00:00,cam06,Timbavadi Gate,Junagadh,Home (Police),car,10,2026-09-21T03:45:10+05:30,0.975,yes,yes,valid standard format,OB01M30E6PH0R618T2KA1KRSGP3F,EZ01M30E6PH2F3ZGSMP3905HHC8Z,earlier
GJ23H1546,2026-09-20T22:14:50.698607+00:00,cam06,Timbavadi Gate,Junagadh,Home (Police),car,3,2026-09-21T03:44:50+05:30,0.891,yes,yes,valid standard format,OB01M30E5YDR1FHHXWHRVWBKS369,,earlier
GJ3GA2288,2026-09-20T22:14:11.018607+00:00,cam06,Timbavadi Gate,Junagadh,Home (Police),truck,1,2026-09-21T03:44:11+05:30,0.837,no,yes,valid standard format,OB01M30E4QYRAZJK72FQ4913AN4Z,,earlier
GJ18X6705,2026-09-20T22:13:49.898607+00:00,cam06,Timbavadi Gate,Junagadh,Home (Police),truck,3,2026-09-21T03:43:49+05:30,0.864,yes,yes,valid standard format,OB01M30E4N7SN5J5VFTNDH4Y403E,EZ01M30E4NFXFBNXH1KTFVYX4N0E,earlier
GJ11S7924,2026-09-20T22:12:55.649718+00:00,cam06,Timbavadi Gate,Junagadh,Home (Police),car,10,2026-09-21T03:42:55+05:30,0.978,yes,yes,valid standard format,OB01M30E2JTGERTB7Q4GAJB292KQ,EZ01M30E2KH80S80RJ3G800DSMK7,earlier
GJ23H1546,2026-09-20T22:12:35.449718+00:00,cam06,Timbavadi Gate,Junagadh,Home (Police),car,2,2026-09-21T03:42:35+05:30,0.893,yes,yes,valid standard format,OB01M30E1TFVC72QN800R6HTENJT,,earlier
GJ18X6705,2026-09-20T22:11:38.929718+00:00,cam06,Timbavadi Gate,Junagadh,Home (Police),car,2,2026-09-21T03:41:38+05:30,0.824,yes,yes,valid standard format,OB01M30E0HRDAFR85D9YZSR287VT,EZ01M30E0JBCXM0V4080WPGT08DQ,earlier
GJ18X6705,2026-09-20T22:10:55.126800+00:00,cam06,Timbavadi Gate,Junagadh,Home (Police),car,2,2026-09-21T03:40:55+05:30,0.977,yes,yes,valid standard format,OB01M30DZCK0ZW861BRFA08GVDTB,EZ01M30DZD8G9EDWJ7C2ACWYPVVR,earlier
GJ18X6705,2026-09-20T22:10:54.726800+00:00,cam06,Timbavadi Gate,Junagadh,Home (Police),car,1,2026-09-21T03:40:54+05:30,0.943,no,yes,valid standard format,OB01M30DZ9VQ5HESBGMBRR8DFHW8,EZ01M30DZAJPMAC6WYRKN68452AE,earlier
GJ18X6705,2026-09-20T22:10:12.403042+00:00,cam06,Timbavadi Gate,Junagadh,Home (Police),unknown,1,2026-09-21T03:40:12+05:30,0.977,no,yes,valid standard format,OB01M30DXGV3BEK18BXW8K4QNX7J,EZ01M30DXHHNG0TD27EF0RSMRC2Y,earlier
GJ1IS7924,2026-09-20T22:08:45.854268+00:00,cam06,Timbavadi Gate,Junagadh,Home (Police),car,1,2026-09-21T03:38:45+05:30,0.971,no,yes,valid standard format,OB01M30DTYCPCJF7NH2KXG3PKXFN,,earlier
GJ11S7924,2026-09-20T22:08:45.614268+00:00,cam06,Timbavadi Gate,Junagadh,Home (Police),car,13,2026-09-21T03:38:45+05:30,0.969,yes,yes,valid standard format,OB01M30DTYCPDVQBBA0YGDGY07M2,EZ01M30DTZ1ZTB47K1RDSGMFTSSC,earlier
GJ23M1546,2026-09-20T22:07:10.797858+00:00,cam06,Timbavadi Gate,Junagadh,Home (Police),car,1,2026-09-21T03:37:10+05:30,0.884,no,yes,valid standard format,OB01M30DQWY9D119ZX21NQYHDRT0,,earlier
GJ18X6705,2026-09-20T22:06:13.637858+00:00,cam06,Timbavadi Gate,Junagadh,Home (Police),car,2,2026-09-21T03:36:13+05:30,0.960,yes,yes,valid standard format,OB01M30DPMAH4VADKK441KPRXTB8,EZ01M30DPMAKMP0JSEARJZB6EPQH,earlier
GJ18X6705,2026-09-20T22:04:39.738410+00:00,cam06,Timbavadi Gate,Junagadh,Home (Police),car,3,2026-09-21T03:34:39+05:30,0.869,yes,yes,valid standard format,OB01M30DKYGP9FVFDJDFABSBGAMY,EZ01M30DKYYRWB9E09G1FT88EKCD,earlier
GJ11S7924,2026-09-20T22:03:30.753847+00:00,cam06,Timbavadi Gate,Junagadh,Home (Police),car,2,2026-09-21T03:33:30+05:30,0.976,yes,yes,valid standard format,OB01M30DHBA6G9BN9JHR7TM4F615,EZ01M30DHBTP45T9SBYRGNTHDDN1,earlier
GJ11S7924,2026-09-20T22:03:30.753847+00:00,cam06,Timbavadi Gate,Junagadh,Home (Police),truck_bus,5,2026-09-21T03:33:30+05:30,0.958,yes,yes,valid standard format,OB01M30DHAZ0B4CW4RBF6JQTESHH,EZ01M30DHBNKW6X05RWEG7H9PKF9,earlier
GJ23H1546,2026-09-20T22:03:10.553847+00:00,cam06,Timbavadi Gate,Junagadh,Home (Police),car,3,2026-09-21T03:33:10+05:30,0.909,yes,yes,valid standard format,OB01M30DGJW6C7Y7EGMGTNJXHQ7R,,earlier
GJ18X6705,2026-09-20T22:02:09.753847+00:00,cam06,Timbavadi Gate,Junagadh,Home (Police),car,2,2026-09-21T03:32:09+05:30,0.824,yes,yes,valid standard format,OB01M30DFA2JF71NS53SAHJEBK56,EZ01M30DFAPB1ZFZR1WG4HQV5M4P,earlier
GJ32AG2883,2026-09-20T22:00:37.311617+00:00,cam06,Timbavadi Gate,Junagadh,Home (Police),truck_bus,1,2026-09-21T03:30:37+05:30,0.903,no,yes,valid standard format,OB01M30DBZ7G2AFA9K2R5V2ZAJD2,,earlier
GJ18X6705,2026-09-20T21:59:45.304982+00:00,cam06,Timbavadi Gate,Junagadh,Home (Police),car,2,2026-09-21T03:29:45+05:30,0.961,yes,yes,valid standard format,OB01M30DAVY4E2FJRF5FBKJ2ZAAD,EZ01M30DAWACG7227VYEGEGVX2KW,earlier
GJ18X6705,2026-09-20T21:58:27.819785+00:00,cam06,Timbavadi Gate,Junagadh,Home (Police),car,1,2026-09-21T03:28:27+05:30,0.977,no,yes,valid standard format,OB01M30D8GDPDYJMHT7C6EX6EW8A,EZ01M30D8H3JKPBYN8P0WF1WTEEY,earlier
GJ19X6705,2026-09-20T21:58:25.779785+00:00,cam06,Timbavadi Gate,Junagadh,Home (Police),car,1,2026-09-21T03:28:25+05:30,0.907,no,yes,valid standard format,OB01M30D8E8RETZWVEJVXDNXDD4H,,earlier
GJ18X6705,2026-09-20T21:58:05.585827+00:00,cam06,Timbavadi Gate,Junagadh,Home (Police),car,1,2026-09-21T03:28:05+05:30,0.977,no,yes,valid standard format,OB01M30D7BFSMX6A5HMY3ZQRH5Y5,EZ01M30D7C6256DWAHXNMJD0CVEQ,earlier
GJ19X6705,2026-09-20T21:57:50.785827+00:00,cam06,Timbavadi Gate,Junagadh,Home (Police),bus,1,2026-09-21T03:27:50+05:30,0.907,no,yes,valid standard format,OB01M30D7AT505Z0K96GZ6J6VAH9,,earlier
GJ25W7686,2026-09-20T21:57:40.844851+00:00,cam06,Timbavadi Gate,Junagadh,Home (Police),truck,2,2026-09-21T03:27:40+05:30,0.929,yes,yes,valid standard format,OB01M30D6D70PJMMWZGHKVBZ1AKZ,EZ01M30D6DX356090BE4BSHF5XRP,earlier
GJ25AA0888,2026-09-20T21:57:13.325137+00:00,cam06,Timbavadi Gate,Junagadh,Home (Police),car,2,2026-09-21T03:27:13+05:30,0.885,yes,yes,valid standard format,OB01M30D5MDA7YF13X2YV5SKB5C9,,earlier
GJ11CQ8831,2026-09-20T21:56:54.718865+00:00,cam06,Timbavadi Gate,Junagadh,Home (Police),car,3,2026-09-21T03:26:54+05:30,0.967,yes,yes,valid standard format,OB01M30D53WKMP1SJA9TCCQFMT9J,,earlier
GJ1TCQ8831,2026-09-20T21:56:53.078865+00:00,cam06,Timbavadi Gate,Junagadh,Home (Police),car,1,2026-09-21T03:26:53+05:30,0.861,no,yes,valid standard format,OB01M30D4XW8XN830PJA90WT9FYV,,earlier
GJ18ZT2013,2026-09-20T21:56:45.438865+00:00,cam06,Timbavadi Gate,Junagadh,Home (Police),truck,3,2026-09-21T03:26:45+05:30,0.902,yes,yes,valid standard format,OB01M30D4RW35C6ZZW3AZQ6BRB4F,,earlier
GJ04Z0610,2026-09-20T21:56:24.185183+00:00,cam06,Timbavadi Gate,Junagadh,Home (Police),truck,1,2026-09-21T03:26:24+05:30,0.955,no,yes,valid standard format,OB01M30D44RR0R178EK1MRCDXC08,,earlier
GJ18ZT1782,2026-09-20T21:56:20.865183+00:00,cam06,Timbavadi Gate,Junagadh,Home (Police),truck,1,2026-09-21T03:26:20+05:30,0.970,no,yes,valid standard format,OB01M30D41XBCJWKC5SZ45Q6AKZF,EZ01M30D42BA2RXW6TED8CAYDJGJ,earlier
GJ11BR1008,2026-09-20T21:55:27.096628+00:00,cam06,Timbavadi Gate,Junagadh,Home (Police),car,2,2026-09-21T03:25:27+05:30,0.894,yes,yes,valid standard format,OB01M30D2FJ7SAE4SP04YSP9XRRN,EZ01M30D2FJ97DMM673BCW39E4FH,earlier
GJ03AZ0644,2026-09-20T21:55:15.016628+00:00,cam06,Timbavadi Gate,Junagadh,Home (Police),truck,1,2026-09-21T03:25:15+05:30,0.931,no,yes,valid standard format,OB01M30D203G8ZE47952329M8HJ9,,earlier
GJ11BR2509,2026-09-20T21:54:32.910582+00:00,cam06,Timbavadi Gate,Junagadh,Home (Police),truck,2,2026-09-21T03:24:32+05:30,0.932,yes,yes,valid standard format,OB01M30D0R4XT0JQZ9MEFYG3NGGJ,,earlier
GJ1QCG4786,2026-09-20T21:53:42.810939+00:00,cam06,Timbavadi Gate,Junagadh,Home (Police),car,4,2026-09-21T03:23:42+05:30,0.971,yes,yes,valid standard format,OB01M30CZ8824DQ5YQT4QP2YJZ1Z,,earlier
GJ3AAA2864,2026-09-20T21:52:30.697530+00:00,cam06,Timbavadi Gate,Junagadh,Home (Police),truck,2,2026-09-21T03:22:30+05:30,0.855,yes,yes,valid standard format,OB01M30CX5HSZN0543214HFQSZMB,,earlier
GJ10DN2875,2026-09-20T21:51:47.990408+00:00,cam06,Timbavadi Gate,Junagadh,Home (Police),car,1,2026-09-21T03:21:47+05:30,0.934,no,yes,valid standard format,OB01M30CVPSVG8PB1BZZQMK5V2RD,,earlier
GJ11BR0928,2026-09-20T21:51:08.497364+00:00,cam06,Timbavadi Gate,Junagadh,Home (Police),truck,11,2026-09-21T03:21:08+05:30,0.967,yes,yes,valid standard format,OB01M30CTP6D3YC4S91JVZP2HK0R,EZ01M30CTPFZ7RNR9RR5W8J2D3TD,earlier
GJ03JR5317,2026-09-20T21:50:31.076069+00:00,cam06,Timbavadi Gate,Junagadh,Home (Police),car,3,2026-09-21T03:20:31+05:30,0.955,yes,yes,valid standard format,OB01M30CSPC1ZXT5X2BAX0F8R88X,,earlier
GJ03ER8216,2026-09-20T21:50:30.476069+00:00,cam06,Timbavadi Gate,Junagadh,Home (Police),car,2,2026-09-21T03:20:30+05:30,0.949,yes,yes,valid standard format,OB01M30CSNQQ39D9EN8S6AXM29ZP,,earlier
GJ11DB2886,2026-09-20T21:49:53.956069+00:00,cam06,Timbavadi Gate,Junagadh,Home (Police),car,1,2026-09-21T03:19:53+05:30,0.979,no,yes,valid standard format,OB01M30CRE9D5BZKCZNT3XHP1KQR,EZ01M30CREYVRS856GZHST9QYP4Q,earlier
GJ2ZAA0401,2026-09-20T21:49:06.796069+00:00,cam06,Timbavadi Gate,Junagadh,Home (Police),truck,1,2026-09-21T03:19:06+05:30,0.912,no,yes,valid standard format,OB01M30CPYBX04VD6W5T5YD14X8R,,earlier
GJ25AA4345,2026-09-20T21:48:31.196069+00:00,cam06,Timbavadi Gate,Junagadh,Home (Police),car,1,2026-09-21T03:18:31+05:30,0.992,no,yes,valid standard format,OB01M30CNTC7DFDBV7TY9HQJ9ZF9,,earlier
GJ05JF6480,2026-09-20T21:48:23.796069+00:00,cam06,Timbavadi Gate,Junagadh,Home (Police),car,2,2026-09-21T03:18:23+05:30,0.937,yes,yes,valid standard format,OB01M30CNJV4DQCR3QZ5X0CA6JDB,,earlier
GJ32K9819,2026-09-20T21:48:20.676069+00:00,cam06,Timbavadi Gate,Junagadh,Home (Police),car,3,2026-09-21T03:18:20+05:30,0.940,yes,yes,valid standard format,OB01M30CNGYE90TGN7S0EQDHZQYH,,earlier
GJ37AB9445,2026-09-20T21:47:27.756069+00:00,cam06,Timbavadi Gate,Junagadh,Home (Police),truck,4,2026-09-21T03:17:27+05:30,0.977,yes,yes,valid standard format,OB01M30CKTA6J17BR4TPJMNMATHH,,earlier
GJ05AV6417,2026-09-20T21:46:56.156069+00:00,cam06,Timbavadi Gate,Junagadh,Home (Police),truck_bus,1,2026-09-21T03:16:56+05:30,0.874,no,yes,valid standard format,OB01M30CJX18JC5HQ4WJSMWFNPH4,,earlier
GJ3ZK9335,2026-09-20T21:46:44.956069+00:00,cam06,Timbavadi Gate,Junagadh,Home (Police),car,1,2026-09-21T03:16:44+05:30,0.893,no,yes,valid standard format,OB01M30CJGJQSEMHVY80DE9MY7HW,,earlier
GJ11S9258,2026-09-20T21:45:55.316069+00:00,cam06,Timbavadi Gate,Junagadh,Home (Police),truck_bus,4,2026-09-21T03:15:55+05:30,0.987,yes,yes,valid standard format,OB01M30CGZ7JMJXVZSF96TM36MYV,EZ01M30CGZJAFASXX956N8SBJRM0,earlier
GJ11G1388,2026-09-20T21:45:45.876069+00:00,cam06,Timbavadi Gate,Junagadh,Home (Police),car,4,2026-09-21T03:15:45+05:30,0.984,yes,yes,valid standard format,OB01M30CGNWH72QTACFT9GEA2H6Z,,earlier
GJ03JC5583,2026-09-20T21:45:38.036069+00:00,cam06,Timbavadi Gate,Junagadh,Home (Police),car,1,2026-09-21T03:15:38+05:30,0.985,no,yes,valid standard format,OB01M30CGEG3DWY9AW3WCPMB8F67,,earlier
GJ110085,2026-09-20T21:45:12.436069+00:00,cam06,Timbavadi Gate,Junagadh,Home (Police),car,1,2026-09-21T03:15:12+05:30,0.842,no,yes,valid standard format,OB01M30CFNNJYNM0WEQM6902PT2S,,earlier
GJ11CQ9625,2026-09-20T21:44:18.476069+00:00,cam06,Timbavadi Gate,Junagadh,Home (Police),car,1,2026-09-21T03:14:18+05:30,0.998,no,yes,valid standard format,OB01M30CE0V4538NQTC3YB1J83JW,,earlier
GJ11S7924,2026-09-20T21:43:26.676069+00:00,cam06,Timbavadi Gate,Junagadh,Home (Police),car,1,2026-09-21T03:13:26+05:30,0.973,no,yes,valid standard format,OB01M30CCDF56FZ07KW3Z1Y70RM4,EZ01M30CCDF7RM34NJX8T2VR0FKP,earlier
GJ25768,2026-09-20T21:27:53.613950+00:00,cam06,Timbavadi Gate,Junagadh,Home (Police),truck_bus,1,2026-09-21T02:57:53+05:30,0.930,no,yes,valid standard format,OB01M30BFY1X5JQ30N1C4DPPEQF6,,earlier
GJ25W7686,2026-09-20T21:27:52.213950+00:00,cam06,Timbavadi Gate,Junagadh,Home (Police),truck,3,2026-09-21T02:57:52+05:30,0.951,yes,yes,valid standard format,OB01M30BFXV3V96V3NDA37E68H7C,EZ01M30BFYDPKBRX0ANT0P7W4200,earlier
GJ04Z0610,2026-09-20T21:26:37.593031+00:00,cam06,Timbavadi Gate,Junagadh,Home (Police),truck,2,2026-09-21T02:56:37+05:30,0.868,yes,yes,valid standard format,OB01M30BDKTVMN3K7CZ87HZ9TNZF,,earlier
GJ21AA1001,2026-09-20T21:26:37.593031+00:00,cam06,Timbavadi Gate,Junagadh,Home (Police),car,1,2026-09-21T02:56:37+05:30,0.824,no,yes,valid standard format,OB01M30BDKTVBJVMDP8CHETB7STW,,earlier
GJ11CH4401,2026-09-20T21:25:44.445562+00:00,cam06,Timbavadi Gate,Junagadh,Home (Police),car,1,2026-09-21T02:55:44+05:30,0.993,no,yes,valid standard format,OB01M30BBYF203MPZVQ63GAHCQR8,,earlier
GJ08A7550,2026-09-20T21:24:31.006432+00:00,cam06,Timbavadi Gate,Junagadh,Home (Police),truck,1,2026-09-21T02:54:31+05:30,0.845,no,yes,valid standard format,OB01M30B9PTNGP2XT8FHJ4AG45MZ,,earlier
GJ01RS9114,2026-09-20T21:24:16.806432+00:00,cam06,Timbavadi Gate,Junagadh,Home (Police),car,2,2026-09-21T02:54:16+05:30,0.957,yes,yes,valid standard format,OB01M30B9BY32RQAPVTXTM9YJDBB,EZ01M30B9CB2RW06ZMAEDEYVB2ZH,earlier
GJ11VV6198,2026-09-20T21:23:50.032219+00:00,cam06,Timbavadi Gate,Junagadh,Home (Police),truck_bus,4,2026-09-21T02:53:50+05:30,0.956,yes,yes,valid standard format,OB01M30B8J329WB5FEJ5YZN2X211,,earlier
GJ11BR0928,2026-09-20T21:21:26.772424+00:00,cam06,Timbavadi Gate,Junagadh,Home (Police),car,2,2026-09-21T02:51:26+05:30,0.979,yes,yes,valid standard format,OB01M30B43WXXWGBYKWEXQ784ZVG,EZ01M30B43YWTJ24S3N2NDFPXQ3R,earlier
GJ11YV7338,2026-09-20T21:21:04.638987+00:00,cam06,Timbavadi Gate,Junagadh,Home (Police),truck,1,2026-09-21T02:51:04+05:30,0.943,no,yes,valid standard format,OB01M30B3DSZ9H9P8FPJQF55Z4GW,,earlier
GJ11AS5892,2026-09-20T21:19:02.228414+00:00,cam06,Timbavadi Gate,Junagadh,Home (Police),car,2,2026-09-21T02:49:02+05:30,0.786,yes,yes,valid standard format,OB01M30AZPP415139RMHH9VB5TDW,,earlier
GJ03PD2863,2026-09-20T21:18:57.148414+00:00,cam06,Timbavadi Gate,Junagadh,Home (Police),truck,1,2026-09-21T02:48:57+05:30,0.835,no,yes,valid standard format,OB01M30AZJJ0RWSW4R0KQA8X1F2C,,earlier
GJ11BR2735,2026-09-20T21:17:51.613873+00:00,cam06,Timbavadi Gate,Junagadh,Home (Police),car,1,2026-09-21T02:47:51+05:30,0.989,no,yes,valid standard format,OB01M30AXH77T4DG1E78B7WSNPFE,,earlier
GJ3ZK9395,2026-09-20T21:17:00.132312+00:00,cam06,Timbavadi Gate,Junagadh,Home (Police),car,1,2026-09-21T02:47:00+05:30,0.861,no,yes,valid standard format,OB01M30AW0VKEDWHRGDKDW38RG6Q,,earlier
GJ11S9258,2026-09-20T21:16:10.372312+00:00,cam06,Timbavadi Gate,Junagadh,Home (Police),truck,7,2026-09-21T02:46:10+05:30,0.972,yes,yes,valid standard format,OB01M30ATFHMZ6WEF8G3KBZCJM71,EZ01M30ATFHPN615CQHS3TT0HJJS,earlier
GJ11G1388,2026-09-20T21:16:00.932312+00:00,cam06,Timbavadi Gate,Junagadh,Home (Police),car,5,2026-09-21T02:46:00+05:30,0.989,yes,yes,valid standard format,OB01M30AT6MYE49B9YERWTJZ7MKR,,earlier
GJ03JC5583,2026-09-20T21:15:52.692312+00:00,cam06,Timbavadi Gate,Junagadh,Home (Police),car,1,2026-09-21T02:45:52+05:30,0.985,no,yes,valid standard format,OB01M30ASZ40BCM3VF9R32BRJMS6,,earlier
GJ110085,2026-09-20T21:15:25.572312+00:00,cam06,Timbavadi Gate,Junagadh,Home (Police),car,1,2026-09-21T02:45:25+05:30,0.856,no,yes,valid standard format,OB01M30AS4R8C5WXN1AY7GGT61N7,,earlier
GJ01HM7952,2026-09-20T21:14:41.932312+00:00,cam06,Timbavadi Gate,Junagadh,Home (Police),bus,1,2026-09-21T02:44:41+05:30,0.960,no,yes,valid standard format,OB01M30AQTWA1VHT89W3ENYHAWE6,,earlier
GJ11CQ9625,2026-09-20T21:14:31.932312+00:00,cam06,Timbavadi Gate,Junagadh,Home (Police),car,2,2026-09-21T02:44:31+05:30,0.964,yes,yes,valid standard format,OB01M30AQH81JJB6CVK9VGEAN45F,,earlier
GJ11S7924,2026-09-20T21:13:35.932312+00:00,cam06,Timbavadi Gate,Junagadh,Home (Police),car,9,2026-09-21T02:43:35+05:30,0.971,yes,yes,valid standard format,OB01M30ANY2NNN59YHEN472FX5JG,EZ01M30ANYJ4H0D5K6EF20T33AJQ,earlier
GJ11CQ8831,2026-09-20T20:57:19.190821+00:00,cam06,Timbavadi Gate,Junagadh,Home (Police),car,5,2026-09-21T02:27:19+05:30,0.943,yes,yes,valid standard format,OB01M309QXHG9S069EQ8SMH0QX0S,,earlier
GJ03AZ0644,2026-09-20T20:55:38.453035+00:00,cam06,Timbavadi Gate,Junagadh,Home (Police),truck,2,2026-09-21T02:25:38+05:30,0.925,yes,yes,valid standard format,OB01M309MY8G25RTP69KHA1QW0DD,,earlier
GJ01KN1659,2026-09-20T20:55:13.939702+00:00,cam06,Timbavadi Gate,Junagadh,Home (Police),car,1,2026-09-21T02:25:13+05:30,0.952,no,yes,valid standard format,OB01M309M93BPHH5RPTRAWVEHFCG,,earlier
GJ01RS9114,2026-09-20T20:54:29.624068+00:00,cam06,Timbavadi Gate,Junagadh,Home (Police),car,1,2026-09-21T02:24:29+05:30,0.964,no,yes,valid standard format,OB01M309JSQFHC1KQ9FR3FAP7E2B,EZ01M309JSW5WD5H5NN4Z9YYN38E,earlier
GJ3AAA2864,2026-09-20T20:53:06.530541+00:00,cam06,Timbavadi Gate,Junagadh,Home (Police),truck,1,2026-09-21T02:23:06+05:30,0.947,no,yes,valid standard format,OB01M309G4763K7TQ4HDRTHYN6TA,,earlier
GJ10DN2875,2026-09-20T20:52:19.850541+00:00,cam06,Timbavadi Gate,Junagadh,Home (Police),car,3,2026-09-21T02:22:19+05:30,0.908,yes,yes,valid standard format,OB01M309EP325GGF3BAY1X36ZTC3,,earlier
GJ11BR0928,2026-09-20T20:51:42.528171+00:00,cam06,Timbavadi Gate,Junagadh,Home (Police),car,5,2026-09-21T02:21:42+05:30,0.971,yes,yes,valid standard format,OB01M309DS8MBH3YNHXNWMHFKA96,EZ01M309DS8PE2AEM6CMZR5BF9Y0,earlier
GJ11YV7338,2026-09-20T20:51:21.903626+00:00,cam06,Timbavadi Gate,Junagadh,Home (Police),truck,1,2026-09-21T02:21:21+05:30,0.901,no,yes,valid standard format,OB01M309D3209M3TSXWB7QEBACMD,,earlier
GJ03ER8216,2026-09-20T20:51:08.383626+00:00,cam06,Timbavadi Gate,Junagadh,Home (Police),car,1,2026-09-21T02:21:08+05:30,0.971,no,yes,valid standard format,OB01M309CQ7HTPPD9HNRBFKV1XD2,,earlier
GJ27AA0401,2026-09-20T20:49:45.822002+00:00,cam06,Timbavadi Gate,Junagadh,Home (Police),car,1,2026-09-21T02:19:45+05:30,0.965,no,yes,valid standard format,OB01M309A62WAPRDJ1GR2993XYQA,,earlier
GJ11BR8190,2026-09-20T20:49:38.542002+00:00,cam06,Timbavadi Gate,Junagadh,Home (Police),car,1,2026-09-21T02:19:38+05:30,0.970,no,yes,valid standard format,OB01M3099YQKX7QG6WCGXDXZFKGK,,earlier
GJ05JF6480,2026-09-20T20:49:00.782531+00:00,cam06,Timbavadi Gate,Junagadh,Home (Police),car,1,2026-09-21T02:19:00+05:30,0.960,no,yes,valid standard format,OB01M3098QXCXHHC474S99P70PN5,,earlier
GJ32K9819,2026-09-20T20:48:57.662531+00:00,cam06,Timbavadi Gate,Junagadh,Home (Police),car,4,2026-09-21T02:18:57+05:30,0.962,yes,yes,valid standard format,OB01M3098MWY3YA1JMYKVMW891QF,,earlier
GJ11S9258,2026-09-20T20:46:21.034046+00:00,cam06,Timbavadi Gate,Junagadh,Home (Police),car,6,2026-09-21T02:16:21+05:30,0.968,yes,yes,valid standard format,OB01M3093WZBBKH310TEAWW5BRV7,EZ01M3093WZDGWP0K9DEGP67RD9D,earlier
GJ11G1388,2026-09-20T20:46:10.914046+00:00,cam06,Timbavadi Gate,Junagadh,Home (Police),truck,3,2026-09-21T02:16:10+05:30,0.987,yes,yes,valid standard format,OB01M3093JCR8XMM7PCX6EKGR555,,earlier
GJ03JC5583,2026-09-20T20:46:02.714046+00:00,cam06,Timbavadi Gate,Junagadh,Home (Police),car,1,2026-09-21T02:16:02+05:30,0.985,no,yes,valid standard format,OB01M3093AYYP1ADR2NRQ71YSCVT,,earlier
GJ01HM7952,2026-09-20T20:44:51.674046+00:00,cam06,Timbavadi Gate,Junagadh,Home (Police),truck,2,2026-09-21T02:14:51+05:30,0.966,yes,yes,valid standard format,OB01M30916ZHBY17M7T34D7JBT9M,,earlier
GJ11CQ9625,2026-09-20T20:44:42.074046+00:00,cam06,Timbavadi Gate,Junagadh,Home (Police),car,3,2026-09-21T02:14:42+05:30,0.988,yes,yes,valid standard format,OB01M3090XPA2KW144S2WVXWQ5ZA,,earlier
GJ11S7924,2026-09-20T20:43:45.874046+00:00,cam06,Timbavadi Gate,Junagadh,Home (Police),truck_bus,4,2026-09-21T02:13:45+05:30,0.980,yes,yes,valid standard format,OB01M308Z9QE2M2A8N05SSTBHT6N,EZ01M308ZABPM6J97K1MGK1RGCKJ,earlier
GJ11S7924,2026-09-20T20:43:45.874046+00:00,cam06,Timbavadi Gate,Junagadh,Home (Police),truck_bus,6,2026-09-21T02:13:45+05:30,0.965,yes,yes,valid standard format,OB01M308Z5Q40YC9CEV7JDHMH6FT,EZ01M308Z64NCBRCZQXHNFJQ4Y5E,earlier
GJ18X6705,2026-09-20T20:42:26.594046+00:00,cam06,Timbavadi Gate,Junagadh,Home (Police),unknown,1,2026-09-21T02:12:26+05:30,0.977,no,yes,valid standard format,OB01M308X9NM5E3J2CNG76GNWTNJ,EZ01M308X9NP7PFCRNX15H7HFQ8C,earlier
GJ03ER8216,2026-09-20T20:39:46.143166+00:00,cam06,Timbavadi Gate,Junagadh,Home (Police),car,3,2026-09-21T02:09:46+05:30,0.960,yes,yes,valid standard format,OB01M308QYQTSAJPVHWKH87WS9PA,,earlier
GJ03JR5317,2026-09-20T20:39:45.103166+00:00,cam06,Timbavadi Gate,Junagadh,Home (Police),car,3,2026-09-21T02:09:45+05:30,0.956,yes,yes,valid standard format,OB01M308QYXZM67XW64PBKEH0V04,,earlier
GJ11DB2886,2026-09-20T20:39:10.063166+00:00,cam06,Timbavadi Gate,Junagadh,Home (Police),truck,1,2026-09-21T02:09:10+05:30,0.998,no,yes,valid standard format,OB01M308PPVCT12BSQCY9C0SR0CW,EZ01M308PQEXG246VFWE60P5ZZXD,earlier
GJ11DB2886,2026-09-20T20:39:09.103166+00:00,cam06,Timbavadi Gate,Junagadh,Home (Police),car,1,2026-09-21T02:09:09+05:30,0.994,no,yes,valid standard format,OB01M308PQ23GC7YJVX626VANK44,EZ01M308PQJAAXVDPD70YX2GJAHR,earlier
GJ2ZAA0401,2026-09-20T20:38:20.863166+00:00,cam06,Timbavadi Gate,Junagadh,Home (Police),car,1,2026-09-21T02:08:20+05:30,0.905,no,yes,valid standard format,OB01M308N8ZS5XNVWNMBAJWFM8GT,,earlier
GJ11AS5892,2026-09-20T20:37:58.983166+00:00,cam06,Timbavadi Gate,Junagadh,Home (Police),car,1,2026-09-21T02:07:58+05:30,0.920,no,yes,valid standard format,OB01M308MK74ZAJN9SHTT2C8ZMTZ,,earlier
GJ03PD2863,2026-09-20T20:37:52.663166+00:00,cam06,Timbavadi Gate,Junagadh,Home (Police),car,1,2026-09-21T02:07:52+05:30,0.952,no,yes,valid standard format,OB01M308MD60N1VXG7X9QTABQD1W,,earlier
GJ05JF6480,2026-09-20T20:37:38.783166+00:00,cam06,Timbavadi Gate,Junagadh,Home (Police),car,2,2026-09-21T02:07:38+05:30,0.953,yes,yes,valid standard format,OB01M308KYXQDMNA2EFY4MFZ9AY5,,earlier
GJ32K9819,2026-09-20T20:37:35.983166+00:00,cam06,Timbavadi Gate,Junagadh,Home (Police),truck,4,2026-09-21T02:07:35+05:30,0.963,yes,yes,valid standard format,OB01M308KVJMEY78S3R1R6EPXCRR,,earlier
GJ11C0888,2026-09-20T20:36:56.343166+00:00,cam06,Timbavadi Gate,Junagadh,Home (Police),car,1,2026-09-21T02:06:56+05:30,0.922,no,yes,valid standard format,OB01M308JMFDCF8DW0C8Z6TWVXQX,,earlier
GJ37AB9445,2026-09-20T20:36:42.743166+00:00,cam06,Timbavadi Gate,Junagadh,Home (Police),car,4,2026-09-21T02:06:42+05:30,0.988,yes,yes,valid standard format,OB01M308J78A3ENGA9WNDEKKR4R6,,earlier
GJ18B8525,2026-09-20T20:35:32.023166+00:00,cam06,Timbavadi Gate,Junagadh,Home (Police),truck,2,2026-09-21T02:05:32+05:30,0.858,yes,yes,valid standard format,OB01M308FXPZBG3AFE8XGHZZ93BS,,earlier
GJ11S9258,2026-09-20T20:35:10.343166+00:00,cam06,Timbavadi Gate,Junagadh,Home (Police),car,3,2026-09-21T02:05:10+05:30,0.989,yes,yes,valid standard format,OB01M308F8XYKSW9WH6AB1NEAZ52,EZ01M308F9B5HD2QNMN3SSZBN2V7,earlier
GJ11G1388,2026-09-20T20:35:01.103166+00:00,cam06,Timbavadi Gate,Junagadh,Home (Police),truck,4,2026-09-21T02:05:01+05:30,0.987,yes,yes,valid standard format,OB01M308EZ088GCZF4JVTT9T6RZS,,earlier
GJ11CQ9625,2026-09-20T20:33:33.503166+00:00,cam06,Timbavadi Gate,Junagadh,Home (Police),car,1,2026-09-21T02:03:33+05:30,0.998,no,yes,valid standard format,OB01M308CG095VTEW3YR9T6EACKG,,earlier
GJ11CQ9625,2026-09-20T20:33:32.223166+00:00,cam06,Timbavadi Gate,Junagadh,Home (Police),unknown,1,2026-09-21T02:03:32+05:30,0.980,no,yes,valid standard format,OB01M308CG09CWZ57W43E667V5XS,,earlier
GJ11S7924,2026-09-20T20:32:37.879490+00:00,cam06,Timbavadi Gate,Junagadh,Home (Police),car,8,2026-09-21T02:02:37+05:30,0.971,yes,yes,valid standard format,OB01M308AWBC5PA36WP5FWQRRD3T,EZ01M308AWZ5NZ6T2KH15RYP2946,earlier
GJ3GA2288,2026-09-20T20:29:12.513373+00:00,cam06,Timbavadi Gate,Junagadh,Home (Police),car,1,2026-09-21T01:59:12+05:30,0.837,no,yes,valid standard format,OB01M3084M46865ZK7SK16EGCR0E,,earlier
GJ18X6705,2026-09-20T20:27:24.509145+00:00,cam06,Timbavadi Gate,Junagadh,Home (Police),truck,3,2026-09-21T01:57:24+05:30,0.863,yes,yes,valid standard format,OB01M3081V837205C3NWK1MT6Z5S,EZ01M3081V85M5C243P4SE3NQ170,earlier
GJ18X6705,2026-09-20T20:24:37.299217+00:00,cam06,Timbavadi Gate,Junagadh,Home (Police),car,1,2026-09-21T01:54:37+05:30,0.945,no,yes,valid standard format,OB01M307WP5X76NTA0W5PP7ZPKZ0,EZ01M307WPMMYE5SEA23XGWFSTM2,earlier
GJ19X6705,2026-09-20T20:22:32.653990+00:00,cam06,Timbavadi Gate,Junagadh,Home (Police),bus,1,2026-09-21T01:52:32+05:30,0.907,no,yes,valid standard format,OB01M307RRTY0KQ5DF2PPJGQ77K1,,earlier
GJ18X6705,2026-09-20T20:20:45.569069+00:00,cam06,Timbavadi Gate,Junagadh,Home (Police),car,1,2026-09-21T01:50:45+05:30,0.975,no,yes,valid standard format,OB01M307NKB45YVBKZ6B48H2V9P0,EZ01M307NKPBTC2MM93HD591DCZZ,earlier
GJ11S7924,2026-09-20T20:19:50.810015+00:00,cam06,Timbavadi Gate,Junagadh,Home (Police),car,9,2026-09-21T01:49:50+05:30,0.970,yes,yes,valid standard format,OB01M307KK1MF28Y9S2PPMFTZ1FR,EZ01M307KKDABSXXRCT0AJ2NDA3A,earlier
GJ11CQ8831,2026-09-20T20:17:37.918425+00:00,cam06,Timbavadi Gate,Junagadh,Home (Police),truck_bus,5,2026-09-21T01:47:37+05:30,0.941,yes,yes,valid standard format,OB01M307FDVGPEP2ZTEWGWDPWBQ9,,earlier
GJ04Z0610,2026-09-20T20:17:09.678425+00:00,cam06,Timbavadi Gate,Junagadh,Home (Police),truck_bus,2,2026-09-21T01:47:09+05:30,0.863,yes,yes,valid standard format,OB01M307EEBT4HPP47J09DDEBFKR,,earlier
GJ18ZT1782,2026-09-20T20:17:06.478425+00:00,cam06,Timbavadi Gate,Junagadh,Home (Police),truck,1,2026-09-21T01:47:06+05:30,0.970,no,yes,valid standard format,OB01M307EDX2X9YGTZBKXKYXGN9Z,EZ01M307EDX4BZXK29CRMA29Q3YR,earlier
GJ11CH4401,2026-09-20T20:16:16.958425+00:00,cam06,Timbavadi Gate,Junagadh,Home (Police),car,6,2026-09-21T01:46:16+05:30,0.946,yes,yes,valid standard format,OB01M307CVHFJ644STFE5MJ31HHF,,earlier
GJ03AZ0644,2026-09-20T20:15:58.398425+00:00,cam06,Timbavadi Gate,Junagadh,Home (Police),car,2,2026-09-21T01:45:58+05:30,0.914,yes,yes,valid standard format,OB01M307CACG2C4QE8GXTMF6ZPK4,,earlier
GJ01KN1659,2026-09-20T20:15:35.238425+00:00,cam06,Timbavadi Gate,Junagadh,Home (Police),car,1,2026-09-21T01:45:35+05:30,0.928,no,yes,valid standard format,OB01M307BJ6GYD9GQKM9TZ8Z5VKM,,earlier
GJ11CH0340,2026-09-20T20:14:41.758425+00:00,cam06,Timbavadi Gate,Junagadh,Home (Police),car,2,2026-09-21T01:44:41+05:30,0.907,yes,yes,valid standard format,OB01M3079YMR0RKYCDTJFN20Q0QK,,earlier
GJ36R4094,2026-09-20T20:14:31.238425+00:00,cam06,Timbavadi Gate,Junagadh,Home (Police),car,5,2026-09-21T01:44:31+05:30,0.990,yes,yes,valid standard format,OB01M3079KXFN1G83F7Z5CB82JXQ,,earlier
GJ10CG4786,2026-09-20T20:14:29.038425+00:00,cam06,Timbavadi Gate,Junagadh,Home (Police),car,3,2026-09-21T01:44:29+05:30,0.955,yes,yes,valid standard format,OB01M3079JDPP9ZPFQSFSKHSPRN3,,earlier
GJ11VY6198,2026-09-20T20:14:26.958425+00:00,cam06,Timbavadi Gate,Junagadh,Home (Police),truck,3,2026-09-21T01:44:26+05:30,0.944,yes,yes,valid standard format,OB01M3079FSHCWXVHR59DC9ZFDYD,,earlier
GJ32AA2864,2026-09-20T20:13:18.718425+00:00,cam06,Timbavadi Gate,Junagadh,Home (Police),car,2,2026-09-21T01:43:18+05:30,0.983,yes,yes,valid standard format,OB01M3077EKMP8E7CPCFEY4YE3BC,,earlier
GJ11BR0928,2026-09-20T20:11:55.758425+00:00,cam06,Timbavadi Gate,Junagadh,Home (Police),car,11,2026-09-21T01:41:55+05:30,0.963,yes,yes,valid standard format,OB01M30750RF6QX52TVN4M4QEV7B,EZ01M30750RHGJPG2X0EVKGECS1Y,earlier
GJ11CH4401,2026-09-20T19:54:47.373488+00:00,cam06,Timbavadi Gate,Junagadh,Home (Police),car,7,2026-09-21T01:24:47+05:30,0.929,yes,yes,valid standard format,OB01M3065EHJDSR8N2QA7B9XDETY,,earlier
GJ18BH7584,2026-09-20T19:54:37.453488+00:00,cam06,Timbavadi Gate,Junagadh,Home (Police),car,1,2026-09-21T01:24:37+05:30,0.998,no,yes,valid standard format,OB01M30655393YGR2B6PK9JQHMX4,,earlier
GJ03AZ0644,2026-09-20T19:54:31.619109+00:00,cam06,Timbavadi Gate,Junagadh,Home (Police),car,2,2026-09-21T01:24:31+05:30,0.929,yes,yes,valid standard format,OB01M3064ZEAFJX9PBPEZ7W0MK39,,earlier
GJ10CG4786,2026-09-20T19:52:58.807680+00:00,cam06,Timbavadi Gate,Junagadh,Home (Police),truck,3,2026-09-21T01:22:58+05:30,0.963,yes,yes,valid standard format,OB01M3062544BNKXSJ1DEZ5R01E6,,earlier
GJ3AAA2864,2026-09-20T19:51:45.169957+00:00,cam06,Timbavadi Gate,Junagadh,Home (Police),car,2,2026-09-21T01:21:45+05:30,0.865,yes,yes,valid standard format,OB01M305ZYAPE2SN3CQAR84C2RW6,,earlier
GJ11BR0928,2026-09-20T19:50:23.904282+00:00,cam06,Timbavadi Gate,Junagadh,Home (Police),car,7,2026-09-21T01:20:23+05:30,0.976,yes,yes,valid standard format,OB01M305XF038WMM3YD2X2HASNGQ,EZ01M305XFBT3VP4YCHBVR9HMTFY,earlier
GJ11VV7338,2026-09-20T19:50:07.744282+00:00,cam06,Timbavadi Gate,Junagadh,Home (Police),car,2,2026-09-21T01:20:07+05:30,0.914,yes,yes,valid standard format,OB01M305WVY3NCGRWDS5YTJNNCRZ,,earlier
GJ03JR5317,2026-09-20T19:49:54.024282+00:00,cam06,Timbavadi Gate,Junagadh,Home (Police),car,1,2026-09-21T01:19:54+05:30,0.956,no,yes,valid standard format,OB01M305WHZHZVWPVECAY8S3AGFJ,,earlier
GJ03ER8216,2026-09-20T19:49:53.184282+00:00,cam06,Timbavadi Gate,Junagadh,Home (Police),car,4,2026-09-21T01:19:53+05:30,0.957,yes,yes,valid standard format,OB01M305WGHEKBNHAYWB68Y406E6,,earlier
GJ11DB2886,2026-09-20T19:49:16.944282+00:00,cam06,Timbavadi Gate,Junagadh,Home (Police),car,2,2026-09-21T01:19:16+05:30,0.990,yes,yes,valid standard format,OB01M305VA6R7WB9FZBXD5274F03,EZ01M305VASAMBBHVMSMRA20DEFM,earlier
GJ11C0349,2026-09-20T19:48:20.424315+00:00,cam06,Timbavadi Gate,Junagadh,Home (Police),car,1,2026-09-21T01:18:20+05:30,0.823,no,yes,valid standard format,OB01M305SWE2HKZSBMTCDAN8KXWC,,earlier
GJ03PD2863,2026-09-20T19:47:52.184315+00:00,cam06,Timbavadi Gate,Junagadh,Home (Police),car,1,2026-09-21T01:17:52+05:30,0.950,no,yes,valid standard format,OB01M305RWV6P2NMFJH53EVMA7B2,,earlier
GJ05JF6480,2026-09-20T19:47:38.344315+00:00,cam06,Timbavadi Gate,Junagadh,Home (Police),car,3,2026-09-21T01:17:38+05:30,0.955,yes,yes,valid standard format,OB01M305RCDEHH5P5N5HB1KTYPA5,,earlier
GJ32K9819,2026-09-20T19:47:35.024315+00:00,cam06,Timbavadi Gate,Junagadh,Home (Police),car,4,2026-09-21T01:17:35+05:30,0.965,yes,yes,valid standard format,OB01M305RAPJDYQHNWADCSMHPGG1,,earlier
GJ37AB9445,2026-09-20T19:46:42.264315+00:00,cam06,Timbavadi Gate,Junagadh,Home (Police),car,6,2026-09-21T01:16:42+05:30,0.982,yes,yes,valid standard format,OB01M305PPP7586KFT6BFRFN5X3Y,,earlier
GJ18BR5253,2026-09-20T19:45:31.064315+00:00,cam06,Timbavadi Gate,Junagadh,Home (Police),car,2,2026-09-21T01:15:31+05:30,0.900,yes,yes,valid standard format,OB01M305MGWNNFT8AJ16HNPZWTRE,,earlier
GJ11S9258,2026-09-20T19:45:10.024315+00:00,cam06,Timbavadi Gate,Junagadh,Home (Police),truck_bus,7,2026-09-21T01:15:10+05:30,0.975,yes,yes,valid standard format,OB01M305KVXCCXMQTGAQ4SQSTSP5,EZ01M305KW4YM9536AK5FR36GEPA,earlier
GJ11G1388,2026-09-20T19:45:00.584315+00:00,cam06,Timbavadi Gate,Junagadh,Home (Police),car,6,2026-09-21T01:15:00+05:30,0.985,yes,yes,valid standard format,OB01M305KJJFE3EEHNEF5WR1FPX3,,earlier
GJ11CQ9625,2026-09-20T19:43:31.664315+00:00,cam06,Timbavadi Gate,Junagadh,Home (Police),unknown,3,2026-09-21T01:13:31+05:30,0.978,yes,yes,valid standard format,OB01M305GX3QKM7VGRFPR5BCTD4G,,earlier
GJ11S7924,2026-09-20T19:42:35.624315+00:00,cam06,Timbavadi Gate,Junagadh,Home (Police),car,8,2026-09-21T01:12:35+05:30,0.976,yes,yes,valid standard format,OB01M305FA2YN23R5PT7SH77VTRA,EZ01M305FACM140B5PZKW7QDZNRB,earlier
GJ11S7924,2026-09-20T19:42:35.624315+00:00,cam06,Timbavadi Gate,Junagadh,Home (Police),truck,1,2026-09-21T01:12:35+05:30,0.994,no,yes,valid standard format,OB01M305F9KY16FC5P04D7WEA9JQ,EZ01M305FA9JKVB04CY29TFDGG4F,earlier
GJ18X6705,2026-09-20T19:41:17.704315+00:00,cam06,Timbavadi Gate,Junagadh,Home (Police),car,2,2026-09-21T01:11:17+05:30,0.977,yes,yes,valid standard format,OB01M305DB3H2AW04X9K9Y1FHP4A,EZ01M305DBCQWDY04KVDA981H299,earlier
GJ11S7924,2026-09-20T19:39:31.036645+00:00,cam06,Timbavadi Gate,Junagadh,Home (Police),car,9,2026-09-21T01:09:31+05:30,0.968,yes,yes,valid standard format,OB01M3059NBJQEJNSAY686ZA7RMZ,EZ01M3059NBMS0JHQGTK9HSTAEWY,earlier
GJ23H1546,2026-09-20T19:39:11.276645+00:00,cam06,Timbavadi Gate,Junagadh,Home (Police),car,1,2026-09-21T01:09:11+05:30,0.865,no,yes,valid standard format,OB01M3058XRDMKCKJX9YPP9C4JJY,,earlier
GJ18ZT2013,2026-09-20T19:23:15.889566+00:00,cam06,Timbavadi Gate,Junagadh,Home (Police),truck,3,2026-09-21T00:53:15+05:30,0.921,yes,yes,valid standard format,OB01M304BY69JYEHF5AK7WM4GWW4,,earlier
GJ18ZT1782,2026-09-20T19:22:50.447144+00:00,cam06,Timbavadi Gate,Junagadh,Home (Police),truck,2,2026-09-21T00:52:50+05:30,0.930,yes,yes,valid standard format,OB01M304B3KB8XHQHSCDRX35ZT9D,EZ01M304B46XGGZC9WG27TGW61FY,earlier
GJ1HCH4401,2026-09-20T19:22:02.211725+00:00,cam06,Timbavadi Gate,Junagadh,Home (Police),truck,2,2026-09-21T00:52:02+05:30,0.850,yes,yes,valid standard format,OB01M3049GERDV382P51G0QV1PTY,,earlier
GJ03AZ0644,2026-09-20T19:21:44.404499+00:00,cam06,Timbavadi Gate,Junagadh,Home (Police),truck,2,2026-09-21T00:51:44+05:30,0.933,yes,yes,valid standard format,OB01M30492HYNBPAF1518MA7A667,,earlier
GJ01KN1659,2026-09-20T19:21:22.998699+00:00,cam06,Timbavadi Gate,Junagadh,Home (Police),car,1,2026-09-21T00:51:22+05:30,0.942,no,yes,valid standard format,OB01M30489MMYWN2YJ22SNNWEPDZ,,earlier
GJ11BR2509,2026-09-20T19:21:07.518699+00:00,cam06,Timbavadi Gate,Junagadh,Home (Police),car,2,2026-09-21T00:51:07+05:30,0.960,yes,yes,valid standard format,OB01M3047TYCBZWYCSCZ7B2SZGSB,,earlier
GJ01RS9114,2026-09-20T19:20:38.358699+00:00,cam06,Timbavadi Gate,Junagadh,Home (Police),car,1,2026-09-21T00:50:38+05:30,0.975,no,yes,valid standard format,OB01M3046X3BC5H0YZ2NRR8Y8XCN,EZ01M3046XPWF3NBNBYBQVG8EAYD,earlier
GJ36R4094,2026-09-20T19:20:19.867956+00:00,cam06,Timbavadi Gate,Junagadh,Home (Police),truck,4,2026-09-21T00:50:19+05:30,0.967,yes,yes,valid standard format,OB01M30469P8ZX9B5QV919FPD7WH,,earlier
GJ1QCG4786,2026-09-20T19:20:17.147956+00:00,cam06,Timbavadi Gate,Junagadh,Home (Police),car,2,2026-09-21T00:50:17+05:30,0.947,yes,yes,valid standard format,OB01M30469BWXEB5959DM2F3KPJ6,,earlier
GJ11BR0928,2026-09-20T19:17:35.211306+00:00,cam06,Timbavadi Gate,Junagadh,Home (Police),car,6,2026-09-21T00:47:35+05:30,0.974,yes,yes,valid standard format,OB01M3041R8K1CCRJYJ98H5PABA5,EZ01M3041RM2WDKVMY590P26JZEV,earlier
GJ11YV7338,2026-09-20T19:17:19.651306+00:00,cam06,Timbavadi Gate,Junagadh,Home (Police),truck,2,2026-09-21T00:47:19+05:30,0.914,yes,yes,valid standard format,OB01M3040ZRAA7FVCH56SS4S6F7V,,earlier
GJ03ER8216,2026-09-20T19:17:04.771306+00:00,cam06,Timbavadi Gate,Junagadh,Home (Police),truck,2,2026-09-21T00:47:04+05:30,0.954,yes,yes,valid standard format,OB01M3040GYJ75D2AECZCF1VREBA,,earlier
GJ11DB2886,2026-09-20T19:16:28.571306+00:00,cam06,Timbavadi Gate,Junagadh,Home (Police),truck,2,2026-09-21T00:46:28+05:30,0.996,yes,yes,valid standard format,OB01M303ZB3DPEMVNQQ1MTCTKV25,EZ01M303ZBFEZ6XMG1KCXGFAXSG6,earlier
GJ11C0349,2026-09-20T19:15:40.651306+00:00,cam06,Timbavadi Gate,Junagadh,Home (Police),car,1,2026-09-21T00:45:40+05:30,0.823,no,yes,valid standard format,OB01M303XX8CFT5Z0MAS9J72VEVB,,earlier
GJ03PD2863,2026-09-20T19:15:12.451306+00:00,cam06,Timbavadi Gate,Junagadh,Home (Police),truck_bus,1,2026-09-21T00:45:12+05:30,0.950,no,yes,valid standard format,OB01M303X0DA5NDPG17SYX8RP5KK,,earlier
GJ25AA4345,2026-09-20T19:15:04.651306+00:00,cam06,Timbavadi Gate,Junagadh,Home (Police),car,1,2026-09-21T00:45:04+05:30,0.992,no,yes,valid standard format,OB01M303WRYEM2WRA1J062PAC8BN,,earlier
GJ05JF6480,2026-09-20T19:14:58.811306+00:00,cam06,Timbavadi Gate,Junagadh,Home (Police),car,1,2026-09-21T00:44:58+05:30,0.965,no,yes,valid standard format,OB01M303WJQ96QKJ8KH8FNF8CP44,,earlier
GJ32K9819,2026-09-20T19:14:55.491306+00:00,cam06,Timbavadi Gate,Junagadh,Home (Police),car,2,2026-09-21T00:44:55+05:30,0.981,yes,yes,valid standard format,OB01M303WG7QP1JSEW5VJKVMWTCT,,earlier
GJ37AB9445,2026-09-20T19:14:02.851306+00:00,cam06,Timbavadi Gate,Junagadh,Home (Police),car,3,2026-09-21T00:44:02+05:30,0.995,yes,yes,valid standard format,OB01M303TWP25ZRQ4JSHKT5WBJAQ,,earlier
GJ05AV6411,2026-09-20T19:13:30.691306+00:00,cam06,Timbavadi Gate,Junagadh,Home (Police),truck_bus,1,2026-09-21T00:43:30+05:30,0.954,no,yes,valid standard format,OB01M303SZWGQA9DVXESNFDTG7FH,,earlier
GJ11S9258,2026-09-20T19:12:30.131306+00:00,cam06,Timbavadi Gate,Junagadh,Home (Police),car,4,2026-09-21T00:42:30+05:30,0.989,yes,yes,valid standard format,OB01M303R217WTQ230M7R7F37K8G,EZ01M303R21C17HW68B3WD1F6G3H,earlier
GJ11G1388,2026-09-20T19:12:20.611306+00:00,cam06,Timbavadi Gate,Junagadh,Home (Police),truck,3,2026-09-21T00:42:20+05:30,0.984,yes,yes,valid standard format,OB01M303QR95FQ0XP8DRW4AEV39E,,earlier
GJ110085,2026-09-20T19:11:46.811306+00:00,cam06,Timbavadi Gate,Junagadh,Home (Police),truck_bus,1,2026-09-21T00:41:46+05:30,0.856,no,yes,valid standard format,OB01M303PQV0YQMJ42ETHK4M1DSM,,earlier
GJ01HM7952,2026-09-20T19:11:01.571306+00:00,cam06,Timbavadi Gate,Junagadh,Home (Police),car,2,2026-09-21T00:41:01+05:30,0.961,yes,yes,valid standard format,OB01M303NCZGWA73CS3PRPGZY101,,earlier
GJ11CQ9625,2026-09-20T19:10:53.011306+00:00,cam06,Timbavadi Gate,Junagadh,Home (Police),car,1,2026-09-21T00:40:53+05:30,0.997,no,yes,valid standard format,OB01M303N35A0H2D0MBS2E7BDXE1,,earlier
GJ11CQ9625,2026-09-20T19:10:51.731306+00:00,cam06,Timbavadi Gate,Junagadh,Home (Police),unknown,2,2026-09-21T00:40:51+05:30,0.991,yes,yes,valid standard format,OB01M303N2Y9TBRSBNY1D42KJ5HS,,earlier
GJ11S7924,2026-09-20T19:09:55.531306+00:00,cam06,Timbavadi Gate,Junagadh,Home (Police),car,8,2026-09-21T00:39:55+05:30,0.971,yes,yes,valid standard format,OB01M303KFTT6DRETPX5B00WRCCQ,EZ01M303KG8BG3Z4C672PGKHRFG4,earlier
GJ18X6705,2026-09-20T19:08:40.451306+00:00,cam06,Timbavadi Gate,Junagadh,Home (Police),truck,3,2026-09-21T00:38:40+05:30,0.869,yes,yes,valid standard format,OB01M303HEPJAMH3B7W3B2DNAZE1,EZ01M303HEPMD0ZQ138HD2VWWF5R,earlier
GJ11S7924,2026-09-20T19:07:51.223557+00:00,cam06,Timbavadi Gate,Junagadh,Home (Police),car,1,2026-09-21T00:37:51+05:30,0.950,no,yes,valid standard format,OB01M303FNN9JG9E1729YTVQGS2W,EZ01M303FNWJSZW524VZMJVDHPMX,earlier
GJ11S7924,2026-09-20T19:07:50.983557+00:00,cam06,Timbavadi Gate,Junagadh,Home (Police),truck_bus,8,2026-09-21T00:37:50+05:30,0.984,yes,yes,valid standard format,OB01M303FNN9M8YY31X21V4X9VMD,EZ01M303FP14EGWXD4DNF02Q1ZRV,earlier
GJ23H1546,2026-09-20T19:07:30.663557+00:00,cam06,Timbavadi Gate,Junagadh,Home (Police),car,1,2026-09-21T00:37:30+05:30,0.840,no,yes,valid standard format,OB01M303EXJREHDP06Y5F2W1W54T,,earlier
GJ18X6705,2026-09-20T19:06:39.743557+00:00,cam06,Timbavadi Gate,Junagadh,Home (Police),car,1,2026-09-21T00:36:39+05:30,0.977,no,yes,valid standard format,OB01M303DM85BGY4SGDKK3HY7RYW,EZ01M303DMHH583ZJP42ZH3P7TWZ,earlier
GJ11S7924,2026-09-20T19:05:40.557029+00:00,cam06,Timbavadi Gate,Junagadh,Home (Police),car,1,2026-09-21T00:35:40+05:30,0.950,no,yes,valid standard format,OB01M303BPTVDVQ0WXGXRTZHJKVT,EZ01M303BQ2R1935QS9XV9VY07AR,earlier
GJ11S7924,2026-09-20T19:05:40.317029+00:00,cam06,Timbavadi Gate,Junagadh,Home (Police),car,8,2026-09-21T00:35:40+05:30,0.978,yes,yes,valid standard format,OB01M303BPTW1VVW2DTTH458TRTQ,EZ01M303BQ87M52XAQ4YM1A5X9T3,earlier
GJ23H1546,2026-09-20T19:05:20.477029+00:00,cam06,Timbavadi Gate,Junagadh,Home (Police),truck,3,2026-09-21T00:35:20+05:30,0.870,yes,yes,valid standard format,OB01M303AYJXQ5NR8KH2H8W6JVR1,,earlier
GJ18X6705,2026-09-20T19:03:13.104127+00:00,cam06,Timbavadi Gate,Junagadh,Home (Police),car,2,2026-09-21T00:33:13+05:30,0.976,yes,yes,valid standard format,OB01M3037KGHF02W7VVGRAEWGFTS,EZ01M3037KGQ1WEP4XFTWJSRZ7P3,earlier
GJ11S7924,2026-09-20T19:00:05.298884+00:00,cam06,Timbavadi Gate,Junagadh,Home (Police),truck,1,2026-09-21T00:30:05+05:30,0.981,no,yes,valid standard format,OB01M30318E3XPGBGQKXT30EJQZ8,EZ01M30318E9N0R9V2XE68XHKYH7,earlier
GJ23H1546,2026-09-20T18:57:20.856769+00:00,cam06,Timbavadi Gate,Junagadh,Home (Police),car,1,2026-09-21T00:27:20+05:30,0.906,no,yes,valid standard format,OB01M302WD4VR9SESTKQQ7MDHSNQ,,earlier
GJ32AG2883,2026-09-20T18:56:42.656769+00:00,cam06,Timbavadi Gate,Junagadh,Home (Police),car,1,2026-09-21T00:26:42+05:30,0.903,no,yes,valid standard format,OB01M302V72NDW0Z5B5VHVVZSFMZ,,earlier
GJ18X6705,2026-09-20T18:56:20.616769+00:00,cam06,Timbavadi Gate,Junagadh,Home (Police),truck,2,2026-09-21T00:26:20+05:30,0.824,yes,yes,valid standard format,OB01M302V15GQA3S78JZVR9PEHNZ,EZ01M302V1VRZD0G921ZSB7A8DDY,earlier
GJ18X6705,2026-09-20T18:55:57.700492+00:00,cam06,Timbavadi Gate,Junagadh,Home (Police),car,1,2026-09-21T00:25:57+05:30,0.977,no,yes,valid standard format,OB01M302T07A38SEYMFNP4JRJX5K,EZ01M302T07PAFTCN2AHBYY7P0PW,earlier
GJ19X6705,2026-09-20T18:54:52.571582+00:00,cam06,Timbavadi Gate,Junagadh,Home (Police),car,1,2026-09-21T00:24:52+05:30,0.907,no,yes,valid standard format,OB01M302R91Y8J10H7XK7WC3E1QR,,earlier
GJ8LB4466,2026-09-20T18:53:08.745122+00:00,cam06,Timbavadi Gate,Junagadh,Home (Police),truck,2,2026-09-21T00:23:08+05:30,0.651,yes,yes,valid standard format,OB01M302MMJ9YVTV2Q0XFAZPJNEH,,earlier
GJ11CH4401,2026-09-20T18:51:44.949287+00:00,cam06,Timbavadi Gate,Junagadh,Home (Police),car,2,2026-09-21T00:21:44+05:30,0.978,yes,yes,valid standard format,OB01M302J22H4DBMKDVHSHXSMAT4,,earlier
GJ11CH4401,2026-09-20T18:51:43.349287+00:00,cam06,Timbavadi Gate,Junagadh,Home (Police),car,2,2026-09-21T00:21:43+05:30,0.891,yes,yes,valid standard format,OB01M302J0RKN90DSM5APA87R5J6,,earlier
GJ33470,2026-09-20T18:51:25.221921+00:00,cam06,Timbavadi Gate,Junagadh,Home (Police),bus,2,2026-09-21T00:21:25+05:30,0.613,yes,yes,valid standard format,OB01M302HD1YQYMZBSFDMDRZT93R,,earlier
GJ18X6705,2026-09-20T18:34:21.095985+00:00,cam06,Timbavadi Gate,Junagadh,Home (Police),car,1,2026-09-21T00:04:21+05:30,0.977,no,yes,valid standard format,OB01M301J9EE1W693622HTM6YJVY,EZ01M301J9EKSZ031GZE55WBDPMA,earlier
GJ11S7924,2026-09-20T18:33:25.749224+00:00,cam06,Timbavadi Gate,Junagadh,Home (Police),car,3,2026-09-21T00:03:25+05:30,0.974,yes,yes,valid standard format,OB01M301GP7G9TPWECVBJ73ASH0W,EZ01M301GP7S6Z3SKPG0E56KZMC3,earlier
GJ23H1546,2026-09-20T18:33:05.829224+00:00,cam06,Timbavadi Gate,Junagadh,Home (Police),car,1,2026-09-21T00:03:05+05:30,0.840,no,yes,valid standard format,OB01M301FVKEDTD3JMGZ5QDRBF3F,,earlier
GJ19X6705,2026-09-20T18:32:04.869224+00:00,cam06,Timbavadi Gate,Junagadh,Home (Police),bus,1,2026-09-21T00:02:04+05:30,0.907,no,yes,valid standard format,OB01M301EMBPCMQM97MW2X9S18WD,,earlier
GJ18X6705,2026-09-20T18:29:30.139683+00:00,cam06,Timbavadi Gate,Junagadh,Home (Police),car,1,2026-09-20T23:59:30+05:30,0.977,no,yes,valid standard format,OB01M3019E7Z9392ACJSQ6RJ2DW2,EZ01M3019E84EFX9FPD4TRAMNZ4G,earlier
GJ18X6705,2026-09-20T18:28:31.804053+00:00,cam06,Timbavadi Gate,Junagadh,Home (Police),car,1,2026-09-20T23:58:31+05:30,0.977,no,yes,valid standard format,OB01M3018205JXWTMVBYWQXN5BBX,EZ01M301820994MH9RSYKQXSRTZQ,earlier
GJ11S7924,2026-09-20T18:27:55.725718+00:00,cam06,Timbavadi Gate,Junagadh,Home (Police),car,2,2026-09-20T23:57:55+05:30,0.981,yes,yes,valid standard format,OB01M3016KWXQMMJMMS8FJBMRJMQ,EZ01M3016M70ZXM1J14G6639708Y,earlier
GJ11S7924,2026-09-20T18:27:55.725718+00:00,cam06,Timbavadi Gate,Junagadh,Home (Police),car,1,2026-09-20T23:57:55+05:30,0.981,no,yes,valid standard format,OB01M3016KWXT2W8Z58JA27ZG8SA,EZ01M3016KX5ADDXZ1P52AR7VHCY,earlier
GJ18X6705,2026-09-20T18:24:19.925197+00:00,cam06,Timbavadi Gate,Junagadh,Home (Police),car,3,2026-09-20T23:54:19+05:30,0.869,yes,yes,valid standard format,OB01M3010DYEP8DGWD5QZW7YE262,EZ01M3010EBBPMYTB3R3WMNNK98Y,earlier
GJ03HR0416,2026-09-20T18:22:17.926696+00:00,cam06,Timbavadi Gate,Junagadh,Home (Police),car,1,2026-09-20T23:52:17+05:30,0.905,no,yes,valid standard format,OB01M300W4CY50B34XDS7W1214ZQ,,earlier
GJ11CQ8831,2026-09-20T18:21:49.971023+00:00,cam06,Timbavadi Gate,Junagadh,Home (Police),car,4,2026-09-20T23:51:49+05:30,0.943,yes,yes,valid standard format,OB01M300VDAJ821EP85KVBHNG3SB,,earlier
GJ11BR0928,2026-09-20T04:22:00.765140+00:00,cam06,Timbavadi Gate,Junagadh,Home (Police),car,1,2026-09-20T09:52:00+05:30,0.957,no,yes,valid standard format,OB01M2YGSDW1BPH8FGB8PPHYMMY7,EZ01M2YGSE0NZ3PP79HQHKE53DJW,earlier
GJ11DB2886,2026-09-20T04:20:49.604562+00:00,cam06,Timbavadi Gate,Junagadh,Home (Police),car,1,2026-09-20T09:50:49+05:30,0.992,no,yes,valid standard format,OB01M2YGQAJX2XHW3CEP9D3ZC3QK,,earlier
GJ18X6705,2026-09-20T04:11:58.284004+00:00,cam06,Timbavadi Gate,Junagadh,Home (Police),car,2,2026-09-20T09:41:58+05:30,0.976,yes,yes,valid standard format,OB01M2YG7S5WTV8RE80FYF74XE7A,,earlier
GJ18X6705,2026-09-20T04:11:45.089631+00:00,cam06,Timbavadi Gate,Junagadh,Home (Police),car,1,2026-09-20T09:41:45+05:30,0.977,no,yes,valid standard format,OB01M2YG6VXKY3ZX6D49MWJ9PX58,,earlier
GJ18X6705,2026-09-20T04:11:27.769631+00:00,cam06,Timbavadi Gate,Junagadh,Home (Police),car,3,2026-09-20T09:41:27+05:30,0.863,yes,yes,valid standard format,OB01M2YG6SPGQVBHR9KGHHYMVCC3,,earlier
GJ32AA4126,2026-09-20T03:17:28.793936+00:00,cam06,Timbavadi Gate,Junagadh,Home (Police),car,1,2026-09-20T08:47:28+05:30,0.987,no,yes,valid standard format,OB01M2YD3B1146VVQK6VJA6CB2HK,,earlier
GJ14Z0902,2026-09-20T03:17:18.713936+00:00,cam06,Timbavadi Gate,Junagadh,Home (Police),truck_bus,2,2026-09-20T08:47:18+05:30,0.816,yes,yes,valid standard format,OB01M2YD398MJ7525MHW4F1SZFWE,,earlier
GJ11S4318,2026-09-20T03:16:38.873936+00:00,cam06,Timbavadi Gate,Junagadh,Home (Police),car,3,2026-09-20T08:46:38+05:30,0.936,yes,yes,valid standard format,OB01M2YD1W9M1VPPA04N7XWQM7Z6,,earlier
GJ11CL8225,2026-09-20T03:16:30.193936+00:00,cam06,Timbavadi Gate,Junagadh,Home (Police),car,1,2026-09-20T08:46:30+05:30,0.938,no,yes,valid standard format,OB01M2YD1KHZRCNJAD84PASTYY45,,earlier
GJ11BR2513,2026-09-20T03:16:29.233936+00:00,cam06,Timbavadi Gate,Junagadh,Home (Police),car,3,2026-09-20T08:46:29+05:30,0.965,yes,yes,valid standard format,OB01M2YD1JD54PKCZR75BE8K6K19,,earlier
GJ11DB9063,2026-09-20T03:16:25.753936+00:00,cam06,Timbavadi Gate,Junagadh,Home (Police),truck,2,2026-09-20T08:46:25+05:30,0.975,yes,yes,valid standard format,OB01M2YD1DDGMJMW38GEZQ1XDZQ7,,earlier
GJ11DB9063,2026-09-20T03:16:20.993936+00:00,cam06,Timbavadi Gate,Junagadh,Home (Police),truck_bus,2,2026-09-20T08:46:20+05:30,0.979,yes,yes,valid standard format,OB01M2YD1CPRWPJP7ZR2QV7Q348H,,earlier
GJ11CH8698,2026-09-20T03:14:06.193936+00:00,cam06,Timbavadi Gate,Junagadh,Home (Police),truck,4,2026-09-20T08:44:06+05:30,0.930,yes,yes,valid standard format,OB01M2YCX728PJ306QEZ72F56AA3,,earlier
GJ03JL6883,2026-09-20T03:14:00.793936+00:00,cam06,Timbavadi Gate,Junagadh,Home (Police),car,1,2026-09-20T08:44:00+05:30,0.945,no,yes,valid standard format,OB01M2YCX3JHNFS5A4F5BX1DNZTC,,earlier
GJ18Z8826,2026-09-20T03:13:55.433936+00:00,cam06,Timbavadi Gate,Junagadh,Home (Police),car,10,2026-09-20T08:43:55+05:30,0.992,yes,yes,valid standard format,OB01M2YCWZJ0S457Z1CC828KXB50,,earlier
GJ11C0370,2026-09-20T03:13:47.513936+00:00,cam06,Timbavadi Gate,Junagadh,Home (Police),truck_bus,1,2026-09-20T08:43:47+05:30,0.924,no,yes,valid standard format,OB01M2YCWP81G3ERNSPCGBQ1A5RW,,earlier
GJ18899,2026-09-20T03:13:44.033936+00:00,cam06,Timbavadi Gate,Junagadh,Home (Police),car,2,2026-09-20T08:43:44+05:30,0.639,yes,yes,valid standard format,OB01M2YCWJ8ZF4A6VMJFM2NBE48G,,earlier
GJ25W7686,2026-09-20T03:13:38.393936+00:00,cam06,Timbavadi Gate,Junagadh,Home (Police),truck_bus,4,2026-09-20T08:43:38+05:30,0.950,yes,yes,valid standard format,OB01M2YCWDE8QWJY9843SSF8F7PN,,earlier
GJ03HR0416,2026-09-20T03:13:12.633936+00:00,cam06,Timbavadi Gate,Junagadh,Home (Police),car,1,2026-09-20T08:43:12+05:30,0.905,no,yes,valid standard format,OB01M2YCVJ1DA23JCTPEQYVRYT3G,,earlier
GJ18BL4660,2026-09-20T03:12:52.353936+00:00,cam06,Timbavadi Gate,Junagadh,Home (Police),car,2,2026-09-20T08:42:52+05:30,0.982,yes,yes,valid standard format,OB01M2YCTZDHSQE8Y3ED8N2P8RJ5,,earlier
GJ11CQ8831,2026-09-20T03:12:50.673936+00:00,cam06,Timbavadi Gate,Junagadh,Home (Police),car,1,2026-09-20T08:42:50+05:30,0.945,no,yes,valid standard format,OB01M2YCTS6HX03H9JEYSG6G3DDS,,earlier
GJ3AAA2864,2026-09-20T01:20:38.060280+00:00,cam06,Timbavadi Gate,Junagadh,Home (Police),car,1,2026-09-20T06:50:38+05:30,0.860,no,yes,valid standard format,OB01M2Y6DBYKRMJS2AD728FSYGCP,,earlier
GJ11YV7338,2026-09-20T01:18:57.615882+00:00,cam06,Timbavadi Gate,Junagadh,Home (Police),car,1,2026-09-20T06:48:57+05:30,0.923,no,yes,valid standard format,OB01M2Y6AA0WHK5JJ8MJ8TM331CR,,earlier
GJ18ZT1782,2026-09-20T00:26:24.691852+00:00,cam06,Timbavadi Gate,Junagadh,Home (Police),bus,2,2026-09-20T05:56:24+05:30,0.947,yes,yes,valid standard format,OB01M2Y3A6D6J9VJ2DDJ7F87AD25,,earlier
GJ11BR1008,2026-09-20T00:25:32.122773+00:00,cam06,Timbavadi Gate,Junagadh,Home (Police),car,1,2026-09-20T05:55:32+05:30,0.948,no,yes,valid standard format,OB01M2Y38E3ZXTWRRJTADJXS96H2,,earlier
GJ01RS9114,2026-09-20T00:24:07.197140+00:00,cam06,Timbavadi Gate,Junagadh,Home (Police),truck,1,2026-09-20T05:54:07+05:30,0.951,no,yes,valid standard format,OB01M2Y35TY7AGAD5C5N0XWAFQGK,,earlier
GJ11YY6198,2026-09-20T00:23:43.306515+00:00,cam06,Timbavadi Gate,Junagadh,Home (Police),truck,1,2026-09-20T05:53:43+05:30,0.965,no,yes,valid standard format,OB01M2Y35712WBG5HRWNKEDC9EWF,,earlier
GJ11BR0928,2026-09-20T00:21:17.724885+00:00,cam06,Timbavadi Gate,Junagadh,Home (Police),car,1,2026-09-20T05:51:17+05:30,0.966,no,yes,valid standard format,OB01M2Y30MGS6T25KDQV0Z1YB0FV,,earlier
GJ11C1163,2026-09-20T00:20:28.176251+00:00,cam06,Timbavadi Gate,Junagadh,Home (Police),car,2,2026-09-20T05:50:28+05:30,0.813,yes,yes,valid standard format,OB01M2Y2Z37XCCF78ZKWPE780W8V,,earlier
GJ27AA0401,2026-09-20T00:19:23.678910+00:00,cam06,Timbavadi Gate,Junagadh,Home (Police),car,1,2026-09-20T05:49:23+05:30,0.941,no,yes,valid standard format,OB01M2Y2X4HAS3E5FAZNB9FXE0TX,,earlier
GJ03PD2863,2026-09-20T00:18:50.421420+00:00,cam06,Timbavadi Gate,Junagadh,Home (Police),car,1,2026-09-20T05:48:50+05:30,0.923,no,yes,valid standard format,OB01M2Y2WB9YQD15XKG5SAGQTC5T,,earlier
GJ37AB9445,2026-09-20T00:17:38.884230+00:00,cam06,Timbavadi Gate,Junagadh,Home (Police),car,1,2026-09-20T05:47:38+05:30,0.956,no,yes,valid standard format,OB01M2Y2T0XDW94AT0HS7XTK7TXC,,earlier
GJ11S9258,2026-09-20T00:16:04.017264+00:00,cam06,Timbavadi Gate,Junagadh,Home (Police),car,1,2026-09-20T05:46:04+05:30,0.968,no,yes,valid standard format,OB01M2Y2Q797XWJ026DVXKQW1SR1,,earlier
GJ11S7924,2026-09-20T00:13:29.044191+00:00,cam06,Timbavadi Gate,Junagadh,Home (Police),truck,2,2026-09-20T05:43:29+05:30,0.953,yes,yes,valid standard format,OB01M2Y2JGH3WQ8DRGKYCYGJ5MAN,,earlier
GJ1BZT2227,2026-09-06T22:34:01.511098+00:00,cam07,"Hero Showroom, Gir Somnath",Gir Somnath,Home (Police),bus,1,2026-09-07T04:04:01+05:30,0.982,no,yes,valid standard format,OB01M1WDPWRQ9QEP24D0HWYHEGGN,,earlier
GJ38TA8097,2026-09-06T22:31:36.307274+00:00,cam10,Char Chowk Road 2,Junagadh,Home (Police),bus,2,2026-09-07T04:01:36+05:30,0.992,yes,yes,valid standard format,OB01M1WDJKMDEXJXBE8ZSM03ZDDN,,earlier
GJ18ZT1284,2026-09-06T22:11:41.003033+00:00,cam10,Char Chowk Road 2,Junagadh,Home (Police),bus,2,2026-09-07T03:41:41+05:30,0.997,yes,yes,valid standard format,OB01M1WCE9QS8XB6HJS1P9437D4J,,earlier
GJ18ZT1284,2026-09-06T22:11:34.461553+00:00,cam10,Char Chowk Road 2,Junagadh,Home (Police),bus,1,2026-09-07T03:41:34+05:30,0.938,no,yes,valid standard format,OB01M1WCDXGDKQC771NWKTBD0CG4,,earlier
GJ11Z9966,2026-09-06T22:09:26.531137+00:00,cam07,"Hero Showroom, Gir Somnath",Gir Somnath,Home (Police),bus,1,2026-09-07T03:39:26+05:30,0.904,no,yes,valid standard format,OB01M1WCA2H0ZTEJGFA334KT8C7R,,earlier
GJ11Z9966,2026-09-06T22:09:01.193128+00:00,cam07,"Hero Showroom, Gir Somnath",Gir Somnath,Home (Police),bus,1,2026-09-07T03:39:01+05:30,0.893,no,yes,valid standard format,OB01M1WC9TZV91NKJHG0HX5QCCQ9,,earlier
GJ010555,2026-09-06T22:04:38.909790+00:00,cam21,Dethali Char Rasta,Gujarat (town not confirmed),Home (Police),bus,1,2026-09-07T03:34:38+05:30,0.824,no,yes,valid standard format,OB01M1WC1W59H01W66205CHDEV13,,earlier
GJ01DY5552,2026-09-06T22:04:06.951344+00:00,cam21,Dethali Char Rasta,Gujarat (town not confirmed),Home (Police),bus,1,2026-09-07T03:34:06+05:30,0.921,no,yes,valid standard format,OB01M1WC123WZ5G2GNXDH2PXFRYB,,earlier
GJ01DY5552,2026-09-06T22:03:33.719525+00:00,cam21,Dethali Char Rasta,Gujarat (town not confirmed),Home (Police),bus,1,2026-09-07T03:33:33+05:30,0.943,no,yes,valid standard format,OB01M1WBZVX6A3BFKKEEZ0A2VFNB,,earlier
GJ18ZT1080,2026-09-06T21:12:36.774583+00:00,cam08,Majewadi Gate,Junagadh,Home (Police),truck,1,2026-09-07T02:42:36+05:30,0.969,no,yes,valid standard format,OB01M1W924ZD6K3KHGDXHCYJVR39,,earlier
GJ18ZT1080,2026-09-06T21:12:24.893553+00:00,cam08,Majewadi Gate,Junagadh,Home (Police),bus,1,2026-09-07T02:42:24+05:30,0.969,no,yes,valid standard format,OB01M1W91S4SA5E0PEVJ842HDGK2,,earlier
GJ21Y5061,2026-09-06T21:01:51.887515+00:00,cam20,Mohanpura,Gujarat (town not confirmed),Home (Police),truck,1,2026-09-07T02:31:51+05:30,0.989,no,yes,valid standard format,OB01M1W8EHKNTM1FZJVFFV2WYWXE,,earlier
GJ198699,2026-09-06T20:58:45.643209+00:00,cam08,Majewadi Gate,Junagadh,Home (Police),truck,2,2026-09-07T02:28:45+05:30,0.783,yes,yes,valid standard format,OB01M1W88RFMRFKJAD4E6DD95Q7G,,earlier
GJ32AA9000,2026-09-06T20:58:24.719433+00:00,cam07,"Hero Showroom, Gir Somnath",Gir Somnath,Home (Police),car,2,2026-09-07T02:28:24+05:30,0.950,yes,yes,valid standard format,OB01M1W87TSJQKDMPE0TMR5YDPAA,,earlier
GJ32AA9000,2026-09-06T20:58:24.004619+00:00,cam07,"Hero Showroom, Gir Somnath",Gir Somnath,Home (Police),car,1,2026-09-07T02:28:24+05:30,0.946,no,yes,valid standard format,OB01M1W87S2DWKXMPH7EV8D88X20,,earlier
GJ3ZT7383,2026-09-06T20:46:05.057093+00:00,cam07,"Hero Showroom, Gir Somnath",Gir Somnath,Home (Police),truck,1,2026-09-07T02:16:05+05:30,0.856,no,yes,valid standard format,OB01M1W7HW9XT0P97JGEZS54T8G7,,earlier
GJ27AA1423,2026-09-06T20:33:11.184327+00:00,cam10,Char Chowk Road 2,Junagadh,Home (Police),car,2,2026-09-07T02:03:11+05:30,0.897,yes,yes,valid standard format,OB01M1W6SSHPS290W67VTRKJKT44,,earlier
GJ2AAA1423,2026-09-06T20:33:07.346467+00:00,cam10,Char Chowk Road 2,Junagadh,Home (Police),car,1,2026-09-07T02:03:07+05:30,0.946,no,yes,valid standard format,OB01M1W6SK0740SPFXHZTD1GQYKT,,earlier
GJ32K6903,2026-09-06T20:01:41.336500+00:00,cam07,"Hero Showroom, Gir Somnath",Gir Somnath,Home (Police),truck,1,2026-09-07T01:31:41+05:30,0.961,no,yes,valid standard format,OB01M1W50F619NEC311YPW7E4Q7Y,,earlier
GJ32AG0344,2026-09-06T14:28:38.574005+00:00,cam07,"Hero Showroom, Gir Somnath",Gir Somnath,Home (Police),bus,1,2026-09-06T19:58:38+05:30,0.929,no,yes,valid standard format,OB01M1VHY4QFCC0EXGW8JZG4ZBY5,,earlier
GJ38BK4597,2026-09-06T14:26:55.257013+00:00,cam07,"Hero Showroom, Gir Somnath",Gir Somnath,Home (Police),car,1,2026-09-06T19:56:55+05:30,0.955,no,yes,valid standard format,OB01M1VHV17QRW4JYA60N90PMM4R,,earlier
GJ32K8758,2026-09-06T14:22:54.633931+00:00,cam07,"Hero Showroom, Gir Somnath",Gir Somnath,Home (Police),bus,1,2026-09-06T19:52:54+05:30,0.992,no,yes,valid standard format,OB01M1VHKQ2WEA0NN4CNQY50E0X7,,earlier
GJ3ZK5587,2026-09-06T14:14:20.496111+00:00,cam07,"Hero Showroom, Gir Somnath",Gir Somnath,Home (Police),car,2,2026-09-06T19:44:20+05:30,0.945,yes,yes,valid standard format,OB01M1VH42BBTX29VGR8P7NZPBTN,,earlier
GJ32K5587,2026-09-06T14:14:17.530058+00:00,cam07,"Hero Showroom, Gir Somnath",Gir Somnath,Home (Police),car,1,2026-09-06T19:44:17+05:30,0.946,no,yes,valid standard format,OB01M1VH3X1V2ZKN9SSTKCHGCVTM,,earlier
GJ3ZK5587,2026-09-06T14:14:16.278379+00:00,cam07,"Hero Showroom, Gir Somnath",Gir Somnath,Home (Police),unknown,1,2026-09-06T19:44:16+05:30,0.927,no,yes,valid standard format,OB01M1VH3T5HMBFRPKA89DP4PDTW,,earlier
GJ32K5507,2026-09-06T14:14:11.268603+00:00,cam07,"Hero Showroom, Gir Somnath",Gir Somnath,Home (Police),unknown,1,2026-09-06T19:44:11+05:30,0.967,no,yes,valid standard format,OB01M1VH3P377XVKC611DHDFNTCA,,earlier
RJ22GB1677,2026-09-06T14:10:26.360347+00:00,cam21,Dethali Char Rasta,Gujarat (town not confirmed),Home (Police),car,1,2026-09-06T19:40:26+05:30,0.972,no,yes,valid standard format,OB01M1VGXM21B2YCVJPZ48S3W7S8,,earlier
RJ22GB1677,2026-09-06T14:10:24.243076+00:00,cam21,Dethali Char Rasta,Gujarat (town not confirmed),Home (Police),truck,1,2026-09-06T19:40:24+05:30,0.945,no,yes,valid standard format,OB01M1VGWRDH730SEPQNC9W2DAHW,,earlier
GJ18E2297,2026-09-06T13:31:26.850513+00:00,cam07,"Hero Showroom, Gir Somnath",Gir Somnath,Home (Police),car,1,2026-09-06T19:01:26+05:30,0.830,no,yes,valid standard format,OB01M1VENNKY5XBCJWKZ1JWAXEYR,,earlier
GJ32K9785,2026-09-06T13:15:58.200269+00:00,cam07,"Hero Showroom, Gir Somnath",Gir Somnath,Home (Police),car,1,2026-09-06T18:45:58+05:30,0.981,no,yes,valid standard format,OB01M1VDS22RRPWFATM2N6HH1PGW,,earlier
GJ32D0107,2026-09-06T13:09:14.252760+00:00,cam07,"Hero Showroom, Gir Somnath",Gir Somnath,Home (Police),car,1,2026-09-06T18:39:14+05:30,0.900,no,yes,valid standard format,OB01M1VDCZZ8GENBEEVFQ42BGFD7,,earlier
GJ5K0315,2026-09-06T13:03:45.574393+00:00,cam07,"Hero Showroom, Gir Somnath",Gir Somnath,Home (Police),bus,1,2026-09-06T18:33:45+05:30,0.970,no,yes,valid standard format,OB01M1VD2SVYHV0FJ2WYPYSNEW3H,,earlier
GJ5K0315,2026-09-06T13:03:41.407030+00:00,cam07,"Hero Showroom, Gir Somnath",Gir Somnath,Home (Police),car,1,2026-09-06T18:33:41+05:30,0.970,no,yes,valid standard format,OB01M1VD2NBVSNAPCM35XVFDA5HC,,earlier
GJ32T0330,2026-09-06T13:01:03.962803+00:00,cam07,"Hero Showroom, Gir Somnath",Gir Somnath,Home (Police),bus,1,2026-09-06T18:31:03+05:30,0.888,no,yes,valid standard format,OB01M1VCXZSBQZGR9YPMRJCDXMHP,,earlier
GJ99988,2026-09-06T12:56:57.057611+00:00,cam07,"Hero Showroom, Gir Somnath",Gir Somnath,Home (Police),car,1,2026-09-06T18:26:57+05:30,0.870,no,yes,valid standard format,OB01M1VCPAFAYDWXVDZBGVEQ2RZF,,earlier
RJ24CB0410,2026-09-06T12:53:34.283497+00:00,cam21,Dethali Char Rasta,Gujarat (town not confirmed),Home (Police),car,1,2026-09-06T18:23:34+05:30,0.907,no,yes,valid standard format,OB01M1VCG18W0JKE5N7SD1Z2M686,,earlier
GJ32B5149,2026-09-06T12:23:55.827124+00:00,cam07,"Hero Showroom, Gir Somnath",Gir Somnath,Home (Police),car,1,2026-09-06T17:53:55+05:30,0.962,no,yes,valid standard format,OB01M1VASWQ7F37407T3BB6F7EX8,,earlier
GJ24A0715,2026-09-06T12:17:17.547045+00:00,cam21,Dethali Char Rasta,Gujarat (town not confirmed),Home (Police),car,1,2026-09-06T17:47:17+05:30,0.844,no,yes,valid standard format,OB01M1VADNA4HE7VAE06DEGE0WF3,,earlier
GJ32AG1849,2026-09-06T12:01:56.883769+00:00,cam07,"Hero Showroom, Gir Somnath",Gir Somnath,Home (Police),car,1,2026-09-06T17:31:56+05:30,0.993,no,yes,valid standard format,OB01M1V9HR0B1P1F4NRBR6NY0CV1,,earlier
GJ02778,2026-09-06T11:52:25.185798+00:00,cam21,Dethali Char Rasta,Gujarat (town not confirmed),Home (Police),truck,1,2026-09-06T17:22:25+05:30,0.837,no,no,RTO code 0 is never issued,OB01M1V90ASSPQKB6FQR1N7ZWVA5,,earlier
GJ32T6171,2026-09-06T11:18:49.256527+00:00,cam07,"Hero Showroom, Gir Somnath",Gir Somnath,Home (Police),unknown,1,2026-09-06T16:48:49+05:30,0.990,no,yes,valid standard format,OB01M1V72Y9FPRA5D3X6GFBWPSVS,,earlier
GJ37J4666,2026-09-06T10:51:32.031356+00:00,cam10,Char Chowk Road 2,Junagadh,Home (Police),car,1,2026-09-06T16:21:32+05:30,0.951,no,yes,valid standard format,OB01M1V5GMTPM62K6B4HJ3XH5WPF,,earlier
GJ39T3513,2026-09-06T10:20:18.902398+00:00,cam30,cam30,Gujarat (location unknown),Home (Police),bus,1,2026-09-06T15:50:18+05:30,0.928,no,yes,valid standard format,OB01M1V4JDXSHQ09C8V023CGKSDR,,earlier
MH1TQT1656,2026-09-06T09:32:40.305431+00:00,cam10,Char Chowk Road 2,Junagadh,Home (Police),car,1,2026-09-06T15:02:40+05:30,0.877,no,yes,valid standard format,OB01M1V10FM7B0KG05PBT1B2182P,,earlier
GJ27DS1308,2026-09-04T20:17:23.667781+00:00,cam07,"Hero Showroom, Gir Somnath",Gir Somnath,Home (Police),car,1,2026-09-05T01:47:23+05:30,0.982,no,yes,valid standard format,OB01M1Q13C3PN0XQSRBRJC1NBD0V,,earlier
GJ18ZT2911,2026-09-04T20:16:05.765316+00:00,cam07,"Hero Showroom, Gir Somnath",Gir Somnath,Home (Police),bus,1,2026-09-05T01:46:05+05:30,0.935,no,yes,valid standard format,OB01M1Q110V7P4QGZ81YHCAB6FP0,,earlier
GJ11AS7722,2026-09-04T20:09:32.460454+00:00,cam07,"Hero Showroom, Gir Somnath",Gir Somnath,Home (Police),truck,1,2026-09-05T01:39:32+05:30,0.958,no,yes,valid standard format,OB01M1Q0NA26K1RVJ1140M3WW559,,earlier
GJ182956,2026-09-04T18:45:55.500537+00:00,cam07,"Hero Showroom, Gir Somnath",Gir Somnath,Home (Police),unknown,1,2026-09-05T00:15:55+05:30,0.909,no,yes,valid standard format,OB01M1PVVS1MD3SK1R70YSRCHJ2W,,earlier
GJ38B4457,2026-09-04T18:31:23.544192+00:00,cam21,Dethali Char Rasta,Gujarat (town not confirmed),Home (Police),truck,2,2026-09-05T00:01:23+05:30,0.992,yes,yes,valid standard format,OB01M1PV18HJ5Y5MGRVRQT9G187J,,earlier
GJ32NG2747,2026-09-04T18:08:44.924196+00:00,cam07,"Hero Showroom, Gir Somnath",Gir Somnath,Home (Police),unknown,1,2026-09-04T23:38:44+05:30,0.952,no,yes,valid standard format,OB01M1PSQRYSC1ZPVCXT1R55WYYC,,earlier
GJ31T1460,2026-09-04T17:07:57.512035+00:00,cam21,Dethali Char Rasta,Gujarat (town not confirmed),Home (Police),truck,1,2026-09-04T22:37:57+05:30,0.929,no,yes,valid standard format,OB01M1PP95HY3408QNMN960NHNR6,,earlier
GJ8R6860,2026-09-04T15:05:59.401753+00:00,cam21,Dethali Char Rasta,Gujarat (town not confirmed),Home (Police),truck,1,2026-09-04T20:35:59+05:30,0.823,no,yes,valid standard format,OB01M1PF9626NEQMVSQXKK4T8KR7,,earlier
GJ3GAL6389,2026-09-04T14:50:19.533082+00:00,cam07,"Hero Showroom, Gir Somnath",Gir Somnath,Home (Police),car,1,2026-09-04T20:20:19+05:30,0.929,no,yes,valid standard format,OB01M1PECG99M3VE476RKKH15BCK,,earlier
GJ27BE6797,2026-09-04T14:47:34.055467+00:00,cam21,Dethali Char Rasta,Gujarat (town not confirmed),Home (Police),truck,1,2026-09-04T20:17:34+05:30,0.894,no,yes,valid standard format,OB01M1PE852YA7Q03QC3TEZHC6ZA,,earlier
GJ18BQ1681,2026-09-04T14:31:06.335156+00:00,cam21,Dethali Char Rasta,Gujarat (town not confirmed),Home (Police),car,1,2026-09-04T20:01:06+05:30,0.943,no,yes,valid standard format,OB01M1PD9ASAQEEZF745D8RJT8BQ,,earlier
GJ32K8758,2026-09-04T14:27:07.313477+00:00,cam07,"Hero Showroom, Gir Somnath",Gir Somnath,Home (Police),bus,1,2026-09-04T19:57:07+05:30,0.922,no,yes,valid standard format,OB01M1PD24BN8TYBH8EWAWW4G1E3,,earlier
GJ1VV0119,2026-09-04T14:18:28.675330+00:00,cam07,"Hero Showroom, Gir Somnath",Gir Somnath,Home (Police),car,2,2026-09-04T19:48:28+05:30,0.828,yes,yes,valid standard format,OB01M1PCJ64NERJQEQVDBPKGXS4M,EZ01M1PDN229BXQ8F2W3CZPB06JD,earlier
GJ1VV0119,2026-09-04T14:18:26.123965+00:00,cam07,"Hero Showroom, Gir Somnath",Gir Somnath,Home (Police),unknown,1,2026-09-04T19:48:26+05:30,0.828,no,yes,valid standard format,OB01M1PCJ1E0TRMRXE4FF2MC06NP,,earlier
GJ07TU6681,2026-09-04T13:49:47.070358+00:00,cam18,Rajkot CCTV,Rajkot,Home (Police),truck,1,2026-09-04T19:19:47+05:30,0.864,no,yes,valid standard format,OB01M1PAYJKZRJXAZXMD1TVHP9KM,,earlier
GJ3RRD4697,2026-09-04T13:17:22.729598+00:00,cam07,"Hero Showroom, Gir Somnath",Gir Somnath,Home (Police),car,1,2026-09-04T18:47:22+05:30,0.913,no,yes,valid standard format,OB01M1P929D2G37Q4S4C34WJZ04R,,earlier
GJ33H2219,2026-09-04T10:36:02.673828+00:00,cam06,Timbavadi Gate,Junagadh,Home (Police),car,2,2026-09-04T16:06:02+05:30,0.664,yes,yes,valid standard format,OB01M1NZVYAWFC0RP04W03XH6233,,earlier
GJ179966,2026-09-04T10:13:51.987746+00:00,cam07,"Hero Showroom, Gir Somnath",Gir Somnath,Home (Police),bus,2,2026-09-04T15:43:51+05:30,0.810,yes,yes,valid standard format,OB01M1NYJCW0P1WJ8N7JAWXGBPRP,,earlier
GJ1Z9966,2026-09-04T10:13:34.625060+00:00,cam07,"Hero Showroom, Gir Somnath",Gir Somnath,Home (Police),car,2,2026-09-04T15:43:34+05:30,0.811,yes,yes,valid standard format,OB01M1NYHW3AF7YXBH5XNYF62C2P,,earlier
GJ1Z9966,2026-09-04T10:13:27.454594+00:00,cam07,"Hero Showroom, Gir Somnath",Gir Somnath,Home (Police),car,2,2026-09-04T15:43:27+05:30,0.801,yes,yes,valid standard format,OB01M1NYHKRY2WK9XZ16D5WXFTG0,,earlier
GJ11BR2912,2026-09-04T09:52:04.089693+00:00,cam06,Timbavadi Gate,Junagadh,Home (Police),truck,2,2026-09-04T15:22:04+05:30,1.000,yes,yes,valid standard format,OB01M1NXAP1KNK274Z4QYZ6AKRFX,,earlier
GJ38TA7874,2026-09-04T09:03:12.296550+00:00,cam10,Char Chowk Road 2,Junagadh,Home (Police),truck_bus,2,2026-09-04T14:33:12+05:30,0.952,yes,yes,valid standard format,OB01M1NTH9FF2RRCXC3J7W40YH13,,earlier
GJ27B5130,2026-09-04T08:56:18.974669+00:00,cam07,"Hero Showroom, Gir Somnath",Gir Somnath,Home (Police),car,3,2026-09-04T14:26:18+05:30,0.809,yes,yes,valid standard format,OB01M1NT4E1ZHG4MAE2N9PT6PPBT,,earlier
GJ01DY5552,2026-09-04T07:18:51.551427+00:00,cam21,Dethali Char Rasta,Gujarat (town not confirmed),Home (Police),bus,2,2026-09-04T12:48:51+05:30,0.945,yes,yes,valid standard format,OB01M1NMHZP1WVWWA9XBK173W65D,,earlier
RJ27CR3745,2026-09-04T06:54:54.038410+00:00,cam06,Timbavadi Gate,Junagadh,Home (Police),car,5,2026-09-04T12:24:54+05:30,0.998,yes,yes,valid standard format,OB01M1NK6H4V3XRSG94DQ0K3H0JJ,,earlier
RJ27CR3745,2026-09-04T06:54:33.645529+00:00,cam06,Timbavadi Gate,Junagadh,Home (Police),car,5,2026-09-04T12:24:33+05:30,0.992,yes,yes,valid standard format,OB01M1NK6CGCH3ZB3TCKC97P48Z1,,earlier
AR01R5151,2026-09-04T06:49:20.324156+00:00,cam12,Tri Mandir Adalaj Tollnaka,Gandhinagar,Home (Police),bus,2,2026-09-04T12:19:20+05:30,0.905,yes,yes,valid standard format,OB01M1NJVYGR044CX58YR3FSGXG1,,earlier
AR01R5151,2026-09-04T06:49:14.228768+00:00,cam12,Tri Mandir Adalaj Tollnaka,Gandhinagar,Home (Police),car,3,2026-09-04T12:19:14+05:30,0.879,yes,yes,valid standard format,OB01M1NJVPW3GBB697SND93760FF,,earlier
GJ32AG0028,2026-09-04T06:46:33.444420+00:00,cam06,Timbavadi Gate,Junagadh,Home (Police),car,2,2026-09-04T12:16:33+05:30,0.892,yes,yes,valid standard format,OB01M1NJQ2VACVKA06ZQYVAGRBF7,,earlier
GJ32AG0028,2026-09-04T06:46:12.866770+00:00,cam06,Timbavadi Gate,Junagadh,Home (Police),van,2,2026-09-04T12:16:12+05:30,0.881,yes,yes,valid standard format,OB01M1NJPAJHKCRVSJ3X2HZY2QFQ,,earlier
GJ32AG0028,2026-09-04T06:45:51.313812+00:00,cam06,Timbavadi Gate,Junagadh,Home (Police),car,4,2026-09-04T12:15:51+05:30,0.952,yes,yes,valid standard format,OB01M1NJNYVYT01BZK4ZN112080S,,earlier
GJ32AG0028,2026-09-04T06:43:45.829209+00:00,cam06,Timbavadi Gate,Junagadh,Home (Police),unknown,2,2026-09-04T12:13:45+05:30,0.966,yes,yes,valid standard format,OB01M1NJJ4B2MW2621492W007JT0,,earlier
GJ32AG0028,2026-09-04T06:42:17.644071+00:00,cam06,Timbavadi Gate,Junagadh,Home (Police),car,2,2026-09-04T12:12:17+05:30,0.950,yes,yes,valid standard format,OB01M1NJF178V6VBFMY1JR37X9SC,,earlier
GJ32AG0028,2026-09-04T06:41:29.605961+00:00,cam06,Timbavadi Gate,Junagadh,Home (Police),car,2,2026-09-04T12:11:29+05:30,0.896,yes,yes,valid standard format,OB01M1NJDK5T58TWCPMQ01C76R8X,,earlier
GJ32AG0028,2026-09-04T06:40:21.759343+00:00,cam06,Timbavadi Gate,Junagadh,Home (Police),car,2,2026-09-04T12:10:21+05:30,0.882,yes,yes,valid standard format,OB01M1NJC2XHJVK52EW2249C9AW1,,earlier
GJ32AG0028,2026-09-04T06:39:06.654290+00:00,cam06,Timbavadi Gate,Junagadh,Home (Police),car,3,2026-09-04T12:09:06+05:30,0.954,yes,yes,valid standard format,OB01M1NJ9P8TMKXFGEHX1BDJ8DCB,,earlier
GJ32AG0028,2026-09-04T06:38:44.518494+00:00,cam06,Timbavadi Gate,Junagadh,Home (Police),car,4,2026-09-04T12:08:44+05:30,0.935,yes,yes,valid standard format,OB01M1NJ8TYPDDK3S161WDSQNG3J,,earlier
GJ32AG0028,2026-09-04T06:38:12.583956+00:00,cam06,Timbavadi Gate,Junagadh,Home (Police),car,2,2026-09-04T12:08:12+05:30,0.952,yes,yes,valid standard format,OB01M1NJ83KVZKHNT5V7HNCRQZ07,,earlier
GJ32AG0028,2026-09-04T06:37:40.563981+00:00,cam06,Timbavadi Gate,Junagadh,Home (Police),car,2,2026-09-04T12:07:40+05:30,0.948,yes,yes,valid standard format,OB01M1NJ6H9VQ7693BX2RETB22M0,,earlier
GJ32AG0028,2026-09-04T06:37:26.171438+00:00,cam06,Timbavadi Gate,Junagadh,Home (Police),car,2,2026-09-04T12:07:26+05:30,0.956,yes,yes,valid standard format,OB01M1NJ62J2046G7AKK1R3V76JY,,earlier
GJ32AG0028,2026-09-04T06:37:16.169479+00:00,cam06,Timbavadi Gate,Junagadh,Home (Police),car,2,2026-09-04T12:07:16+05:30,0.950,yes,yes,valid standard format,OB01M1NJ5TG64N21HCAXHYV7F6D9,,earlier
GJ32AG0028,2026-09-04T06:37:04.889939+00:00,cam06,Timbavadi Gate,Junagadh,Home (Police),truck_bus,2,2026-09-04T12:07:04+05:30,0.951,yes,yes,valid standard format,OB01M1NJ5NC117M8MF3W4DRS5TJ1,,earlier
GJ32AG0028,2026-09-04T06:36:41.521432+00:00,cam06,Timbavadi Gate,Junagadh,Home (Police),car,2,2026-09-04T12:06:41+05:30,0.952,yes,yes,valid standard format,OB01M1NJ4RYZ1E9HC58M143V1TE7,,earlier
GJ32AG0028,2026-09-04T06:36:19.298333+00:00,cam06,Timbavadi Gate,Junagadh,Home (Police),car,2,2026-09-04T12:06:19+05:30,0.911,yes,yes,valid standard format,OB01M1NJ47QTYMATDXXCGD8X70J6,,earlier
GJ32AG0028,2026-09-04T06:35:21.390785+00:00,cam06,Timbavadi Gate,Junagadh,Home (Police),car,2,2026-09-04T12:05:21+05:30,0.940,yes,yes,valid standard format,OB01M1NJ2CMT93QNNSV9SCG0M3JZ,,earlier
GJ32AG0028,2026-09-04T06:35:08.367086+00:00,cam06,Timbavadi Gate,Junagadh,Home (Police),car,2,2026-09-04T12:05:08+05:30,0.963,yes,yes,valid standard format,OB01M1NJ20AVF6GFM50CKWMA5DAQ,,earlier
GJ32AG0028,2026-09-04T06:34:57.075867+00:00,cam06,Timbavadi Gate,Junagadh,Home (Police),car,2,2026-09-04T12:04:57+05:30,0.932,yes,yes,valid standard format,OB01M1NJ1M80E1X8WTJNNA74F1F9,,earlier
GJ32AG0028,2026-09-04T06:34:24.794012+00:00,cam06,Timbavadi Gate,Junagadh,Home (Police),car,3,2026-09-04T12:04:24+05:30,0.953,yes,yes,valid standard format,OB01M1NJ101WDSZFZ87BP5TV92TX,,earlier
GJ32AG0028,2026-09-04T06:34:14.842713+00:00,cam06,Timbavadi Gate,Junagadh,Home (Police),car,2,2026-09-04T12:04:14+05:30,0.935,yes,yes,valid standard format,OB01M1NJ08X5Y2ENEWXD4YPRR3JG,,earlier
GJ32AG0028,2026-09-04T06:34:05.390302+00:00,cam06,Timbavadi Gate,Junagadh,Home (Police),car,3,2026-09-04T12:04:05+05:30,0.933,yes,yes,valid standard format,OB01M1NJ01VXPTXS6CGBTFMS7KAD,,earlier
GJ32AG0028,2026-09-04T06:33:20.597656+00:00,cam06,Timbavadi Gate,Junagadh,Home (Police),car,2,2026-09-04T12:03:20+05:30,0.959,yes,yes,valid standard format,OB01M1NHYX35A2V6BEWYDTEG5HXG,,earlier
GJ32AG0028,2026-09-04T06:33:02.166526+00:00,cam06,Timbavadi Gate,Junagadh,Home (Police),car,2,2026-09-04T12:03:02+05:30,0.936,yes,yes,valid standard format,OB01M1NHY5ZANCK1T5N5YPZAXYT2,,earlier
GJ32AG0028,2026-09-04T06:32:53.446172+00:00,cam06,Timbavadi Gate,Junagadh,Home (Police),car,2,2026-09-04T12:02:53+05:30,0.911,yes,yes,valid standard format,OB01M1NHXRMZ8KX2AQ5476C6R9HM,,earlier
GJ32AG0028,2026-09-04T06:32:37.263136+00:00,cam06,Timbavadi Gate,Junagadh,Home (Police),car,2,2026-09-04T12:02:37+05:30,0.927,yes,yes,valid standard format,OB01M1NHX9J4G1TAA69CAT6JGDVJ,,earlier
GJ32AG0028,2026-09-04T06:32:18.369203+00:00,cam06,Timbavadi Gate,Junagadh,Home (Police),car,4,2026-09-04T12:02:18+05:30,0.928,yes,yes,valid standard format,OB01M1NHWZWNE8E4Z8VNC5T7A6WW,,earlier
GJ32AG0028,2026-09-04T06:32:04.276750+00:00,cam06,Timbavadi Gate,Junagadh,Home (Police),car,4,2026-09-04T12:02:04+05:30,0.968,yes,yes,valid standard format,OB01M1NHWDMXPAGMXV32CEAXP4KD,,earlier
GJ32AG0028,2026-09-04T06:31:51.495599+00:00,cam06,Timbavadi Gate,Junagadh,Home (Police),car,2,2026-09-04T12:01:51+05:30,0.954,yes,yes,valid standard format,OB01M1NHVZQSENRDPSBXTRHWTFZG,,earlier
GJ32AG0028,2026-09-04T06:31:21.866694+00:00,cam06,Timbavadi Gate,Junagadh,Home (Police),car,4,2026-09-04T12:01:21+05:30,0.925,yes,yes,valid standard format,OB01M1NHV6WJQCWAYQ85EF7KK06K,,earlier
GJ32AG0028,2026-09-04T06:31:10.202825+00:00,cam06,Timbavadi Gate,Junagadh,Home (Police),car,3,2026-09-04T12:01:10+05:30,0.959,yes,yes,valid standard format,OB01M1NHTMJZY936MKNHF4N5EGW6,,earlier
GJ32AG0028,2026-09-04T06:30:37.999307+00:00,cam06,Timbavadi Gate,Junagadh,Home (Police),car,2,2026-09-04T12:00:37+05:30,0.950,yes,yes,valid standard format,OB01M1NHSN8DTVFN1JVWGNR6R2AD,,earlier
GJ32AG0028,2026-09-04T06:30:20.725674+00:00,cam06,Timbavadi Gate,Junagadh,Home (Police),car,2,2026-09-04T12:00:20+05:30,0.950,yes,yes,valid standard format,OB01M1NHS49DSQ7YVGDTATMF5ERS,,earlier
GJ32AG0028,2026-09-04T06:30:13.592057+00:00,cam06,Timbavadi Gate,Junagadh,Home (Police),car,2,2026-09-04T12:00:13+05:30,0.926,yes,yes,valid standard format,OB01M1NHRWNPJRAB38E96HSQFVWP,,earlier
GJ32AG0028,2026-09-04T06:30:01.868123+00:00,cam06,Timbavadi Gate,Junagadh,Home (Police),car,3,2026-09-04T12:00:01+05:30,0.948,yes,yes,valid standard format,OB01M1NHRM5WHAAXFD0M8GNTGHC1,,earlier
GJ32AG0028,2026-09-04T06:29:38.931276+00:00,cam06,Timbavadi Gate,Junagadh,Home (Police),car,2,2026-09-04T11:59:38+05:30,0.888,yes,yes,valid standard format,OB01M1NHQV4TQDM1VQPCHTTB8FN5,,earlier
GJ32AG0028,2026-09-04T06:29:27.362817+00:00,cam06,Timbavadi Gate,Junagadh,Home (Police),car,3,2026-09-04T11:59:27+05:30,0.950,yes,yes,valid standard format,OB01M1NHQJ73M91YPWWBKG2BVWGR,,earlier
GJ32AG0028,2026-09-04T06:29:05.012596+00:00,cam06,Timbavadi Gate,Junagadh,Home (Police),car,2,2026-09-04T11:59:05+05:30,0.911,yes,yes,valid standard format,OB01M1NHPVGGCYK2CCR71VT5DDX2,,earlier
GJ11CQ9932,2026-09-04T06:25:06.718317+00:00,cam06,Timbavadi Gate,Junagadh,Home (Police),truck,2,2026-09-04T11:55:06+05:30,0.916,yes,yes,valid standard format,OB01M1NHKVYZ4QMSS0NCTC94DG3Y,,earlier
GJ11C9993,2026-09-04T06:24:49.739937+00:00,cam06,Timbavadi Gate,Junagadh,Home (Police),truck,2,2026-09-04T11:54:49+05:30,0.867,yes,yes,valid standard format,OB01M1NHGXBQ729B12MKEPNHMW4N,,earlier
GJ31144,2026-09-04T05:15:28.837824+00:00,cam07,"Hero Showroom, Gir Somnath",Gir Somnath,Home (Police),car,2,2026-09-04T10:45:28+05:30,0.654,yes,yes,valid standard format,OB01M1NDFY7SNNKBAQ4QG55FWWYY,,earlier
GJ32B3783,2026-09-04T03:06:55.460753+00:00,cam07,"Hero Showroom, Gir Somnath",Gir Somnath,Home (Police),car,2,2026-09-04T08:36:55+05:30,0.924,yes,yes,valid standard format,OB01M1N64GA9G0N9YG7WW4BGESFX,,earlier
GJ32B3783,2026-09-04T03:06:50.173493+00:00,cam07,"Hero Showroom, Gir Somnath",Gir Somnath,Home (Police),car,2,2026-09-04T08:36:50+05:30,0.948,yes,yes,valid standard format,OB01M1N64AYFXSWTAGE2F81BD6YK,,earlier
GJ32K8511,2026-09-04T02:47:34.512856+00:00,cam07,"Hero Showroom, Gir Somnath",Gir Somnath,Home (Police),car,2,2026-09-04T08:17:34+05:30,0.953,yes,yes,valid standard format,OB01M1N51229H2AEYJFPSEVVDQ8G,,earlier
GJ11C2226,2026-09-04T02:41:39.741495+00:00,cam06,Timbavadi Gate,Junagadh,Home (Police),car,2,2026-09-04T08:11:39+05:30,0.748,yes,yes,valid standard format,OB01M1N4Q7RZWYRSETW60KMS7CJG,,earlier
MH127339,2026-09-04T01:42:18.485046+00:00,cam12,Tri Mandir Adalaj Tollnaka,Gandhinagar,Home (Police),truck,2,2026-09-04T07:12:18+05:30,0.795,yes,yes,valid standard format,OB01M1N19T05WS80NGMMW3NMHWT9,,earlier
GJ31T8156,2026-09-04T01:41:27.273311+00:00,cam21,Dethali Char Rasta,Gujarat (town not confirmed),Home (Police),truck_bus,3,2026-09-04T07:11:27+05:30,0.973,yes,yes,valid standard format,OB01M1N18JJY6CD0YZ873M0AQV8B,,earlier
AR62387,2026-09-04T01:39:57.992478+00:00,cam12,Tri Mandir Adalaj Tollnaka,Gandhinagar,Home (Police),car,2,2026-09-04T07:09:57+05:30,0.787,yes,yes,valid standard format,OB01M1N15PQMRHXKW4HJ6WAGK60B,,earlier
CG04L6989,2026-09-04T01:23:28.553410+00:00,cam12,Tri Mandir Adalaj Tollnaka,Gandhinagar,Home (Police),bus,2,2026-09-04T06:53:28+05:30,0.749,yes,yes,valid standard format,OB01M1N07TDSB6AZ99XHYKTMB9K1,,earlier
GJ32AG1811,2026-09-04T01:13:21.131219+00:00,cam07,"Hero Showroom, Gir Somnath",Gir Somnath,Home (Police),car,2,2026-09-04T06:43:21+05:30,1.000,yes,yes,valid standard format,OB01M1MZMMVYHP7S85QFT3VYE0Z3,,earlier
GJ810962,2026-09-04T01:12:02.412356+00:00,cam12,Tri Mandir Adalaj Tollnaka,Gandhinagar,Home (Police),car,2,2026-09-04T06:42:02+05:30,0.816,yes,yes,valid standard format,OB01M1MZJK4FF1YEHGG9ERG5VPYX,,earlier
GJ1F9922,2026-09-03T23:09:30.695798+00:00,cam10,Char Chowk Road 2,Junagadh,Home (Police),truck,2,2026-09-04T04:39:30+05:30,0.762,yes,yes,valid standard format,OB01M1MRJ6BN31Z6V24VZP8H0W5H,,earlier
GJ32K0466,2026-09-03T20:13:10.252400+00:00,cam07,"Hero Showroom, Gir Somnath",Gir Somnath,Home (Police),truck,2,2026-09-04T01:43:10+05:30,0.990,yes,yes,valid standard format,OB01M1MEF6FTS4T9SASHS7W2405S,,earlier
AR01R5151,2026-09-03T18:46:57.410500+00:00,cam12,Tri Mandir Adalaj Tollnaka,Gandhinagar,Home (Police),bus,2,2026-09-04T00:16:57+05:30,0.807,yes,yes,valid standard format,OB01M1M9HHXX001Y850R6R81DK7K,,earlier
GJ21T4831,2026-09-02T01:27:39.168267+00:00,cam20,Mohanpura,Gujarat (town not confirmed),Home (Police),truck,2,2026-09-02T06:57:39+05:30,0.922,yes,yes,valid standard format,OB01M1FVNFB4BZ6M94ZMMNS83AEK,,earlier
GJ38BH5815,2026-09-02T01:26:22.336128+00:00,cam21,Dethali Char Rasta,Patan,Home (Police),car,2,2026-09-02T06:56:22+05:30,0.995,yes,yes,valid standard format,OB01M1FVK1891KF6YHZ029WQ8H6T,EZ01M1FVWFJ3Y7GPXKRJEHMHD71Q,earlier
